2025-06-15 00:00:58,593 - INFO - [s151_a_neg] Prolog code:
:- ['/Users/sophie/code/2025-mcm-llms-applied-in-law_context/data/sara_v3/statutes/prolog/section151.pl'].
:- ['/Users/sophie/code/2025-mcm-llms-applied-in-law_context/data/sara_v3/statutes/prolog/utils.pl'].
:- ['/Users/sophie/code/2025-mcm-llms-applied-in-law_context/data/sara_v3/statutes/prolog/init.pl'].
:- discontiguous s151_c/4.
:- [statutes/prolog/init].
s151_c("Alice",_,2000,2015).
income_(span("income",8,13)).
agent_(span("income",8,13),span("Alice",0,4)).
start_(span("income",8,13),span(20150101,18,21)).
amount_(span("income",8,13),span(100000,27,32)).
\+ s151_a("Alice",6000,2015).
2025-06-15 00:00:58,823 - INFO - [s151_a_neg] Query:
\+ s151_a("Alice",6000,2015).
2025-06-15 00:00:58,830 - INFO - [s151_a_neg] Query result: {'truth': True}
2025-06-15 00:00:58,830 - INFO - [s151_a_neg] Result: correct
2025-06-15 00:00:58,832 - INFO - [s151_a_pos] Prolog code:
:- ['/Users/sophie/code/2025-mcm-llms-applied-in-law_context/data/sara_v3/statutes/prolog/section151.pl'].
:- ['/Users/sophie/code/2025-mcm-llms-applied-in-law_context/data/sara_v3/statutes/prolog/utils.pl'].
:- ['/Users/sophie/code/2025-mcm-llms-applied-in-law_context/data/sara_v3/statutes/prolog/init.pl'].
:- discontiguous s151_c/4.
:- [statutes/prolog/init].
s151_c("Alice",_,2000,2015).
income_(span("income",8,13)).
agent_(span("income",8,13),span("Alice",0,4)).
start_(span("income",8,13),span(20150101,18,21)).
amount_(span("income",8,13),span(100000,27,32)).
s151_a("Alice",4000,2015).
2025-06-15 00:00:58,964 - INFO - [s151_a_pos] Query:
s151_a("Alice",4000,2015).
2025-06-15 00:00:58,964 - INFO - [s151_a_pos] Query result: {'truth': True}
2025-06-15 00:00:58,965 - INFO - [s151_a_pos] Result: correct
2025-06-15 00:00:58,966 - INFO - [s151_b_neg] Prolog code:
:- ['/Users/sophie/code/2025-mcm-llms-applied-in-law_context/data/sara_v3/statutes/prolog/section151.pl'].
:- ['/Users/sophie/code/2025-mcm-llms-applied-in-law_context/data/sara_v3/statutes/prolog/utils.pl'].
:- ['/Users/sophie/code/2025-mcm-llms-applied-in-law_context/data/sara_v3/statutes/prolog/init.pl'].
marriage_(span("married",24,30)).
joint_return_(span("jointly",109,115)).
agent_(span("jointly",109,115),span("Alice",78,82)).
agent_(span("jointly",109,115),span("Bob",88,90)).
start_(span("jointly",109,115),span(20150101,121,124)).
agent_(span("married",24,30),span("Alice",0,4)).
agent_(span("married",24,30),span("Bob",10,12)).
start_(span("married",24,30),span(20150202,38,47)).
\+ s151_b("Alice","Bob",2015).
2025-06-15 00:00:59,102 - INFO - [s151_b_neg] Query:
\+ s151_b("Alice","Bob",2015).
2025-06-15 00:00:59,103 - INFO - [s151_b_neg] Query result: {'truth': True}
2025-06-15 00:00:59,103 - INFO - [s151_b_neg] Result: correct
2025-06-15 00:00:59,104 - INFO - [s151_b_pos] Prolog code:
:- ['/Users/sophie/code/2025-mcm-llms-applied-in-law_context/data/sara_v3/statutes/prolog/section151.pl'].
:- ['/Users/sophie/code/2025-mcm-llms-applied-in-law_context/data/sara_v3/statutes/prolog/utils.pl'].
:- ['/Users/sophie/code/2025-mcm-llms-applied-in-law_context/data/sara_v3/statutes/prolog/init.pl'].
:- [statutes/prolog/init].
marriage_(span("married",24,30)).
agent_(span("married",24,30),span("Alice",0,4)).
agent_(span("married",24,30),span("Bob",10,12)).
start_(span("married",24,30),span(20150202,38,47)).
s151_b("Alice","Bob",_,2015).
2025-06-15 00:00:59,237 - INFO - [s151_b_pos] Query:
s151_b("Alice","Bob",_,2015).
2025-06-15 00:00:59,238 - INFO - [s151_b_pos] Query result: {'truth': True}
2025-06-15 00:00:59,238 - INFO - [s151_b_pos] Result: correct
2025-06-15 00:00:59,239 - INFO - [s151_c_neg] Prolog code:
:- ['/Users/sophie/code/2025-mcm-llms-applied-in-law_context/data/sara_v3/statutes/prolog/section151.pl'].
:- ['/Users/sophie/code/2025-mcm-llms-applied-in-law_context/data/sara_v3/statutes/prolog/section152.pl'].
:- ['/Users/sophie/code/2025-mcm-llms-applied-in-law_context/data/sara_v3/statutes/prolog/utils.pl'].
:- ['/Users/sophie/code/2025-mcm-llms-applied-in-law_context/data/sara_v3/statutes/prolog/init.pl'].
:- discontiguous s152_c_1/3.
:- [statutes/prolog/init].
s152_c_1("Charlie","Alice",2015).
marriage_(span("married",24,30)).
agent_(span("married",24,30),span("Alice",0,4)).
agent_(span("married",24,30),span("Bob",10,12)).
start_(span("married",24,30),span(20150202,38,47)).
\+ s151_c("Alice","Bob",_,2015).
2025-06-15 00:00:59,477 - INFO - [s151_c_neg] Query:
\+ s151_c("Alice","Bob",_,2015).
2025-06-15 00:00:59,478 - INFO - [s151_c_neg] Query result: {'truth': True}
2025-06-15 00:00:59,478 - INFO - [s151_c_neg] Result: correct
2025-06-15 00:00:59,478 - INFO - [s151_c_pos] Prolog code:
:- ['/Users/sophie/code/2025-mcm-llms-applied-in-law_context/data/sara_v3/statutes/prolog/section151.pl'].
:- ['/Users/sophie/code/2025-mcm-llms-applied-in-law_context/data/sara_v3/statutes/prolog/section152.pl'].
:- ['/Users/sophie/code/2025-mcm-llms-applied-in-law_context/data/sara_v3/statutes/prolog/utils.pl'].
:- ['/Users/sophie/code/2025-mcm-llms-applied-in-law_context/data/sara_v3/statutes/prolog/init.pl'].
:- discontiguous s152_c_1/3.
:- [statutes/prolog/init].
s152_c_1("Bob","Alice",2015).
marriage_(span("married",28,34)).
agent_(span("married",28,34),span("Alice",0,4)).
agent_(span("married",28,34),span("Charlie",10,16)).
start_(span("married",28,34),span(20150202,42,51)).
s151_c("Alice","Bob",_,2015).
2025-06-15 00:00:59,608 - INFO - [s151_c_pos] Query:
s151_c("Alice","Bob",_,2015).
2025-06-15 00:00:59,608 - INFO - [s151_c_pos] Query result: {'truth': True}
2025-06-15 00:00:59,608 - INFO - [s151_c_pos] Result: correct
2025-06-15 00:00:59,609 - INFO - [s151_d_2_neg] Prolog code:
:- ['/Users/sophie/code/2025-mcm-llms-applied-in-law_context/data/sara_v3/statutes/prolog/section151.pl'].
:- ['/Users/sophie/code/2025-mcm-llms-applied-in-law_context/data/sara_v3/statutes/prolog/utils.pl'].
:- ['/Users/sophie/code/2025-mcm-llms-applied-in-law_context/data/sara_v3/statutes/prolog/init.pl'].
:- discontiguous s151_d/4.
:- [statutes/prolog/init].
s151_d("Alice","Bob",_,2015).
\+ s151_d_2("Bob",_,2000,2015).
2025-06-15 00:00:59,840 - INFO - [s151_d_2_neg] Query:
\+ s151_d_2("Bob",_,2000,2015).
2025-06-15 00:00:59,841 - INFO - [s151_d_2_neg] Query result: {'truth': True}
2025-06-15 00:00:59,841 - INFO - [s151_d_2_neg] Result: correct
2025-06-15 00:00:59,843 - INFO - [s151_d_2_pos] Prolog code:
:- ['/Users/sophie/code/2025-mcm-llms-applied-in-law_context/data/sara_v3/statutes/prolog/section151.pl'].
:- ['/Users/sophie/code/2025-mcm-llms-applied-in-law_context/data/sara_v3/statutes/prolog/utils.pl'].
:- ['/Users/sophie/code/2025-mcm-llms-applied-in-law_context/data/sara_v3/statutes/prolog/init.pl'].
:- discontiguous s151_c_applies/3.
:- [statutes/prolog/init].
s151_c_applies("Alice","Bob",2015).
s151_d_2("Bob",_,0,2015).
2025-06-15 00:00:59,995 - INFO - [s151_d_2_pos] Query:
s151_d_2("Bob",_,0,2015).
2025-06-15 00:00:59,995 - INFO - [s151_d_2_pos] Query result: {'truth': True}
2025-06-15 00:00:59,995 - INFO - [s151_d_2_pos] Result: correct
2025-06-15 00:00:59,996 - INFO - [s151_d_3_B_neg] Prolog code:
:- ['/Users/sophie/code/2025-mcm-llms-applied-in-law_context/data/sara_v3/statutes/prolog/section151.pl'].
:- ['/Users/sophie/code/2025-mcm-llms-applied-in-law_context/data/sara_v3/statutes/prolog/section68.pl'].
:- ['/Users/sophie/code/2025-mcm-llms-applied-in-law_context/data/sara_v3/statutes/prolog/utils.pl'].
:- ['/Users/sophie/code/2025-mcm-llms-applied-in-law_context/data/sara_v3/statutes/prolog/init.pl'].
:- discontiguous s68_b/3.
:- [statutes/prolog/init].
s68_b("Alice",250000,2015).
income_(span("income",8,13)).
agent_(span("income",8,13),span("Alice",0,4)).
start_(span("income",8,13),span(20150101,18,21)).
amount_(span("income",8,13),span(395276,27,32)).
\+ s151_d_3_B(118,"Alice",_,2015,_).
2025-06-15 00:01:00,232 - INFO - [s151_d_3_B_neg] Query:
\+ s151_d_3_B(118,"Alice",_,2015,_).
2025-06-15 00:01:00,232 - INFO - [s151_d_3_B_neg] Query result: {'truth': True}
2025-06-15 00:01:00,232 - INFO - [s151_d_3_B_neg] Result: correct
2025-06-15 00:01:00,234 - INFO - [s151_d_3_B_pos] Prolog code:
:- ['/Users/sophie/code/2025-mcm-llms-applied-in-law_context/data/sara_v3/statutes/prolog/section151.pl'].
:- ['/Users/sophie/code/2025-mcm-llms-applied-in-law_context/data/sara_v3/statutes/prolog/section68.pl'].
:- ['/Users/sophie/code/2025-mcm-llms-applied-in-law_context/data/sara_v3/statutes/prolog/utils.pl'].
:- ['/Users/sophie/code/2025-mcm-llms-applied-in-law_context/data/sara_v3/statutes/prolog/init.pl'].
:- discontiguous s68_b/3.
:- [statutes/prolog/init].
s68_b("Alice",250000,2015).
income_(span("income",8,13)).
agent_(span("income",8,13),span("Alice",0,4)).
start_(span("income",8,13),span(20150101,18,21)).
amount_(span("income",8,13),span(276932,27,32)).
s151_d_3_B(22,"Alice",_,2015,_).
2025-06-15 00:01:00,372 - INFO - [s151_d_3_B_pos] Query:
s151_d_3_B(22,"Alice",_,2015,_).
2025-06-15 00:01:00,372 - INFO - [s151_d_3_B_pos] Query result: {'truth': True}
2025-06-15 00:01:00,372 - INFO - [s151_d_3_B_pos] Result: correct
2025-06-15 00:01:00,373 - INFO - [s152_b_1_neg] Prolog code:
:- ['/Users/sophie/code/2025-mcm-llms-applied-in-law_context/data/sara_v3/statutes/prolog/section152.pl'].
:- ['/Users/sophie/code/2025-mcm-llms-applied-in-law_context/data/sara_v3/statutes/prolog/utils.pl'].
:- ['/Users/sophie/code/2025-mcm-llms-applied-in-law_context/data/sara_v3/statutes/prolog/init.pl'].
:- discontiguous s152_c_1/3.
:- [statutes/prolog/init].
s152_c_1("Bob","Alice",2015).
s152_c_1("Charlie","Bob",2015).
son_(span("son",12,14)).
agent_(span("son",12,14),span("Bob",17,19)).
patient_(span("son",12,14),span("Alice",0,4)).
son_(span("son",83,85)).
patient_(span("son",83,85),span("Bob",73,75)).
agent_(span("son",83,85),span("Charlie",88,94)).
income_(span("income",156,161)).
agent_(span("income",156,161),span("Alice",148,152)).
start_(span("income",156,161),span(20150101,166,169)).
amount_(span("income",156,161),span(504598,176,181)).
\+ s152_b_1("Alice",_,2015).
2025-06-15 00:01:00,617 - INFO - [s152_b_1_neg] Query:
\+ s152_b_1("Alice",_,2015).
2025-06-15 00:01:00,618 - INFO - [s152_b_1_neg] Query result: {'truth': True}
2025-06-15 00:01:00,618 - INFO - [s152_b_1_neg] Result: correct
2025-06-15 00:01:00,621 - INFO - [s152_b_1_pos] Prolog code:
:- ['/Users/sophie/code/2025-mcm-llms-applied-in-law_context/data/sara_v3/statutes/prolog/section152.pl'].
:- ['/Users/sophie/code/2025-mcm-llms-applied-in-law_context/data/sara_v3/statutes/prolog/utils.pl'].
:- ['/Users/sophie/code/2025-mcm-llms-applied-in-law_context/data/sara_v3/statutes/prolog/init.pl'].
:- discontiguous s152_c_1/3.
:- [statutes/prolog/init].
s152_c_1("Bob","Alice",2015).
s152_c_1("Charlie","Bob",2015).
son_(span("son",12,14)).
agent_(span("son",12,14),span("Bob",17,19)).
patient_(span("son",12,14),span("Alice",0,4)).
son_(span("son",83,85)).
patient_(span("son",83,85),span("Bob",73,75)).
agent_(span("son",83,85),span("Charlie",88,94)).
income_(span("income",156,161)).
agent_(span("income",156,161),span("Alice",148,152)).
start_(span("income",156,161),span(20150101,166,169)).
amount_(span("income",156,161),span(504598,176,181)).
s152_b_1("Bob",_,2015).
2025-06-15 00:01:00,769 - INFO - [s152_b_1_pos] Query:
s152_b_1("Bob",_,2015).
2025-06-15 00:01:00,769 - INFO - [s152_b_1_pos] Query result: {'truth': True}
2025-06-15 00:01:00,769 - INFO - [s152_b_1_pos] Result: correct
2025-06-15 00:01:00,770 - INFO - [s152_b_2_neg] Prolog code:
:- ['/Users/sophie/code/2025-mcm-llms-applied-in-law_context/data/sara_v3/statutes/prolog/section152.pl'].
:- ['/Users/sophie/code/2025-mcm-llms-applied-in-law_context/data/sara_v3/statutes/prolog/utils.pl'].
:- ['/Users/sophie/code/2025-mcm-llms-applied-in-law_context/data/sara_v3/statutes/prolog/init.pl'].
:- [statutes/prolog/init].
marriage_(span("married",18,24)).
agent_(span("married",18,24),span("Alice",0,4)).
agent_(span("married",18,24),span("Bob",10,12)).
start_(span("married",18,24),span(20150101,29,41)).
\+ s152_b_2("Alice",_,_,2015).
2025-06-15 00:01:01,015 - INFO - [s152_b_2_neg] Query:
\+ s152_b_2("Alice",_,_,2015).
2025-06-15 00:01:01,016 - INFO - [s152_b_2_neg] Query result: {'truth': True}
2025-06-15 00:01:01,016 - INFO - [s152_b_2_neg] Result: correct
2025-06-15 00:01:01,018 - INFO - [s152_b_2_pos] Prolog code:
:- ['/Users/sophie/code/2025-mcm-llms-applied-in-law_context/data/sara_v3/statutes/prolog/section152.pl'].
:- ['/Users/sophie/code/2025-mcm-llms-applied-in-law_context/data/sara_v3/statutes/prolog/utils.pl'].
:- ['/Users/sophie/code/2025-mcm-llms-applied-in-law_context/data/sara_v3/statutes/prolog/init.pl'].
:- [statutes/prolog/init].
marriage_(span("married",18,24)).
joint_return_(span("joint return",65,76)).
agent_(span("joint return",65,76),span("Alice",44,48)).
agent_(span("joint return",65,76),span("Bob",54,56)).
start_(span("joint return",65,76),span(20150101,91,94)).
agent_(span("married",18,24),span("Alice",0,4)).
agent_(span("married",18,24),span("Bob",10,12)).
start_(span("married",18,24),span(20150101,29,41)).
s152_b_2("Alice",_,_,2015).
2025-06-15 00:01:01,169 - INFO - [s152_b_2_pos] Query:
s152_b_2("Alice",_,_,2015).
2025-06-15 00:01:01,169 - INFO - [s152_b_2_pos] Query result: {'truth': True}
2025-06-15 00:01:01,169 - INFO - [s152_b_2_pos] Result: correct
2025-06-15 00:01:01,171 - INFO - [s152_c_1_B_neg] Prolog code:
:- ['/Users/sophie/code/2025-mcm-llms-applied-in-law_context/data/sara_v3/statutes/prolog/section152.pl'].
:- ['/Users/sophie/code/2025-mcm-llms-applied-in-law_context/data/sara_v3/statutes/prolog/utils.pl'].
:- ['/Users/sophie/code/2025-mcm-llms-applied-in-law_context/data/sara_v3/statutes/prolog/init.pl'].
:- [statutes/prolog/init].
son_(span("son",12,14)).
residence_(span("lived",84,88)).
start_(span("lived",84,88),span(20150901,27,45)).
end_(span("lived",84,88),span(20191103,50,67)).
agent_(span("lived",84,88),span("Alice",70,74)).
agent_(span("lived",84,88),span("Bob",80,82)).
patient_(span("lived",84,88),span("home",102,105)).
patient_(span("son",12,14),span("Alice",0,4)).
agent_(span("son",12,14),span("Bob",17,19)).
\+ s152_c_1_B("Bob",_,"Alice",_,_,2015).
2025-06-15 00:01:01,421 - INFO - [s152_c_1_B_neg] Query:
\+ s152_c_1_B("Bob",_,"Alice",_,_,2015).
2025-06-15 00:01:01,422 - INFO - [s152_c_1_B_neg] Query result: {'truth': True}
2025-06-15 00:01:01,422 - INFO - [s152_c_1_B_neg] Result: correct
2025-06-15 00:01:01,424 - INFO - [s152_c_1_B_pos] Prolog code:
:- ['/Users/sophie/code/2025-mcm-llms-applied-in-law_context/data/sara_v3/statutes/prolog/section152.pl'].
:- ['/Users/sophie/code/2025-mcm-llms-applied-in-law_context/data/sara_v3/statutes/prolog/utils.pl'].
:- ['/Users/sophie/code/2025-mcm-llms-applied-in-law_context/data/sara_v3/statutes/prolog/init.pl'].
:- [statutes/prolog/init].
son_(span("son",12,14)).
residence_(span("lived",84,88)).
start_(span("lived",84,88),span(20150901,27,45)).
end_(span("lived",84,88),span(20191103,50,67)).
agent_(span("lived",84,88),span("Alice",70,74)).
agent_(span("lived",84,88),span("Bob",80,82)).
patient_(span("lived",84,88),span("home",102,105)).
patient_(span("son",12,14),span("Alice",0,4)).
agent_(span("son",12,14),span("Bob",17,19)).
s152_c_1_B("Bob",_,"Alice",_,_,2016).
2025-06-15 00:01:01,575 - INFO - [s152_c_1_B_pos] Query:
s152_c_1_B("Bob",_,"Alice",_,_,2016).
2025-06-15 00:01:01,575 - INFO - [s152_c_1_B_pos] Query result: {'truth': True}
2025-06-15 00:01:01,575 - INFO - [s152_c_1_B_pos] Result: correct
2025-06-15 00:01:01,577 - INFO - [s152_c_1_E_neg] Prolog code:
:- ['/Users/sophie/code/2025-mcm-llms-applied-in-law_context/data/sara_v3/statutes/prolog/section152.pl'].
:- ['/Users/sophie/code/2025-mcm-llms-applied-in-law_context/data/sara_v3/statutes/prolog/utils.pl'].
:- ['/Users/sophie/code/2025-mcm-llms-applied-in-law_context/data/sara_v3/statutes/prolog/init.pl'].
:- [statutes/prolog/init].
son_(span("son",12,14)).
residence_(span("lived",84,88)).
marriage_(span("married",112,118)).
joint_return_(span("joint return",175,186)).
agent_(span("joint return",175,186),span("Bob",151,153)).
agent_(span("joint return",175,186),span("Charlie",159,165)).
start_(span("joint return",175,186),span(20190101,201,204)).
agent_(span("married",112,118),span("Bob",108,110)).
agent_(span("married",112,118),span("Charlie",120,126)).
start_(span("married",112,118),span(20181023,131,148)).
start_(span("lived",84,88),span(20150901,27,45)).
end_(span("lived",84,88),span(20191103,50,67)).
agent_(span("lived",84,88),span("Alice",70,74)).
agent_(span("lived",84,88),span("Bob",80,82)).
patient_(span("lived",84,88),span("home",102,105)).
patient_(span("son",12,14),span("Alice",0,4)).
agent_(span("son",12,14),span("Bob",17,19)).
\+ s152_c_1_E("Bob",_,2019).
2025-06-15 00:01:01,824 - INFO - [s152_c_1_E_neg] Query:
\+ s152_c_1_E("Bob",_,2019).
2025-06-15 00:01:01,824 - INFO - [s152_c_1_E_neg] Query result: {'truth': True}
2025-06-15 00:01:01,825 - INFO - [s152_c_1_E_neg] Result: correct
2025-06-15 00:01:01,827 - INFO - [s152_c_1_E_pos] Prolog code:
:- ['/Users/sophie/code/2025-mcm-llms-applied-in-law_context/data/sara_v3/statutes/prolog/section152.pl'].
:- ['/Users/sophie/code/2025-mcm-llms-applied-in-law_context/data/sara_v3/statutes/prolog/utils.pl'].
:- ['/Users/sophie/code/2025-mcm-llms-applied-in-law_context/data/sara_v3/statutes/prolog/init.pl'].
:- [statutes/prolog/init].
son_(span("son",12,14)).
residence_(span("lived",84,88)).
marriage_(span("married",112,118)).
agent_(span("married",112,118),span("Bob",108,110)).
agent_(span("married",112,118),span("Charlie",120,126)).
start_(span("married",112,118),span(20181023,131,148)).
start_(span("lived",84,88),span(20150901,27,45)).
end_(span("lived",84,88),span(20191103,50,67)).
agent_(span("lived",84,88),span("Alice",70,74)).
agent_(span("lived",84,88),span("Bob",80,82)).
patient_(span("lived",84,88),span("home",102,105)).
patient_(span("son",12,14),span("Alice",0,4)).
agent_(span("son",12,14),span("Bob",17,19)).
s152_c_1_E("Bob",_,2019).
2025-06-15 00:01:01,977 - INFO - [s152_c_1_E_pos] Query:
s152_c_1_E("Bob",_,2019).
2025-06-15 00:01:01,978 - INFO - [s152_c_1_E_pos] Query result: {'truth': True}
2025-06-15 00:01:01,978 - INFO - [s152_c_1_E_pos] Result: correct
2025-06-15 00:01:01,980 - INFO - [s152_c_1_neg] Prolog code:
:- ['/Users/sophie/code/2025-mcm-llms-applied-in-law_context/data/sara_v3/statutes/prolog/section152.pl'].
:- ['/Users/sophie/code/2025-mcm-llms-applied-in-law_context/data/sara_v3/statutes/prolog/utils.pl'].
:- ['/Users/sophie/code/2025-mcm-llms-applied-in-law_context/data/sara_v3/statutes/prolog/init.pl'].
:- discontiguous s152_c_2/4.
:- [statutes/prolog/init].
s152_c_2("Bob","Alice",20150101,20201231).
son_(span("son",12,14)).
residence_(span("lived",84,88)).
marriage_(span("married",112,118)).
agent_(span("married",112,118),span("Bob",108,110)).
agent_(span("married",112,118),span("Charlie",120,126)).
start_(span("married",112,118),span(20181023,131,148)).
start_(span("lived",84,88),span(20150901,27,45)).
end_(span("lived",84,88),span(20190203,50,67)).
agent_(span("lived",84,88),span("Alice",70,74)).
agent_(span("lived",84,88),span("Bob",80,82)).
patient_(span("lived",84,88),span("home",102,105)).
patient_(span("son",12,14),span("Alice",0,4)).
agent_(span("son",12,14),span("Bob",17,19)).
\+ s152_c_1("Bob","Alice",2019).
2025-06-15 00:01:02,229 - INFO - [s152_c_1_neg] Query:
\+ s152_c_1("Bob","Alice",2019).
2025-06-15 00:01:02,230 - INFO - [s152_c_1_neg] Query result: {'truth': True}
2025-06-15 00:01:02,230 - INFO - [s152_c_1_neg] Result: correct
2025-06-15 00:01:02,233 - INFO - [s152_c_1_pos] Prolog code:
:- ['/Users/sophie/code/2025-mcm-llms-applied-in-law_context/data/sara_v3/statutes/prolog/section152.pl'].
:- ['/Users/sophie/code/2025-mcm-llms-applied-in-law_context/data/sara_v3/statutes/prolog/utils.pl'].
:- ['/Users/sophie/code/2025-mcm-llms-applied-in-law_context/data/sara_v3/statutes/prolog/init.pl'].
:- discontiguous s152_c_3/3.
:- discontiguous s152_c_2/4.
:- [statutes/prolog/init].
s152_c_2("Bob","Alice",20150101,20201231).
s152_c_3("Bob","Alice",Year) :- between(2015,2020,Year).
son_(span("son",12,14)).
residence_(span("lived",84,88)).
marriage_(span("married",112,118)).
agent_(span("married",112,118),span("Bob",108,110)).
agent_(span("married",112,118),span("Charlie",120,126)).
start_(span("married",112,118),span(20181023,131,148)).
start_(span("lived",84,88),span(20150901,27,45)).
end_(span("lived",84,88),span(20191103,50,67)).
agent_(span("lived",84,88),span("Alice",70,74)).
agent_(span("lived",84,88),span("Bob",80,82)).
patient_(span("lived",84,88),span("home",102,105)).
patient_(span("son",12,14),span("Alice",0,4)).
agent_(span("son",12,14),span("Bob",17,19)).
s152_c_1("Bob","Alice",2019).
2025-06-15 00:01:02,378 - INFO - [s152_c_1_pos] Query:
s152_c_1("Bob","Alice",2019).
2025-06-15 00:01:02,378 - INFO - [s152_c_1_pos] Query result: {'truth': True}
2025-06-15 00:01:02,378 - INFO - [s152_c_1_pos] Result: correct
2025-06-15 00:01:02,380 - INFO - [s152_c_2_B_neg] Prolog code:
:- ['/Users/sophie/code/2025-mcm-llms-applied-in-law_context/data/sara_v3/statutes/prolog/section152.pl'].
:- ['/Users/sophie/code/2025-mcm-llms-applied-in-law_context/data/sara_v3/statutes/prolog/utils.pl'].
:- ['/Users/sophie/code/2025-mcm-llms-applied-in-law_context/data/sara_v3/statutes/prolog/init.pl'].
:- [statutes/prolog/init].
son_(span("son",12,14)).
patient_(span("son",12,14),span("Alice",0,4)).
agent_(span("son",12,14),span("Bob",17,19)).
start_(span("son",12,14),span(20140131,35,52)).
birth_(span("born",30,33)).
agent_(span("born",30,33),span("Bob",17,19)).
start_(span("born",30,33),span(20140131,35,52)).
\+ s152_c_2_B("Bob","Alice",_,_,_).
2025-06-15 00:01:02,624 - INFO - [s152_c_2_B_neg] Query:
\+ s152_c_2_B("Bob","Alice",_,_,_).
2025-06-15 00:01:02,624 - INFO - [s152_c_2_B_neg] Query result: {'truth': True}
2025-06-15 00:01:02,625 - INFO - [s152_c_2_B_neg] Result: correct
2025-06-15 00:01:02,627 - INFO - [s152_c_2_B_pos] Prolog code:
:- ['/Users/sophie/code/2025-mcm-llms-applied-in-law_context/data/sara_v3/statutes/prolog/section152.pl'].
:- ['/Users/sophie/code/2025-mcm-llms-applied-in-law_context/data/sara_v3/statutes/prolog/utils.pl'].
:- ['/Users/sophie/code/2025-mcm-llms-applied-in-law_context/data/sara_v3/statutes/prolog/init.pl'].
:- [statutes/prolog/init].
brother_(span("brother",12,18)).
patient_(span("brother",12,18),span("Alice",0,4)).
agent_(span("brother",12,18),span("Bob",21,23)).
start_(span("brother",12,18),span(20140131,39,56)).
birth_(span("born",34,37)).
agent_(span("born",34,37),span("Bob",21,23)).
start_(span("born",34,37),span(20140131,39,56)).
s152_c_2_B("Bob","Alice",_,_,_).
2025-06-15 00:01:02,770 - INFO - [s152_c_2_B_pos] Query:
s152_c_2_B("Bob","Alice",_,_,_).
2025-06-15 00:01:02,771 - INFO - [s152_c_2_B_pos] Query result: {'truth': True}
2025-06-15 00:01:02,771 - INFO - [s152_c_2_B_pos] Result: correct
2025-06-15 00:01:02,773 - INFO - [s152_c_2_neg] Prolog code:
:- ['/Users/sophie/code/2025-mcm-llms-applied-in-law_context/data/sara_v3/statutes/prolog/section152.pl'].
:- ['/Users/sophie/code/2025-mcm-llms-applied-in-law_context/data/sara_v3/statutes/prolog/utils.pl'].
:- ['/Users/sophie/code/2025-mcm-llms-applied-in-law_context/data/sara_v3/statutes/prolog/init.pl'].
:- [statutes/prolog/init].
son_(span("son",12,14)).
patient_(span("son",12,14),span("Alice",0,4)).
agent_(span("son",12,14),span("Bob",17,19)).
start_(span("son",12,14),span(20140131,35,52)).
birth_(span("born",30,33)).
agent_(span("born",30,33),span("Bob",17,19)).
start_(span("born",30,33),span(20140131,35,52)).
\+ s152_c_2("Alice","Bob",_,_).
2025-06-15 00:01:03,022 - INFO - [s152_c_2_neg] Query:
\+ s152_c_2("Alice","Bob",_,_).
2025-06-15 00:01:03,023 - INFO - [s152_c_2_neg] Query result: {'truth': True}
2025-06-15 00:01:03,023 - INFO - [s152_c_2_neg] Result: correct
2025-06-15 00:01:03,026 - INFO - [s152_c_2_pos] Prolog code:
:- ['/Users/sophie/code/2025-mcm-llms-applied-in-law_context/data/sara_v3/statutes/prolog/section152.pl'].
:- ['/Users/sophie/code/2025-mcm-llms-applied-in-law_context/data/sara_v3/statutes/prolog/utils.pl'].
:- ['/Users/sophie/code/2025-mcm-llms-applied-in-law_context/data/sara_v3/statutes/prolog/init.pl'].
:- [statutes/prolog/init].
son_(span("son",12,14)).
patient_(span("son",12,14),span("Alice",0,4)).
agent_(span("son",12,14),span("Bob",17,19)).
start_(span("son",12,14),span(20140131,35,52)).
birth_(span("born",30,33)).
agent_(span("born",30,33),span("Bob",17,19)).
start_(span("born",30,33),span(20140131,35,52)).
s152_c_2("Bob","Alice",_,_).
2025-06-15 00:01:03,172 - INFO - [s152_c_2_pos] Query:
s152_c_2("Bob","Alice",_,_).
2025-06-15 00:01:03,172 - INFO - [s152_c_2_pos] Query result: {'truth': True}
2025-06-15 00:01:03,173 - INFO - [s152_c_2_pos] Result: correct
2025-06-15 00:01:03,173 - INFO - [s152_c_3_neg] Prolog code:
:- ['/Users/sophie/code/2025-mcm-llms-applied-in-law_context/data/sara_v3/statutes/prolog/section152.pl'].
:- ['/Users/sophie/code/2025-mcm-llms-applied-in-law_context/data/sara_v3/statutes/prolog/utils.pl'].
:- ['/Users/sophie/code/2025-mcm-llms-applied-in-law_context/data/sara_v3/statutes/prolog/init.pl'].
:- [statutes/prolog/init].
birth_(span("born",10,13)).
birth_(span("born",43,46)).
son_(span("adopted",74,80)).
agent_(span("born",10,13),span("Alice",0,4)).
start_(span("born",10,13),span(19920110,15,32)).
agent_(span("born",43,46),span("Bob",35,37)).
start_(span("born",43,46),span(19840131,48,65)).
patient_(span("adopted",74,80),span("Alice",68,72)).
agent_(span("adopted",74,80),span("Bob",82,84)).
start_(span("adopted",74,80),span(20180304,89,103)).
\+ s152_c_3("Bob","Alice",2019).
2025-06-15 00:01:03,412 - INFO - [s152_c_3_neg] Query:
\+ s152_c_3("Bob","Alice",2019).
2025-06-15 00:01:03,413 - INFO - [s152_c_3_neg] Query result: {'truth': True}
2025-06-15 00:01:03,413 - INFO - [s152_c_3_neg] Result: correct
2025-06-15 00:01:03,415 - INFO - [s152_c_3_pos] Prolog code:
:- ['/Users/sophie/code/2025-mcm-llms-applied-in-law_context/data/sara_v3/statutes/prolog/section152.pl'].
:- ['/Users/sophie/code/2025-mcm-llms-applied-in-law_context/data/sara_v3/statutes/prolog/utils.pl'].
:- ['/Users/sophie/code/2025-mcm-llms-applied-in-law_context/data/sara_v3/statutes/prolog/init.pl'].
:- [statutes/prolog/init].
birth_(span("born",10,13)).
birth_(span("born",43,46)).
son_(span("adopted",74,80)).
agent_(span("born",10,13),span("Alice",0,4)).
start_(span("born",10,13),span(19920110,15,32)).
agent_(span("born",43,46),span("Bob",35,37)).
start_(span("born",43,46),span(20140131,48,65)).
patient_(span("adopted",74,80),span("Alice",68,72)).
agent_(span("adopted",74,80),span("Bob",82,84)).
start_(span("adopted",74,80),span(20180304,89,103)).
s152_c_3("Bob","Alice",2019).
2025-06-15 00:01:03,565 - INFO - [s152_c_3_pos] Query:
s152_c_3("Bob","Alice",2019).
2025-06-15 00:01:03,565 - INFO - [s152_c_3_pos] Query result: {'truth': True}
2025-06-15 00:01:03,565 - INFO - [s152_c_3_pos] Result: correct
2025-06-15 00:01:03,567 - INFO - [s152_d_1_B_neg] Prolog code:
:- ['/Users/sophie/code/2025-mcm-llms-applied-in-law_context/data/sara_v3/statutes/prolog/section151.pl'].
:- ['/Users/sophie/code/2025-mcm-llms-applied-in-law_context/data/sara_v3/statutes/prolog/section152.pl'].
:- ['/Users/sophie/code/2025-mcm-llms-applied-in-law_context/data/sara_v3/statutes/prolog/utils.pl'].
:- ['/Users/sophie/code/2025-mcm-llms-applied-in-law_context/data/sara_v3/statutes/prolog/init.pl'].
:- discontiguous s151_d/4.
:- [statutes/prolog/init].
s151_d("Alice",_,2000,2015).
income_(span("income",17,22)).
agent_(span("income",17,22),span("Alice",9,13)).
amount_(span("income",17,22),span(2312,29,32)).
start_(span("income",17,22),span(20150101,3,6)).
\+ s152_d_1_B("Alice",2015).
2025-06-15 00:01:03,814 - INFO - [s152_d_1_B_neg] Query:
\+ s152_d_1_B("Alice",2015).
2025-06-15 00:01:03,815 - INFO - [s152_d_1_B_neg] Query result: {'truth': True}
2025-06-15 00:01:03,815 - INFO - [s152_d_1_B_neg] Result: correct
2025-06-15 00:01:03,818 - INFO - [s152_d_1_B_pos] Prolog code:
:- ['/Users/sophie/code/2025-mcm-llms-applied-in-law_context/data/sara_v3/statutes/prolog/section151.pl'].
:- ['/Users/sophie/code/2025-mcm-llms-applied-in-law_context/data/sara_v3/statutes/prolog/section152.pl'].
:- ['/Users/sophie/code/2025-mcm-llms-applied-in-law_context/data/sara_v3/statutes/prolog/utils.pl'].
:- ['/Users/sophie/code/2025-mcm-llms-applied-in-law_context/data/sara_v3/statutes/prolog/init.pl'].
:- discontiguous s151_d/4.
:- [statutes/prolog/init].
s151_d("Alice",_,2000,2015).
s152_d_1_B("Alice",2015).
2025-06-15 00:01:03,965 - INFO - [s152_d_1_B_pos] Query:
s152_d_1_B("Alice",2015).
2025-06-15 00:01:03,965 - INFO - [s152_d_1_B_pos] Query result: {'truth': True}
2025-06-15 00:01:03,965 - INFO - [s152_d_1_B_pos] Result: correct
2025-06-15 00:01:03,967 - INFO - [s152_d_2_B_neg] Prolog code:
:- ['/Users/sophie/code/2025-mcm-llms-applied-in-law_context/data/sara_v3/statutes/prolog/section152.pl'].
:- ['/Users/sophie/code/2025-mcm-llms-applied-in-law_context/data/sara_v3/statutes/prolog/utils.pl'].
:- ['/Users/sophie/code/2025-mcm-llms-applied-in-law_context/data/sara_v3/statutes/prolog/init.pl'].
:- [statutes/prolog/init].
son_(span("son",15,17)).
agent_(span("son",15,17),span("Bob",0,2)).
patient_(span("son",15,17),span("Alice",7,11)).
start_(span("son",15,17),span(20140415,25,40)).
\+ s152_d_2_B("Alice","Bob",_,_).
2025-06-15 00:01:04,212 - INFO - [s152_d_2_B_neg] Query:
\+ s152_d_2_B("Alice","Bob",_,_).
2025-06-15 00:01:04,213 - INFO - [s152_d_2_B_neg] Query result: {'truth': True}
2025-06-15 00:01:04,213 - INFO - [s152_d_2_B_neg] Result: correct
2025-06-15 00:01:04,216 - INFO - [s152_d_2_B_pos] Prolog code:
:- ['/Users/sophie/code/2025-mcm-llms-applied-in-law_context/data/sara_v3/statutes/prolog/section152.pl'].
:- ['/Users/sophie/code/2025-mcm-llms-applied-in-law_context/data/sara_v3/statutes/prolog/utils.pl'].
:- ['/Users/sophie/code/2025-mcm-llms-applied-in-law_context/data/sara_v3/statutes/prolog/init.pl'].
:- [statutes/prolog/init].
brother_(span("brother",15,21)).
agent_(span("brother",15,21),span("Bob",0,2)).
patient_(span("brother",15,21),span("Alice",7,11)).
start_(span("brother",15,21),span(20140415,29,44)).
s152_d_2_B("Alice","Bob",_,_).
2025-06-15 00:01:04,361 - INFO - [s152_d_2_B_pos] Query:
s152_d_2_B("Alice","Bob",_,_).
2025-06-15 00:01:04,361 - INFO - [s152_d_2_B_pos] Query result: {'truth': True}
2025-06-15 00:01:04,361 - INFO - [s152_d_2_B_pos] Result: correct
2025-06-15 00:01:04,362 - INFO - [s152_d_2_D_neg] Prolog code:
:- ['/Users/sophie/code/2025-mcm-llms-applied-in-law_context/data/sara_v3/statutes/prolog/section152.pl'].
:- ['/Users/sophie/code/2025-mcm-llms-applied-in-law_context/data/sara_v3/statutes/prolog/utils.pl'].
:- ['/Users/sophie/code/2025-mcm-llms-applied-in-law_context/data/sara_v3/statutes/prolog/init.pl'].
:- [statutes/prolog/init].
father_(span("father",19,24)).
agent_(span("father",19,24),span("Charlie",0,6)).
patient_(span("father",19,24),span("Alice",11,15)).
start_(span("father",19,24),span(20140415,32,47)).
brother_(span("brother",67,73)).
agent_(span("brother",67,73),span("Bob",50,52)).
patient_(span("brother",67,73),span("Charlie",57,63)).
start_(span("brother",67,73),span(19921012,81,98)).
\+ (s152_d_2_D("Alice","Bob",Start_relationship,End_relationship), var(End_relationship), first_day_year(2018,First_day), is_before(Start_relationship,First_day)).
2025-06-15 00:01:04,609 - INFO - [s152_d_2_D_neg] Query:
\+ (s152_d_2_D("Alice","Bob",Start_relationship,End_relationship), var(End_relationship), first_day_year(2018,First_day), is_before(Start_relationship,First_day)).
2025-06-15 00:01:04,611 - ERROR - Error processing case s152_d_2_D_neg: '$c_call_prolog'/0: Arguments are not sufficiently instantiated
2025-06-15 00:01:04,613 - INFO - [s152_d_2_D_pos] Prolog code:
:- ['/Users/sophie/code/2025-mcm-llms-applied-in-law_context/data/sara_v3/statutes/prolog/section152.pl'].
:- ['/Users/sophie/code/2025-mcm-llms-applied-in-law_context/data/sara_v3/statutes/prolog/utils.pl'].
:- ['/Users/sophie/code/2025-mcm-llms-applied-in-law_context/data/sara_v3/statutes/prolog/init.pl'].
:- [statutes/prolog/init].
father_(span("father",17,22)).
mother_(span("mother",65,70)).
marriage_(span("married",79,85)).
agent_(span("father",17,22),span("Charlie",0,6)).
patient_(span("father",17,22),span("Bob",11,13)).
start_(span("father",17,22),span(19950415,30,45)).
agent_(span("married",79,85),span("Alice",73,77)).
agent_(span("married",79,85),span("Charlie",87,93)).
start_(span("married",79,85),span(20180808,98,113)).
start_(span("mother",65,70),span(19950415,30,45)).
agent_(span("mother",65,70),span("Dorothy",48,54)).
patient_(span("mother",65,70),span("Bob",59,61)).
s152_d_2_D("Alice","Bob",Start_relationship,End_relationship), var(End_relationship), first_day_year(2019,First_day), is_before(Start_relationship,First_day).
2025-06-15 00:01:04,862 - INFO - [s152_d_2_D_pos] Query:
s152_d_2_D("Alice","Bob",Start_relationship,End_relationship), var(End_relationship), first_day_year(2019,First_day), is_before(Start_relationship,First_day).
2025-06-15 00:01:04,864 - ERROR - Error processing case s152_d_2_D_pos: '$c_call_prolog'/0: Arguments are not sufficiently instantiated
2025-06-15 00:01:04,866 - INFO - [s152_d_2_E_neg] Prolog code:
:- ['/Users/sophie/code/2025-mcm-llms-applied-in-law_context/data/sara_v3/statutes/prolog/section152.pl'].
:- ['/Users/sophie/code/2025-mcm-llms-applied-in-law_context/data/sara_v3/statutes/prolog/utils.pl'].
:- ['/Users/sophie/code/2025-mcm-llms-applied-in-law_context/data/sara_v3/statutes/prolog/init.pl'].
:- [statutes/prolog/init].
father_(span("father",17,22)).
sister_(span("sister",67,72)).
agent_(span("father",17,22),span("Charlie",0,6)).
patient_(span("father",17,22),span("Bob",11,13)).
start_(span("father",17,22),span(20140415,30,45)).
agent_(span("sister",67,72),span("Alice",48,52)).
patient_(span("sister",67,72),span("Charlie",57,63)).
start_(span("sister",67,72),span(19921012,80,97)).
\+ s152_d_2_E("Alice","Bob",_,_,_).
2025-06-15 00:01:05,116 - INFO - [s152_d_2_E_neg] Query:
\+ s152_d_2_E("Alice","Bob",_,_,_).
2025-06-15 00:01:05,117 - INFO - [s152_d_2_E_neg] Query result: {'truth': True}
2025-06-15 00:01:05,118 - INFO - [s152_d_2_E_neg] Result: correct
2025-06-15 00:01:05,120 - INFO - [s152_d_2_E_pos] Prolog code:
:- ['/Users/sophie/code/2025-mcm-llms-applied-in-law_context/data/sara_v3/statutes/prolog/section152.pl'].
:- ['/Users/sophie/code/2025-mcm-llms-applied-in-law_context/data/sara_v3/statutes/prolog/utils.pl'].
:- ['/Users/sophie/code/2025-mcm-llms-applied-in-law_context/data/sara_v3/statutes/prolog/init.pl'].
:- [statutes/prolog/init].
father_(span("father",19,24)).
brother_(span("brother",67,73)).
agent_(span("brother",67,73),span("Bob",50,52)).
patient_(span("brother",67,73),span("Charlie",57,63)).
start_(span("brother",67,73),span(19921012,81,98)).
agent_(span("father",19,24),span("Charlie",0,6)).
patient_(span("father",19,24),span("Alice",11,15)).
start_(span("father",19,24),span(20140415,32,47)).
s152_d_2_E("Alice","Bob",_,_,_).
2025-06-15 00:01:05,269 - INFO - [s152_d_2_E_pos] Query:
s152_d_2_E("Alice","Bob",_,_,_).
2025-06-15 00:01:05,270 - INFO - [s152_d_2_E_pos] Query result: {'truth': True}
2025-06-15 00:01:05,270 - INFO - [s152_d_2_E_pos] Result: correct
2025-06-15 00:01:05,271 - INFO - [s152_d_2_F_neg] Prolog code:
:- ['/Users/sophie/code/2025-mcm-llms-applied-in-law_context/data/sara_v3/statutes/prolog/section152.pl'].
:- ['/Users/sophie/code/2025-mcm-llms-applied-in-law_context/data/sara_v3/statutes/prolog/utils.pl'].
:- ['/Users/sophie/code/2025-mcm-llms-applied-in-law_context/data/sara_v3/statutes/prolog/init.pl'].
:- [statutes/prolog/init].
father_(span("father",17,22)).
marriage_(span("married",54,60)).
agent_(span("father",17,22),span("Charlie",0,6)).
patient_(span("father",17,22),span("Bob",11,13)).
start_(span("father",17,22),span(20140415,30,45)).
agent_(span("married",54,60),span("Alice",48,52)).
agent_(span("married",54,60),span("Charlie",62,68)).
start_(span("married",54,60),span(19921012,73,90)).
\+ s152_d_2_F("Alice","Bob",_,_,_).
2025-06-15 00:01:05,516 - INFO - [s152_d_2_F_neg] Query:
\+ s152_d_2_F("Alice","Bob",_,_,_).
2025-06-15 00:01:05,517 - INFO - [s152_d_2_F_neg] Query result: {'truth': True}
2025-06-15 00:01:05,517 - INFO - [s152_d_2_F_neg] Result: correct
2025-06-15 00:01:05,519 - INFO - [s152_d_2_F_pos] Prolog code:
:- ['/Users/sophie/code/2025-mcm-llms-applied-in-law_context/data/sara_v3/statutes/prolog/section152.pl'].
:- ['/Users/sophie/code/2025-mcm-llms-applied-in-law_context/data/sara_v3/statutes/prolog/utils.pl'].
:- ['/Users/sophie/code/2025-mcm-llms-applied-in-law_context/data/sara_v3/statutes/prolog/init.pl'].
:- [statutes/prolog/init].
father_(span("father",17,22)).
sister_(span("sister",67,72)).
agent_(span("father",17,22),span("Charlie",0,6)).
patient_(span("father",17,22),span("Bob",11,13)).
start_(span("father",17,22),span(20140415,30,45)).
agent_(span("sister",67,72),span("Alice",48,52)).
patient_(span("sister",67,72),span("Charlie",57,63)).
start_(span("sister",67,72),span(19921012,80,97)).
s152_d_2_F("Alice","Bob",_,_,_).
2025-06-15 00:01:05,666 - INFO - [s152_d_2_F_pos] Query:
s152_d_2_F("Alice","Bob",_,_,_).
2025-06-15 00:01:05,667 - INFO - [s152_d_2_F_pos] Query result: {'truth': True}
2025-06-15 00:01:05,667 - INFO - [s152_d_2_F_pos] Result: correct
2025-06-15 00:01:05,669 - INFO - [s1_a_1_i_neg] Prolog code:
:- ['/Users/sophie/code/2025-mcm-llms-applied-in-law_context/data/sara_v3/statutes/prolog/section1.pl'].
:- ['/Users/sophie/code/2025-mcm-llms-applied-in-law_context/data/sara_v3/statutes/prolog/utils.pl'].
:- ['/Users/sophie/code/2025-mcm-llms-applied-in-law_context/data/sara_v3/statutes/prolog/init.pl'].
:- discontiguous s63/3.
:- discontiguous s7703/4.
:- [statutes/prolog/init].
s7703("Alice","spouse",_,2017).
s63("Alice",2017,42876).
joint_return_(span("joint return",69,80)).
agent_(span("joint return",69,80),span("Alice",55,59)).
agent_(span("joint return",69,80),span("spouse",91,96)).
start_(span("joint return",69,80),span(20170101,102,105)).
\+ s1_a_i(42876,7208).
2025-06-15 00:01:05,914 - INFO - [s1_a_1_i_neg] Query:
\+ s1_a_i(42876,7208).
2025-06-15 00:01:05,914 - INFO - [s1_a_1_i_neg] Query result: {'truth': True}
2025-06-15 00:01:05,914 - INFO - [s1_a_1_i_neg] Result: correct
2025-06-15 00:01:05,918 - INFO - [s1_a_1_i_pos] Prolog code:
:- ['/Users/sophie/code/2025-mcm-llms-applied-in-law_context/data/sara_v3/statutes/prolog/section1.pl'].
:- ['/Users/sophie/code/2025-mcm-llms-applied-in-law_context/data/sara_v3/statutes/prolog/utils.pl'].
:- ['/Users/sophie/code/2025-mcm-llms-applied-in-law_context/data/sara_v3/statutes/prolog/init.pl'].
:- discontiguous s63/3.
:- discontiguous s7703/4.
:- [statutes/prolog/init].
s7703("Alice","spouse",_,2017).
s63("Alice",2017,17330).
joint_return_(span("joint return",69,80)).
agent_(span("joint return",69,80),span("Alice",55,59)).
agent_(span("joint return",69,80),span("spouse",91,96)).
start_(span("joint return",69,80),span(20170101,102,105)).
s1_a_i(17330,2600).
2025-06-15 00:01:06,062 - INFO - [s1_a_1_i_pos] Query:
s1_a_i(17330,2600).
2025-06-15 00:01:06,066 - INFO - [s1_a_1_i_pos] Query result: {'truth': True}
2025-06-15 00:01:06,066 - INFO - [s1_a_1_i_pos] Result: correct
2025-06-15 00:01:06,068 - INFO - [s1_a_1_ii_neg] Prolog code:
:- ['/Users/sophie/code/2025-mcm-llms-applied-in-law_context/data/sara_v3/statutes/prolog/section1.pl'].
:- ['/Users/sophie/code/2025-mcm-llms-applied-in-law_context/data/sara_v3/statutes/prolog/utils.pl'].
:- ['/Users/sophie/code/2025-mcm-llms-applied-in-law_context/data/sara_v3/statutes/prolog/init.pl'].
:- discontiguous s63/3.
:- discontiguous s7703/4.
:- [statutes/prolog/init].
s7703("Alice","spouse",_,2017).
s63("Alice",2017,103272).
joint_return_(span("joint return",69,80)).
agent_(span("joint return",69,80),span("Alice",55,59)).
agent_(span("joint return",69,80),span("spouse",91,96)).
start_(span("joint return",69,80),span(20170101,102,105)).
\+ s1_a_ii(103272,24543).
2025-06-15 00:01:06,314 - INFO - [s1_a_1_ii_neg] Query:
\+ s1_a_ii(103272,24543).
2025-06-15 00:01:06,314 - INFO - [s1_a_1_ii_neg] Query result: {'truth': True}
2025-06-15 00:01:06,314 - INFO - [s1_a_1_ii_neg] Result: correct
2025-06-15 00:01:06,317 - INFO - [s1_a_1_ii_pos] Prolog code:
:- ['/Users/sophie/code/2025-mcm-llms-applied-in-law_context/data/sara_v3/statutes/prolog/section1.pl'].
:- ['/Users/sophie/code/2025-mcm-llms-applied-in-law_context/data/sara_v3/statutes/prolog/utils.pl'].
:- ['/Users/sophie/code/2025-mcm-llms-applied-in-law_context/data/sara_v3/statutes/prolog/init.pl'].
:- discontiguous s63/3.
:- discontiguous s7703/4.
:- [statutes/prolog/init].
s7703("Alice","spouse",_,2017).
s63("Alice",2017,42876).
joint_return_(span("joint return",69,80)).
agent_(span("joint return",69,80),span("Alice",55,59)).
agent_(span("joint return",69,80),span("spouse",91,96)).
start_(span("joint return",69,80),span(20170101,102,105)).
s1_a_ii(42876,7208).
2025-06-15 00:01:06,448 - INFO - [s1_a_1_ii_pos] Query:
s1_a_ii(42876,7208).
2025-06-15 00:01:06,448 - INFO - [s1_a_1_ii_pos] Query result: {'truth': True}
2025-06-15 00:01:06,448 - INFO - [s1_a_1_ii_pos] Result: correct
2025-06-15 00:01:06,450 - INFO - [s1_a_1_iii_neg] Prolog code:
:- ['/Users/sophie/code/2025-mcm-llms-applied-in-law_context/data/sara_v3/statutes/prolog/section1.pl'].
:- ['/Users/sophie/code/2025-mcm-llms-applied-in-law_context/data/sara_v3/statutes/prolog/utils.pl'].
:- ['/Users/sophie/code/2025-mcm-llms-applied-in-law_context/data/sara_v3/statutes/prolog/init.pl'].
:- discontiguous s63/3.
:- discontiguous s7703/4.
:- [statutes/prolog/init].
s7703("Alice","spouse",_,2017).
s63("Alice",2017,164612).
joint_return_(span("joint return",69,80)).
agent_(span("joint return",69,80),span("Alice",55,59)).
agent_(span("joint return",69,80),span("spouse",91,96)).
start_(span("joint return",69,80),span(20170101,102,105)).
\+ s1_a_iii(164612,44789).
2025-06-15 00:01:06,689 - INFO - [s1_a_1_iii_neg] Query:
\+ s1_a_iii(164612,44789).
2025-06-15 00:01:06,689 - INFO - [s1_a_1_iii_neg] Query result: {'truth': True}
2025-06-15 00:01:06,690 - INFO - [s1_a_1_iii_neg] Result: correct
2025-06-15 00:01:06,691 - INFO - [s1_a_1_iii_pos] Prolog code:
:- ['/Users/sophie/code/2025-mcm-llms-applied-in-law_context/data/sara_v3/statutes/prolog/section1.pl'].
:- ['/Users/sophie/code/2025-mcm-llms-applied-in-law_context/data/sara_v3/statutes/prolog/utils.pl'].
:- ['/Users/sophie/code/2025-mcm-llms-applied-in-law_context/data/sara_v3/statutes/prolog/init.pl'].
:- discontiguous s63/3.
:- discontiguous s7703/4.
:- [statutes/prolog/init].
s7703("Alice","spouse",_,2017).
s63("Alice",2017,103272).
joint_return_(span("joint return",69,80)).
agent_(span("joint return",69,80),span("Alice",55,59)).
agent_(span("joint return",69,80),span("spouse",91,96)).
start_(span("joint return",69,80),span(20170101,102,105)).
s1_a_iii(103272,24543).
2025-06-15 00:01:06,826 - INFO - [s1_a_1_iii_pos] Query:
s1_a_iii(103272,24543).
2025-06-15 00:01:06,826 - INFO - [s1_a_1_iii_pos] Query result: {'truth': True}
2025-06-15 00:01:06,826 - INFO - [s1_a_1_iii_pos] Result: correct
2025-06-15 00:01:06,827 - INFO - [s1_a_1_iv_neg] Prolog code:
:- ['/Users/sophie/code/2025-mcm-llms-applied-in-law_context/data/sara_v3/statutes/prolog/section1.pl'].
:- ['/Users/sophie/code/2025-mcm-llms-applied-in-law_context/data/sara_v3/statutes/prolog/utils.pl'].
:- ['/Users/sophie/code/2025-mcm-llms-applied-in-law_context/data/sara_v3/statutes/prolog/init.pl'].
:- discontiguous s63/3.
:- discontiguous s7703/4.
:- [statutes/prolog/init].
s7703("Alice","spouse",_,2017).
s63("Alice",2017,684642).
joint_return_(span("joint return",69,80)).
agent_(span("joint return",69,80),span("Alice",55,59)).
agent_(span("joint return",69,80),span("spouse",91,96)).
start_(span("joint return",69,80),span(20170101,102,105)).
\+ s1_a_iv(684642,247647).
2025-06-15 00:01:07,066 - INFO - [s1_a_1_iv_neg] Query:
\+ s1_a_iv(684642,247647).
2025-06-15 00:01:07,067 - INFO - [s1_a_1_iv_neg] Query result: {'truth': True}
2025-06-15 00:01:07,067 - INFO - [s1_a_1_iv_neg] Result: correct
2025-06-15 00:01:07,068 - INFO - [s1_a_1_iv_pos] Prolog code:
:- ['/Users/sophie/code/2025-mcm-llms-applied-in-law_context/data/sara_v3/statutes/prolog/section1.pl'].
:- ['/Users/sophie/code/2025-mcm-llms-applied-in-law_context/data/sara_v3/statutes/prolog/utils.pl'].
:- ['/Users/sophie/code/2025-mcm-llms-applied-in-law_context/data/sara_v3/statutes/prolog/init.pl'].
:- discontiguous s63/3.
:- discontiguous s7703/4.
:- [statutes/prolog/init].
s7703("Alice","spouse",_,2017).
s63("Alice",2017,164612).
joint_return_(span("joint return",69,80)).
agent_(span("joint return",69,80),span("Alice",55,59)).
agent_(span("joint return",69,80),span("spouse",91,96)).
start_(span("joint return",69,80),span(20170101,102,105)).
s1_a_iv(164612,44789).
2025-06-15 00:01:07,204 - INFO - [s1_a_1_iv_pos] Query:
s1_a_iv(164612,44789).
2025-06-15 00:01:07,204 - INFO - [s1_a_1_iv_pos] Query result: {'truth': True}
2025-06-15 00:01:07,204 - INFO - [s1_a_1_iv_pos] Result: correct
2025-06-15 00:01:07,207 - INFO - [s1_a_1_neg] Prolog code:
:- ['/Users/sophie/code/2025-mcm-llms-applied-in-law_context/data/sara_v3/statutes/prolog/section1.pl'].
:- ['/Users/sophie/code/2025-mcm-llms-applied-in-law_context/data/sara_v3/statutes/prolog/section2.pl'].
:- ['/Users/sophie/code/2025-mcm-llms-applied-in-law_context/data/sara_v3/statutes/prolog/utils.pl'].
:- ['/Users/sophie/code/2025-mcm-llms-applied-in-law_context/data/sara_v3/statutes/prolog/init.pl'].
:- discontiguous s2_b/3.
:- discontiguous s63/3.
:- [statutes/prolog/init].
s2_b("Alice",_,2017).
s63("Alice",2017,97407).
\+ s1_a("Alice",2017,_,24056).
2025-06-15 00:01:07,446 - INFO - [s1_a_1_neg] Query:
\+ s1_a("Alice",2017,_,24056).
2025-06-15 00:01:07,447 - INFO - [s1_a_1_neg] Query result: {'truth': True}
2025-06-15 00:01:07,447 - INFO - [s1_a_1_neg] Result: correct
2025-06-15 00:01:07,449 - INFO - [s1_a_1_pos] Prolog code:
:- ['/Users/sophie/code/2025-mcm-llms-applied-in-law_context/data/sara_v3/statutes/prolog/section1.pl'].
:- ['/Users/sophie/code/2025-mcm-llms-applied-in-law_context/data/sara_v3/statutes/prolog/utils.pl'].
:- ['/Users/sophie/code/2025-mcm-llms-applied-in-law_context/data/sara_v3/statutes/prolog/init.pl'].
:- discontiguous s7703/4.
:- discontiguous s63/3.
:- [statutes/prolog/init].
s7703("Alice","spouse",_,2017).
s63("Alice",2017,17330).
joint_return_(span("joint return",69,80)).
agent_(span("joint return",69,80),span("Alice",55,59)).
agent_(span("joint return",69,80),span("spouse",91,96)).
start_(span("joint return",69,80),span(20170101,102,105)).
s1_a("Alice",2017,_,2600).
2025-06-15 00:01:07,584 - INFO - [s1_a_1_pos] Query:
s1_a("Alice",2017,_,2600).
2025-06-15 00:01:07,584 - INFO - [s1_a_1_pos] Query result: {'truth': True}
2025-06-15 00:01:07,584 - INFO - [s1_a_1_pos] Result: correct
2025-06-15 00:01:07,585 - INFO - [s1_a_1_v_neg] Prolog code:
:- ['/Users/sophie/code/2025-mcm-llms-applied-in-law_context/data/sara_v3/statutes/prolog/section1.pl'].
:- ['/Users/sophie/code/2025-mcm-llms-applied-in-law_context/data/sara_v3/statutes/prolog/utils.pl'].
:- ['/Users/sophie/code/2025-mcm-llms-applied-in-law_context/data/sara_v3/statutes/prolog/init.pl'].
:- discontiguous s7703/4.
:- discontiguous s63/3.
:- [statutes/prolog/init].
s7703("Alice","spouse",_,2017).
s63("Alice",2017,17330).
joint_return_(span("joint return",69,80)).
agent_(span("joint return",69,80),span("Alice",55,59)).
agent_(span("joint return",69,80),span("spouse",91,96)).
start_(span("joint return",69,80),span(20170101,102,105)).
\+ s1_a_v(17330,2600).
2025-06-15 00:01:07,823 - INFO - [s1_a_1_v_neg] Query:
\+ s1_a_v(17330,2600).
2025-06-15 00:01:07,824 - INFO - [s1_a_1_v_neg] Query result: {'truth': True}
2025-06-15 00:01:07,824 - INFO - [s1_a_1_v_neg] Result: correct
2025-06-15 00:01:07,826 - INFO - [s1_a_1_v_pos] Prolog code:
:- ['/Users/sophie/code/2025-mcm-llms-applied-in-law_context/data/sara_v3/statutes/prolog/section1.pl'].
:- ['/Users/sophie/code/2025-mcm-llms-applied-in-law_context/data/sara_v3/statutes/prolog/utils.pl'].
:- ['/Users/sophie/code/2025-mcm-llms-applied-in-law_context/data/sara_v3/statutes/prolog/init.pl'].
:- discontiguous s7703/4.
:- discontiguous s63/3.
:- [statutes/prolog/init].
s7703("Alice","spouse",_,2017).
s63("Alice",2017,684642).
joint_return_(span("joint return",69,80)).
agent_(span("joint return",69,80),span("Alice",55,59)).
agent_(span("joint return",69,80),span("spouse",91,96)).
start_(span("joint return",69,80),span(20170101,102,105)).
s1_a_v(684642,247647).
2025-06-15 00:01:07,960 - INFO - [s1_a_1_v_pos] Query:
s1_a_v(684642,247647).
2025-06-15 00:01:07,961 - INFO - [s1_a_1_v_pos] Query result: {'truth': True}
2025-06-15 00:01:07,961 - INFO - [s1_a_1_v_pos] Result: correct
2025-06-15 00:01:07,962 - INFO - [s1_a_2_i_neg] Prolog code:
:- ['/Users/sophie/code/2025-mcm-llms-applied-in-law_context/data/sara_v3/statutes/prolog/section1.pl'].
:- ['/Users/sophie/code/2025-mcm-llms-applied-in-law_context/data/sara_v3/statutes/prolog/section2.pl'].
:- ['/Users/sophie/code/2025-mcm-llms-applied-in-law_context/data/sara_v3/statutes/prolog/utils.pl'].
:- ['/Users/sophie/code/2025-mcm-llms-applied-in-law_context/data/sara_v3/statutes/prolog/init.pl'].
:- discontiguous s63/3.
:- discontiguous s2_a/3.
:- [statutes/prolog/init].
s2_a("Alice",_,2017).
s63("Alice",2017,70117).
\+ s1_a_i(70117,14836).
2025-06-15 00:01:08,203 - INFO - [s1_a_2_i_neg] Query:
\+ s1_a_i(70117,14836).
2025-06-15 00:01:08,203 - INFO - [s1_a_2_i_neg] Query result: {'truth': True}
2025-06-15 00:01:08,203 - INFO - [s1_a_2_i_neg] Result: correct
2025-06-15 00:01:08,205 - INFO - [s1_a_2_i_pos] Prolog code:
:- ['/Users/sophie/code/2025-mcm-llms-applied-in-law_context/data/sara_v3/statutes/prolog/section1.pl'].
:- ['/Users/sophie/code/2025-mcm-llms-applied-in-law_context/data/sara_v3/statutes/prolog/section2.pl'].
:- ['/Users/sophie/code/2025-mcm-llms-applied-in-law_context/data/sara_v3/statutes/prolog/utils.pl'].
:- ['/Users/sophie/code/2025-mcm-llms-applied-in-law_context/data/sara_v3/statutes/prolog/init.pl'].
:- discontiguous s63/3.
:- discontiguous s2_a/3.
:- [statutes/prolog/init].
s2_a("Alice",_,2017).
s63("Alice",2017,25561).
s1_a_i(25561,3834).
2025-06-15 00:01:08,334 - INFO - [s1_a_2_i_pos] Query:
s1_a_i(25561,3834).
2025-06-15 00:01:08,334 - INFO - [s1_a_2_i_pos] Query result: {'truth': True}
2025-06-15 00:01:08,334 - INFO - [s1_a_2_i_pos] Result: correct
2025-06-15 00:01:08,335 - INFO - [s1_a_2_ii_neg] Prolog code:
:- ['/Users/sophie/code/2025-mcm-llms-applied-in-law_context/data/sara_v3/statutes/prolog/section1.pl'].
:- ['/Users/sophie/code/2025-mcm-llms-applied-in-law_context/data/sara_v3/statutes/prolog/section2.pl'].
:- ['/Users/sophie/code/2025-mcm-llms-applied-in-law_context/data/sara_v3/statutes/prolog/utils.pl'].
:- ['/Users/sophie/code/2025-mcm-llms-applied-in-law_context/data/sara_v3/statutes/prolog/init.pl'].
:- discontiguous s63/3.
:- discontiguous s2_a/3.
:- [statutes/prolog/init].
s2_a("Alice",_,2017).
s63("Alice",2017,95129).
\+ s1_a_ii(95129,22018).
2025-06-15 00:01:08,570 - INFO - [s1_a_2_ii_neg] Query:
\+ s1_a_ii(95129,22018).
2025-06-15 00:01:08,571 - INFO - [s1_a_2_ii_neg] Query result: {'truth': True}
2025-06-15 00:01:08,571 - INFO - [s1_a_2_ii_neg] Result: correct
2025-06-15 00:01:08,572 - INFO - [s1_a_2_ii_pos] Prolog code:
:- ['/Users/sophie/code/2025-mcm-llms-applied-in-law_context/data/sara_v3/statutes/prolog/section1.pl'].
:- ['/Users/sophie/code/2025-mcm-llms-applied-in-law_context/data/sara_v3/statutes/prolog/section2.pl'].
:- ['/Users/sophie/code/2025-mcm-llms-applied-in-law_context/data/sara_v3/statutes/prolog/utils.pl'].
:- ['/Users/sophie/code/2025-mcm-llms-applied-in-law_context/data/sara_v3/statutes/prolog/init.pl'].
:- discontiguous s63/3.
:- discontiguous s2_a/3.
:- [statutes/prolog/init].
s2_a("Alice",_,2017).
s63("Alice",2017,70117).
s1_a_ii(70117,14836).
2025-06-15 00:01:08,708 - INFO - [s1_a_2_ii_pos] Query:
s1_a_ii(70117,14836).
2025-06-15 00:01:08,709 - INFO - [s1_a_2_ii_pos] Query result: {'truth': True}
2025-06-15 00:01:08,709 - INFO - [s1_a_2_ii_pos] Result: correct
2025-06-15 00:01:08,714 - INFO - [s1_a_2_iii_neg] Prolog code:
:- ['/Users/sophie/code/2025-mcm-llms-applied-in-law_context/data/sara_v3/statutes/prolog/section1.pl'].
:- ['/Users/sophie/code/2025-mcm-llms-applied-in-law_context/data/sara_v3/statutes/prolog/section2.pl'].
:- ['/Users/sophie/code/2025-mcm-llms-applied-in-law_context/data/sara_v3/statutes/prolog/utils.pl'].
:- ['/Users/sophie/code/2025-mcm-llms-applied-in-law_context/data/sara_v3/statutes/prolog/init.pl'].
:- discontiguous s63/3.
:- discontiguous s2_a/3.
:- [statutes/prolog/init].
s2_a("Alice",_,2017).
s63("Alice",2017,236422).
\+ s1_a_iii(236422,70640).
2025-06-15 00:01:08,954 - INFO - [s1_a_2_iii_neg] Query:
\+ s1_a_iii(236422,70640).
2025-06-15 00:01:08,955 - INFO - [s1_a_2_iii_neg] Query result: {'truth': True}
2025-06-15 00:01:08,955 - INFO - [s1_a_2_iii_neg] Result: correct
2025-06-15 00:01:08,957 - INFO - [s1_a_2_iii_pos] Prolog code:
:- ['/Users/sophie/code/2025-mcm-llms-applied-in-law_context/data/sara_v3/statutes/prolog/section1.pl'].
:- ['/Users/sophie/code/2025-mcm-llms-applied-in-law_context/data/sara_v3/statutes/prolog/section2.pl'].
:- ['/Users/sophie/code/2025-mcm-llms-applied-in-law_context/data/sara_v3/statutes/prolog/utils.pl'].
:- ['/Users/sophie/code/2025-mcm-llms-applied-in-law_context/data/sara_v3/statutes/prolog/init.pl'].
:- discontiguous s63/3.
:- discontiguous s2_a/3.
:- [statutes/prolog/init].
s2_a("Alice",_,2017).
s63("Alice",2017,95129).
s1_a_iii(95129,22018).
2025-06-15 00:01:09,093 - INFO - [s1_a_2_iii_pos] Query:
s1_a_iii(95129,22018).
2025-06-15 00:01:09,094 - INFO - [s1_a_2_iii_pos] Query result: {'truth': True}
2025-06-15 00:01:09,094 - INFO - [s1_a_2_iii_pos] Result: correct
2025-06-15 00:01:09,095 - INFO - [s1_b_ii_neg] Prolog code:
:- ['/Users/sophie/code/2025-mcm-llms-applied-in-law_context/data/sara_v3/statutes/prolog/section1.pl'].
:- ['/Users/sophie/code/2025-mcm-llms-applied-in-law_context/data/sara_v3/statutes/prolog/section2.pl'].
:- ['/Users/sophie/code/2025-mcm-llms-applied-in-law_context/data/sara_v3/statutes/prolog/utils.pl'].
:- ['/Users/sophie/code/2025-mcm-llms-applied-in-law_context/data/sara_v3/statutes/prolog/init.pl'].
:- discontiguous s63/3.
:- discontiguous s2_b/3.
:- [statutes/prolog/init].
s2_b("Alice",_,2017).
s63("Alice",2017,9560).
\+ s1_b_ii(9560,1434).
2025-06-15 00:01:09,333 - INFO - [s1_b_ii_neg] Query:
\+ s1_b_ii(9560,1434).
2025-06-15 00:01:09,333 - INFO - [s1_b_ii_neg] Query result: {'truth': True}
2025-06-15 00:01:09,333 - INFO - [s1_b_ii_neg] Result: correct
2025-06-15 00:01:09,334 - INFO - [s1_b_ii_pos] Prolog code:
:- ['/Users/sophie/code/2025-mcm-llms-applied-in-law_context/data/sara_v3/statutes/prolog/section1.pl'].
:- ['/Users/sophie/code/2025-mcm-llms-applied-in-law_context/data/sara_v3/statutes/prolog/section2.pl'].
:- ['/Users/sophie/code/2025-mcm-llms-applied-in-law_context/data/sara_v3/statutes/prolog/utils.pl'].
:- ['/Users/sophie/code/2025-mcm-llms-applied-in-law_context/data/sara_v3/statutes/prolog/init.pl'].
:- discontiguous s63/3.
:- discontiguous s2_b/3.
:- [statutes/prolog/init].
s2_b("Alice",_,2017).
s63("Alice",2017,54775).
s1_b_ii(54775,11489).
2025-06-15 00:01:09,466 - INFO - [s1_b_ii_pos] Query:
s1_b_ii(54775,11489).
2025-06-15 00:01:09,466 - INFO - [s1_b_ii_pos] Query result: {'truth': True}
2025-06-15 00:01:09,467 - INFO - [s1_b_ii_pos] Result: correct
2025-06-15 00:01:09,468 - INFO - [s1_b_iii_neg] Prolog code:
:- ['/Users/sophie/code/2025-mcm-llms-applied-in-law_context/data/sara_v3/statutes/prolog/section1.pl'].
:- ['/Users/sophie/code/2025-mcm-llms-applied-in-law_context/data/sara_v3/statutes/prolog/section2.pl'].
:- ['/Users/sophie/code/2025-mcm-llms-applied-in-law_context/data/sara_v3/statutes/prolog/utils.pl'].
:- ['/Users/sophie/code/2025-mcm-llms-applied-in-law_context/data/sara_v3/statutes/prolog/init.pl'].
:- discontiguous s63/3.
:- discontiguous s2_b/3.
:- [statutes/prolog/init].
s2_b("Alice",_,2017).
s63("Alice",2017,54775).
\+ s1_b_iii(54775,11489).
2025-06-15 00:01:09,710 - INFO - [s1_b_iii_neg] Query:
\+ s1_b_iii(54775,11489).
2025-06-15 00:01:09,710 - INFO - [s1_b_iii_neg] Query result: {'truth': True}
2025-06-15 00:01:09,710 - INFO - [s1_b_iii_neg] Result: correct
2025-06-15 00:01:09,712 - INFO - [s1_b_iii_pos] Prolog code:
:- ['/Users/sophie/code/2025-mcm-llms-applied-in-law_context/data/sara_v3/statutes/prolog/section1.pl'].
:- ['/Users/sophie/code/2025-mcm-llms-applied-in-law_context/data/sara_v3/statutes/prolog/section2.pl'].
:- ['/Users/sophie/code/2025-mcm-llms-applied-in-law_context/data/sara_v3/statutes/prolog/utils.pl'].
:- ['/Users/sophie/code/2025-mcm-llms-applied-in-law_context/data/sara_v3/statutes/prolog/init.pl'].
:- discontiguous s63/3.
:- discontiguous s2_b/3.
:- [statutes/prolog/init].
s2_b("Alice",_,2017).
s63("Alice",2017,97407).
s1_b_iii(97407,24056).
2025-06-15 00:01:09,849 - INFO - [s1_b_iii_pos] Query:
s1_b_iii(97407,24056).
2025-06-15 00:01:09,850 - INFO - [s1_b_iii_pos] Query result: {'truth': True}
2025-06-15 00:01:09,850 - INFO - [s1_b_iii_pos] Result: correct
2025-06-15 00:01:09,851 - INFO - [s1_b_iv_neg] Prolog code:
:- ['/Users/sophie/code/2025-mcm-llms-applied-in-law_context/data/sara_v3/statutes/prolog/section1.pl'].
:- ['/Users/sophie/code/2025-mcm-llms-applied-in-law_context/data/sara_v3/statutes/prolog/section2.pl'].
:- ['/Users/sophie/code/2025-mcm-llms-applied-in-law_context/data/sara_v3/statutes/prolog/utils.pl'].
:- ['/Users/sophie/code/2025-mcm-llms-applied-in-law_context/data/sara_v3/statutes/prolog/init.pl'].
:- discontiguous s63/3.
:- discontiguous s2_b/3.
:- [statutes/prolog/init].
s2_b("Alice",_,2017).
s63("Alice",2017,97407).
\+ s1_b_iv(97407,24056).
2025-06-15 00:01:10,097 - INFO - [s1_b_iv_neg] Query:
\+ s1_b_iv(97407,24056).
2025-06-15 00:01:10,097 - INFO - [s1_b_iv_neg] Query result: {'truth': True}
2025-06-15 00:01:10,097 - INFO - [s1_b_iv_neg] Result: correct
2025-06-15 00:01:10,099 - INFO - [s1_b_iv_pos] Prolog code:
:- ['/Users/sophie/code/2025-mcm-llms-applied-in-law_context/data/sara_v3/statutes/prolog/section1.pl'].
:- ['/Users/sophie/code/2025-mcm-llms-applied-in-law_context/data/sara_v3/statutes/prolog/section2.pl'].
:- ['/Users/sophie/code/2025-mcm-llms-applied-in-law_context/data/sara_v3/statutes/prolog/utils.pl'].
:- ['/Users/sophie/code/2025-mcm-llms-applied-in-law_context/data/sara_v3/statutes/prolog/init.pl'].
:- discontiguous s63/3.
:- discontiguous s2_b/3.
:- [statutes/prolog/init].
s2_b("Alice",_,2017).
s63("Alice",2017,194512).
s1_b_iv(194512,57509).
2025-06-15 00:01:10,235 - INFO - [s1_b_iv_pos] Query:
s1_b_iv(194512,57509).
2025-06-15 00:01:10,236 - INFO - [s1_b_iv_pos] Query result: {'truth': True}
2025-06-15 00:01:10,236 - INFO - [s1_b_iv_pos] Result: correct
2025-06-15 00:01:10,237 - INFO - [s1_b_v_neg] Prolog code:
:- ['/Users/sophie/code/2025-mcm-llms-applied-in-law_context/data/sara_v3/statutes/prolog/section1.pl'].
:- ['/Users/sophie/code/2025-mcm-llms-applied-in-law_context/data/sara_v3/statutes/prolog/section2.pl'].
:- ['/Users/sophie/code/2025-mcm-llms-applied-in-law_context/data/sara_v3/statutes/prolog/utils.pl'].
:- ['/Users/sophie/code/2025-mcm-llms-applied-in-law_context/data/sara_v3/statutes/prolog/init.pl'].
:- discontiguous s63/3.
:- discontiguous s2_b/3.
:- [statutes/prolog/init].
s2_b("Alice",_,2017).
s63("Alice",2017,194512).
\+ s1_b_v(194512,57509).
2025-06-15 00:01:10,482 - INFO - [s1_b_v_neg] Query:
\+ s1_b_v(194512,57509).
2025-06-15 00:01:10,482 - INFO - [s1_b_v_neg] Query result: {'truth': True}
2025-06-15 00:01:10,482 - INFO - [s1_b_v_neg] Result: correct
2025-06-15 00:01:10,483 - INFO - [s1_b_v_pos] Prolog code:
:- ['/Users/sophie/code/2025-mcm-llms-applied-in-law_context/data/sara_v3/statutes/prolog/section1.pl'].
:- ['/Users/sophie/code/2025-mcm-llms-applied-in-law_context/data/sara_v3/statutes/prolog/section2.pl'].
:- ['/Users/sophie/code/2025-mcm-llms-applied-in-law_context/data/sara_v3/statutes/prolog/utils.pl'].
:- ['/Users/sophie/code/2025-mcm-llms-applied-in-law_context/data/sara_v3/statutes/prolog/init.pl'].
:- discontiguous s63/3.
:- discontiguous s2_b/3.
:- [statutes/prolog/init].
s2_b("Alice",_,2017).
s63("Alice",2017,1172980).
s1_b_v(1172980,442985).
2025-06-15 00:01:10,611 - INFO - [s1_b_v_pos] Query:
s1_b_v(1172980,442985).
2025-06-15 00:01:10,612 - INFO - [s1_b_v_pos] Query result: {'truth': True}
2025-06-15 00:01:10,612 - INFO - [s1_b_v_pos] Result: correct
2025-06-15 00:01:10,613 - INFO - [s1_c_i_neg] Prolog code:
:- ['/Users/sophie/code/2025-mcm-llms-applied-in-law_context/data/sara_v3/statutes/prolog/section1.pl'].
:- ['/Users/sophie/code/2025-mcm-llms-applied-in-law_context/data/sara_v3/statutes/prolog/utils.pl'].
:- ['/Users/sophie/code/2025-mcm-llms-applied-in-law_context/data/sara_v3/statutes/prolog/init.pl'].
:- discontiguous s63/3.
:- [statutes/prolog/init].
s63("Alice",2017,718791).
\+ s1_c_i(718791,265413).
2025-06-15 00:01:10,844 - INFO - [s1_c_i_neg] Query:
\+ s1_c_i(718791,265413).
2025-06-15 00:01:10,844 - INFO - [s1_c_i_neg] Query result: {'truth': True}
2025-06-15 00:01:10,844 - INFO - [s1_c_i_neg] Result: correct
2025-06-15 00:01:10,845 - INFO - [s1_c_i_pos] Prolog code:
:- ['/Users/sophie/code/2025-mcm-llms-applied-in-law_context/data/sara_v3/statutes/prolog/section1.pl'].
:- ['/Users/sophie/code/2025-mcm-llms-applied-in-law_context/data/sara_v3/statutes/prolog/utils.pl'].
:- ['/Users/sophie/code/2025-mcm-llms-applied-in-law_context/data/sara_v3/statutes/prolog/init.pl'].
:- discontiguous s63/3.
:- [statutes/prolog/init].
s63("Alice",2017,7748).
s1_c_i(7748,1162).
2025-06-15 00:01:10,980 - INFO - [s1_c_i_pos] Query:
s1_c_i(7748,1162).
2025-06-15 00:01:10,980 - INFO - [s1_c_i_pos] Query result: {'truth': True}
2025-06-15 00:01:10,981 - INFO - [s1_c_i_pos] Result: correct
2025-06-15 00:01:10,981 - INFO - [s1_c_ii_neg] Prolog code:
:- ['/Users/sophie/code/2025-mcm-llms-applied-in-law_context/data/sara_v3/statutes/prolog/section1.pl'].
:- ['/Users/sophie/code/2025-mcm-llms-applied-in-law_context/data/sara_v3/statutes/prolog/utils.pl'].
:- ['/Users/sophie/code/2025-mcm-llms-applied-in-law_context/data/sara_v3/statutes/prolog/init.pl'].
:- discontiguous s63/3.
:- [statutes/prolog/init].
s63("Alice",2017,7748).
\+ s1_c_ii(7748,1162).
2025-06-15 00:01:11,212 - INFO - [s1_c_ii_neg] Query:
\+ s1_c_ii(7748,1162).
2025-06-15 00:01:11,213 - INFO - [s1_c_ii_neg] Query result: {'truth': True}
2025-06-15 00:01:11,213 - INFO - [s1_c_ii_neg] Result: correct
2025-06-15 00:01:11,215 - INFO - [s1_c_ii_pos] Prolog code:
:- ['/Users/sophie/code/2025-mcm-llms-applied-in-law_context/data/sara_v3/statutes/prolog/section1.pl'].
:- ['/Users/sophie/code/2025-mcm-llms-applied-in-law_context/data/sara_v3/statutes/prolog/utils.pl'].
:- ['/Users/sophie/code/2025-mcm-llms-applied-in-law_context/data/sara_v3/statutes/prolog/init.pl'].
:- discontiguous s63/3.
:- [statutes/prolog/init].
s63("Alice",2017,22895).
s1_c_ii(22895,3538).
2025-06-15 00:01:11,349 - INFO - [s1_c_ii_pos] Query:
s1_c_ii(22895,3538).
2025-06-15 00:01:11,350 - INFO - [s1_c_ii_pos] Query result: {'truth': True}
2025-06-15 00:01:11,350 - INFO - [s1_c_ii_pos] Result: correct
2025-06-15 00:01:11,350 - INFO - [s1_c_iv_neg] Prolog code:
:- ['/Users/sophie/code/2025-mcm-llms-applied-in-law_context/data/sara_v3/statutes/prolog/section1.pl'].
:- ['/Users/sophie/code/2025-mcm-llms-applied-in-law_context/data/sara_v3/statutes/prolog/utils.pl'].
:- ['/Users/sophie/code/2025-mcm-llms-applied-in-law_context/data/sara_v3/statutes/prolog/init.pl'].
:- discontiguous s63/3.
:- [statutes/prolog/init].
s63("Alice",2017,102268).
\+ s1_c_iv(102268,27225).
2025-06-15 00:01:11,586 - INFO - [s1_c_iv_neg] Query:
\+ s1_c_iv(102268,27225).
2025-06-15 00:01:11,586 - INFO - [s1_c_iv_neg] Query result: {'truth': True}
2025-06-15 00:01:11,586 - INFO - [s1_c_iv_neg] Result: correct
2025-06-15 00:01:11,587 - INFO - [s1_c_iv_pos] Prolog code:
:- ['/Users/sophie/code/2025-mcm-llms-applied-in-law_context/data/sara_v3/statutes/prolog/section1.pl'].
:- ['/Users/sophie/code/2025-mcm-llms-applied-in-law_context/data/sara_v3/statutes/prolog/utils.pl'].
:- ['/Users/sophie/code/2025-mcm-llms-applied-in-law_context/data/sara_v3/statutes/prolog/init.pl'].
:- discontiguous s63/3.
:- [statutes/prolog/init].
s63("Alice",2017,210204).
s1_c_iv(210204,65445).
2025-06-15 00:01:11,720 - INFO - [s1_c_iv_pos] Query:
s1_c_iv(210204,65445).
2025-06-15 00:01:11,720 - INFO - [s1_c_iv_pos] Query result: {'truth': True}
2025-06-15 00:01:11,720 - INFO - [s1_c_iv_pos] Result: correct
2025-06-15 00:01:11,721 - INFO - [s1_c_v_neg] Prolog code:
:- ['/Users/sophie/code/2025-mcm-llms-applied-in-law_context/data/sara_v3/statutes/prolog/section1.pl'].
:- ['/Users/sophie/code/2025-mcm-llms-applied-in-law_context/data/sara_v3/statutes/prolog/utils.pl'].
:- ['/Users/sophie/code/2025-mcm-llms-applied-in-law_context/data/sara_v3/statutes/prolog/init.pl'].
:- discontiguous s63/3.
:- [statutes/prolog/init].
s63("Alice",2017,210204).
\+ s1_c_v(210204,65445).
2025-06-15 00:01:11,959 - INFO - [s1_c_v_neg] Query:
\+ s1_c_v(210204,65445).
2025-06-15 00:01:11,960 - INFO - [s1_c_v_neg] Query result: {'truth': True}
2025-06-15 00:01:11,960 - INFO - [s1_c_v_neg] Result: correct
2025-06-15 00:01:11,961 - INFO - [s1_c_v_pos] Prolog code:
:- ['/Users/sophie/code/2025-mcm-llms-applied-in-law_context/data/sara_v3/statutes/prolog/section1.pl'].
:- ['/Users/sophie/code/2025-mcm-llms-applied-in-law_context/data/sara_v3/statutes/prolog/utils.pl'].
:- ['/Users/sophie/code/2025-mcm-llms-applied-in-law_context/data/sara_v3/statutes/prolog/init.pl'].
:- discontiguous s63/3.
:- [statutes/prolog/init].
s63("Alice",2017,718791).
s1_c_v(718791,265413).
2025-06-15 00:01:12,112 - INFO - [s1_c_v_pos] Query:
s1_c_v(718791,265413).
2025-06-15 00:01:12,112 - INFO - [s1_c_v_pos] Query result: {'truth': True}
2025-06-15 00:01:12,113 - INFO - [s1_c_v_pos] Result: correct
2025-06-15 00:01:12,114 - INFO - [s1_d_iii_neg] Prolog code:
:- ['/Users/sophie/code/2025-mcm-llms-applied-in-law_context/data/sara_v3/statutes/prolog/section1.pl'].
:- ['/Users/sophie/code/2025-mcm-llms-applied-in-law_context/data/sara_v3/statutes/prolog/utils.pl'].
:- ['/Users/sophie/code/2025-mcm-llms-applied-in-law_context/data/sara_v3/statutes/prolog/init.pl'].
:- discontiguous s7703/4.
:- discontiguous s63/3.
:- [statutes/prolog/init].
s7703("Alice",_,_,2017).
s63("Alice",2017,6662).
\+ s1_d_iii(6662,999).
2025-06-15 00:01:12,355 - INFO - [s1_d_iii_neg] Query:
\+ s1_d_iii(6662,999).
2025-06-15 00:01:12,359 - INFO - [s1_d_iii_neg] Query result: {'truth': True}
2025-06-15 00:01:12,359 - INFO - [s1_d_iii_neg] Result: correct
2025-06-15 00:01:12,362 - INFO - [s1_d_iii_pos] Prolog code:
:- ['/Users/sophie/code/2025-mcm-llms-applied-in-law_context/data/sara_v3/statutes/prolog/section1.pl'].
:- ['/Users/sophie/code/2025-mcm-llms-applied-in-law_context/data/sara_v3/statutes/prolog/utils.pl'].
:- ['/Users/sophie/code/2025-mcm-llms-applied-in-law_context/data/sara_v3/statutes/prolog/init.pl'].
:- discontiguous s7703/4.
:- discontiguous s63/3.
:- [statutes/prolog/init].
s7703("Alice",_,_,2017).
s63("Alice",2017,67285).
s1_d_iii(67285,17123).
2025-06-15 00:01:12,535 - INFO - [s1_d_iii_pos] Query:
s1_d_iii(67285,17123).
2025-06-15 00:01:12,536 - INFO - [s1_d_iii_pos] Query result: {'truth': True}
2025-06-15 00:01:12,536 - INFO - [s1_d_iii_pos] Result: correct
2025-06-15 00:01:12,537 - INFO - [s1_d_iv_neg] Prolog code:
:- ['/Users/sophie/code/2025-mcm-llms-applied-in-law_context/data/sara_v3/statutes/prolog/section1.pl'].
:- ['/Users/sophie/code/2025-mcm-llms-applied-in-law_context/data/sara_v3/statutes/prolog/utils.pl'].
:- ['/Users/sophie/code/2025-mcm-llms-applied-in-law_context/data/sara_v3/statutes/prolog/init.pl'].
:- discontiguous s7703/4.
:- discontiguous s63/3.
:- [statutes/prolog/init].
s7703("Alice",_,_,2017).
s63("Alice",2017,28864).
\+ s1_d_iv(28864,5683).
2025-06-15 00:01:12,774 - INFO - [s1_d_iv_neg] Query:
\+ s1_d_iv(28864,5683).
2025-06-15 00:01:12,775 - INFO - [s1_d_iv_neg] Query result: {'truth': True}
2025-06-15 00:01:12,775 - INFO - [s1_d_iv_neg] Result: correct
2025-06-15 00:01:12,777 - INFO - [s1_d_iv_pos] Prolog code:
:- ['/Users/sophie/code/2025-mcm-llms-applied-in-law_context/data/sara_v3/statutes/prolog/section1.pl'].
:- ['/Users/sophie/code/2025-mcm-llms-applied-in-law_context/data/sara_v3/statutes/prolog/utils.pl'].
:- ['/Users/sophie/code/2025-mcm-llms-applied-in-law_context/data/sara_v3/statutes/prolog/init.pl'].
:- discontiguous s7703/4.
:- discontiguous s63/3.
:- [statutes/prolog/init].
s7703("Alice",_,_,2017).
s63("Alice",2017,113580).
s1_d_iv(113580,33653).
2025-06-15 00:01:12,928 - INFO - [s1_d_iv_pos] Query:
s1_d_iv(113580,33653).
2025-06-15 00:01:12,928 - INFO - [s1_d_iv_pos] Query result: {'truth': True}
2025-06-15 00:01:12,928 - INFO - [s1_d_iv_pos] Result: correct
2025-06-15 00:01:12,929 - INFO - [s1_d_v_neg] Prolog code:
:- ['/Users/sophie/code/2025-mcm-llms-applied-in-law_context/data/sara_v3/statutes/prolog/section1.pl'].
:- ['/Users/sophie/code/2025-mcm-llms-applied-in-law_context/data/sara_v3/statutes/prolog/utils.pl'].
:- ['/Users/sophie/code/2025-mcm-llms-applied-in-law_context/data/sara_v3/statutes/prolog/init.pl'].
:- discontiguous s7703/4.
:- discontiguous s63/3.
s7703("Alice","married",_,2017).
s63("Alice",2017,554313).
\+ s1_d_v(554313,20772).
2025-06-15 00:01:13,069 - INFO - [s1_d_v_neg] Query:
\+ s1_d_v(554313,20772).
2025-06-15 00:01:13,069 - INFO - [s1_d_v_neg] Query result: {'truth': True}
2025-06-15 00:01:13,069 - INFO - [s1_d_v_neg] Result: correct
2025-06-15 00:01:13,070 - INFO - [s1_d_v_pos] Prolog code:
:- ['/Users/sophie/code/2025-mcm-llms-applied-in-law_context/data/sara_v3/statutes/prolog/section1.pl'].
:- ['/Users/sophie/code/2025-mcm-llms-applied-in-law_context/data/sara_v3/statutes/prolog/utils.pl'].
:- ['/Users/sophie/code/2025-mcm-llms-applied-in-law_context/data/sara_v3/statutes/prolog/init.pl'].
:- discontiguous s7703/4.
:- discontiguous s63/3.
:- [statutes/prolog/init].
s7703("Alice","married",_,2017).
s63("Alice",2017,554313).
s1_d_v(554313,207772).
2025-06-15 00:01:13,215 - INFO - [s1_d_v_pos] Query:
s1_d_v(554313,207772).
2025-06-15 00:01:13,215 - INFO - [s1_d_v_pos] Query result: {'truth': True}
2025-06-15 00:01:13,215 - INFO - [s1_d_v_pos] Result: correct
2025-06-15 00:01:13,216 - INFO - [s2_a_1_A_neg] Prolog code:
:- ['/Users/sophie/code/2025-mcm-llms-applied-in-law_context/data/sara_v3/statutes/prolog/section2.pl'].
:- ['/Users/sophie/code/2025-mcm-llms-applied-in-law_context/data/sara_v3/statutes/prolog/utils.pl'].
:- ['/Users/sophie/code/2025-mcm-llms-applied-in-law_context/data/sara_v3/statutes/prolog/init.pl'].
:- [statutes/prolog/init].
marriage_(span("married",18,24)).
death_(span("died",50,53)).
agent_(span("died",50,53),span("Alice",44,48)).
start_(span("died",50,53),span(20140709,58,71)).
agent_(span("married",18,24),span("Alice",0,4)).
agent_(span("married",18,24),span("Bob",10,12)).
start_(span("married",18,24),span(19920203,29,41)).
\+ s2_a_1_A("Bob",_,_,_,2014).
2025-06-15 00:01:13,461 - INFO - [s2_a_1_A_neg] Query:
\+ s2_a_1_A("Bob",_,_,_,2014).
2025-06-15 00:01:13,461 - INFO - [s2_a_1_A_neg] Query result: {'truth': True}
2025-06-15 00:01:13,462 - INFO - [s2_a_1_A_neg] Result: correct
2025-06-15 00:01:13,463 - INFO - [s2_a_1_A_pos] Prolog code:
:- ['/Users/sophie/code/2025-mcm-llms-applied-in-law_context/data/sara_v3/statutes/prolog/section2.pl'].
:- ['/Users/sophie/code/2025-mcm-llms-applied-in-law_context/data/sara_v3/statutes/prolog/utils.pl'].
:- ['/Users/sophie/code/2025-mcm-llms-applied-in-law_context/data/sara_v3/statutes/prolog/init.pl'].
:- [statutes/prolog/init].
marriage_(span("married",18,24)).
death_(span("died",50,53)).
agent_(span("died",50,53),span("Alice",44,48)).
start_(span("died",50,53),span(20140709,58,71)).
agent_(span("married",18,24),span("Alice",0,4)).
agent_(span("married",18,24),span("Bob",10,12)).
start_(span("married",18,24),span(19920203,29,41)).
s2_a_1_A("Bob",_,_,_,2015).
2025-06-15 00:01:13,614 - INFO - [s2_a_1_A_pos] Query:
s2_a_1_A("Bob",_,_,_,2015).
2025-06-15 00:01:13,615 - INFO - [s2_a_1_A_pos] Query result: {'truth': True}
2025-06-15 00:01:13,615 - INFO - [s2_a_1_A_pos] Result: correct
2025-06-15 00:01:13,617 - INFO - [s2_a_2_A_neg] Prolog code:
:- ['/Users/sophie/code/2025-mcm-llms-applied-in-law_context/data/sara_v3/statutes/prolog/section2.pl'].
:- ['/Users/sophie/code/2025-mcm-llms-applied-in-law_context/data/sara_v3/statutes/prolog/utils.pl'].
:- ['/Users/sophie/code/2025-mcm-llms-applied-in-law_context/data/sara_v3/statutes/prolog/init.pl'].
:- [statutes/prolog/init].
marriage_(span("married",18,24)).
death_(span("died",50,53)).
marriage_(span("married",78,84)).
agent_(span("died",50,53),span("Alice",44,48)).
start_(span("died",50,53),span(20140709,58,71)).
agent_(span("married",78,84),span("Bob",74,76)).
agent_(span("married",78,84),span("Charlie",86,92)).
start_(span("married",78,84),span(20150914,97,116)).
agent_(span("married",18,24),span("Alice",0,4)).
agent_(span("married",18,24),span("Bob",10,12)).
start_(span("married",18,24),span(19920203,29,41)).
\+ s2_a_2_A("Bob",_,_,_,2014).
2025-06-15 00:01:13,868 - INFO - [s2_a_2_A_neg] Query:
\+ s2_a_2_A("Bob",_,_,_,2014).
2025-06-15 00:01:13,869 - INFO - [s2_a_2_A_neg] Query result: {'truth': True}
2025-06-15 00:01:13,869 - INFO - [s2_a_2_A_neg] Result: correct
2025-06-15 00:01:13,870 - INFO - [s2_a_2_A_pos] Prolog code:
:- ['/Users/sophie/code/2025-mcm-llms-applied-in-law_context/data/sara_v3/statutes/prolog/section2.pl'].
:- ['/Users/sophie/code/2025-mcm-llms-applied-in-law_context/data/sara_v3/statutes/prolog/utils.pl'].
:- ['/Users/sophie/code/2025-mcm-llms-applied-in-law_context/data/sara_v3/statutes/prolog/init.pl'].
:- [statutes/prolog/init].
marriage_(span("married",18,24)).
death_(span("died",50,53)).
marriage_(span("married",78,84)).
agent_(span("died",50,53),span("Alice",44,48)).
start_(span("died",50,53),span(20140709,58,71)).
agent_(span("married",78,84),span("Bob",74,76)).
agent_(span("married",78,84),span("Charlie",86,92)).
start_(span("married",78,84),span(20150914,97,116)).
agent_(span("married",18,24),span("Alice",0,4)).
agent_(span("married",18,24),span("Bob",10,12)).
start_(span("married",18,24),span(19920203,29,41)).
s2_a_2_A("Bob",_,_,_,2015).
2025-06-15 00:01:14,015 - INFO - [s2_a_2_A_pos] Query:
s2_a_2_A("Bob",_,_,_,2015).
2025-06-15 00:01:14,015 - INFO - [s2_a_2_A_pos] Query result: {'truth': True}
2025-06-15 00:01:14,015 - INFO - [s2_a_2_A_pos] Result: correct
2025-06-15 00:01:14,017 - INFO - [s2_a_2_B_neg] Prolog code:
:- ['/Users/sophie/code/2025-mcm-llms-applied-in-law_context/data/sara_v3/statutes/prolog/section2.pl'].
:- ['/Users/sophie/code/2025-mcm-llms-applied-in-law_context/data/sara_v3/statutes/prolog/utils.pl'].
:- ['/Users/sophie/code/2025-mcm-llms-applied-in-law_context/data/sara_v3/statutes/prolog/init.pl'].
:- [statutes/prolog/init].
marriage_(span("married",18,24)).
death_(span("died",50,53)).
nonresident_alien_(span("nonresident alien",86,102)).
agent_(span("died",50,53),span("Alice",44,48)).
start_(span("died",50,53),span(20140709,58,71)).
agent_(span("married",18,24),span("Alice",0,4)).
agent_(span("married",18,24),span("Bob",10,12)).
start_(span("married",18,24),span(19920203,29,41)).
agent_(span("nonresident alien",86,102),span("Alice",74,78)).
start_(span("nonresident alien",86,102),span(19900304,110,124)).
\+ s2_a_2_B("Bob",_,2014).
2025-06-15 00:01:14,265 - INFO - [s2_a_2_B_neg] Query:
\+ s2_a_2_B("Bob",_,2014).
2025-06-15 00:01:14,266 - INFO - [s2_a_2_B_neg] Query result: {'truth': True}
2025-06-15 00:01:14,266 - INFO - [s2_a_2_B_neg] Result: correct
2025-06-15 00:01:14,269 - INFO - [s2_a_2_B_pos] Prolog code:
:- ['/Users/sophie/code/2025-mcm-llms-applied-in-law_context/data/sara_v3/statutes/prolog/section2.pl'].
:- ['/Users/sophie/code/2025-mcm-llms-applied-in-law_context/data/sara_v3/statutes/prolog/utils.pl'].
:- ['/Users/sophie/code/2025-mcm-llms-applied-in-law_context/data/sara_v3/statutes/prolog/init.pl'].
:- [statutes/prolog/init].
marriage_(span("married",18,24)).
death_(span("died",50,53)).
agent_(span("died",50,53),span("Alice",44,48)).
start_(span("died",50,53),span(20140709,58,71)).
agent_(span("married",18,24),span("Alice",0,4)).
agent_(span("married",18,24),span("Bob",10,12)).
start_(span("married",18,24),span(19920203,29,41)).
s2_a_2_B("Bob",_,2014).
2025-06-15 00:01:14,415 - INFO - [s2_a_2_B_pos] Query:
s2_a_2_B("Bob",_,2014).
2025-06-15 00:01:14,415 - INFO - [s2_a_2_B_pos] Query result: {'truth': True}
2025-06-15 00:01:14,416 - INFO - [s2_a_2_B_pos] Result: correct
2025-06-15 00:01:14,417 - INFO - [s2_b_1_A_neg] Prolog code:
:- ['/Users/sophie/code/2025-mcm-llms-applied-in-law_context/data/sara_v3/statutes/prolog/section2.pl'].
:- ['/Users/sophie/code/2025-mcm-llms-applied-in-law_context/data/sara_v3/statutes/prolog/utils.pl'].
:- ['/Users/sophie/code/2025-mcm-llms-applied-in-law_context/data/sara_v3/statutes/prolog/init.pl'].
:- [statutes/prolog/init].
bob_household_maintenance(Year,Event,Start_day,End_day) :-
    between(2004,2019,Year),
    atom_concat("furnished 40% of the costs of maintaining the home ",Year,Event),
    first_day_year(Year,Start_day),
    last_day_year(Year,End_day).
payment_(span(Event,158,166)) :- bob_household_maintenance(_,Event,_,_).
agent_(span(Event,158,166),span("Bob",154,156)) :- bob_household_maintenance(_,Event,_,_).
amount_(span(Event,158,166),span(40,168,169)) :- bob_household_maintenance(_,Event,_,_).
purpose_(span(Event,158,166),span("home",204,207)) :- bob_household_maintenance(_,Event,_,_).
start_(span(Event,158,166),span(Start_day,140,143)) :- bob_household_maintenance(_,Event,Start_day,_).
end_(span(Event,158,166),span(End_day,148,151)) :- bob_household_maintenance(_,Event,_,End_day).
someone_household_maintenance(Year,Event,Start_day,End_day) :-
    between(2004,2019,Year),
    atom_concat("the costs of maintaining the home ",Year,Event),
    first_day_year(Year,Start_day),
    last_day_year(Year,End_day).
payment_(span(Event,179,183)) :- someone_household_maintenance(_,Event,_,_).
agent_(span(Event,179,183),span("someone",154,156)) :- someone_household_maintenance(_,Event,_,_).
amount_(span(Event,179,183),span(60,168,170)) :- someone_household_maintenance(_,Event,_,_).
purpose_(span(Event,179,183),span("home",204,207)) :- someone_household_maintenance(_,Event,_,_).
start_(span(Event,179,183),span(Start_day,140,143)) :- someone_household_maintenance(_,Event,Start_day,_).
end_(span(Event,179,183),span(End_day,148,151)) :- someone_household_maintenance(_,Event,_,End_day).
marriage_(span("married",18,24)).
son_(span("child",65,69)).
death_(span("died",111,114)).
residence_(span("lived",230,234)).
agent_(span("died",111,114),span("Alice",105,109)).
start_(span("died",111,114),span(20140709,119,132)).
agent_(span("married",18,24),span("Alice",0,4)).
agent_(span("married",18,24),span("Bob",10,12)).
start_(span("married",18,24),span(19920203,29,41)).
start_(span("lived",230,234),span(20040101,140,143)).
end_(span("lived",230,234),span(20191231,148,151)).
agent_(span("lived",230,234),span("Bob",154,156)).
patient_(span("lived",230,234),span("home",204,207)).
agent_(span("lived",230,234),span("Charlie",222,228)).
patient_(span("child",65,69),span("Alice",44,48)).
patient_(span("child",65,69),span("Bob",54,56)).
agent_(span("child",65,69),span("Charlie",72,78)).
start_(span("child",65,69),span(20001009,86,102)).
birth_(span("born",81,84)).
agent_(span("born",81,84),span("Charlie",72,78)).
start_(span("born",81,84),span(20001009,86,102)).
\+ s2_b_1_A("Bob",_,_,2018).
2025-06-15 00:01:14,666 - INFO - [s2_b_1_A_neg] Query:
\+ s2_b_1_A("Bob",_,_,2018).
2025-06-15 00:01:14,669 - INFO - [s2_b_1_A_neg] Query result: {'truth': True}
2025-06-15 00:01:14,669 - INFO - [s2_b_1_A_neg] Result: correct
2025-06-15 00:01:14,672 - INFO - [s2_b_1_A_pos] Prolog code:
:- ['/Users/sophie/code/2025-mcm-llms-applied-in-law_context/data/sara_v3/statutes/prolog/section152.pl'].
:- ['/Users/sophie/code/2025-mcm-llms-applied-in-law_context/data/sara_v3/statutes/prolog/section2.pl'].
:- ['/Users/sophie/code/2025-mcm-llms-applied-in-law_context/data/sara_v3/statutes/prolog/utils.pl'].
:- ['/Users/sophie/code/2025-mcm-llms-applied-in-law_context/data/sara_v3/statutes/prolog/init.pl'].
:- discontiguous s152_c/3.
bob_household_maintenance(Year,Event,Start_day,End_day) :-
    between(2004,2019,Year),
    atom_concat("furnished the costs of maintaining the home ",Year,Event),
    first_day_year(Year,Start_day),
    last_day_year(Year,End_day).
payment_(span(Event,158,166)) :- bob_household_maintenance(_,Event,_,_).
agent_(span(Event,158,166),span("Bob",154,156)) :- bob_household_maintenance(_,Event,_,_).
amount_(span(Event,158,166),span(1,168,170)) :- bob_household_maintenance(_,Event,_,_).
purpose_(span(Event,158,166),span("home",197,200)) :- bob_household_maintenance(_,Event,_,_).
start_(span(Event,158,166),span(Start_day,140,143)) :- bob_household_maintenance(_,Event,Start_day,_).
end_(span(Event,158,166),span(End_day,148,151)) :- bob_household_maintenance(_,Event,_,End_day).
s152_c("Charlie","Bob",2004).
s152_c("Charlie","Bob",2005).
s152_c("Charlie","Bob",2006).
s152_c("Charlie","Bob",2007).
s152_c("Charlie","Bob",2008).
s152_c("Charlie","Bob",2009).
s152_c("Charlie","Bob",2010).
s152_c("Charlie","Bob",2011).
s152_c("Charlie","Bob",2012).
s152_c("Charlie","Bob",2013).
s152_c("Charlie","Bob",2014).
s152_c("Charlie","Bob",2015).
s152_c("Charlie","Bob",2016).
s152_c("Charlie","Bob",2017).
s152_c("Charlie","Bob",2018).
s152_c("Charlie","Bob",2019).
marriage_(span("married",18,24)).
son_(span("child",65,69)).
death_(span("died",111,114)).
residence_(span("lived",223,227)).
agent_(span("died",111,114),span("Alice",105,109)).
start_(span("died",111,114),span(20140709,119,132)).
agent_(span("married",18,24),span("Alice",0,4)).
agent_(span("married",18,24),span("Bob",10,12)).
start_(span("married",18,24),span(19920203,29,41)).
agent_(span("lived",223,227),span("Bob",154,156)).
patient_(span("lived",223,227),span("home",197,200)).
agent_(span("lived",223,227),span("Charlie",215,221)).
start_(span("lived",223,227),span(20040101,140,143)).
end_(span("lived",223,227),span(20191231,148,151)).
patient_(span("child",65,69),span("Alice",44,48)).
patient_(span("child",65,69),span("Bob",54,56)).
agent_(span("child",65,69),span("Charlie",72,78)).
start_(span("child",65,69),span(20001009,86,102)).
birth_(span("born",81,84)).
agent_(span("born",81,84),span("Charlie",72,78)).
start_(span("born",81,84),span(20001009,86,102)).
s2_b_1_A("Bob",_,_,2018).
2025-06-15 00:01:14,715 - INFO - [s2_b_1_A_pos] Query:
s2_b_1_A("Bob",_,_,2018).
2025-06-15 00:01:14,716 - INFO - [s2_b_1_A_pos] Query result: {'truth': True}
2025-06-15 00:01:14,716 - INFO - [s2_b_1_A_pos] Result: correct
2025-06-15 00:01:14,716 - INFO - [s2_b_1_B_neg] Prolog code:
:- ['/Users/sophie/code/2025-mcm-llms-applied-in-law_context/data/sara_v3/statutes/prolog/section151.pl'].
:- ['/Users/sophie/code/2025-mcm-llms-applied-in-law_context/data/sara_v3/statutes/prolog/section2.pl'].
:- ['/Users/sophie/code/2025-mcm-llms-applied-in-law_context/data/sara_v3/statutes/prolog/utils.pl'].
:- ['/Users/sophie/code/2025-mcm-llms-applied-in-law_context/data/sara_v3/statutes/prolog/init.pl'].
:- discontiguous s151_c_applies/3.
:- [statutes/prolog/init].
bob_household_maintenance(Year,Event,Start_day,End_day) :-
    between(2004,2019,Year),
    atom_concat("furnished the costs of maintaining the home ",Year,Event),
    first_day_year(Year,Start_day),
    last_day_year(Year,End_day).
payment_(span(Event,158,166)) :- bob_household_maintenance(_,Event,_,_).
agent_(span(Event,158,166),span("Bob",154,156)) :- bob_household_maintenance(_,Event,_,_).
amount_(span(Event,158,166),span(1,168,170)) :- bob_household_maintenance(_,Event,_,_).
purpose_(span(Event,158,166),span("home",197,200)) :- bob_household_maintenance(_,Event,_,_).
start_(span(Event,158,166),span(Start_day,140,143)) :- bob_household_maintenance(_,Event,Start_day,_).
end_(span(Event,158,166),span(End_day,148,151)) :- bob_household_maintenance(_,Event,_,End_day).
s151_c_applies("Bob","Charlie",Year) :- between(2015,2019,Year).
marriage_(span("married",18,24)).
son_(span("child",65,69)).
death_(span("died",111,114)).
residence_(span("lived",223,227)).
agent_(span("died",111,114),span("Alice",105,109)).
start_(span("died",111,114),span(20140709,119,132)).
agent_(span("married",18,24),span("Alice",0,4)).
agent_(span("married",18,24),span("Bob",10,12)).
start_(span("married",18,24),span(19920203,29,41)).
start_(span("lived",223,227),span(20040101,140,143)).
agent_(span("lived",223,227),span("Bob",154,156)).
patient_(span("lived",223,227),span("home",197,200)).
agent_(span("lived",223,227),span("Charlie",215,221)).
end_(span("lived",223,227),span(20191231,148,151)).
patient_(span("child",65,69),span("Alice",44,48)).
patient_(span("child",65,69),span("Bob",54,56)).
agent_(span("child",65,69),span("Charlie",72,78)).
start_(span("child",65,69),span(20001009,86,102)).
birth_(span("born",81,84)).
agent_(span("born",81,84),span("Charlie",72,78)).
start_(span("born",81,84),span(20001009,86,102)).
\+ s2_b_1_B("Bob",_,_,_,2018).
2025-06-15 00:01:14,953 - INFO - [s2_b_1_B_neg] Query:
\+ s2_b_1_B("Bob",_,_,_,2018).
2025-06-15 00:01:14,958 - INFO - [s2_b_1_B_neg] Query result: {'truth': True}
2025-06-15 00:01:14,958 - INFO - [s2_b_1_B_neg] Result: correct
2025-06-15 00:01:14,960 - INFO - [s2_b_1_B_pos] Prolog code:
:- ['/Users/sophie/code/2025-mcm-llms-applied-in-law_context/data/sara_v3/statutes/prolog/section151.pl'].
:- ['/Users/sophie/code/2025-mcm-llms-applied-in-law_context/data/sara_v3/statutes/prolog/section2.pl'].
:- ['/Users/sophie/code/2025-mcm-llms-applied-in-law_context/data/sara_v3/statutes/prolog/utils.pl'].
:- ['/Users/sophie/code/2025-mcm-llms-applied-in-law_context/data/sara_v3/statutes/prolog/init.pl'].
:- discontiguous s151_c_applies/3.
:- [statutes/prolog/init].
bob_household_maintenance(Year,Event,Start_day,End_day) :-
    between(2004,2019,Year),
    atom_concat("furnished the costs of maintaining the home ",Year,Event),
    first_day_year(Year,Start_day),
    last_day_year(Year,End_day).
payment_(span(Event,97,105)) :- bob_household_maintenance(_,Event,_,_).
agent_(span(Event,97,105),span("Bob",93,95)) :- bob_household_maintenance(_,Event,_,_).
amount_(span(Event,97,105),span(1,107,109)) :- bob_household_maintenance(_,Event,_,_).
purpose_(span(Event,97,105),span("home",136,139)) :- bob_household_maintenance(_,Event,_,_).
start_(span(Event,97,105),span(Start_day,79,82)) :- bob_household_maintenance(_,Event,Start_day,_).
end_(span(Event,97,105),span(End_day,87,90)) :- bob_household_maintenance(_,Event,_,End_day).
s151_c_applies("Bob","Charlie",2015).
s151_c_applies("Bob","Charlie",2016).
s151_c_applies("Bob","Charlie",2017).
s151_c_applies("Bob","Charlie",2018).
s151_c_applies("Bob","Charlie",2019).
marriage_(span("married",18,24)).
death_(span("died",50,53)).
father_(span("father",158,163)).
residence_(span("lived",173,177)).
agent_(span("died",50,53),span("Alice",44,48)).
start_(span("died",50,53),span(20140709,58,71)).
patient_(span("father",158,163),span("Bob",93,95)).
agent_(span("father",158,163),span("Charlie",165,171)).
agent_(span("married",18,24),span("Alice",0,4)).
agent_(span("married",18,24),span("Bob",10,12)).
start_(span("married",18,24),span(19920203,29,41)).
start_(span("lived",173,177),span(20040101,79,82)).
agent_(span("lived",173,177),span("Bob",93,95)).
patient_(span("lived",173,177),span("home",136,139)).
agent_(span("lived",173,177),span("Charlie",165,171)).
end_(span("lived",173,177),span(20191231,87,90)).
s2_b_1_B("Bob",_,_,_,2018).
2025-06-15 00:01:15,101 - INFO - [s2_b_1_B_pos] Query:
s2_b_1_B("Bob",_,_,_,2018).
2025-06-15 00:01:15,101 - INFO - [s2_b_1_B_pos] Query result: {'truth': True}
2025-06-15 00:01:15,101 - INFO - [s2_b_1_B_pos] Result: correct
2025-06-15 00:01:15,103 - INFO - [s2_b_1_neg] Prolog code:
:- ['/Users/sophie/code/2025-mcm-llms-applied-in-law_context/data/sara_v3/statutes/prolog/section151.pl'].
:- ['/Users/sophie/code/2025-mcm-llms-applied-in-law_context/data/sara_v3/statutes/prolog/section2.pl'].
:- ['/Users/sophie/code/2025-mcm-llms-applied-in-law_context/data/sara_v3/statutes/prolog/utils.pl'].
:- ['/Users/sophie/code/2025-mcm-llms-applied-in-law_context/data/sara_v3/statutes/prolog/init.pl'].
:- discontiguous s151_c_applies/3.
:- [statutes/prolog/init].
bob_household_maintenance(Year,Event,Start_day,End_day) :-
    between(2004,2019,Year),
    atom_concat("furnished the costs of maintaining the home ",Year,Event),
    first_day_year(Year,Start_day),
    last_day_year(Year,End_day).
payment_(span(Event,97,105)) :- bob_household_maintenance(_,Event,_,_).
agent_(span(Event,97,105),span("Bob",93,95)) :- bob_household_maintenance(_,Event,_,_).
amount_(span(Event,97,105),span(1,107,109)) :- bob_household_maintenance(_,Event,_,_).
purpose_(span(Event,97,105),span("home",136,139)) :- bob_household_maintenance(_,Event,_,_).
start_(span(Event,97,105),span(Start_day,79,82)) :- bob_household_maintenance(_,Event,Start_day,_).
end_(span(Event,97,105),span(End_day,87,90)) :- bob_household_maintenance(_,Event,_,End_day).
s151_c_applies("Bob","Charlie",Year) :- between(2015,2019,Year).
marriage_(span("married",18,24)).
death_(span("died",50,53)).
son_(span("son",158,160)).
residence_(span("lived",170,174)).
agent_(span("died",50,53),span("Alice",44,48)).
start_(span("died",50,53),span(20140709,58,71)).
agent_(span("married",18,24),span("Alice",0,4)).
agent_(span("married",18,24),span("Bob",10,12)).
start_(span("married",18,24),span(19920203,29,41)).
start_(span("lived",170,174),span(20040101,79,82)).
agent_(span("lived",170,174),span("Bob",93,95)).
patient_(span("lived",170,174),span("home",136,139)).
agent_(span("lived",170,174),span("Charlie",162,168)).
end_(span("lived",170,174),span(20191231,87,90)).
patient_(span("son",158,160),span("Bob",93,95)).
agent_(span("son",158,160),span("Charlie",162,168)).
\+ s2_b_1("Bob",_,_,2016).
2025-06-15 00:01:15,352 - INFO - [s2_b_1_neg] Query:
\+ s2_b_1("Bob",_,_,2016).
2025-06-15 00:01:15,354 - INFO - [s2_b_1_neg] Query result: {'truth': True}
2025-06-15 00:01:15,355 - INFO - [s2_b_1_neg] Result: correct
2025-06-15 00:01:15,356 - INFO - [s2_b_1_pos] Prolog code:
:- ['/Users/sophie/code/2025-mcm-llms-applied-in-law_context/data/sara_v3/statutes/prolog/section151.pl'].
:- ['/Users/sophie/code/2025-mcm-llms-applied-in-law_context/data/sara_v3/statutes/prolog/section2.pl'].
:- ['/Users/sophie/code/2025-mcm-llms-applied-in-law_context/data/sara_v3/statutes/prolog/utils.pl'].
:- ['/Users/sophie/code/2025-mcm-llms-applied-in-law_context/data/sara_v3/statutes/prolog/init.pl'].
:- discontiguous s151_c_applies/3.
:- [statutes/prolog/init].
bob_household_maintenance(Year,Event,Start_day,End_day) :-
    between(2004,2019,Year),
    atom_concat("furnished the costs of maintaining the home ",Year,Event),
    first_day_year(Year,Start_day),
    last_day_year(Year,End_day).
payment_(span(Event,97,105)) :- bob_household_maintenance(_,Event,_,_).
agent_(span(Event,97,105),span("Bob",93,95)) :- bob_household_maintenance(_,Event,_,_).
amount_(span(Event,97,105),span(1,107,109)) :- bob_household_maintenance(_,Event,_,_).
purpose_(span(Event,97,105),span("home",136,139)) :- bob_household_maintenance(_,Event,_,_).
start_(span(Event,97,105),span(Start_day,79,82)) :- bob_household_maintenance(_,Event,Start_day,_).
end_(span(Event,97,105),span(End_day,87,90)) :- bob_household_maintenance(_,Event,_,End_day).
s151_c_applies("Bob","Charlie",Year) :- between(2015,2019,Year).
marriage_(span("married",18,24)).
death_(span("died",50,53)).
father_(span("father",158,163)).
residence_(span("lived",173,177)).
agent_(span("died",50,53),span("Alice",44,48)).
start_(span("died",50,53),span(20140709,58,71)).
patient_(span("father",158,163),span("Bob",93,95)).
agent_(span("father",158,163),span("Charlie",165,171)).
agent_(span("married",18,24),span("Alice",0,4)).
agent_(span("married",18,24),span("Bob",10,12)).
start_(span("married",18,24),span(19920203,29,41)).
start_(span("lived",173,177),span(20040101,79,82)).
agent_(span("lived",173,177),span("Bob",93,95)).
patient_(span("lived",173,177),span("home",136,139)).
agent_(span("lived",173,177),span("Charlie",165,171)).
end_(span("lived",173,177),span(20191231,87,90)).
s2_b_1("Bob",_,_,2018).
2025-06-15 00:01:15,500 - INFO - [s2_b_1_pos] Query:
s2_b_1("Bob",_,_,2018).
2025-06-15 00:01:15,501 - INFO - [s2_b_1_pos] Query result: {'truth': True}
2025-06-15 00:01:15,501 - INFO - [s2_b_1_pos] Result: correct
2025-06-15 00:01:15,502 - INFO - [s2_b_2_A_neg] Prolog code:
:- ['/Users/sophie/code/2025-mcm-llms-applied-in-law_context/data/sara_v3/statutes/prolog/section2.pl'].
:- ['/Users/sophie/code/2025-mcm-llms-applied-in-law_context/data/sara_v3/statutes/prolog/utils.pl'].
:- ['/Users/sophie/code/2025-mcm-llms-applied-in-law_context/data/sara_v3/statutes/prolog/init.pl'].
:- [statutes/prolog/init].
marriage_(span("married",18,24)).
legal_separation_(span("separated",71,79)).
patient_(span("separated",71,79),span("married",18,24)).
agent_(span("separated",71,79),span("decree of separate maintenance",89,118)).
start_(span("separated",71,79),span(20140709,123,136)).
agent_(span("married",18,24),span("Alice",0,4)).
agent_(span("married",18,24),span("Bob",10,12)).
start_(span("married",18,24),span(19920203,29,41)).
\+ s2_b_2_A("Alice","Bob",_,_,2010).
2025-06-15 00:01:15,749 - INFO - [s2_b_2_A_neg] Query:
\+ s2_b_2_A("Alice","Bob",_,_,2010).
2025-06-15 00:01:15,750 - INFO - [s2_b_2_A_neg] Query result: {'truth': True}
2025-06-15 00:01:15,750 - INFO - [s2_b_2_A_neg] Result: correct
2025-06-15 00:01:15,752 - INFO - [s2_b_2_A_pos] Prolog code:
:- ['/Users/sophie/code/2025-mcm-llms-applied-in-law_context/data/sara_v3/statutes/prolog/section2.pl'].
:- ['/Users/sophie/code/2025-mcm-llms-applied-in-law_context/data/sara_v3/statutes/prolog/utils.pl'].
:- ['/Users/sophie/code/2025-mcm-llms-applied-in-law_context/data/sara_v3/statutes/prolog/init.pl'].
:- [statutes/prolog/init].
marriage_(span("married",18,24)).
legal_separation_(span("separated",71,79)).
patient_(span("separated",71,79),span("married",18,24)).
agent_(span("separated",71,79),span("decree of separate maintenance",89,118)).
start_(span("separated",71,79),span(20140709,123,136)).
agent_(span("married",18,24),span("Alice",0,4)).
agent_(span("married",18,24),span("Bob",10,12)).
start_(span("married",18,24),span(19920203,29,41)).
s2_b_2_A("Alice","Bob",_,_,2018).
2025-06-15 00:01:15,896 - INFO - [s2_b_2_A_pos] Query:
s2_b_2_A("Alice","Bob",_,_,2018).
2025-06-15 00:01:15,896 - INFO - [s2_b_2_A_pos] Query result: {'truth': True}
2025-06-15 00:01:15,896 - INFO - [s2_b_2_A_pos] Result: correct
2025-06-15 00:01:15,898 - INFO - [s2_b_2_B_neg] Prolog code:
:- ['/Users/sophie/code/2025-mcm-llms-applied-in-law_context/data/sara_v3/statutes/prolog/section2.pl'].
:- ['/Users/sophie/code/2025-mcm-llms-applied-in-law_context/data/sara_v3/statutes/prolog/utils.pl'].
:- ['/Users/sophie/code/2025-mcm-llms-applied-in-law_context/data/sara_v3/statutes/prolog/init.pl'].
:- [statutes/prolog/init].
marriage_(span("married",18,24)).
nonresident_alien_(span("nonresident alien",56,72)).
agent_(span("married",18,24),span("Alice",0,4)).
agent_(span("married",18,24),span("Bob",10,12)).
start_(span("married",18,24),span(19920203,29,41)).
agent_(span("nonresident alien",56,72),span("Alice",44,48)).
end_(span("nonresident alien",56,72),span(20140709,80,93)).
\+ s2_b_2_B("Bob",_,2015).
2025-06-15 00:01:16,147 - INFO - [s2_b_2_B_neg] Query:
\+ s2_b_2_B("Bob",_,2015).
2025-06-15 00:01:16,148 - INFO - [s2_b_2_B_neg] Query result: {'truth': True}
2025-06-15 00:01:16,148 - INFO - [s2_b_2_B_neg] Result: correct
2025-06-15 00:01:16,150 - INFO - [s2_b_2_B_pos] Prolog code:
:- ['/Users/sophie/code/2025-mcm-llms-applied-in-law_context/data/sara_v3/statutes/prolog/section2.pl'].
:- ['/Users/sophie/code/2025-mcm-llms-applied-in-law_context/data/sara_v3/statutes/prolog/utils.pl'].
:- ['/Users/sophie/code/2025-mcm-llms-applied-in-law_context/data/sara_v3/statutes/prolog/init.pl'].
:- [statutes/prolog/init].
marriage_(span("married",18,24)).
nonresident_alien_(span("nonresident alien",56,72)).
agent_(span("married",18,24),span("Alice",0,4)).
agent_(span("married",18,24),span("Bob",10,12)).
start_(span("married",18,24),span(19920203,29,41)).
agent_(span("nonresident alien",56,72),span("Alice",44,48)).
end_(span("nonresident alien",56,72),span(20140709,80,93)).
s2_b_2_B("Bob",_,2013).
2025-06-15 00:01:16,300 - INFO - [s2_b_2_B_pos] Query:
s2_b_2_B("Bob",_,2013).
2025-06-15 00:01:16,300 - INFO - [s2_b_2_B_pos] Query result: {'truth': True}
2025-06-15 00:01:16,301 - INFO - [s2_b_2_B_pos] Result: correct
2025-06-15 00:01:16,303 - INFO - [s2_b_2_C_neg] Prolog code:
:- ['/Users/sophie/code/2025-mcm-llms-applied-in-law_context/data/sara_v3/statutes/prolog/section2.pl'].
:- ['/Users/sophie/code/2025-mcm-llms-applied-in-law_context/data/sara_v3/statutes/prolog/utils.pl'].
:- ['/Users/sophie/code/2025-mcm-llms-applied-in-law_context/data/sara_v3/statutes/prolog/init.pl'].
:- [statutes/prolog/init].
marriage_(span("married",18,24)).
nonresident_alien_(span("nonresident alien",56,72)).
death_(span("died",81,84)).
agent_(span("died",81,84),span("Alice",75,79)).
start_(span("died",81,84),span(20140709,89,102)).
agent_(span("married",18,24),span("Alice",0,4)).
agent_(span("married",18,24),span("Bob",10,12)).
start_(span("married",18,24),span(19920203,29,41)).
agent_(span("nonresident alien",56,72),span("Alice",44,48)).
\+ s2_b_2_C("Bob",_,_,2014).
2025-06-15 00:01:16,549 - INFO - [s2_b_2_C_neg] Query:
\+ s2_b_2_C("Bob",_,_,2014).
2025-06-15 00:01:16,550 - INFO - [s2_b_2_C_neg] Query result: {'truth': True}
2025-06-15 00:01:16,550 - INFO - [s2_b_2_C_neg] Result: correct
2025-06-15 00:01:16,552 - INFO - [s2_b_2_C_pos] Prolog code:
:- ['/Users/sophie/code/2025-mcm-llms-applied-in-law_context/data/sara_v3/statutes/prolog/section2.pl'].
:- ['/Users/sophie/code/2025-mcm-llms-applied-in-law_context/data/sara_v3/statutes/prolog/utils.pl'].
:- ['/Users/sophie/code/2025-mcm-llms-applied-in-law_context/data/sara_v3/statutes/prolog/init.pl'].
:- [statutes/prolog/init].
marriage_(span("married",18,24)).
death_(span("died",50,53)).
agent_(span("died",50,53),span("Alice",44,48)).
start_(span("died",50,53),span(20140709,58,71)).
agent_(span("married",18,24),span("Alice",0,4)).
agent_(span("married",18,24),span("Bob",10,12)).
start_(span("married",18,24),span(19920203,29,41)).
s2_b_2_C("Bob",_,_,2014).
2025-06-15 00:01:16,699 - INFO - [s2_b_2_C_pos] Query:
s2_b_2_C("Bob",_,_,2014).
2025-06-15 00:01:16,700 - INFO - [s2_b_2_C_pos] Query result: {'truth': True}
2025-06-15 00:01:16,700 - INFO - [s2_b_2_C_pos] Result: correct
2025-06-15 00:01:16,702 - INFO - [s2_b_3_B_neg] Prolog code:
:- ['/Users/sophie/code/2025-mcm-llms-applied-in-law_context/data/sara_v3/statutes/prolog/section151.pl'].
:- ['/Users/sophie/code/2025-mcm-llms-applied-in-law_context/data/sara_v3/statutes/prolog/section2.pl'].
:- ['/Users/sophie/code/2025-mcm-llms-applied-in-law_context/data/sara_v3/statutes/prolog/utils.pl'].
:- ['/Users/sophie/code/2025-mcm-llms-applied-in-law_context/data/sara_v3/statutes/prolog/init.pl'].
:- discontiguous s151_c_applies/3.
:- [statutes/prolog/init].
bob_household_maintenance(Year,Event,Start_day,End_day) :-
    between(2015,2019,Year),
    atom_concat("furnished the costs of maintaining the home ",Year,Event),
    first_day_year(Year,Start_day),
    last_day_year(Year,End_day).
payment_(span(Event,97,105)) :- bob_household_maintenance(_,Event,_,_).
agent_(span(Event,97,105),span("Bob",93,95)) :- bob_household_maintenance(_,Event,_,_).
amount_(span(Event,97,105),span(1,107,109)) :- bob_household_maintenance(_,Event,_,_).
purpose_(span(Event,97,105),span("home",136,139)) :- bob_household_maintenance(_,Event,_,_).
start_(span(Event,97,105),span(Start_day,79,82)) :- bob_household_maintenance(_,Event,Start_day,_).
end_(span(Event,97,105),span(End_day,87,90)) :- bob_household_maintenance(_,Event,_,End_day).
s151_c_applies("Bob","Charlie",Year) :- between(2015,2019,Year).
marriage_(span("married",18,24)).
death_(span("died",50,53)).
father_(span("father",158,163)).
residence_(span("lived",173,177)).
agent_(span("died",50,53),span("Alice",44,48)).
start_(span("died",50,53),span(20140709,58,71)).
patient_(span("father",158,163),span("Bob",93,95)).
agent_(span("father",158,163),span("Charlie",165,171)).
agent_(span("married",18,24),span("Alice",0,4)).
agent_(span("married",18,24),span("Bob",10,12)).
start_(span("married",18,24),span(19920203,29,41)).
start_(span("lived",173,177),span(20040101,79,82)).
agent_(span("lived",173,177),span("Bob",93,95)).
patient_(span("lived",173,177),span("home",136,139)).
agent_(span("lived",173,177),span("Charlie",165,171)).
end_(span("lived",173,177),span(20191231,87,90)).
\+ s2_b_3_B("Bob",_,2018).
2025-06-15 00:01:16,949 - INFO - [s2_b_3_B_neg] Query:
\+ s2_b_3_B("Bob",_,2018).
2025-06-15 00:01:16,951 - INFO - [s2_b_3_B_neg] Query result: {'truth': True}
2025-06-15 00:01:16,951 - INFO - [s2_b_3_B_neg] Result: correct
2025-06-15 00:01:16,952 - INFO - [s2_b_3_B_pos] Prolog code:
:- ['/Users/sophie/code/2025-mcm-llms-applied-in-law_context/data/sara_v3/statutes/prolog/section152.pl'].
:- ['/Users/sophie/code/2025-mcm-llms-applied-in-law_context/data/sara_v3/statutes/prolog/section2.pl'].
:- ['/Users/sophie/code/2025-mcm-llms-applied-in-law_context/data/sara_v3/statutes/prolog/utils.pl'].
:- ['/Users/sophie/code/2025-mcm-llms-applied-in-law_context/data/sara_v3/statutes/prolog/init.pl'].
:- discontiguous s152_d_2_H/6.
bob_household_maintenance(Year,Event,Start_day,End_day) :-
    between(2015,2019,Year),
    atom_concat("furnished the costs of maintaining the home ",Year,Event),
    first_day_year(Year,Start_day),
    last_day_year(Year,End_day).
payment_(span(Event,97,105)) :- bob_household_maintenance(_,Event,_,_).
agent_(span(Event,97,105),span("Bob",93,95)) :- bob_household_maintenance(_,Event,_,_).
amount_(span(Event,97,105),span(1,107,109)) :- bob_household_maintenance(_,Event,_,_).
purpose_(span(Event,97,105),span("home",136,139)) :- bob_household_maintenance(_,Event,_,_).
start_(span(Event,97,105),span(Start_day,79,82)) :- bob_household_maintenance(_,Event,Start_day,_).
end_(span(Event,97,105),span(End_day,87,90)) :- bob_household_maintenance(_,Event,_,End_day).
s152_d_2_H("Charlie","Bob",Year,_,Start_day,End_day) :-
    between(2015,2019,Year),first_day_year(Year,Start_day),last_day_year(Year,End_day).
bob_income(Year,Event,Start_day,End_day) :-
    between(2015,2019,Year),
    atom_concat("earned ",Year,Event),
    first_day_year(Year,Start_day),
    last_day_year(Year,End_day).
income_(span(Event,286,291)) :- bob_income(_,Event,_,_).
agent_(span(Event,286,291),span("Bob",282,284)) :- bob_income(_,Event,_,_).
amount_(span(Event,286,291),span(300000,294,299)) :- bob_income(_,Event,_,_).
start_(span(Event,286,291),span(Start_day,317,320)) :- bob_income(_,Event,Start_day,_).
marriage_(span("married",18,24)).
death_(span("died",50,53)).
residence_(span("lived",173,177)).
agent_(span("died",50,53),span("Alice",44,48)).
start_(span("died",50,53),span(20140709,58,71)).
agent_(span("married",18,24),span("Alice",0,4)).
agent_(span("married",18,24),span("Bob",10,12)).
start_(span("married",18,24),span(19920203,29,41)).
agent_(span("lived",173,177),span("Bob",93,95)).
patient_(span("lived",173,177),span("home",136,139)).
agent_(span("lived",173,177),span("Charlie",165,171)).
start_(span("lived",173,177),span(20150101,79,82)).
end_(span("lived",173,177),span(20191231,87,90)).
s2_b_3_B("Bob","Charlie",2018).
2025-06-15 00:01:16,999 - INFO - [s2_b_3_B_pos] Query:
s2_b_3_B("Bob","Charlie",2018).
2025-06-15 00:01:16,999 - INFO - [s2_b_3_B_pos] Query result: {'truth': True}
2025-06-15 00:01:16,999 - INFO - [s2_b_3_B_pos] Result: correct
2025-06-15 00:01:17,000 - INFO - [s3306_a_1_A_neg] Prolog code:
:- ['/Users/sophie/code/2025-mcm-llms-applied-in-law_context/data/sara_v3/statutes/prolog/section3306.pl'].
:- ['/Users/sophie/code/2025-mcm-llms-applied-in-law_context/data/sara_v3/statutes/prolog/utils.pl'].
:- ['/Users/sophie/code/2025-mcm-llms-applied-in-law_context/data/sara_v3/statutes/prolog/init.pl'].
:- discontiguous s3306_b/8.
:- [statutes/prolog/init].
s3306_b(3200,_,span("work",41,44),"Alice","Bob","Alice","Bob",_).
start_(span("work",41,44),span(20170201,56,68)).
end_(span("work",41,44),span(20170902,73,85)).
s3306_b(4500,_,span("work",129,132),"Bob","Alice","Bob","Alice",_).
start_(span("work",129,132),span(20170401,144,156)).
end_(span("work",129,132),span(20180901,161,173)).
\+ s3306_a_1_A("Alice",2019,_).
2025-06-15 00:01:17,237 - INFO - [s3306_a_1_A_neg] Query:
\+ s3306_a_1_A("Alice",2019,_).
2025-06-15 00:01:17,238 - INFO - [s3306_a_1_A_neg] Query result: {'truth': True}
2025-06-15 00:01:17,238 - INFO - [s3306_a_1_A_neg] Result: correct
2025-06-15 00:01:17,240 - INFO - [s3306_a_1_A_pos] Prolog code:
:- ['/Users/sophie/code/2025-mcm-llms-applied-in-law_context/data/sara_v3/statutes/prolog/section3306.pl'].
:- ['/Users/sophie/code/2025-mcm-llms-applied-in-law_context/data/sara_v3/statutes/prolog/utils.pl'].
:- ['/Users/sophie/code/2025-mcm-llms-applied-in-law_context/data/sara_v3/statutes/prolog/init.pl'].
:- discontiguous s3306_b/8.
:- [statutes/prolog/init].
s3306_b(3200,_,span("work",41,44),"Alice","Bob","Alice","Bob",_).
start_(span("work",41,44),span(20170201,56,68)).
end_(span("work",41,44),span(20170901,73,85)).
s3306_b(4500,_,span("work",129,132),"Bob","Alice","Bob","Alice",_).
start_(span("work",129,132),span(20170401,144,156)).
end_(span("work",129,132),span(20180901,161,173)).
s3306_a_1_A("Alice",2017,_).
2025-06-15 00:01:17,392 - INFO - [s3306_a_1_A_pos] Query:
s3306_a_1_A("Alice",2017,_).
2025-06-15 00:01:17,393 - INFO - [s3306_a_1_A_pos] Query result: {'truth': True}
2025-06-15 00:01:17,393 - INFO - [s3306_a_1_A_pos] Result: correct
2025-06-15 00:01:17,394 - INFO - [s3306_a_1_neg] Prolog code:
:- ['/Users/sophie/code/2025-mcm-llms-applied-in-law_context/data/sara_v3/statutes/prolog/section3306.pl'].
:- ['/Users/sophie/code/2025-mcm-llms-applied-in-law_context/data/sara_v3/statutes/prolog/utils.pl'].
:- ['/Users/sophie/code/2025-mcm-llms-applied-in-law_context/data/sara_v3/statutes/prolog/init.pl'].
:- discontiguous s3306_b/8.
:- [statutes/prolog/init].
s3306_b(3200,span("paid",10,13),span("service",41,47),"Alice","Bob","Alice","Bob",_).
s3306_b(4500,span("paid",99,102),span("work",123,126),"Bob","Alice","Bob","Alice",_).
payment_(span("paid",10,13)).
service_(span("service",41,47)).
payment_(span("paid",99,102)).
service_(span("work",123,126)).
agent_(span("paid",10,13),span("Alice",0,4)).
amount_(span("paid",10,13),span(3200,16,19)).
patient_(span("paid",10,13),span("Bob",24,26)).
purpose_(span("paid",10,13),span("service",41,47)).
start_(span("paid",10,13),span(20170902,76,88)).
agent_(span("paid",99,102),span("Bob",91,93)).
amount_(span("paid",99,102),span(4500,105,108)).
patient_(span("paid",99,102),span("Alice",113,117)).
purpose_(span("paid",99,102),span("work",123,126)).
start_(span("paid",99,102),span(20180901,155,167)).
patient_(span("service",41,47),span("Alice",0,4)).
agent_(span("service",41,47),span("Bob",24,26)).
purpose_(span("service",41,47),span("domestic service",32,47)).
start_(span("service",41,47),span(20170201,59,71)).
end_(span("service",41,47),span(20170902,76,88)).
start_(span("work",123,126),span(20170401,138,150)).
end_(span("work",123,126),span(20180901,155,167)).
patient_(span("work",123,126),span("Bob",91,93)).
agent_(span("work",123,126),span("Alice",113,117)).
\+ s3306_a_1("Alice",2018).
2025-06-15 00:01:17,645 - INFO - [s3306_a_1_neg] Query:
\+ s3306_a_1("Alice",2018).
2025-06-15 00:01:17,646 - INFO - [s3306_a_1_neg] Query result: {'truth': True}
2025-06-15 00:01:17,647 - INFO - [s3306_a_1_neg] Result: correct
2025-06-15 00:01:17,649 - INFO - [s3306_a_1_pos] Prolog code:
:- ['/Users/sophie/code/2025-mcm-llms-applied-in-law_context/data/sara_v3/statutes/prolog/section3306.pl'].
:- ['/Users/sophie/code/2025-mcm-llms-applied-in-law_context/data/sara_v3/statutes/prolog/utils.pl'].
:- ['/Users/sophie/code/2025-mcm-llms-applied-in-law_context/data/sara_v3/statutes/prolog/init.pl'].
:- discontiguous s3306_b/8.
:- [statutes/prolog/init].
s3306_b(3200,span("paid",10,13),span("service",50,56),"Alice","Bob","Alice","Bob",_).
s3306_b(4500,span("paid",117,120),span("work",150,153),"Bob","Alice","Bob","Alice",_).
payment_(span("paid",10,13)).
service_(span("service",50,56)).
payment_(span("paid",117,120)).
service_(span("work",150,153)).
agent_(span("paid",10,13),span("Alice",0,4)).
amount_(span("paid",10,13),span(3200,25,28)).
patient_(span("paid",10,13),span("Bob",33,35)).
purpose_(span("paid",10,13),span("service",50,56)).
start_(span("paid",10,13),span(20170902,85,97)).
agent_(span("paid",117,120),span("Bob",109,111)).
amount_(span("paid",117,120),span(4500,132,135)).
patient_(span("paid",117,120),span("Alice",140,144)).
purpose_(span("paid",117,120),span("work",150,153)).
start_(span("paid",117,120),span(20180101,103,106)).
patient_(span("service",50,56),span("Alice",0,4)).
agent_(span("service",50,56),span("Bob",33,35)).
purpose_(span("service",50,56),span("domestic service",41,56)).
start_(span("service",50,56),span(20170201,68,80)).
end_(span("service",50,56),span(20170902,85,97)).
start_(span("work",150,153),span(20170401,165,177)).
end_(span("work",150,153),span(20180901,182,194)).
patient_(span("work",150,153),span("Bob",109,111)).
agent_(span("work",150,153),span("Alice",140,144)).
s3306_a_1("Bob",2018).
2025-06-15 00:01:17,799 - INFO - [s3306_a_1_pos] Query:
s3306_a_1("Bob",2018).
2025-06-15 00:01:17,800 - INFO - [s3306_a_1_pos] Query result: {'truth': True}
2025-06-15 00:01:17,800 - INFO - [s3306_a_1_pos] Result: correct
2025-06-15 00:01:17,802 - INFO - [s3306_a_2_A_neg] Prolog code:
:- ['/Users/sophie/code/2025-mcm-llms-applied-in-law_context/data/sara_v3/statutes/prolog/section3306.pl'].
:- ['/Users/sophie/code/2025-mcm-llms-applied-in-law_context/data/sara_v3/statutes/prolog/utils.pl'].
:- ['/Users/sophie/code/2025-mcm-llms-applied-in-law_context/data/sara_v3/statutes/prolog/init.pl'].
:- discontiguous s3306_b/8.
:- [statutes/prolog/init].
s3306_b(3200,span("paid",10,13),span("labor",54,58),"Alice","Bob","Alice","Bob",_).
s3306_b(4520,span("paid",110,113),span("work",143,146),"Bob","Alice","Bob","Alice",_).
payment_(span("paid",10,13)).
service_(span("labor",54,58)).
payment_(span("paid",110,113)).
service_(span("work",143,146)).
agent_(span("paid",10,13),span("Alice",0,4)).
amount_(span("paid",10,13),span(3200,25,28)).
patient_(span("paid",10,13),span("Bob",33,35)).
purpose_(span("paid",10,13),span("labor",54,58)).
start_(span("paid",10,13),span(20170902,87,99)).
agent_(span("paid",110,113),span("Bob",102,104)).
amount_(span("paid",110,113),span(4520,125,128)).
patient_(span("paid",110,113),span("Alice",133,137)).
purpose_(span("paid",110,113),span("work",143,146)).
start_(span("paid",110,113),span(20180901,175,187)).
patient_(span("labor",54,58),span("Alice",0,4)).
agent_(span("labor",54,58),span("Bob",33,35)).
purpose_(span("labor",54,58),span("agricultural labor",41,58)).
start_(span("labor",54,58),span(20170201,70,82)).
end_(span("labor",54,58),span(20170902,87,99)).
patient_(span("work",143,146),span("Bob",102,104)).
agent_(span("work",143,146),span("Alice",133,137)).
start_(span("work",143,146),span(20170401,158,170)).
end_(span("work",143,146),span(20180901,175,187)).
\+ s3306_a_2_A("Alice",2017,_,_).
2025-06-15 00:01:18,053 - INFO - [s3306_a_2_A_neg] Query:
\+ s3306_a_2_A("Alice",2017,_,_).
2025-06-15 00:01:18,054 - INFO - [s3306_a_2_A_neg] Query result: {'truth': True}
2025-06-15 00:01:18,054 - INFO - [s3306_a_2_A_neg] Result: correct
2025-06-15 00:01:18,056 - INFO - [s3306_a_2_A_pos] Prolog code:
:- ['/Users/sophie/code/2025-mcm-llms-applied-in-law_context/data/sara_v3/statutes/prolog/section3306.pl'].
:- ['/Users/sophie/code/2025-mcm-llms-applied-in-law_context/data/sara_v3/statutes/prolog/utils.pl'].
:- ['/Users/sophie/code/2025-mcm-llms-applied-in-law_context/data/sara_v3/statutes/prolog/init.pl'].
:- discontiguous s3306_b/8.
:- [statutes/prolog/init].
s3306_b(6771,span("$6771",24,28),span("labor",90,94),"Alice","Bob","Alice","Bob",_).
s3306_b(6954,span("$6954",38,42),span("labor",90,94),"Alice","Charlie","Alice","Charlie",_).
s3306_b(6872,span("$6872",60,64),span("labor",90,94),"Alice","Dan","Alice","Dan",_).
s3306_b(4520,span("paid",146,149),span("work",179,182),"Bob","Alice","Bob","Alice",_).
payment_(span("$6771",24,28)).
payment_(span("$6954",38,42)).
payment_(span("$6872",60,64)).
service_(span("labor",90,94)).
payment_(span("paid",146,149)).
service_(span("work",179,182)).
agent_(span("$6771",24,28),span("Alice",0,4)).
amount_(span("$6771",24,28),span(6771,25,28)).
patient_(span("$6771",24,28),span("Bob",33,35)).
purpose_(span("$6771",24,28),span("labor",90,94)).
start_(span("$6771",24,28),span(20170902,123,135)).
agent_(span("$6872",60,64),span("Alice",0,4)).
amount_(span("$6872",60,64),span(6872,61,64)).
patient_(span("$6872",60,64),span("Dan",69,71)).
purpose_(span("$6872",60,64),span("labor",90,94)).
start_(span("$6872",60,64),span(20170902,123,135)).
agent_(span("$6954",38,42),span("Alice",0,4)).
amount_(span("$6954",38,42),span(6954,39,42)).
patient_(span("$6954",38,42),span("Charlie",47,53)).
purpose_(span("$6954",38,42),span("labor",90,94)).
start_(span("$6954",38,42),span(20170902,123,135)).
agent_(span("paid",146,149),span("Bob",138,140)).
amount_(span("paid",146,149),span(4520,161,164)).
patient_(span("paid",146,149),span("Alice",169,173)).
purpose_(span("paid",146,149),span("work",179,182)).
start_(span("paid",146,149),span(20180901,211,223)).
patient_(span("labor",90,94),span("Alice",0,4)).
agent_(span("labor",90,94),span("Bob",33,35)).
agent_(span("labor",90,94),span("Charlie",47,53)).
agent_(span("labor",90,94),span("Dan",69,71)).
purpose_(span("labor",90,94),span("agricultural labor",77,94)).
start_(span("labor",90,94),span(20170201,106,118)).
end_(span("labor",90,94),span(20170902,123,135)).
patient_(span("work",179,182),span("Bob",138,140)).
agent_(span("work",179,182),span("Alice",169,173)).
start_(span("work",179,182),span(20170401,194,206)).
end_(span("work",179,182),span(20180901,211,223)).
s3306_a_2_A("Alice",2017,_,_).
2025-06-15 00:01:18,210 - INFO - [s3306_a_2_A_pos] Query:
s3306_a_2_A("Alice",2017,_,_).
2025-06-15 00:01:18,210 - INFO - [s3306_a_2_A_pos] Query result: {'truth': True}
2025-06-15 00:01:18,210 - INFO - [s3306_a_2_A_pos] Result: correct
2025-06-15 00:01:18,212 - INFO - [s3306_a_2_B_neg] Prolog code:
:- ['/Users/sophie/code/2025-mcm-llms-applied-in-law_context/data/sara_v3/statutes/prolog/section3306.pl'].
:- ['/Users/sophie/code/2025-mcm-llms-applied-in-law_context/data/sara_v3/statutes/prolog/utils.pl'].
:- ['/Users/sophie/code/2025-mcm-llms-applied-in-law_context/data/sara_v3/statutes/prolog/init.pl'].
:- discontiguous s3306_c/5.
:- [statutes/prolog/init].
s3306_c(span("labor",78,82),"Alice","Bob",20170124,_).
s3306_c(span("labor",78,82),"Alice","Cameron",20170124,_).
s3306_c(span("labor",78,82),"Alice","Dan",20170124,_).
s3306_c(span("labor",78,82),"Alice","Emily",20170124,_).
s3306_c(span("labor",78,82),"Alice","Fred",20170124,_).
s3306_c(span("labor",78,82),"Alice","Bob",20170204,_).
s3306_c(span("labor",78,82),"Alice","Cameron",20170204,_).
s3306_c(span("labor",78,82),"Alice","Fred",20170204,_).
s3306_c(span("labor",78,82),"Alice","Bob",20170303,_).
s3306_c(span("labor",78,82),"Alice","Cameron",20170303,_).
s3306_c(span("labor",78,82),"Alice","Dan",20170303,_).
s3306_c(span("labor",78,82),"Alice","Emily",20170303,_).
s3306_c(span("labor",78,82),"Alice","Fred",20170303,_).
s3306_c(span("labor",78,82),"Alice","Cameron",20170318,_).
s3306_c(span("labor",78,82),"Alice","Dan",20170318,_).
s3306_c(span("labor",78,82),"Alice","Emily",20170318,_).
s3306_c(span("labor",78,82),"Alice","Fred",20170318,_).
s3306_c(span("labor",78,82),"Alice","George",20170318,_).
s3306_c(span("labor",78,82),"Alice","Bob",20170401,_).
s3306_c(span("labor",78,82),"Alice","Cameron",20170401,_).
s3306_c(span("labor",78,82),"Alice","Dan",20170401,_).
s3306_c(span("labor",78,82),"Alice","Fred",20170401,_).
s3306_c(span("labor",78,82),"Alice","George",20170401,_).
s3306_c(span("labor",78,82),"Alice","Cameron",20170509,_).
s3306_c(span("labor",78,82),"Alice","Dan",20170509,_).
s3306_c(span("labor",78,82),"Alice","Emily",20170509,_).
s3306_c(span("labor",78,82),"Alice","Fred",20170509,_).
s3306_c(span("labor",78,82),"Alice","George",20170509,_).
s3306_c(span("labor",78,82),"Alice","Bob",20171014,_).
s3306_c(span("labor",78,82),"Alice","Cameron",20171014,_).
s3306_c(span("labor",78,82),"Alice","Dan",20171014,_).
s3306_c(span("labor",78,82),"Alice","Emily",20171014,_).
s3306_c(span("labor",78,82),"Alice","George",20171014,_).
s3306_c(span("labor",78,82),"Alice","Bob",20171025,_).
s3306_c(span("labor",78,82),"Alice","Emily",20171025,_).
s3306_c(span("labor",78,82),"Alice","Fred",20171025,_).
s3306_c(span("labor",78,82),"Alice","George",20171025,_).
s3306_c(span("labor",78,82),"Alice","Bob",20171108,_).
s3306_c(span("labor",78,82),"Alice","Cameron",20171108,_).
s3306_c(span("labor",78,82),"Alice","Emily",20171108,_).
s3306_c(span("labor",78,82),"Alice","Fred",20171108,_).
s3306_c(span("labor",78,82),"Alice","George",20171108,_).
s3306_c(span("labor",78,82),"Alice","Bob",20171122,_).
s3306_c(span("labor",78,82),"Alice","Cameron",20171122,_).
s3306_c(span("labor",78,82),"Alice","Dan",20171122,_).
s3306_c(span("labor",78,82),"Alice","Emily",20171122,_).
s3306_c(span("labor",78,82),"Alice","Fred",20171122,_).
s3306_c(span("labor",78,82),"Alice","Bob",20171201,_).
s3306_c(span("labor",78,82),"Alice","Cameron",20171201,_).
s3306_c(span("labor",78,82),"Alice","Dan",20171201,_).
s3306_c(span("labor",78,82),"Alice","Emily",20171201,_).
s3306_c(span("labor",78,82),"Alice","George",20171201,_).
s3306_c(span("labor",78,82),"Alice","Bob",20171202,_).
s3306_c(span("labor",78,82),"Alice","Cameron",20171202,_).
s3306_c(span("labor",78,82),"Alice","Dan",20171202,_).
s3306_c(span("labor",78,82),"Alice","Emily",20171202,_).
s3306_c(span("labor",78,82),"Alice","George",20171202,_).
purpose_(span("labor",78,82),span("agricultural labor",65,82)).
\+ s3306_a_2_B("Alice",_,_,_,_,2017).
2025-06-15 00:01:18,454 - INFO - [s3306_a_2_B_neg] Query:
\+ s3306_a_2_B("Alice",_,_,_,_,2017).
2025-06-15 00:01:18,458 - INFO - [s3306_a_2_B_neg] Query result: {'truth': True}
2025-06-15 00:01:18,458 - INFO - [s3306_a_2_B_neg] Result: correct
2025-06-15 00:01:18,460 - INFO - [s3306_a_2_B_pos] Prolog code:
:- ['/Users/sophie/code/2025-mcm-llms-applied-in-law_context/data/sara_v3/statutes/prolog/section3306.pl'].
:- ['/Users/sophie/code/2025-mcm-llms-applied-in-law_context/data/sara_v3/statutes/prolog/utils.pl'].
:- ['/Users/sophie/code/2025-mcm-llms-applied-in-law_context/data/sara_v3/statutes/prolog/init.pl'].
:- discontiguous s3306_c/5.
:- [statutes/prolog/init].
s3306_c(span("labor",78,82),"Alice","Bob",20170124,_).
s3306_c(span("labor",78,82),"Alice","Cameron",20170124,_).
s3306_c(span("labor",78,82),"Alice","Dan",20170124,_).
s3306_c(span("labor",78,82),"Alice","Emily",20170124,_).
s3306_c(span("labor",78,82),"Alice","Fred",20170124,_).
s3306_c(span("labor",78,82),"Alice","Bob",20170204,_).
s3306_c(span("labor",78,82),"Alice","Cameron",20170204,_).
s3306_c(span("labor",78,82),"Alice","Dan",20170204,_).
s3306_c(span("labor",78,82),"Alice","Emily",20170204,_).
s3306_c(span("labor",78,82),"Alice","Fred",20170204,_).
s3306_c(span("labor",78,82),"Alice","Bob",20170303,_).
s3306_c(span("labor",78,82),"Alice","Cameron",20170303,_).
s3306_c(span("labor",78,82),"Alice","Dan",20170303,_).
s3306_c(span("labor",78,82),"Alice","Emily",20170303,_).
s3306_c(span("labor",78,82),"Alice","Fred",20170303,_).
s3306_c(span("labor",78,82),"Alice","Cameron",20170318,_).
s3306_c(span("labor",78,82),"Alice","Dan",20170318,_).
s3306_c(span("labor",78,82),"Alice","Emily",20170318,_).
s3306_c(span("labor",78,82),"Alice","Fred",20170318,_).
s3306_c(span("labor",78,82),"Alice","George",20170318,_).
s3306_c(span("labor",78,82),"Alice","Bob",20170401,_).
s3306_c(span("labor",78,82),"Alice","Cameron",20170401,_).
s3306_c(span("labor",78,82),"Alice","Dan",20170401,_).
s3306_c(span("labor",78,82),"Alice","Fred",20170401,_).
s3306_c(span("labor",78,82),"Alice","George",20170401,_).
s3306_c(span("labor",78,82),"Alice","Cameron",20170509,_).
s3306_c(span("labor",78,82),"Alice","Dan",20170509,_).
s3306_c(span("labor",78,82),"Alice","Emily",20170509,_).
s3306_c(span("labor",78,82),"Alice","Fred",20170509,_).
s3306_c(span("labor",78,82),"Alice","George",20170509,_).
s3306_c(span("labor",78,82),"Alice","Bob",20171014,_).
s3306_c(span("labor",78,82),"Alice","Cameron",20171014,_).
s3306_c(span("labor",78,82),"Alice","Dan",20171014,_).
s3306_c(span("labor",78,82),"Alice","Emily",20171014,_).
s3306_c(span("labor",78,82),"Alice","George",20171014,_).
s3306_c(span("labor",78,82),"Alice","Bob",20171025,_).
s3306_c(span("labor",78,82),"Alice","Cameron",20171025,_).
s3306_c(span("labor",78,82),"Alice","Dan",20171025,_).
s3306_c(span("labor",78,82),"Alice","Emily",20171025,_).
s3306_c(span("labor",78,82),"Alice","Fred",20171025,_).
s3306_c(span("labor",78,82),"Alice","George",20171025,_).
s3306_c(span("labor",78,82),"Alice","Bob",20171108,_).
s3306_c(span("labor",78,82),"Alice","Cameron",20171108,_).
s3306_c(span("labor",78,82),"Alice","Emily",20171108,_).
s3306_c(span("labor",78,82),"Alice","Fred",20171108,_).
s3306_c(span("labor",78,82),"Alice","George",20171108,_).
s3306_c(span("labor",78,82),"Alice","Bob",20171122,_).
s3306_c(span("labor",78,82),"Alice","Cameron",20171122,_).
s3306_c(span("labor",78,82),"Alice","Dan",20171122,_).
s3306_c(span("labor",78,82),"Alice","Emily",20171122,_).
s3306_c(span("labor",78,82),"Alice","Fred",20171122,_).
s3306_c(span("labor",78,82),"Alice","Bob",20171201,_).
s3306_c(span("labor",78,82),"Alice","Cameron",20171201,_).
s3306_c(span("labor",78,82),"Alice","Dan",20171201,_).
s3306_c(span("labor",78,82),"Alice","Emily",20171201,_).
s3306_c(span("labor",78,82),"Alice","George",20171201,_).
s3306_c(span("labor",78,82),"Alice","Bob",20171202,_).
s3306_c(span("labor",78,82),"Alice","Cameron",20171202,_).
s3306_c(span("labor",78,82),"Alice","Dan",20171202,_).
s3306_c(span("labor",78,82),"Alice","Emily",20171202,_).
s3306_c(span("labor",78,82),"Alice","George",20171202,_).
purpose_(span("labor",78,82),span("agricultural labor",65,82)).
s3306_a_2_B("Alice",_,_,_,_,2017).
2025-06-15 00:01:18,613 - INFO - [s3306_a_2_B_pos] Query:
s3306_a_2_B("Alice",_,_,_,_,2017).
2025-06-15 00:01:18,614 - INFO - [s3306_a_2_B_pos] Query result: {'truth': True}
2025-06-15 00:01:18,614 - INFO - [s3306_a_2_B_pos] Result: correct
2025-06-15 00:01:18,615 - INFO - [s3306_b_10_A_neg] Prolog code:
:- ['/Users/sophie/code/2025-mcm-llms-applied-in-law_context/data/sara_v3/statutes/prolog/section3306.pl'].
:- ['/Users/sophie/code/2025-mcm-llms-applied-in-law_context/data/sara_v3/statutes/prolog/utils.pl'].
:- ['/Users/sophie/code/2025-mcm-llms-applied-in-law_context/data/sara_v3/statutes/prolog/init.pl'].
:- [statutes/prolog/init].
service_(span("employed",10,17)).
retirement_(span("retired",79,85)).
payment_(span("paid",120,123)).
termination_(span("retirement",141,150)).
start_(span("paid",120,123),span(20191010,62,73)).
agent_(span("paid",120,123),span("Alice",114,118)).
patient_(span("paid",120,123),span("Bob",125,127)).
amount_(span("paid",120,123),span(12980,130,134)).
purpose_(span("paid",120,123),span("retirement",141,150)).
start_(span("retired",79,85),span(20191010,62,73)).
agent_(span("retired",79,85),span("Bob",75,77)).
reason_(span("retired",79,85),span("reached age 65",98,111)).
patient_(span("employed",10,17),span("Alice",0,4)).
agent_(span("employed",10,17),span("Bob",19,21)).
start_(span("employed",10,17),span(20110101,28,40)).
end_(span("employed",10,17),span(20191010,45,56)).
patient_(span("retirement",141,150),span("employed",10,17)).
agent_(span("retirement",141,150),span("Alice",114,118)).
\+ s3306_b_10_A(span("paid",120,123),_,_,"Alice",_,_).
2025-06-15 00:01:18,864 - INFO - [s3306_b_10_A_neg] Query:
\+ s3306_b_10_A(span("paid",120,123),_,_,"Alice",_,_).
2025-06-15 00:01:18,864 - INFO - [s3306_b_10_A_neg] Query result: {'truth': True}
2025-06-15 00:01:18,865 - INFO - [s3306_b_10_A_neg] Result: correct
2025-06-15 00:01:18,867 - INFO - [s3306_b_10_A_pos] Prolog code:
:- ['/Users/sophie/code/2025-mcm-llms-applied-in-law_context/data/sara_v3/statutes/prolog/section3306.pl'].
:- ['/Users/sophie/code/2025-mcm-llms-applied-in-law_context/data/sara_v3/statutes/prolog/utils.pl'].
:- ['/Users/sophie/code/2025-mcm-llms-applied-in-law_context/data/sara_v3/statutes/prolog/init.pl'].
:- [statutes/prolog/init].
service_(span("employed",10,17)).
disability_(span("disabled",96,103)).
retirement_(span("retired",109,115)).
payment_(span("paid",124,127)).
termination_(span("terminate",159,167)).
start_(span("disabled",96,103),span(20191010,62,73)).
agent_(span("disabled",96,103),span("Bob",75,77)).
start_(span("paid",124,127),span(20191010,62,73)).
agent_(span("paid",124,127),span("Alice",118,122)).
patient_(span("paid",124,127),span("Bob",129,131)).
amount_(span("paid",124,127),span(12980,134,138)).
purpose_(span("paid",124,127),span("terminate",159,167)).
start_(span("retired",109,115),span(20191010,62,73)).
agent_(span("retired",109,115),span("Bob",75,77)).
reason_(span("retired",109,115),span("disability",197,206)).
patient_(span("employed",10,17),span("Alice",0,4)).
agent_(span("employed",10,17),span("Bob",19,21)).
start_(span("employed",10,17),span(20110101,28,40)).
end_(span("employed",10,17),span(20191010,45,56)).
patient_(span("terminate",159,167),span("employed",10,17)).
reason_(span("terminate",159,167),span("disabled",96,103)).
agent_(span("terminate",159,167),span("Alice",118,122)).
s3306_b_10_A(span("paid",124,127),_,_,"Alice",_,_).
2025-06-15 00:01:19,015 - INFO - [s3306_b_10_A_pos] Query:
s3306_b_10_A(span("paid",124,127),_,_,"Alice",_,_).
2025-06-15 00:01:19,015 - INFO - [s3306_b_10_A_pos] Query result: {'truth': True}
2025-06-15 00:01:19,016 - INFO - [s3306_b_10_A_pos] Result: correct
2025-06-15 00:01:19,018 - INFO - [s3306_b_10_B_neg] Prolog code:
:- ['/Users/sophie/code/2025-mcm-llms-applied-in-law_context/data/sara_v3/statutes/prolog/section3306.pl'].
:- ['/Users/sophie/code/2025-mcm-llms-applied-in-law_context/data/sara_v3/statutes/prolog/utils.pl'].
:- ['/Users/sophie/code/2025-mcm-llms-applied-in-law_context/data/sara_v3/statutes/prolog/init.pl'].
service_(span("employed",10,17)).
disability_(span("disabled",96,103)).
retirement_(span("retired",109,115)).
payment_(span("paid",124,127)).
termination_(span("terminate",159,167)).
start_(span("disabled",96,103),span(20191010,62,73)).
agent_(span("disabled",96,103),span("Bob",75,77)).
start_(span("paid",124,127),span(20191010,62,73)).
agent_(span("paid",124,127),span("Alice",118,122)).
patient_(span("paid",124,127),span("Bob",129,131)).
amount_(span("paid",124,127),span(12980,134,138)).
purpose_(span("paid",124,127),span("terminate",159,167)).
start_(span("retired",109,115),span(20191010,62,73)).
agent_(span("retired",109,115),span("Bob",75,77)).
reason_(span("retired",109,115),span("disability",197,206)).
patient_(span("employed",10,17),span("Alice",0,4)).
agent_(span("employed",10,17),span("Bob",19,21)).
start_(span("employed",10,17),span(20110101,28,40)).
end_(span("employed",10,17),span(20191010,45,56)).
patient_(span("terminate",159,167),span("employed",10,17)).
reason_(span("terminate",159,167),span("disabled",96,103)).
agent_(span("terminate",159,167),span("Alice",118,122)).
\+ s3306_b_10_B("Alice",span("paid",124,127),_).
2025-06-15 00:01:19,162 - INFO - [s3306_b_10_B_neg] Query:
\+ s3306_b_10_B("Alice",span("paid",124,127),_).
2025-06-15 00:01:19,163 - INFO - [s3306_b_10_B_neg] Query result: {'truth': True}
2025-06-15 00:01:19,163 - INFO - [s3306_b_10_B_neg] Result: correct
2025-06-15 00:01:19,165 - INFO - [s3306_b_10_B_pos] Prolog code:
:- ['/Users/sophie/code/2025-mcm-llms-applied-in-law_context/data/sara_v3/statutes/prolog/section3306.pl'].
:- ['/Users/sophie/code/2025-mcm-llms-applied-in-law_context/data/sara_v3/statutes/prolog/utils.pl'].
:- ['/Users/sophie/code/2025-mcm-llms-applied-in-law_context/data/sara_v3/statutes/prolog/init.pl'].
:- [statutes/prolog/init].
purpose_(span("disability plan",219,233),span("make provisions for employees or dependents",219,233)).
service_(span("employed",10,17)).
disability_(span("disabled",96,103)).
retirement_(span("retired",109,115)).
payment_(span("paid",124,127)).
termination_(span("terminate",159,167)).
plan_(span("disability plan",219,233)).
start_(span("disabled",96,103),span(20191010,62,73)).
agent_(span("disabled",96,103),span("Bob",75,77)).
start_(span("paid",124,127),span(20191010,62,73)).
agent_(span("paid",124,127),span("Alice",118,122)).
patient_(span("paid",124,127),span("Bob",129,131)).
amount_(span("paid",124,127),span(12980,134,138)).
purpose_(span("paid",124,127),span("terminate",159,167)).
means_(span("paid",124,127),span("disability plan",219,233)).
agent_(span("disability plan",219,233),span("Alice",253,257)).
start_(span("retired",109,115),span(20191010,62,73)).
agent_(span("retired",109,115),span("Bob",75,77)).
reason_(span("retired",109,115),span("disability",197,206)).
patient_(span("employed",10,17),span("Alice",0,4)).
agent_(span("employed",10,17),span("Bob",19,21)).
start_(span("employed",10,17),span(20110101,28,40)).
end_(span("employed",10,17),span(20191010,45,56)).
patient_(span("terminate",159,167),span("employed",10,17)).
reason_(span("terminate",159,167),span("disabled",96,103)).
agent_(span("terminate",159,167),span("Alice",118,122)).
s3306_b_10_B("Alice",span("paid",124,127),_).
2025-06-15 00:01:19,311 - INFO - [s3306_b_10_B_pos] Query:
s3306_b_10_B("Alice",span("paid",124,127),_).
2025-06-15 00:01:19,311 - INFO - [s3306_b_10_B_pos] Query result: {'truth': True}
2025-06-15 00:01:19,311 - INFO - [s3306_b_10_B_pos] Result: correct
2025-06-15 00:01:19,313 - INFO - [s3306_b_11_neg] Prolog code:
:- ['/Users/sophie/code/2025-mcm-llms-applied-in-law_context/data/sara_v3/statutes/prolog/section3306.pl'].
:- ['/Users/sophie/code/2025-mcm-llms-applied-in-law_context/data/sara_v3/statutes/prolog/utils.pl'].
:- ['/Users/sophie/code/2025-mcm-llms-applied-in-law_context/data/sara_v3/statutes/prolog/init.pl'].
:- [statutes/prolog/init].
payment_(span("paid",10,13)).
service_(span("repairing",32,40)).
agent_(span("paid",10,13),span("Alice",0,4)).
amount_(span("paid",10,13),span(3200,16,19)).
patient_(span("paid",10,13),span("Bob",24,26)).
purpose_(span("paid",10,13),span("repairing",32,40)).
start_(span("paid",10,13),span(20170902,73,85)).
means_(span("paid",10,13),span("eggs, grapes and hay",108,127)).
patient_(span("repairing",32,40),span("Alice",0,4)).
agent_(span("repairing",32,40),span("Bob",24,26)).
start_(span("repairing",32,40),span(20170201,56,68)).
end_(span("repairing",32,40),span(20170902,73,85)).
\+ s3306_b_11(span("paid",10,13),_,_).
2025-06-15 00:01:19,564 - INFO - [s3306_b_11_neg] Query:
\+ s3306_b_11(span("paid",10,13),_,_).
2025-06-15 00:01:19,564 - INFO - [s3306_b_11_neg] Query result: {'truth': True}
2025-06-15 00:01:19,565 - INFO - [s3306_b_11_neg] Result: correct
2025-06-15 00:01:19,567 - INFO - [s3306_b_11_pos] Prolog code:
:- ['/Users/sophie/code/2025-mcm-llms-applied-in-law_context/data/sara_v3/statutes/prolog/section3306.pl'].
:- ['/Users/sophie/code/2025-mcm-llms-applied-in-law_context/data/sara_v3/statutes/prolog/utils.pl'].
:- ['/Users/sophie/code/2025-mcm-llms-applied-in-law_context/data/sara_v3/statutes/prolog/init.pl'].
:- [statutes/prolog/init].
payment_(span("paid",10,13)).
service_(span("labor",45,49)).
agent_(span("paid",10,13),span("Alice",0,4)).
amount_(span("paid",10,13),span(3200,16,19)).
patient_(span("paid",10,13),span("Bob",24,26)).
purpose_(span("paid",10,13),span("labor",45,49)).
start_(span("paid",10,13),span(20170902,78,90)).
means_(span("paid",10,13),span("eggs, grapes and hay",113,132)).
patient_(span("labor",45,49),span("Alice",0,4)).
agent_(span("labor",45,49),span("Bob",24,26)).
purpose_(span("labor",45,49),span("agricultural labor",32,49)).
start_(span("labor",45,49),span(20170201,61,73)).
end_(span("labor",45,49),span(20170902,78,90)).
s3306_b_11(span("paid",10,13),_,_).
2025-06-15 00:01:19,716 - INFO - [s3306_b_11_pos] Query:
s3306_b_11(span("paid",10,13),_,_).
2025-06-15 00:01:19,716 - INFO - [s3306_b_11_pos] Query result: {'truth': True}
2025-06-15 00:01:19,716 - INFO - [s3306_b_11_pos] Result: correct
2025-06-15 00:01:19,718 - INFO - [s3306_b_15_neg] Prolog code:
:- ['/Users/sophie/code/2025-mcm-llms-applied-in-law_context/data/sara_v3/statutes/prolog/section3306.pl'].
:- ['/Users/sophie/code/2025-mcm-llms-applied-in-law_context/data/sara_v3/statutes/prolog/utils.pl'].
:- ['/Users/sophie/code/2025-mcm-llms-applied-in-law_context/data/sara_v3/statutes/prolog/init.pl'].
:- discontiguous s3306_c/5.
:- [statutes/prolog/init].
s3306_c(span("labor",36,40),"Alice","Bob",Day,_) :-
    (
        nonvar(Day),
        is_before(20110201,Day),
        is_before(Day,20191119)
    );
    var(Day).
death_(span("died",107,110)).
payment_(span("paid",163,166)).
marriage_(span("spouse",193,198)).
start_(span("died",107,110),span(20191125,88,100)).
agent_(span("died",107,110),span("Bob",103,105)).
agent_(span("spouse",193,198),span("Charlie",168,174)).
agent_(span("spouse",193,198),span("Bob",177,179)).
purpose_(span("labor",36,40),span("agricultural labor",23,40)).
purpose_(span("paid",163,166),span("labor",36,40)).
start_(span("paid",163,166),span(20191220,136,154)).
agent_(span("paid",163,166),span("Alice",157,161)).
patient_(span("paid",163,166),span("Charlie",168,174)).
amount_(span("paid",163,166),span(1200,229,232)).
\+ s3306_b_15(span("paid",163,166),"Alice","Charlie",_,_).
2025-06-15 00:01:19,967 - INFO - [s3306_b_15_neg] Query:
\+ s3306_b_15(span("paid",163,166),"Alice","Charlie",_,_).
2025-06-15 00:01:19,968 - INFO - [s3306_b_15_neg] Query result: {'truth': True}
2025-06-15 00:01:19,968 - INFO - [s3306_b_15_neg] Result: correct
2025-06-15 00:01:19,970 - INFO - [s3306_b_15_pos] Prolog code:
:- ['/Users/sophie/code/2025-mcm-llms-applied-in-law_context/data/sara_v3/statutes/prolog/section3306.pl'].
:- ['/Users/sophie/code/2025-mcm-llms-applied-in-law_context/data/sara_v3/statutes/prolog/utils.pl'].
:- ['/Users/sophie/code/2025-mcm-llms-applied-in-law_context/data/sara_v3/statutes/prolog/init.pl'].
:- discontiguous s3306_c/5.
:- [statutes/prolog/init].
s3306_c(span("labor",36,40),"Alice","Bob",Day,_) :-
    (
        nonvar(Day),
        is_before(20110201,Day),
        is_before(Day,20191119)
    );
    var(Day).
death_(span("died",107,110)).
payment_(span("paid",162,165)).
marriage_(span("spouse",192,197)).
start_(span("died",107,110),span(20191125,88,100)).
agent_(span("died",107,110),span("Bob",103,105)).
agent_(span("spouse",192,197),span("Charlie",167,173)).
agent_(span("spouse",192,197),span("Bob",176,178)).
purpose_(span("labor",36,40),span("agricultural labor",23,40)).
purpose_(span("paid",162,165),span("labor",36,40)).
start_(span("paid",162,165),span(20200120,136,153)).
agent_(span("paid",162,165),span("Alice",156,160)).
patient_(span("paid",162,165),span("Charlie",167,173)).
amount_(span("paid",162,165),span(1200,228,231)).
s3306_b_15(span("paid",162,165),"Alice","Charlie",_,_).
2025-06-15 00:01:20,114 - INFO - [s3306_b_15_pos] Query:
s3306_b_15(span("paid",162,165),"Alice","Charlie",_,_).
2025-06-15 00:01:20,115 - INFO - [s3306_b_15_pos] Query result: {'truth': True}
2025-06-15 00:01:20,115 - INFO - [s3306_b_15_pos] Result: correct
2025-06-15 00:01:20,115 - INFO - [s3306_b_2_A_neg] Prolog code:
:- ['/Users/sophie/code/2025-mcm-llms-applied-in-law_context/data/sara_v3/statutes/prolog/section3306.pl'].
:- ['/Users/sophie/code/2025-mcm-llms-applied-in-law_context/data/sara_v3/statutes/prolog/utils.pl'].
:- ['/Users/sophie/code/2025-mcm-llms-applied-in-law_context/data/sara_v3/statutes/prolog/init.pl'].
:- [statutes/prolog/init].
purpose_(span("retirement fund",103,117),span("make provisions for employees in case of retirement",103,117)).
purpose_(span("health insurance",148,163),span("make provisions for employees in case of sickness",148,163)).
payment_(span("paid",10,13)).
service_(span("work",33,36)).
payment_(span("paid",85,88)).
plan_(span("retirement fund",103,117)).
payment_(span("paid",132,135)).
plan_(span("health insurance",148,163)).
father_(span("father",193,198)).
retirement_(span("retired",208,214)).
agent_(span("father",193,198),span("Charlie",169,175)).
patient_(span("father",193,198),span("Alice",185,189)).
start_(span("paid",132,135),span(20170101,64,67)).
amount_(span("paid",132,135),span(5322,138,141)).
patient_(span("paid",132,135),span("health insurance",148,163)).
beneficiary_(span("paid",132,135),span("Charlie",169,175)).
agent_(span("paid",132,135),span("Alice",70,74)).
start_(span("paid",85,88),span(20170101,64,67)).
agent_(span("paid",85,88),span("Alice",70,74)).
amount_(span("paid",85,88),span(9832,91,94)).
patient_(span("paid",85,88),span("retirement fund",103,117)).
beneficiary_(span("paid",85,88),span("Bob",123,125)).
agent_(span("paid",10,13),span("Alice",0,4)).
amount_(span("paid",10,13),span(45252,16,20)).
patient_(span("paid",10,13),span("Bob",25,27)).
purpose_(span("paid",10,13),span("work",33,36)).
start_(span("paid",10,13),span(20170101,55,58)).
agent_(span("retired",208,214),span("Charlie",169,175)).
start_(span("retired",208,214),span(20160101,219,222)).
patient_(span("work",33,36),span("Alice",0,4)).
agent_(span("work",33,36),span("Bob",25,27)).
end_(span("work",33,36),span(20171231,55,58)).
start_(span("work",33,36),span(20170101,55,58)).
\+ s3306_b_2_A(span("paid",10,13)).
2025-06-15 00:01:20,344 - INFO - [s3306_b_2_A_neg] Query:
\+ s3306_b_2_A(span("paid",10,13)).
2025-06-15 00:01:20,344 - INFO - [s3306_b_2_A_neg] Query result: {'truth': True}
2025-06-15 00:01:20,345 - INFO - [s3306_b_2_A_neg] Result: correct
2025-06-15 00:01:20,346 - INFO - [s3306_b_2_A_pos] Prolog code:
:- ['/Users/sophie/code/2025-mcm-llms-applied-in-law_context/data/sara_v3/statutes/prolog/section3306.pl'].
:- ['/Users/sophie/code/2025-mcm-llms-applied-in-law_context/data/sara_v3/statutes/prolog/utils.pl'].
:- ['/Users/sophie/code/2025-mcm-llms-applied-in-law_context/data/sara_v3/statutes/prolog/init.pl'].
:- [statutes/prolog/init].
purpose_(span("retirement fund",103,117),span("make provisions for employees in case of retirement",103,117)).
purpose_(span("health insurance",148,163),span("make provisions for employees in case of sickness",148,163)). 
payment_(span("paid",10,13)).
service_(span("work",33,36)).
payment_(span("paid",85,88)).
plan_(span("retirement fund",103,117)).
payment_(span("paid",132,135)).
plan_(span("health insurance",148,163)).
start_(span("paid",132,135),span(20170101,64,67)).
agent_(span("paid",132,135),span("Alice",70,74)).
amount_(span("paid",132,135),span(5322,138,141)).
patient_(span("paid",132,135),span("health insurance",148,163)).
start_(span("paid",85,88),span(20170101,64,67)).
agent_(span("paid",85,88),span("Alice",70,74)).
amount_(span("paid",85,88),span(9832,91,94)).
patient_(span("paid",85,88),span("retirement fund",103,117)).
agent_(span("paid",10,13),span("Alice",0,4)).
amount_(span("paid",10,13),span(45252,16,20)).
patient_(span("paid",10,13),span("Bob",25,27)).
purpose_(span("paid",10,13),span("work",33,36)).
start_(span("paid",10,13),span(20170101,55,58)).
beneficiary_(span("health insurance",148,163),span("Bob",169,171)).
beneficiary_(span("retirement fund",103,117),span("Bob",123,125)).
patient_(span("work",33,36),span("Alice",0,4)).
agent_(span("work",33,36),span("Bob",25,27)).
start_(span("work",33,36),span(20170101,55,58)).
end_(span("work",33,36),span(20171231,55,58)).
s3306_b_2_A(span("health insurance",148,163)).
2025-06-15 00:01:20,486 - INFO - [s3306_b_2_A_pos] Query:
s3306_b_2_A(span("health insurance",148,163)).
2025-06-15 00:01:20,486 - INFO - [s3306_b_2_A_pos] Query result: {'truth': True}
2025-06-15 00:01:20,487 - INFO - [s3306_b_2_A_pos] Result: correct
2025-06-15 00:01:20,488 - INFO - [s3306_b_7_neg] Prolog code:
:- ['/Users/sophie/code/2025-mcm-llms-applied-in-law_context/data/sara_v3/statutes/prolog/section3306.pl'].
:- ['/Users/sophie/code/2025-mcm-llms-applied-in-law_context/data/sara_v3/statutes/prolog/utils.pl'].
:- ['/Users/sophie/code/2025-mcm-llms-applied-in-law_context/data/sara_v3/statutes/prolog/init.pl'].
:- [statutes/prolog/init].
business_(span("running",15,21)).
payment_(span("paid",147,150)).
service_(span("painting",173,180)).
agent_(span("running",15,21),span("Alice",0,4)).
type_(span("running",15,21),span("typewriter factory",25,42)).
start_(span("running",15,21),span(20160201,50,67)).
start_(span("paid",147,150),span(20171002,119,134)).
agent_(span("paid",147,150),span("Alice",137,141)).
patient_(span("paid",147,150),span("Bob",152,154)).
amount_(span("paid",147,150),span(323,157,159)).
means_(span("paid",147,150),span("cash",164,167)).
purpose_(span("paid",147,150),span("painting",173,180)).
patient_(span("painting",173,180),span("Alice",137,141)).
agent_(span("painting",173,180),span("Bob",152,154)).
type_(span("painting",173,180),span("painting",173,180)).
\+ s3306_b_7(span("paid",147,150),_,"Alice","Bob",_,_).
2025-06-15 00:01:20,735 - INFO - [s3306_b_7_neg] Query:
\+ s3306_b_7(span("paid",147,150),_,"Alice","Bob",_,_).
2025-06-15 00:01:20,735 - INFO - [s3306_b_7_neg] Query result: {'truth': True}
2025-06-15 00:01:20,735 - INFO - [s3306_b_7_neg] Result: correct
2025-06-15 00:01:20,736 - INFO - [s3306_b_7_pos] Prolog code:
:- ['/Users/sophie/code/2025-mcm-llms-applied-in-law_context/data/sara_v3/statutes/prolog/section3306.pl'].
:- ['/Users/sophie/code/2025-mcm-llms-applied-in-law_context/data/sara_v3/statutes/prolog/utils.pl'].
:- ['/Users/sophie/code/2025-mcm-llms-applied-in-law_context/data/sara_v3/statutes/prolog/init.pl'].
:- [statutes/prolog/init].
business_(span("running",15,21)).
payment_(span("given",147,151)).
service_(span("painting",207,214)).
agent_(span("running",15,21),span("Alice",0,4)).
type_(span("running",15,21),span("typewriter factory",25,42)).
start_(span("running",15,21),span(20160201,50,67)).
start_(span("given",147,151),span(20171002,119,134)).
agent_(span("given",147,151),span("Alice",137,141)).
means_(span("given",147,151),span("a typewriter of value $323",153,178)).
amount_(span("given",147,151),span(323,176,178)).
patient_(span("given",147,151),span("Bob",183,185)).
purpose_(span("given",147,151),span("painting",207,214)).
agent_(span("painting",207,214),span("Bob",203,205)).
type_(span("painting",207,214),span("painting",207,214)).
patient_(span("painting",207,214),span("Alice",216,220)).
s3306_b_7(span("given",147,151),_,"Alice","Bob",_,_).
2025-06-15 00:01:20,864 - INFO - [s3306_b_7_pos] Query:
s3306_b_7(span("given",147,151),_,"Alice","Bob",_,_).
2025-06-15 00:01:20,864 - INFO - [s3306_b_7_pos] Query result: {'truth': True}
2025-06-15 00:01:20,864 - INFO - [s3306_b_7_pos] Result: correct
2025-06-15 00:01:20,865 - INFO - [s3306_b_neg] Prolog code:
:- ['/Users/sophie/code/2025-mcm-llms-applied-in-law_context/data/sara_v3/statutes/prolog/section3306.pl'].
:- ['/Users/sophie/code/2025-mcm-llms-applied-in-law_context/data/sara_v3/statutes/prolog/utils.pl'].
:- ['/Users/sophie/code/2025-mcm-llms-applied-in-law_context/data/sara_v3/statutes/prolog/init.pl'].
:- [statutes/prolog/init].
payment_(span("paid",30,33)).
service_(span("labor",72,76)).
start_(span("paid",30,33),span(20180101,14,17)).
agent_(span("paid",30,33),span("Alice",20,24)).
amount_(span("paid",30,33),span(2325,36,39)).
means_(span("paid",30,33),span("hay",44,46)).
patient_(span("paid",30,33),span("Bob",51,53)).
purpose_(span("paid",30,33),span("labor",72,76)).
end_(span("labor",72,76),span(20181231,14,17)).
start_(span("labor",72,76),span(20180101,14,17)).
patient_(span("labor",72,76),span("Alice",20,24)).
agent_(span("labor",72,76),span("Bob",51,53)).
purpose_(span("labor",72,76),span("agricultural labor",59,76)).
\+ s3306_b(_,span("paid",30,33),_,"Alice","Bob","Alice","Bob",_).
2025-06-15 00:01:21,102 - INFO - [s3306_b_neg] Query:
\+ s3306_b(_,span("paid",30,33),_,"Alice","Bob","Alice","Bob",_).
2025-06-15 00:01:21,103 - INFO - [s3306_b_neg] Query result: {'truth': True}
2025-06-15 00:01:21,103 - INFO - [s3306_b_neg] Result: correct
2025-06-15 00:01:21,105 - INFO - [s3306_b_pos] Prolog code:
:- ['/Users/sophie/code/2025-mcm-llms-applied-in-law_context/data/sara_v3/statutes/prolog/section3306.pl'].
:- ['/Users/sophie/code/2025-mcm-llms-applied-in-law_context/data/sara_v3/statutes/prolog/utils.pl'].
:- ['/Users/sophie/code/2025-mcm-llms-applied-in-law_context/data/sara_v3/statutes/prolog/init.pl'].
:- [statutes/prolog/init].
payment_(span("paid",30,33)).
service_(span("walking",60,66)).
start_(span("paid",30,33),span(20180101,14,17)).
agent_(span("paid",30,33),span("Alice",20,24)).
amount_(span("paid",30,33),span(2325,36,39)).
means_(span("paid",30,33),span("cash",44,47)).
patient_(span("paid",30,33),span("Bob",52,54)).
purpose_(span("paid",30,33),span("walking",60,66)).
end_(span("walking",60,66),span(20181231,14,17)).
start_(span("walking",60,66),span(20180101,14,17)).
patient_(span("walking",60,66),span("Alice",20,24)).
agent_(span("walking",60,66),span("Bob",52,54)).
purpose_(span("walking",60,66),span("walking",60,66)).
s3306_b(_,span("paid",30,33),_,"Alice","Bob","Alice","Bob",_).
2025-06-15 00:01:21,260 - INFO - [s3306_b_pos] Query:
s3306_b(_,span("paid",30,33),_,"Alice","Bob","Alice","Bob",_).
2025-06-15 00:01:21,261 - INFO - [s3306_b_pos] Query result: {'truth': True}
2025-06-15 00:01:21,261 - INFO - [s3306_b_pos] Result: correct
2025-06-15 00:01:21,264 - INFO - [s3306_c_10_A_i_neg] Prolog code:
:- ['/Users/sophie/code/2025-mcm-llms-applied-in-law_context/data/sara_v3/statutes/prolog/section3306.pl'].
:- ['/Users/sophie/code/2025-mcm-llms-applied-in-law_context/data/sara_v3/statutes/prolog/utils.pl'].
:- ['/Users/sophie/code/2025-mcm-llms-applied-in-law_context/data/sara_v3/statutes/prolog/init.pl'].
:- [statutes/prolog/init].
payment_(span("paid",10,13)).
service_(span("services",33,40)).
educational_institution_(span("University",70,79)).
enrollment_(span("enrolled",92,99)).
attending_classes_(span("attending",133,141)).
agent_(span("attending",133,141),span("Alice",82,86)).
location_(span("attending",133,141),span("Johns Hopkins University",104,127)).
start_(span("attending",133,141),span(20110827,156,170)).
end_(span("attending",133,141),span(20160529,175,188)).
agent_(span("University",70,79),span("Johns Hopkins University",56,79)).
agent_(span("enrolled",92,99),span("Alice",82,86)).
patient_(span("enrolled",92,99),span("Johns Hopkins University",104,127)).
start_(span("enrolled",92,99),span(20110827,156,170)).
end_(span("enrolled",92,99),span(20160529,175,188)).
patient_(span("paid",10,13),span("Alice",0,4)).
amount_(span("paid",10,13),span(3200,16,19)).
start_(span("paid",10,13),span(20170101,24,27)).
purpose_(span("paid",10,13),span("services",33,40)).
agent_(span("paid",10,13),span("Johns Hopkins University",56,79)).
agent_(span("services",33,40),span("Alice",0,4)).
end_(span("services",33,40),span(20171231,24,27)).
start_(span("services",33,40),span(20170101,24,27)).
patient_(span("services",33,40),span("Johns Hopkins University",56,79)).
\+ s3306_c_10_A_i("Alice",_,20170101).
2025-06-15 00:01:21,517 - INFO - [s3306_c_10_A_i_neg] Query:
\+ s3306_c_10_A_i("Alice",_,20170101).
2025-06-15 00:01:21,518 - INFO - [s3306_c_10_A_i_neg] Query result: {'truth': True}
2025-06-15 00:01:21,518 - INFO - [s3306_c_10_A_i_neg] Result: correct
2025-06-15 00:01:21,521 - INFO - [s3306_c_10_A_i_pos] Prolog code:
:- ['/Users/sophie/code/2025-mcm-llms-applied-in-law_context/data/sara_v3/statutes/prolog/section3306.pl'].
:- ['/Users/sophie/code/2025-mcm-llms-applied-in-law_context/data/sara_v3/statutes/prolog/utils.pl'].
:- ['/Users/sophie/code/2025-mcm-llms-applied-in-law_context/data/sara_v3/statutes/prolog/init.pl'].
:- [statutes/prolog/init].
payment_(span("paid",10,13)).
service_(span("services",33,40)).
educational_institution_(span("University",70,79)).
enrollment_(span("enrolled",92,99)).
attending_classes_(span("attending",133,141)).
agent_(span("attending",133,141),span("Alice",82,86)).
location_(span("attending",133,141),span("Johns Hopkins University",104,127)).
start_(span("attending",133,141),span(20150829,156,170)).
end_(span("attending",133,141),span(20190530,175,188)).
agent_(span("University",70,79),span("Johns Hopkins University",56,79)).
agent_(span("enrolled",92,99),span("Alice",82,86)).
patient_(span("enrolled",92,99),span("Johns Hopkins University",104,127)).
start_(span("enrolled",92,99),span(20150829,156,170)).
end_(span("enrolled",92,99),span(20190530,175,188)).
patient_(span("paid",10,13),span("Alice",0,4)).
amount_(span("paid",10,13),span(3200,16,19)).
start_(span("paid",10,13),span(20170101,24,27)).
purpose_(span("paid",10,13),span("services",33,40)).
agent_(span("paid",10,13),span("Johns Hopkins University",56,79)).
agent_(span("services",33,40),span("Alice",0,4)).
end_(span("services",33,40),span(20171231,24,27)).
start_(span("services",33,40),span(20170101,24,27)).
patient_(span("services",33,40),span("Johns Hopkins University",56,79)).
s3306_c_10_A(span("services",33,40),_,"Alice",20170101), s3306_c_10_A_i("Alice",_,20170101).
2025-06-15 00:01:21,777 - INFO - [s3306_c_10_A_i_pos] Query:
s3306_c_10_A(span("services",33,40),_,"Alice",20170101), s3306_c_10_A_i("Alice",_,20170101).
2025-06-15 00:01:21,778 - INFO - [s3306_c_10_A_i_pos] Query result: {'truth': True}
2025-06-15 00:01:21,778 - INFO - [s3306_c_10_A_i_pos] Result: correct
2025-06-15 00:01:21,780 - INFO - [s3306_c_10_A_ii_neg] Prolog code:
:- ['/Users/sophie/code/2025-mcm-llms-applied-in-law_context/data/sara_v3/statutes/prolog/section3306.pl'].
:- ['/Users/sophie/code/2025-mcm-llms-applied-in-law_context/data/sara_v3/statutes/prolog/utils.pl'].
:- ['/Users/sophie/code/2025-mcm-llms-applied-in-law_context/data/sara_v3/statutes/prolog/init.pl'].
:- [statutes/prolog/init].
father_(span("father",8,13)).
payment_(span("paid",25,28)).
service_(span("services",48,55)).
educational_institution_(span("University",85,94)).
enrollment_(span("enrolled",107,114)).
attending_classes_(span("attending",148,156)).
agent_(span("attending",148,156),span("Alice",97,101)).
location_(span("attending",148,156),span("Johns Hopkins University",119,142)).
start_(span("attending",148,156),span(20150829,171,185)).
end_(span("attending",148,156),span(20190530,190,203)).
agent_(span("University",85,94),span("Johns Hopkins University",71,94)).
agent_(span("enrolled",107,114),span("Alice",97,101)).
patient_(span("enrolled",107,114),span("Johns Hopkins University",119,142)).
start_(span("enrolled",107,114),span(20150829,171,185)).
end_(span("enrolled",107,114),span(20190530,190,203)).
patient_(span("father",8,13),span("Alice",0,4)).
agent_(span("father",8,13),span("Bob",16,18)).
patient_(span("paid",25,28),span("Bob",16,18)).
amount_(span("paid",25,28),span(3200,31,34)).
start_(span("paid",25,28),span(20170101,39,42)).
purpose_(span("paid",25,28),span("services",48,55)).
agent_(span("paid",25,28),span("Johns Hopkins University",71,94)).
agent_(span("services",48,55),span("Bob",16,18)).
end_(span("services",48,55),span(20171231,39,42)).
start_(span("services",48,55),span(20170101,39,42)).
patient_(span("services",48,55),span("Johns Hopkins University",71,94)).
\+ s3306_c_10_A_ii("Alice","Bob",20170101).
2025-06-15 00:01:22,038 - INFO - [s3306_c_10_A_ii_neg] Query:
\+ s3306_c_10_A_ii("Alice","Bob",20170101).
2025-06-15 00:01:22,039 - INFO - [s3306_c_10_A_ii_neg] Query result: {'truth': True}
2025-06-15 00:01:22,039 - INFO - [s3306_c_10_A_ii_neg] Result: correct
2025-06-15 00:01:22,042 - INFO - [s3306_c_10_A_ii_pos] Prolog code:
:- ['/Users/sophie/code/2025-mcm-llms-applied-in-law_context/data/sara_v3/statutes/prolog/section3306.pl'].
:- ['/Users/sophie/code/2025-mcm-llms-applied-in-law_context/data/sara_v3/statutes/prolog/utils.pl'].
:- ['/Users/sophie/code/2025-mcm-llms-applied-in-law_context/data/sara_v3/statutes/prolog/init.pl'].
:- [statutes/prolog/init].
marriage_(span("husband",8,14)).
payment_(span("paid",26,29)).
service_(span("services",49,56)).
educational_institution_(span("University",86,95)).
enrollment_(span("enrolled",108,115)).
attending_classes_(span("attending",149,157)).
agent_(span("attending",149,157),span("Alice",98,102)).
location_(span("attending",149,157),span("Johns Hopkins University",120,143)).
start_(span("attending",149,157),span(20150829,172,186)).
end_(span("attending",149,157),span(20190530,191,204)).
agent_(span("University",86,95),span("Johns Hopkins University",72,95)).
agent_(span("enrolled",108,115),span("Alice",98,102)).
patient_(span("enrolled",108,115),span("Johns Hopkins University",120,143)).
start_(span("enrolled",108,115),span(20150829,172,186)).
end_(span("enrolled",108,115),span(20190530,191,204)).
agent_(span("husband",8,14),span("Alice",0,4)).
agent_(span("husband",8,14),span("Bob",17,19)).
patient_(span("paid",26,29),span("Bob",17,19)).
amount_(span("paid",26,29),span(3200,32,35)).
start_(span("paid",26,29),span(20170101,40,43)).
purpose_(span("paid",26,29),span("services",49,56)).
agent_(span("paid",26,29),span("Johns Hopkins University",72,95)).
agent_(span("services",49,56),span("Bob",17,19)).
end_(span("services",49,56),span(20171231,40,43)).
start_(span("services",49,56),span(20170101,40,43)).
patient_(span("services",49,56),span("Johns Hopkins University",72,95)).
s3306_c_10_A_ii("Alice","Bob",20170101).
2025-06-15 00:01:22,190 - INFO - [s3306_c_10_A_ii_pos] Query:
s3306_c_10_A_ii("Alice","Bob",20170101).
2025-06-15 00:01:22,191 - INFO - [s3306_c_10_A_ii_pos] Query result: {'truth': True}
2025-06-15 00:01:22,191 - INFO - [s3306_c_10_A_ii_pos] Result: correct
2025-06-15 00:01:22,192 - INFO - [s3306_c_13_neg] Prolog code:
:- ['/Users/sophie/code/2025-mcm-llms-applied-in-law_context/data/sara_v3/statutes/prolog/section3306.pl'].
:- ['/Users/sophie/code/2025-mcm-llms-applied-in-law_context/data/sara_v3/statutes/prolog/utils.pl'].
:- ['/Users/sophie/code/2025-mcm-llms-applied-in-law_context/data/sara_v3/statutes/prolog/init.pl'].
:- [statutes/prolog/init].
payment_(span("paid",10,13)).
service_(span("services",33,40)).
educational_institution_(span("University",70,79)).
enrollment_(span("enrolled",92,99)).
attending_classes_(span("attending",152,160)).
agent_(span("attending",152,160),span("Alice",82,86)).
location_(span("attending",152,160),span("Johns Hopkins University",123,146)).
start_(span("attending",152,160),span(20150829,175,189)).
end_(span("attending",152,160),span(20190530,194,207)).
agent_(span("University",70,79),span("Johns Hopkins University",56,79)).
agent_(span("enrolled",92,99),span("Alice",82,86)).
patient_(span("enrolled",92,99),span("Johns Hopkins University",123,146)).
start_(span("enrolled",92,99),span(20150829,175,189)).
end_(span("enrolled",92,99),span(20190530,194,207)).
patient_(span("paid",10,13),span("Alice",0,4)).
amount_(span("paid",10,13),span(3200,16,19)).
start_(span("paid",10,13),span(20170101,24,27)).
purpose_(span("paid",10,13),span("services",33,40)).
agent_(span("paid",10,13),span("Johns Hopkins University",56,79)).
agent_(span("services",33,40),span("Alice",0,4)).
end_(span("services",33,40),span(20171231,24,27)).
start_(span("services",33,40),span(20170101,24,27)).
patient_(span("services",33,40),span("Johns Hopkins University",56,79)).
\+ s3306_c_13(span("services",33,40),_,"Alice",20170101).
2025-06-15 00:01:22,442 - INFO - [s3306_c_13_neg] Query:
\+ s3306_c_13(span("services",33,40),_,"Alice",20170101).
2025-06-15 00:01:22,443 - INFO - [s3306_c_13_neg] Query result: {'truth': True}
2025-06-15 00:01:22,443 - INFO - [s3306_c_13_neg] Result: correct
2025-06-15 00:01:22,446 - INFO - [s3306_c_13_pos] Prolog code:
:- ['/Users/sophie/code/2025-mcm-llms-applied-in-law_context/data/sara_v3/statutes/prolog/section3306.pl'].
:- ['/Users/sophie/code/2025-mcm-llms-applied-in-law_context/data/sara_v3/statutes/prolog/utils.pl'].
:- ['/Users/sophie/code/2025-mcm-llms-applied-in-law_context/data/sara_v3/statutes/prolog/init.pl'].
:- [statutes/prolog/init].
payment_(span("paid",10,13)).
service_(span("services",33,40)).
nurses_training_school_(span("School of Nursing",56,86)).
enrollment_(span("enrolled",99,106)).
attending_classes_(span("attending",147,155)).
agent_(span("attending",147,155),span("Alice",89,93)).
location_(span("attending",147,155),span("Johns Hopkins School of Nursing",111,141)).
start_(span("attending",147,155),span(20150829,170,184)).
end_(span("attending",147,155),span(20190530,189,202)).
agent_(span("enrolled",99,106),span("Alice",89,93)).
patient_(span("enrolled",99,106),span("Johns Hopkins School of Nursing",111,141)).
start_(span("enrolled",99,106),span(20150829,170,184)).
end_(span("enrolled",99,106),span(20190530,189,202)).
agent_(span("School of Nursing",56,86),span("Johns Hopkins School of Nursing",56,86)).
patient_(span("paid",10,13),span("Alice",0,4)).
amount_(span("paid",10,13),span(3200,16,19)).
start_(span("paid",10,13),span(20170101,24,27)).
purpose_(span("paid",10,13),span("services",33,40)).
agent_(span("paid",10,13),span("Johns Hopkins School of Nursing",56,86)).
agent_(span("services",33,40),span("Alice",0,4)).
end_(span("services",33,40),span(20171231,24,27)).
start_(span("services",33,40),span(20170101,24,27)).
patient_(span("services",33,40),span("Johns Hopkins School of Nursing",56,86)).
s3306_c_13(span("services",33,40),_,"Alice",20170101).
2025-06-15 00:01:22,594 - INFO - [s3306_c_13_pos] Query:
s3306_c_13(span("services",33,40),_,"Alice",20170101).
2025-06-15 00:01:22,595 - INFO - [s3306_c_13_pos] Query result: {'truth': True}
2025-06-15 00:01:22,595 - INFO - [s3306_c_13_pos] Result: correct
2025-06-15 00:01:22,597 - INFO - [s3306_c_1_A_i_neg] Prolog code:
:- ['/Users/sophie/code/2025-mcm-llms-applied-in-law_context/data/sara_v3/statutes/prolog/section3306.pl'].
:- ['/Users/sophie/code/2025-mcm-llms-applied-in-law_context/data/sara_v3/statutes/prolog/utils.pl'].
:- ['/Users/sophie/code/2025-mcm-llms-applied-in-law_context/data/sara_v3/statutes/prolog/init.pl'].
:- [statutes/prolog/init].
payment_(span("paid",10,13)).
service_(span("labor",45,49)).
citizenship_(span("citizens",148,155)).
agent_(span("citizens",148,155),span("Alice",116,120)).
agent_(span("citizens",148,155),span("Bob",126,128)).
agent_(span("paid",10,13),span("Alice",0,4)).
amount_(span("paid",10,13),span(2300,16,19)).
patient_(span("paid",10,13),span("Bob",24,26)).
purpose_(span("paid",10,13),span("labor",45,49)).
start_(span("paid",10,13),span(20170902,78,90)).
patient_(span("labor",45,49),span("Alice",0,4)).
agent_(span("labor",45,49),span("Bob",24,26)).
purpose_(span("labor",45,49),span("agricultural labor",32,49)).
start_(span("labor",45,49),span(20170201,61,73)).
end_(span("labor",45,49),span(20170902,78,90)).
location_(span("labor",45,49),span("Caracas, Venezuela",96,113)).
country_(span("Caracas, Venezuela",96,113),span("Venezuela",105,113)).
patient_(span("citizens",148,155),span("American",139,146)).
\+ s3306_c_1_A_i("Alice",_,["Bob"],_,2017).
2025-06-15 00:01:22,848 - INFO - [s3306_c_1_A_i_neg] Query:
\+ s3306_c_1_A_i("Alice",_,["Bob"],_,2017).
2025-06-15 00:01:22,849 - INFO - [s3306_c_1_A_i_neg] Query result: {'truth': True}
2025-06-15 00:01:22,849 - INFO - [s3306_c_1_A_i_neg] Result: correct
2025-06-15 00:01:22,851 - INFO - [s3306_c_1_A_i_pos] Prolog code:
:- ['/Users/sophie/code/2025-mcm-llms-applied-in-law_context/data/sara_v3/statutes/prolog/section3306.pl'].
:- ['/Users/sophie/code/2025-mcm-llms-applied-in-law_context/data/sara_v3/statutes/prolog/utils.pl'].
:- ['/Users/sophie/code/2025-mcm-llms-applied-in-law_context/data/sara_v3/statutes/prolog/init.pl'].
:- [statutes/prolog/init].
payment_(span("paid",10,13)).
service_(span("labor",62,66)).
american_employer_(span("American employer",145,161)).
agent_(span("American employer",145,161),span("Alice",133,137)).
agent_(span("paid",10,13),span("Alice",0,4)).
amount_(span("paid",10,13),span(23200,16,20)).
patient_(span("paid",10,13),span("Bob",41,43)).
purpose_(span("paid",10,13),span("labor",62,66)).
start_(span("paid",10,13),span(20170902,95,107)).
patient_(span("labor",62,66),span("Alice",0,4)).
agent_(span("labor",62,66),span("Bob",41,43)).
purpose_(span("labor",62,66),span("agricultural labor",49,66)).
start_(span("labor",62,66),span(20170201,78,90)).
end_(span("labor",62,66),span(20170902,95,107)).
location_(span("labor",62,66),span("Caracas, Venezuela",113,130)).
country_(span("Caracas, Venezuela",113,130),span("Venezuela",122,130)).
s3306_c_1_A_i("Alice",_,["Bob"],_,2017).
2025-06-15 00:01:23,000 - INFO - [s3306_c_1_A_i_pos] Query:
s3306_c_1_A_i("Alice",_,["Bob"],_,2017).
2025-06-15 00:01:23,001 - INFO - [s3306_c_1_A_i_pos] Query result: {'truth': True}
2025-06-15 00:01:23,001 - INFO - [s3306_c_1_A_i_pos] Result: correct
2025-06-15 00:01:23,002 - INFO - [s3306_c_1_neg] Prolog code:
:- ['/Users/sophie/code/2025-mcm-llms-applied-in-law_context/data/sara_v3/statutes/prolog/section3306.pl'].
:- ['/Users/sophie/code/2025-mcm-llms-applied-in-law_context/data/sara_v3/statutes/prolog/utils.pl'].
:- ['/Users/sophie/code/2025-mcm-llms-applied-in-law_context/data/sara_v3/statutes/prolog/init.pl'].
:- [statutes/prolog/init].
payment_(span("paid",10,13)).
service_(span("service",41,47)).
american_employer_(span("American employer",126,142)).
agent_(span("American employer",126,142),span("Alice",114,118)).
agent_(span("paid",10,13),span("Alice",0,4)).
amount_(span("paid",10,13),span(3200,16,19)).
patient_(span("paid",10,13),span("Bob",24,26)).
purpose_(span("paid",10,13),span("service",41,47)).
start_(span("paid",10,13),span(20170902,76,88)).
patient_(span("service",41,47),span("Alice",0,4)).
agent_(span("service",41,47),span("Bob",24,26)).
purpose_(span("service",41,47),span("domestic service",32,47)).
start_(span("service",41,47),span(20170201,59,71)).
end_(span("service",41,47),span(20170902,76,88)).
location_(span("service",41,47),span("Caracas, Venezuela",94,111)).
country_(span("Caracas, Venezuela",94,111),span("Venezuela",103,111)).
\+ s3306_c_1(span("service",41,47),2017).
2025-06-15 00:01:23,254 - INFO - [s3306_c_1_neg] Query:
\+ s3306_c_1(span("service",41,47),2017).
2025-06-15 00:01:23,255 - INFO - [s3306_c_1_neg] Query result: {'truth': True}
2025-06-15 00:01:23,255 - INFO - [s3306_c_1_neg] Result: correct
2025-06-15 00:01:23,257 - INFO - [s3306_c_1_pos] Prolog code:
:- ['/Users/sophie/code/2025-mcm-llms-applied-in-law_context/data/sara_v3/statutes/prolog/section3306.pl'].
:- ['/Users/sophie/code/2025-mcm-llms-applied-in-law_context/data/sara_v3/statutes/prolog/utils.pl'].
:- ['/Users/sophie/code/2025-mcm-llms-applied-in-law_context/data/sara_v3/statutes/prolog/init.pl'].
:- [statutes/prolog/init].
payment_(span("paid",10,13)).
service_(span("labor",45,49)).
american_employer_(span("American employer",128,144)).
agent_(span("American employer",128,144),span("Alice",116,120)).
agent_(span("paid",10,13),span("Alice",0,4)).
amount_(span("paid",10,13),span(3200,16,19)).
patient_(span("paid",10,13),span("Bob",24,26)).
purpose_(span("paid",10,13),span("labor",45,49)).
start_(span("paid",10,13),span(20170201,61,73)).
patient_(span("labor",45,49),span("Alice",0,4)).
agent_(span("labor",45,49),span("Bob",24,26)).
purpose_(span("labor",45,49),span("agricultural labor",32,49)).
start_(span("labor",45,49),span(20170201,61,73)).
end_(span("labor",45,49),span(20170902,78,90)).
location_(span("labor",45,49),span("Caracas, Venezuela",96,113)).
country_(span("Caracas, Venezuela",96,113),span("Venezuela",105,113)).
s3306_c_1(span("labor",45,49),2017).
2025-06-15 00:01:23,403 - INFO - [s3306_c_1_pos] Query:
s3306_c_1(span("labor",45,49),2017).
2025-06-15 00:01:23,404 - INFO - [s3306_c_1_pos] Query result: {'truth': True}
2025-06-15 00:01:23,404 - INFO - [s3306_c_1_pos] Result: correct
2025-06-15 00:01:23,405 - INFO - [s3306_c_21_neg] Prolog code:
:- ['/Users/sophie/code/2025-mcm-llms-applied-in-law_context/data/sara_v3/statutes/prolog/section3306.pl'].
:- ['/Users/sophie/code/2025-mcm-llms-applied-in-law_context/data/sara_v3/statutes/prolog/utils.pl'].
:- ['/Users/sophie/code/2025-mcm-llms-applied-in-law_context/data/sara_v3/statutes/prolog/init.pl'].
:- [statutes/prolog/init].
payment_(span("paid",10,13)).
service_(span("services",32,39)).
medical_institution_(span("hospital",56,63)).
incarceration_(span("committed",76,84)).
patient_(span("committed",76,84),span("hospital",103,110)).
agent_(span("committed",76,84),span("Alice",66,70)).
start_(span("committed",76,84),span(20150124,117,132)).
end_(span("committed",76,84),span(20190505,137,149)).
agent_(span("hospital",56,63),span("hospital",56,63)).
patient_(span("paid",10,13),span("Alice",0,4)).
amount_(span("paid",10,13),span(200,16,18)).
start_(span("paid",10,13),span(20170101,23,26)).
purpose_(span("paid",10,13),span("services",32,39)).
agent_(span("paid",10,13),span("hospital",56,63)).
agent_(span("services",32,39),span("Alice",0,4)).
end_(span("services",32,39),span(20171231,23,26)).
start_(span("services",32,39),span(20170101,23,26)).
patient_(span("services",32,39),span("hospital",56,63)).
\+ s3306_c_21(span("services",32,39),"Alice",_,20170101).
2025-06-15 00:01:23,655 - INFO - [s3306_c_21_neg] Query:
\+ s3306_c_21(span("services",32,39),"Alice",_,20170101).
2025-06-15 00:01:23,655 - INFO - [s3306_c_21_neg] Query result: {'truth': True}
2025-06-15 00:01:23,656 - INFO - [s3306_c_21_neg] Result: correct
2025-06-15 00:01:23,658 - INFO - [s3306_c_21_pos] Prolog code:
:- ['/Users/sophie/code/2025-mcm-llms-applied-in-law_context/data/sara_v3/statutes/prolog/section3306.pl'].
:- ['/Users/sophie/code/2025-mcm-llms-applied-in-law_context/data/sara_v3/statutes/prolog/utils.pl'].
:- ['/Users/sophie/code/2025-mcm-llms-applied-in-law_context/data/sara_v3/statutes/prolog/init.pl'].
:- [statutes/prolog/init].
payment_(span("paid",10,13)).
service_(span("services",32,39)).
penal_institution_(span("jail",54,57)).
incarceration_(span("committed",70,78)).
agent_(span("committed",70,78),span("Alice",60,64)).
patient_(span("committed",70,78),span("jail",83,86)).
start_(span("committed",70,78),span(20150124,93,108)).
end_(span("committed",70,78),span(20190505,113,125)).
patient_(span("paid",10,13),span("Alice",0,4)).
amount_(span("paid",10,13),span(200,16,18)).
start_(span("paid",10,13),span(20170101,23,26)).
purpose_(span("paid",10,13),span("services",32,39)).
agent_(span("paid",10,13),span("jail",54,57)).
agent_(span("jail",54,57),span("jail",54,57)).
agent_(span("services",32,39),span("Alice",0,4)).
end_(span("services",32,39),span(20171231,23,26)).
start_(span("services",32,39),span(20170101,23,26)).
patient_(span("services",32,39),span("jail",54,57)).
s3306_c_21(span("services",32,39),"Alice",_,20170101).
2025-06-15 00:01:23,804 - INFO - [s3306_c_21_pos] Query:
s3306_c_21(span("services",32,39),"Alice",_,20170101).
2025-06-15 00:01:23,804 - INFO - [s3306_c_21_pos] Query result: {'truth': True}
2025-06-15 00:01:23,804 - INFO - [s3306_c_21_pos] Result: correct
2025-06-15 00:01:23,806 - INFO - [s3306_c_2_neg] Prolog code:
:- ['/Users/sophie/code/2025-mcm-llms-applied-in-law_context/data/sara_v3/statutes/prolog/section3306.pl'].
:- ['/Users/sophie/code/2025-mcm-llms-applied-in-law_context/data/sara_v3/statutes/prolog/utils.pl'].
:- ['/Users/sophie/code/2025-mcm-llms-applied-in-law_context/data/sara_v3/statutes/prolog/init.pl'].
:- discontiguous s3306_b/8.
:- [statutes/prolog/init].
s3306_b(3200,span("paid",10,13),span("service",50,56),"Alice","Bob","Alice","Bob",_).
payment_(span("paid",10,13)).
service_(span("service",50,56)).
agent_(span("paid",10,13),span("Alice",0,4)).
amount_(span("paid",10,13),span(3200,25,28)).
patient_(span("paid",10,13),span("Bob",33,35)).
purpose_(span("paid",10,13),span("service",50,56)).
start_(span("paid",10,13),span(20170902,97,109)).
patient_(span("service",50,56),span("Alice",0,4)).
agent_(span("service",50,56),span("Bob",33,35)).
purpose_(span("service",50,56),span("domestic service",41,56)).
location_(span("service",50,56),span("home",70,73)).
start_(span("service",50,56),span(20170201,80,92)).
end_(span("service",50,56),span(20170902,97,109)).
location_(span("service",50,56),span("Baltimore",115,123)).
location_(span("service",50,56),span("Maryland",126,133)).
location_(span("service",50,56),span("USA",136,138)).
\+ s3306_c_2(span("service",50,56),_,2017).
2025-06-15 00:01:24,057 - INFO - [s3306_c_2_neg] Query:
\+ s3306_c_2(span("service",50,56),_,2017).
2025-06-15 00:01:24,058 - INFO - [s3306_c_2_neg] Query result: {'truth': True}
2025-06-15 00:01:24,059 - INFO - [s3306_c_2_neg] Result: correct
2025-06-15 00:01:24,061 - INFO - [s3306_c_2_pos] Prolog code:
:- ['/Users/sophie/code/2025-mcm-llms-applied-in-law_context/data/sara_v3/statutes/prolog/section3306.pl'].
:- ['/Users/sophie/code/2025-mcm-llms-applied-in-law_context/data/sara_v3/statutes/prolog/utils.pl'].
:- ['/Users/sophie/code/2025-mcm-llms-applied-in-law_context/data/sara_v3/statutes/prolog/init.pl'].
:- discontiguous s3306_b/8.
:- [statutes/prolog/init].
s3306_b(300,span("paid",10,13),span("service",49,55),"Alice","Bob","Alice","Bob",_).
payment_(span("paid",10,13)).
service_(span("service",49,55)).
agent_(span("paid",10,13),span("Alice",0,4)).
amount_(span("paid",10,13),span(300,25,27)).
patient_(span("paid",10,13),span("Bob",32,34)).
purpose_(span("paid",10,13),span("service",49,55)).
start_(span("paid",10,13),span(20170902,99,111)).
patient_(span("service",49,55),span("Alice",0,4)).
agent_(span("service",49,55),span("Bob",32,34)).
purpose_(span("service",49,55),span("domestic service",40,55)).
location_(span("service",49,55),span("private home",64,75)).
start_(span("service",49,55),span(20170201,82,94)).
end_(span("service",49,55),span(20170902,99,111)).
s3306_c_2(span("service",49,55),_,2017).
2025-06-15 00:01:24,211 - INFO - [s3306_c_2_pos] Query:
s3306_c_2(span("service",49,55),_,2017).
2025-06-15 00:01:24,211 - INFO - [s3306_c_2_pos] Query result: {'truth': True}
2025-06-15 00:01:24,211 - INFO - [s3306_c_2_pos] Result: correct
2025-06-15 00:01:24,213 - INFO - [s3306_c_5_neg] Prolog code:
:- ['/Users/sophie/code/2025-mcm-llms-applied-in-law_context/data/sara_v3/statutes/prolog/section3306.pl'].
:- ['/Users/sophie/code/2025-mcm-llms-applied-in-law_context/data/sara_v3/statutes/prolog/utils.pl'].
:- ['/Users/sophie/code/2025-mcm-llms-applied-in-law_context/data/sara_v3/statutes/prolog/init.pl'].
:- [statutes/prolog/init].
payment_(span("paid",10,13)).
brother_(span("brother",28,34)).
service_(span("work",44,47)).
agent_(span("paid",10,13),span("Alice",0,4)).
amount_(span("paid",10,13),span(3200,16,19)).
patient_(span("paid",10,13),span("Bob",36,38)).
purpose_(span("paid",10,13),span("work",44,47)).
start_(span("paid",10,13),span(20170902,76,88)).
patient_(span("work",44,47),span("Alice",0,4)).
agent_(span("work",44,47),span("Bob",36,38)).
start_(span("work",44,47),span(20170201,59,71)).
end_(span("work",44,47),span(20170902,76,88)).
location_(span("work",44,47),span("Baltimore",94,102)).
location_(span("work",44,47),span("Maryland",105,112)).
location_(span("work",44,47),span("USA",115,117)).
patient_(span("brother",28,34),span("Alice",0,4)).
agent_(span("brother",28,34),span("Bob",36,38)).
\+ s3306_c_5(span("work",44,47),"Alice","Bob",20170201).
2025-06-15 00:01:24,464 - INFO - [s3306_c_5_neg] Query:
\+ s3306_c_5(span("work",44,47),"Alice","Bob",20170201).
2025-06-15 00:01:24,465 - INFO - [s3306_c_5_neg] Query result: {'truth': True}
2025-06-15 00:01:24,465 - INFO - [s3306_c_5_neg] Result: correct
2025-06-15 00:01:24,468 - INFO - [s3306_c_5_pos] Prolog code:
:- ['/Users/sophie/code/2025-mcm-llms-applied-in-law_context/data/sara_v3/statutes/prolog/section3306.pl'].
:- ['/Users/sophie/code/2025-mcm-llms-applied-in-law_context/data/sara_v3/statutes/prolog/utils.pl'].
:- ['/Users/sophie/code/2025-mcm-llms-applied-in-law_context/data/sara_v3/statutes/prolog/init.pl'].
:- [statutes/prolog/init].
payment_(span("paid",10,13)).
father_(span("father",28,33)).
service_(span("work",43,46)).
patient_(span("father",28,33),span("Alice",0,4)).
agent_(span("father",28,33),span("Bob",35,37)).
agent_(span("paid",10,13),span("Alice",0,4)).
amount_(span("paid",10,13),span(3200,16,19)).
patient_(span("paid",10,13),span("Bob",35,37)).
purpose_(span("paid",10,13),span("work",43,46)).
start_(span("paid",10,13),span(20170902,75,87)).
patient_(span("work",43,46),span("Alice",0,4)).
agent_(span("work",43,46),span("Bob",35,37)).
start_(span("work",43,46),span(20170201,58,70)).
end_(span("work",43,46),span(20170902,75,87)).
location_(span("work",43,46),span("Baltimore",93,101)).
location_(span("work",43,46),span("Maryland",104,111)).
location_(span("work",43,46),span("USA",114,116)).
s3306_c_5(span("work",43,46),"Alice","Bob",20170201).
2025-06-15 00:01:24,617 - INFO - [s3306_c_5_pos] Query:
s3306_c_5(span("work",43,46),"Alice","Bob",20170201).
2025-06-15 00:01:24,617 - INFO - [s3306_c_5_pos] Query result: {'truth': True}
2025-06-15 00:01:24,617 - INFO - [s3306_c_5_pos] Result: correct
2025-06-15 00:01:24,619 - INFO - [s3306_c_A_neg] Prolog code:
:- ['/Users/sophie/code/2025-mcm-llms-applied-in-law_context/data/sara_v3/statutes/prolog/section3306.pl'].
:- ['/Users/sophie/code/2025-mcm-llms-applied-in-law_context/data/sara_v3/statutes/prolog/utils.pl'].
:- ['/Users/sophie/code/2025-mcm-llms-applied-in-law_context/data/sara_v3/statutes/prolog/init.pl'].
:- [statutes/prolog/init].
payment_(span("paid",10,13)).
service_(span("work",32,35)).
agent_(span("paid",10,13),span("Alice",0,4)).
amount_(span("paid",10,13),span(3200,16,19)).
patient_(span("paid",10,13),span("Bob",24,26)).
purpose_(span("paid",10,13),span("work",32,35)).
start_(span("paid",10,13),span(20170902,64,76)).
patient_(span("work",32,35),span("Alice",0,4)).
agent_(span("work",32,35),span("Bob",24,26)).
start_(span("work",32,35),span(20170201,47,59)).
end_(span("work",32,35),span(20170902,64,76)).
location_(span("work",32,35),span("Toronto, Ontario, Canada",82,105)).
country_(span("Toronto, Ontario, Canada",82,105),span("Canada",100,105)).
\+ s3306_c_A(span("work",32,35),"Alice","Bob").
2025-06-15 00:01:24,867 - INFO - [s3306_c_A_neg] Query:
\+ s3306_c_A(span("work",32,35),"Alice","Bob").
2025-06-15 00:01:24,868 - INFO - [s3306_c_A_neg] Query result: {'truth': True}
2025-06-15 00:01:24,868 - INFO - [s3306_c_A_neg] Result: correct
2025-06-15 00:01:24,871 - INFO - [s3306_c_A_pos] Prolog code:
:- ['/Users/sophie/code/2025-mcm-llms-applied-in-law_context/data/sara_v3/statutes/prolog/section3306.pl'].
:- ['/Users/sophie/code/2025-mcm-llms-applied-in-law_context/data/sara_v3/statutes/prolog/utils.pl'].
:- ['/Users/sophie/code/2025-mcm-llms-applied-in-law_context/data/sara_v3/statutes/prolog/init.pl'].
:- [statutes/prolog/init].
payment_(span("paid",10,13)).
service_(span("work",32,35)).
agent_(span("paid",10,13),span("Alice",0,4)).
amount_(span("paid",10,13),span(3200,16,19)).
patient_(span("paid",10,13),span("Bob",24,26)).
purpose_(span("paid",10,13),span("work",32,35)).
start_(span("paid",10,13),span(20170902,64,76)).
patient_(span("work",32,35),span("Alice",0,4)).
agent_(span("work",32,35),span("Bob",24,26)).
start_(span("work",32,35),span(20170201,47,59)).
end_(span("work",32,35),span(20170902,64,76)).
location_(span("work",32,35),span("Baltimore, Maryland, USA",82,105)).
country_(span("Baltimore, Maryland, USA",82,105),span("USA",103,105)).
s3306_c_A(span("work",32,35),"Alice","Bob").
2025-06-15 00:01:25,018 - INFO - [s3306_c_A_pos] Query:
s3306_c_A(span("work",32,35),"Alice","Bob").
2025-06-15 00:01:25,018 - INFO - [s3306_c_A_pos] Query result: {'truth': True}
2025-06-15 00:01:25,018 - INFO - [s3306_c_A_pos] Result: correct
2025-06-15 00:01:25,020 - INFO - [s63_a_neg] Prolog code:
:- ['/Users/sophie/code/2025-mcm-llms-applied-in-law_context/data/sara_v3/statutes/prolog/section63.pl'].
:- ['/Users/sophie/code/2025-mcm-llms-applied-in-law_context/data/sara_v3/statutes/prolog/utils.pl'].
:- ['/Users/sophie/code/2025-mcm-llms-applied-in-law_context/data/sara_v3/statutes/prolog/init.pl'].
:- discontiguous s151/5.
:- discontiguous s63_c/3.
:- [statutes/prolog/init].
s63_c("Alice",2017,2000).
s151("Alice",4000,_,_,2017).
payment_(span("paid",19,22)).
patient_(span("paid",19,22),span("Alice",9,13)).
amount_(span("paid",19,22),span(33200,25,29)).
start_(span("paid",19,22),span(20170101,3,6)).
\+ s63_a("Alice",2017,31200,_,_).
2025-06-15 00:01:25,266 - INFO - [s63_a_neg] Query:
\+ s63_a("Alice",2017,31200,_,_).
2025-06-15 00:01:25,266 - INFO - [s63_a_neg] Query result: {'truth': True}
2025-06-15 00:01:25,267 - INFO - [s63_a_neg] Result: correct
2025-06-15 00:01:25,269 - INFO - [s63_a_pos] Prolog code:
:- ['/Users/sophie/code/2025-mcm-llms-applied-in-law_context/data/sara_v3/statutes/prolog/section63.pl'].
:- ['/Users/sophie/code/2025-mcm-llms-applied-in-law_context/data/sara_v3/statutes/prolog/utils.pl'].
:- ['/Users/sophie/code/2025-mcm-llms-applied-in-law_context/data/sara_v3/statutes/prolog/init.pl'].
:- discontiguous s151/5.
:- [statutes/prolog/init].
s151("Alice",2000,_,_,2017).
payment_(span("paid",19,22)).
deduction_(span("deduction",131,139)).
agent_(span("deduction",131,139),span("Alice",9,13)).
amount_(span("deduction",131,139),span(4252,145,148)).
start_(span("deduction",131,139),span(20170101,153,156)).
patient_(span("paid",19,22),span("Alice",9,13)).
amount_(span("paid",19,22),span(33200,25,29)).
start_(span("paid",19,22),span(20170101,3,6)).
s63_a("Alice",2017,26948,_,_).
2025-06-15 00:01:25,420 - INFO - [s63_a_pos] Query:
s63_a("Alice",2017,26948,_,_).
2025-06-15 00:01:25,420 - INFO - [s63_a_pos] Query result: {'truth': True}
2025-06-15 00:01:25,420 - INFO - [s63_a_pos] Result: correct
2025-06-15 00:01:25,422 - INFO - [s63_c_1_neg] Prolog code:
:- ['/Users/sophie/code/2025-mcm-llms-applied-in-law_context/data/sara_v3/statutes/prolog/section63.pl'].
:- ['/Users/sophie/code/2025-mcm-llms-applied-in-law_context/data/sara_v3/statutes/prolog/utils.pl'].
:- ['/Users/sophie/code/2025-mcm-llms-applied-in-law_context/data/sara_v3/statutes/prolog/init.pl'].
:- discontiguous s63_c_3/3.
:- discontiguous s63_c_2/3.
:- [statutes/prolog/init].
s63_c_2("Alice",2017,2000).
s63_c_3("Alice",3000,2017).
payment_(span("paid",19,22)).
patient_(span("paid",19,22),span("Alice",9,13)).
amount_(span("paid",19,22),span(33200,25,29)).
start_(span("paid",19,22),span(20170101,3,6)).
\+ s63_c_1("Alice",2017,4000).
2025-06-15 00:01:25,672 - INFO - [s63_c_1_neg] Query:
\+ s63_c_1("Alice",2017,4000).
2025-06-15 00:01:25,673 - INFO - [s63_c_1_neg] Query result: {'truth': True}
2025-06-15 00:01:25,674 - INFO - [s63_c_1_neg] Result: correct
2025-06-15 00:01:25,676 - INFO - [s63_c_1_pos] Prolog code:
:- ['/Users/sophie/code/2025-mcm-llms-applied-in-law_context/data/sara_v3/statutes/prolog/section63.pl'].
:- ['/Users/sophie/code/2025-mcm-llms-applied-in-law_context/data/sara_v3/statutes/prolog/utils.pl'].
:- ['/Users/sophie/code/2025-mcm-llms-applied-in-law_context/data/sara_v3/statutes/prolog/init.pl'].
:- discontiguous s63_c_2/3.
:- discontiguous s63_c_3/3.
:- [statutes/prolog/init].
s63_c_2("Alice",2017,2000).
s63_c_3("Alice",3000,2017).
payment_(span("paid",19,22)).
patient_(span("paid",19,22),span("Alice",9,13)).
amount_(span("paid",19,22),span(33200,25,29)).
start_(span("paid",19,22),span(20170101,3,6)).
s63_c_1("Alice",2017,5000).
2025-06-15 00:01:25,821 - INFO - [s63_c_1_pos] Query:
s63_c_1("Alice",2017,5000).
2025-06-15 00:01:25,821 - INFO - [s63_c_1_pos] Query result: {'truth': True}
2025-06-15 00:01:25,821 - INFO - [s63_c_1_pos] Result: correct
2025-06-15 00:01:25,823 - INFO - [s63_c_2_B_neg] Prolog code:
:- ['/Users/sophie/code/2025-mcm-llms-applied-in-law_context/data/sara_v3/statutes/prolog/section63.pl'].
:- ['/Users/sophie/code/2025-mcm-llms-applied-in-law_context/data/sara_v3/statutes/prolog/utils.pl'].
:- ['/Users/sophie/code/2025-mcm-llms-applied-in-law_context/data/sara_v3/statutes/prolog/init.pl'].
:- [statutes/prolog/init].
payment_(span("paid",19,22)).
marriage_(span("married",56,62)).
joint_return_(span("joint return",101,112)).
agent_(span("joint return",101,112),span("Alice",32,36)).
agent_(span("joint return",101,112),span("Bob",42,44)).
start_(span("joint return",101,112),span(20170101,118,121)).
agent_(span("married",56,62),span("Alice",32,36)).
agent_(span("married",56,62),span("Bob",42,44)).
start_(span("married",56,62),span(20170203,70,82)).
start_(span("paid",19,22),span(20170101,3,6)).
patient_(span("paid",19,22),span("Alice",9,13)).
amount_(span("paid",19,22),span(33200,25,29)).
\+ s63_c_2_B("Alice",2017,4400).
2025-06-15 00:01:26,072 - INFO - [s63_c_2_B_neg] Query:
\+ s63_c_2_B("Alice",2017,4400).
2025-06-15 00:01:26,073 - INFO - [s63_c_2_B_neg] Query result: {'truth': True}
2025-06-15 00:01:26,073 - INFO - [s63_c_2_B_neg] Result: correct
2025-06-15 00:01:26,075 - INFO - [s63_c_2_B_pos] Prolog code:
:- ['/Users/sophie/code/2025-mcm-llms-applied-in-law_context/data/sara_v3/statutes/prolog/section2.pl'].
:- ['/Users/sophie/code/2025-mcm-llms-applied-in-law_context/data/sara_v3/statutes/prolog/section63.pl'].
:- ['/Users/sophie/code/2025-mcm-llms-applied-in-law_context/data/sara_v3/statutes/prolog/utils.pl'].
:- ['/Users/sophie/code/2025-mcm-llms-applied-in-law_context/data/sara_v3/statutes/prolog/init.pl'].
:- discontiguous s2_b/3.
:- [statutes/prolog/init].
s2_b("Alice",_,2017).
payment_(span("paid",19,22)).
patient_(span("paid",19,22),span("Alice",9,13)).
amount_(span("paid",19,22),span(33200,25,29)).
start_(span("paid",19,22),span(20170101,3,6)).
s63_c_2_B("Alice",2017,4400).
2025-06-15 00:01:26,226 - INFO - [s63_c_2_B_pos] Query:
s63_c_2_B("Alice",2017,4400).
2025-06-15 00:01:26,226 - INFO - [s63_c_2_B_pos] Query result: {'truth': True}
2025-06-15 00:01:26,226 - INFO - [s63_c_2_B_pos] Result: correct
2025-06-15 00:01:26,227 - INFO - [s63_c_2_C_neg] Prolog code:
:- ['/Users/sophie/code/2025-mcm-llms-applied-in-law_context/data/sara_v3/statutes/prolog/section63.pl'].
:- ['/Users/sophie/code/2025-mcm-llms-applied-in-law_context/data/sara_v3/statutes/prolog/utils.pl'].
:- ['/Users/sophie/code/2025-mcm-llms-applied-in-law_context/data/sara_v3/statutes/prolog/init.pl'].
:- [statutes/prolog/init].
payment_(span("paid",19,22)).
marriage_(span("married",56,62)).
joint_return_(span("joint return",101,112)).
agent_(span("joint return",101,112),span("Alice",32,36)).
agent_(span("joint return",101,112),span("Bob",42,44)).
start_(span("joint return",101,112),span(20170101,118,121)).
agent_(span("married",56,62),span("Alice",32,36)).
agent_(span("married",56,62),span("Bob",42,44)).
start_(span("married",56,62),span(20170203,70,82)).
start_(span("paid",19,22),span(20170101,3,6)).
patient_(span("paid",19,22),span("Alice",9,13)).
amount_(span("paid",19,22),span(33200,25,29)).
\+ s63_c_2_C(2017,4400).
2025-06-15 00:01:26,464 - INFO - [s63_c_2_C_neg] Query:
\+ s63_c_2_C(2017,4400).
2025-06-15 00:01:26,465 - INFO - [s63_c_2_C_neg] Query result: {'truth': True}
2025-06-15 00:01:26,465 - INFO - [s63_c_2_C_neg] Result: correct
2025-06-15 00:01:26,466 - INFO - [s63_c_2_C_pos] Prolog code:
:- ['/Users/sophie/code/2025-mcm-llms-applied-in-law_context/data/sara_v3/statutes/prolog/section63.pl'].
:- ['/Users/sophie/code/2025-mcm-llms-applied-in-law_context/data/sara_v3/statutes/prolog/utils.pl'].
:- ['/Users/sophie/code/2025-mcm-llms-applied-in-law_context/data/sara_v3/statutes/prolog/init.pl'].
:- [statutes/prolog/init].
payment_(span("paid",19,22)).
marriage_(span("married",56,62)).
agent_(span("married",56,62),span("Alice",32,36)).
agent_(span("married",56,62),span("Bob",42,44)).
start_(span("married",56,62),span(20170203,70,82)).
start_(span("paid",19,22),span(20170101,3,6)).
patient_(span("paid",19,22),span("Alice",9,13)).
amount_(span("paid",19,22),span(33200,25,29)).
s63_c_2_C(2017,3000).
2025-06-15 00:01:26,607 - INFO - [s63_c_2_C_pos] Query:
s63_c_2_C(2017,3000).
2025-06-15 00:01:26,607 - INFO - [s63_c_2_C_pos] Query result: {'truth': True}
2025-06-15 00:01:26,608 - INFO - [s63_c_2_C_pos] Result: correct
2025-06-15 00:01:26,609 - INFO - [s63_c_3_neg] Prolog code:
:- ['/Users/sophie/code/2025-mcm-llms-applied-in-law_context/data/sara_v3/statutes/prolog/section63.pl'].
:- ['/Users/sophie/code/2025-mcm-llms-applied-in-law_context/data/sara_v3/statutes/prolog/utils.pl'].
:- ['/Users/sophie/code/2025-mcm-llms-applied-in-law_context/data/sara_v3/statutes/prolog/init.pl'].
:- discontiguous s63_f_1_B/3.
:- discontiguous s63_f_1_A/2.
:- [statutes/prolog/init].
s63_f_1_A("Alice",2017).
s63_f_1_B("Alice","Bob",2017).
payment_(span("paid",19,22)).
marriage_(span("married",56,62)).
agent_(span("married",56,62),span("Alice",32,36)).
agent_(span("married",56,62),span("Bob",42,44)).
start_(span("married",56,62),span(20170203,70,82)).
start_(span("paid",19,22),span(20170101,3,6)).
patient_(span("paid",19,22),span("Alice",9,13)).
amount_(span("paid",19,22),span(33200,25,29)).
\+ s63_c_3("Alice",300,2017).
2025-06-15 00:01:26,859 - INFO - [s63_c_3_neg] Query:
\+ s63_c_3("Alice",300,2017).
2025-06-15 00:01:26,859 - INFO - [s63_c_3_neg] Query result: {'truth': True}
2025-06-15 00:01:26,859 - INFO - [s63_c_3_neg] Result: correct
2025-06-15 00:01:26,862 - INFO - [s63_c_3_pos] Prolog code:
:- ['/Users/sophie/code/2025-mcm-llms-applied-in-law_context/data/sara_v3/statutes/prolog/section63.pl'].
:- ['/Users/sophie/code/2025-mcm-llms-applied-in-law_context/data/sara_v3/statutes/prolog/utils.pl'].
:- ['/Users/sophie/code/2025-mcm-llms-applied-in-law_context/data/sara_v3/statutes/prolog/init.pl'].
:- discontiguous s63_f_1_B/3.
:- discontiguous s63_f_1_A/2.
:- [statutes/prolog/init].
s63_f_1_A("Alice",2017).
s63_f_1_B("Alice","Bob",2017).
payment_(span("paid",19,22)).
marriage_(span("married",56,62)).
agent_(span("married",56,62),span("Alice",32,36)).
agent_(span("married",56,62),span("Bob",42,44)).
start_(span("married",56,62),span(20170203,70,82)).
start_(span("paid",19,22),span(20170101,3,6)).
patient_(span("paid",19,22),span("Alice",9,13)).
amount_(span("paid",19,22),span(33200,25,29)).
s63_c_3("Alice",1200,2017).
2025-06-15 00:01:26,989 - INFO - [s63_c_3_pos] Query:
s63_c_3("Alice",1200,2017).
2025-06-15 00:01:26,989 - INFO - [s63_c_3_pos] Query result: {'truth': True}
2025-06-15 00:01:26,989 - INFO - [s63_c_3_pos] Result: correct
2025-06-15 00:01:26,990 - INFO - [s63_c_5_neg] Prolog code:
:- ['/Users/sophie/code/2025-mcm-llms-applied-in-law_context/data/sara_v3/statutes/prolog/section63.pl'].
:- ['/Users/sophie/code/2025-mcm-llms-applied-in-law_context/data/sara_v3/statutes/prolog/utils.pl'].
:- ['/Users/sophie/code/2025-mcm-llms-applied-in-law_context/data/sara_v3/statutes/prolog/init.pl'].
:- [statutes/prolog/init].
payment_(span("paid",19,22)).
marriage_(span("married",56,62)).
payment_(span("earned",89,94)).
agent_(span("married",56,62),span("Alice",32,36)).
agent_(span("married",56,62),span("Bob",42,44)).
start_(span("married",56,62),span(20170203,70,82)).
patient_(span("earned",89,94),span("Bob",85,87)).
amount_(span("earned",89,94),span(10,97,98)).
start_(span("earned",89,94),span(20170101,103,106)).
start_(span("paid",19,22),span(20170101,3,6)).
patient_(span("paid",19,22),span("Alice",9,13)).
amount_(span("paid",19,22),span(33200,25,29)).
\+ s63_c_5("Bob",_,_,2017,_).
2025-06-15 00:01:27,232 - INFO - [s63_c_5_neg] Query:
\+ s63_c_5("Bob",_,_,2017,_).
2025-06-15 00:01:27,233 - INFO - [s63_c_5_neg] Query result: {'truth': True}
2025-06-15 00:01:27,233 - INFO - [s63_c_5_neg] Result: correct
2025-06-15 00:01:27,235 - INFO - [s63_c_5_pos] Prolog code:
:- ['/Users/sophie/code/2025-mcm-llms-applied-in-law_context/data/sara_v3/statutes/prolog/section151.pl'].
:- ['/Users/sophie/code/2025-mcm-llms-applied-in-law_context/data/sara_v3/statutes/prolog/section63.pl'].
:- ['/Users/sophie/code/2025-mcm-llms-applied-in-law_context/data/sara_v3/statutes/prolog/utils.pl'].
:- ['/Users/sophie/code/2025-mcm-llms-applied-in-law_context/data/sara_v3/statutes/prolog/init.pl'].
:- discontiguous s151_b_applies/3.
:- [statutes/prolog/init].
s151_b_applies("Alice","Bob",2017).
payment_(span("paid",19,22)).
marriage_(span("married",56,62)).
agent_(span("married",56,62),span("Alice",32,36)).
agent_(span("married",56,62),span("Bob",42,44)).
start_(span("married",56,62),span(20170203,70,82)).
start_(span("paid",19,22),span(20170101,3,6)).
patient_(span("paid",19,22),span("Alice",9,13)).
amount_(span("paid",19,22),span(33200,25,29)).
s63_c_5("Bob",_,_,2017,500).
2025-06-15 00:01:27,390 - INFO - [s63_c_5_pos] Query:
s63_c_5("Bob",_,_,2017,500).
2025-06-15 00:01:27,390 - INFO - [s63_c_5_pos] Query result: {'truth': True}
2025-06-15 00:01:27,390 - INFO - [s63_c_5_pos] Result: correct
2025-06-15 00:01:27,392 - INFO - [s63_c_6_A_neg] Prolog code:
:- ['/Users/sophie/code/2025-mcm-llms-applied-in-law_context/data/sara_v3/statutes/prolog/section63.pl'].
:- ['/Users/sophie/code/2025-mcm-llms-applied-in-law_context/data/sara_v3/statutes/prolog/utils.pl'].
:- ['/Users/sophie/code/2025-mcm-llms-applied-in-law_context/data/sara_v3/statutes/prolog/init.pl'].
:- [statutes/prolog/init].
payment_(span("paid",19,22)).
marriage_(span("married",56,62)).
joint_return_(span("joint return",106,117)).
agent_(span("joint return",106,117),span("Bob",85,87)).
agent_(span("joint return",106,117),span("Alice",93,97)).
start_(span("joint return",106,117),span(20170101,123,126)).
agent_(span("married",56,62),span("Alice",32,36)).
agent_(span("married",56,62),span("Bob",42,44)).
start_(span("married",56,62),span(20170203,70,82)).
start_(span("paid",19,22),span(20170101,3,6)).
patient_(span("paid",19,22),span("Alice",9,13)).
amount_(span("paid",19,22),span(33200,25,29)).
\+ s63_c_6_A("Alice",_,_,2017).
2025-06-15 00:01:27,642 - INFO - [s63_c_6_A_neg] Query:
\+ s63_c_6_A("Alice",_,_,2017).
2025-06-15 00:01:27,643 - INFO - [s63_c_6_A_neg] Query result: {'truth': True}
2025-06-15 00:01:27,643 - INFO - [s63_c_6_A_neg] Result: correct
2025-06-15 00:01:27,644 - INFO - [s63_c_6_A_pos] Prolog code:
:- ['/Users/sophie/code/2025-mcm-llms-applied-in-law_context/data/sara_v3/statutes/prolog/section63.pl'].
:- ['/Users/sophie/code/2025-mcm-llms-applied-in-law_context/data/sara_v3/statutes/prolog/utils.pl'].
:- ['/Users/sophie/code/2025-mcm-llms-applied-in-law_context/data/sara_v3/statutes/prolog/init.pl'].
:- [statutes/prolog/init].
payment_(span("paid",19,22)).
marriage_(span("married",56,62)).
deduction_(span("deduction",112,120)).
start_(span("deduction",112,120),span(20170101,134,137)).
agent_(span("deduction",112,120),span("Bob",85,87)).
agent_(span("married",56,62),span("Alice",32,36)).
agent_(span("married",56,62),span("Bob",42,44)).
start_(span("married",56,62),span(20170203,70,82)).
start_(span("paid",19,22),span(20170101,3,6)).
patient_(span("paid",19,22),span("Alice",9,13)).
amount_(span("paid",19,22),span(33200,25,29)).
s63_c_6_A("Alice",_,_,2017).
2025-06-15 00:01:27,792 - INFO - [s63_c_6_A_pos] Query:
s63_c_6_A("Alice",_,_,2017).
2025-06-15 00:01:27,792 - INFO - [s63_c_6_A_pos] Query result: {'truth': True}
2025-06-15 00:01:27,792 - INFO - [s63_c_6_A_pos] Result: correct
2025-06-15 00:01:27,794 - INFO - [s63_c_7_ii_neg] Prolog code:
:- ['/Users/sophie/code/2025-mcm-llms-applied-in-law_context/data/sara_v3/statutes/prolog/section63.pl'].
:- ['/Users/sophie/code/2025-mcm-llms-applied-in-law_context/data/sara_v3/statutes/prolog/utils.pl'].
:- ['/Users/sophie/code/2025-mcm-llms-applied-in-law_context/data/sara_v3/statutes/prolog/init.pl'].
:- [statutes/prolog/init].
payment_(span("paid",19,22)).
marriage_(span("married",56,62)).
agent_(span("married",56,62),span("Alice",32,36)).
agent_(span("married",56,62),span("Bob",42,44)).
start_(span("married",56,62),span(20190203,70,82)).
start_(span("paid",19,22),span(20190101,3,6)).
patient_(span("paid",19,22),span("Alice",9,13)).
amount_(span("paid",19,22),span(33200,25,29)).
\+ s63_c_7_ii(2019,3000).
2025-06-15 00:01:28,042 - INFO - [s63_c_7_ii_neg] Query:
\+ s63_c_7_ii(2019,3000).
2025-06-15 00:01:28,042 - INFO - [s63_c_7_ii_neg] Query result: {'truth': True}
2025-06-15 00:01:28,042 - INFO - [s63_c_7_ii_neg] Result: correct
2025-06-15 00:01:28,043 - INFO - [s63_c_7_ii_pos] Prolog code:
:- ['/Users/sophie/code/2025-mcm-llms-applied-in-law_context/data/sara_v3/statutes/prolog/section63.pl'].
:- ['/Users/sophie/code/2025-mcm-llms-applied-in-law_context/data/sara_v3/statutes/prolog/utils.pl'].
:- ['/Users/sophie/code/2025-mcm-llms-applied-in-law_context/data/sara_v3/statutes/prolog/init.pl'].
:- [statutes/prolog/init].
payment_(span("paid",19,22)).
marriage_(span("married",56,62)).
agent_(span("married",56,62),span("Alice",32,36)).
agent_(span("married",56,62),span("Bob",42,44)).
start_(span("married",56,62),span(20190203,70,82)).
start_(span("paid",19,22),span(20190101,3,6)).
patient_(span("paid",19,22),span("Alice",9,13)).
amount_(span("paid",19,22),span(33200,25,29)).
s63_c_7_ii(2019,12000).
2025-06-15 00:01:28,191 - INFO - [s63_c_7_ii_pos] Query:
s63_c_7_ii(2019,12000).
2025-06-15 00:01:28,192 - INFO - [s63_c_7_ii_pos] Query result: {'truth': True}
2025-06-15 00:01:28,192 - INFO - [s63_c_7_ii_pos] Result: correct
2025-06-15 00:01:28,193 - INFO - [s63_d_2_neg] Prolog code:
:- ['/Users/sophie/code/2025-mcm-llms-applied-in-law_context/data/sara_v3/statutes/prolog/section63.pl'].
:- ['/Users/sophie/code/2025-mcm-llms-applied-in-law_context/data/sara_v3/statutes/prolog/utils.pl'].
:- ['/Users/sophie/code/2025-mcm-llms-applied-in-law_context/data/sara_v3/statutes/prolog/init.pl'].
:- discontiguous s63_c_3/3.
:- [statutes/prolog/init].
s63_c_3("Alice",1200,2017).
payment_(span("paid",19,22)).
patient_(span("paid",19,22),span("Alice",9,13)).
amount_(span("paid",19,22),span(33200,25,29)).
start_(span("paid",19,22),span(20170101,3,6)).
\+ s63_d_2("Alice",[1200],2017).
2025-06-15 00:01:28,432 - INFO - [s63_d_2_neg] Query:
\+ s63_d_2("Alice",[1200],2017).
2025-06-15 00:01:28,433 - INFO - [s63_d_2_neg] Query result: {'truth': True}
2025-06-15 00:01:28,433 - INFO - [s63_d_2_neg] Result: correct
2025-06-15 00:01:28,435 - INFO - [s63_d_2_pos] Prolog code:
:- ['/Users/sophie/code/2025-mcm-llms-applied-in-law_context/data/sara_v3/statutes/prolog/section63.pl'].
:- ['/Users/sophie/code/2025-mcm-llms-applied-in-law_context/data/sara_v3/statutes/prolog/utils.pl'].
:- ['/Users/sophie/code/2025-mcm-llms-applied-in-law_context/data/sara_v3/statutes/prolog/init.pl'].
:- discontiguous s151/5.
s151("Alice",2000,["Alice"],_,2017).
payment_(span("paid",19,22)).
patient_(span("paid",19,22),span("Alice",9,13)).
amount_(span("paid",19,22),span(33200,25,29)).
start_(span("paid",19,22),span(20170101,3,6)).
s63_d_2("Alice",[2000],2017).
2025-06-15 00:01:28,479 - INFO - [s63_d_2_pos] Query:
s63_d_2("Alice",[2000],2017).
2025-06-15 00:01:28,479 - INFO - [s63_d_2_pos] Query result: {'truth': True}
2025-06-15 00:01:28,479 - INFO - [s63_d_2_pos] Result: correct
2025-06-15 00:01:28,480 - INFO - [s63_d_neg] Prolog code:
:- ['/Users/sophie/code/2025-mcm-llms-applied-in-law_context/data/sara_v3/statutes/prolog/section151.pl'].
:- ['/Users/sophie/code/2025-mcm-llms-applied-in-law_context/data/sara_v3/statutes/prolog/section63.pl'].
:- ['/Users/sophie/code/2025-mcm-llms-applied-in-law_context/data/sara_v3/statutes/prolog/utils.pl'].
:- ['/Users/sophie/code/2025-mcm-llms-applied-in-law_context/data/sara_v3/statutes/prolog/init.pl'].
:- discontiguous s151_b/3.
:- [statutes/prolog/init].
s151_b("Alice",2000,2017).
payment_(span("paid",19,22)).
patient_(span("paid",19,22),span("Alice",9,13)).
amount_(span("paid",19,22),span(33200,25,29)).
start_(span("paid",19,22),span(20170101,3,6)).
\+ s63_d("Alice",_,_,2017).
2025-06-15 00:01:28,716 - INFO - [s63_d_neg] Query:
\+ s63_d("Alice",_,_,2017).
2025-06-15 00:01:28,717 - INFO - [s63_d_neg] Query result: {'truth': True}
2025-06-15 00:01:28,717 - INFO - [s63_d_neg] Result: correct
2025-06-15 00:01:28,719 - INFO - [s63_d_pos] Prolog code:
:- ['/Users/sophie/code/2025-mcm-llms-applied-in-law_context/data/sara_v3/statutes/prolog/section63.pl'].
:- ['/Users/sophie/code/2025-mcm-llms-applied-in-law_context/data/sara_v3/statutes/prolog/utils.pl'].
:- ['/Users/sophie/code/2025-mcm-llms-applied-in-law_context/data/sara_v3/statutes/prolog/init.pl'].
:- [statutes/prolog/init].
payment_(span("paid",19,22)).
deduction_(span("deduction",49,57)).
agent_(span("deduction",49,57),span("Alice",9,13)).
amount_(span("deduction",49,57),span(1200,63,66)).
start_(span("deduction",49,57),span(20170101,81,84)).
patient_(span("paid",19,22),span("Alice",9,13)).
amount_(span("paid",19,22),span(33200,25,29)).
start_(span("paid",19,22),span(20170101,3,6)).
s63_d("Alice",_,_,2017).
2025-06-15 00:01:28,866 - INFO - [s63_d_pos] Query:
s63_d("Alice",_,_,2017).
2025-06-15 00:01:28,866 - INFO - [s63_d_pos] Query result: {'truth': True}
2025-06-15 00:01:28,866 - INFO - [s63_d_pos] Result: correct
2025-06-15 00:01:28,868 - INFO - [s63_f_1_B_neg] Prolog code:
:- ['/Users/sophie/code/2025-mcm-llms-applied-in-law_context/data/sara_v3/statutes/prolog/section151.pl'].
:- ['/Users/sophie/code/2025-mcm-llms-applied-in-law_context/data/sara_v3/statutes/prolog/section63.pl'].
:- ['/Users/sophie/code/2025-mcm-llms-applied-in-law_context/data/sara_v3/statutes/prolog/utils.pl'].
:- ['/Users/sophie/code/2025-mcm-llms-applied-in-law_context/data/sara_v3/statutes/prolog/init.pl'].
:- discontiguous s151_b_applies/3.
:- [statutes/prolog/init].
s151_b_applies("Alice","Bob",2017).
payment_(span("paid",19,22)).
marriage_(span("married",56,62)).
birth_(span("born",95,98)).
birth_(span("born",128,131)).
agent_(span("born",95,98),span("Alice",85,89)).
start_(span("born",95,98),span(19500302,100,114)).
agent_(span("born",128,131),span("Bob",120,122)).
start_(span("born",128,131),span(19550303,133,147)).
agent_(span("married",56,62),span("Alice",32,36)).
agent_(span("married",56,62),span("Bob",42,44)).
start_(span("married",56,62),span(20170203,70,82)).
start_(span("paid",19,22),span(20170101,3,6)).
patient_(span("paid",19,22),span("Alice",9,13)).
amount_(span("paid",19,22),span(33200,25,29)).
\+ s63_f_1_B("Alice","Bob",2017).
2025-06-15 00:01:29,117 - INFO - [s63_f_1_B_neg] Query:
\+ s63_f_1_B("Alice","Bob",2017).
2025-06-15 00:01:29,118 - INFO - [s63_f_1_B_neg] Query result: {'truth': True}
2025-06-15 00:01:29,118 - INFO - [s63_f_1_B_neg] Result: correct
2025-06-15 00:01:29,119 - INFO - [s63_f_1_B_pos] Prolog code:
:- ['/Users/sophie/code/2025-mcm-llms-applied-in-law_context/data/sara_v3/statutes/prolog/section151.pl'].
:- ['/Users/sophie/code/2025-mcm-llms-applied-in-law_context/data/sara_v3/statutes/prolog/section63.pl'].
:- ['/Users/sophie/code/2025-mcm-llms-applied-in-law_context/data/sara_v3/statutes/prolog/utils.pl'].
:- ['/Users/sophie/code/2025-mcm-llms-applied-in-law_context/data/sara_v3/statutes/prolog/init.pl'].
:- discontiguous s151_b_applies/3.
s151_b_applies("Bob","Alice",2017).
payment_(span("paid",19,22)).
marriage_(span("married",56,62)).
birth_(span("born",95,98)).
birth_(span("born",128,131)).
agent_(span("born",95,98),span("Alice",85,89)).
start_(span("born",95,98),span(19500302,100,114)).
agent_(span("born",128,131),span("Bob",120,122)).
start_(span("born",128,131),span(19550303,133,147)).
agent_(span("married",56,62),span("Alice",32,36)).
agent_(span("married",56,62),span("Bob",42,44)).
start_(span("married",56,62),span(20170203,70,82)).
start_(span("paid",19,22),span(20170101,3,6)).
patient_(span("paid",19,22),span("Alice",9,13)).
amount_(span("paid",19,22),span(33200,25,29)).
s63_f_1_B("Bob","Alice",2017).
2025-06-15 00:01:29,165 - INFO - [s63_f_1_B_pos] Query:
s63_f_1_B("Bob","Alice",2017).
2025-06-15 00:01:29,165 - INFO - [s63_f_1_B_pos] Query result: {'truth': True}
2025-06-15 00:01:29,165 - INFO - [s63_f_1_B_pos] Result: correct
2025-06-15 00:01:29,165 - INFO - [s63_f_2_A_neg] Prolog code:
:- ['/Users/sophie/code/2025-mcm-llms-applied-in-law_context/data/sara_v3/statutes/prolog/section63.pl'].
:- ['/Users/sophie/code/2025-mcm-llms-applied-in-law_context/data/sara_v3/statutes/prolog/utils.pl'].
:- ['/Users/sophie/code/2025-mcm-llms-applied-in-law_context/data/sara_v3/statutes/prolog/init.pl'].
:- [statutes/prolog/init].
payment_(span("paid",19,22)).
marriage_(span("married",56,62)).
blindness_(span("blind",145,149)).
agent_(span("blind",145,149),span("Alice",130,134)).
start_(span("blind",145,149),span(20150419,157,170)).
agent_(span("married",56,62),span("Alice",32,36)).
agent_(span("married",56,62),span("Bob",42,44)).
start_(span("married",56,62),span(20170203,70,82)).
start_(span("paid",19,22),span(20170101,3,6)).
patient_(span("paid",19,22),span("Alice",9,13)).
amount_(span("paid",19,22),span(33200,25,29)).
\+ s63_f_2_A("Bob",2017).
2025-06-15 00:01:29,401 - INFO - [s63_f_2_A_neg] Query:
\+ s63_f_2_A("Bob",2017).
2025-06-15 00:01:29,402 - INFO - [s63_f_2_A_neg] Query result: {'truth': True}
2025-06-15 00:01:29,402 - INFO - [s63_f_2_A_neg] Result: correct
2025-06-15 00:01:29,404 - INFO - [s63_f_2_A_pos] Prolog code:
:- ['/Users/sophie/code/2025-mcm-llms-applied-in-law_context/data/sara_v3/statutes/prolog/section63.pl'].
:- ['/Users/sophie/code/2025-mcm-llms-applied-in-law_context/data/sara_v3/statutes/prolog/utils.pl'].
:- ['/Users/sophie/code/2025-mcm-llms-applied-in-law_context/data/sara_v3/statutes/prolog/init.pl'].
:- [statutes/prolog/init].
payment_(span("paid",19,22)).
marriage_(span("married",56,62)).
blindness_(span("blind",100,104)).
agent_(span("blind",100,104),span("Alice",85,89)).
start_(span("blind",100,104),span(20160320,112,125)).
agent_(span("married",56,62),span("Alice",32,36)).
agent_(span("married",56,62),span("Bob",42,44)).
start_(span("married",56,62),span(20170203,70,82)).
start_(span("paid",19,22),span(20170101,3,6)).
patient_(span("paid",19,22),span("Alice",9,13)).
amount_(span("paid",19,22),span(33200,25,29)).
s63_f_2_A("Alice",2017).
2025-06-15 00:01:29,549 - INFO - [s63_f_2_A_pos] Query:
s63_f_2_A("Alice",2017).
2025-06-15 00:01:29,549 - INFO - [s63_f_2_A_pos] Query result: {'truth': True}
2025-06-15 00:01:29,549 - INFO - [s63_f_2_A_pos] Result: correct
2025-06-15 00:01:29,550 - INFO - [s63_f_3_neg] Prolog code:
:- ['/Users/sophie/code/2025-mcm-llms-applied-in-law_context/data/sara_v3/statutes/prolog/section63.pl'].
:- ['/Users/sophie/code/2025-mcm-llms-applied-in-law_context/data/sara_v3/statutes/prolog/utils.pl'].
:- ['/Users/sophie/code/2025-mcm-llms-applied-in-law_context/data/sara_v3/statutes/prolog/init.pl'].
payment_(span("paid",19,22)).
birth_(span("born",42,45)).
birth_(span("born",75,78)).
agent_(span("born",42,45),span("Alice",32,36)).
start_(span("born",42,45),span(19500302,47,61)).
agent_(span("born",75,78),span("Bob",67,69)).
start_(span("born",75,78),span(19550303,80,94)).
start_(span("paid",19,22),span(20170101,3,6)).
patient_(span("paid",19,22),span("Alice",9,13)).
amount_(span("paid",19,22),span(33200,25,29)).
\+ s63_f_3("Alice",2017,600).
2025-06-15 00:01:29,693 - INFO - [s63_f_3_neg] Query:
\+ s63_f_3("Alice",2017,600).
2025-06-15 00:01:29,694 - INFO - [s63_f_3_neg] Query result: {'truth': True}
2025-06-15 00:01:29,694 - INFO - [s63_f_3_neg] Result: correct
2025-06-15 00:01:29,696 - INFO - [s63_f_3_pos] Prolog code:
:- ['/Users/sophie/code/2025-mcm-llms-applied-in-law_context/data/sara_v3/statutes/prolog/section63.pl'].
:- ['/Users/sophie/code/2025-mcm-llms-applied-in-law_context/data/sara_v3/statutes/prolog/utils.pl'].
:- ['/Users/sophie/code/2025-mcm-llms-applied-in-law_context/data/sara_v3/statutes/prolog/init.pl'].
:- [statutes/prolog/init].
payment_(span("paid",19,22)).
birth_(span("born",42,45)).
birth_(span("born",75,78)).
agent_(span("born",42,45),span("Alice",32,36)).
start_(span("born",42,45),span(19500302,47,61)).
agent_(span("born",75,78),span("Bob",67,69)).
start_(span("born",75,78),span(19550303,80,94)).
start_(span("paid",19,22),span(20170101,3,6)).
patient_(span("paid",19,22),span("Alice",9,13)).
amount_(span("paid",19,22),span(33200,25,29)).
s63_f_3("Alice",2017,750).
2025-06-15 00:01:29,841 - INFO - [s63_f_3_pos] Query:
s63_f_3("Alice",2017,750).
2025-06-15 00:01:29,841 - INFO - [s63_f_3_pos] Query result: {'truth': True}
2025-06-15 00:01:29,842 - INFO - [s63_f_3_pos] Result: correct
2025-06-15 00:01:29,843 - INFO - [s68_a_1_neg] Prolog code:
:- ['/Users/sophie/code/2025-mcm-llms-applied-in-law_context/data/sara_v3/statutes/prolog/section2.pl'].
:- ['/Users/sophie/code/2025-mcm-llms-applied-in-law_context/data/sara_v3/statutes/prolog/section68.pl'].
:- ['/Users/sophie/code/2025-mcm-llms-applied-in-law_context/data/sara_v3/statutes/prolog/utils.pl'].
:- ['/Users/sophie/code/2025-mcm-llms-applied-in-law_context/data/sara_v3/statutes/prolog/init.pl'].
:- discontiguous s2_b/3.
:- [statutes/prolog/init].
s2_b("Alice",_,2016).
income_(span("income",17,22)).
agent_(span("income",17,22),span("Alice",9,13)).
amount_(span("income",17,22),span(267192,29,34)).
start_(span("income",17,22),span(20160101,3,6)).
\+ ( s68_b("Alice",Applicable_amount,2016), gross_income("Alice",2016,Gross_income), s68_a_1(Gross_income,Applicable_amount,306) ).
2025-06-15 00:01:30,090 - INFO - [s68_a_1_neg] Query:
\+ ( s68_b("Alice",Applicable_amount,2016), gross_income("Alice",2016,Gross_income), s68_a_1(Gross_income,Applicable_amount,306) ).
2025-06-15 00:01:30,092 - ERROR - Error processing case s68_a_1_neg: '$c_call_prolog'/0: Arguments are not sufficiently instantiated
2025-06-15 00:01:30,094 - INFO - [s68_a_1_pos] Prolog code:
:- ['/Users/sophie/code/2025-mcm-llms-applied-in-law_context/data/sara_v3/statutes/prolog/section2.pl'].
:- ['/Users/sophie/code/2025-mcm-llms-applied-in-law_context/data/sara_v3/statutes/prolog/section68.pl'].
:- ['/Users/sophie/code/2025-mcm-llms-applied-in-law_context/data/sara_v3/statutes/prolog/utils.pl'].
:- ['/Users/sophie/code/2025-mcm-llms-applied-in-law_context/data/sara_v3/statutes/prolog/init.pl'].
:- discontiguous s2_a/3.
:- [statutes/prolog/init].
s2_a("Alice",_,2016).
income_(span("income",17,22)).
agent_(span("income",17,22),span("Alice",9,13)).
amount_(span("income",17,22),span(310192,29,34)).
start_(span("income",17,22),span(20160101,3,6)).
s68_b("Alice",Applicable_amount,2016), gross_income("Alice",2016,Gross_income), s68_a_1(Gross_income,Applicable_amount,306).
2025-06-15 00:01:30,350 - INFO - [s68_a_1_pos] Query:
s68_b("Alice",Applicable_amount,2016), gross_income("Alice",2016,Gross_income), s68_a_1(Gross_income,Applicable_amount,306).
2025-06-15 00:01:30,350 - INFO - [s68_a_1_pos] Query result: {'truth': True, 'Gross_income': 310192, 'Applicable_amount': 300000}
2025-06-15 00:01:30,350 - INFO - [s68_a_1_pos] Result: correct
2025-06-15 00:01:30,352 - INFO - [s68_b_1_A_neg] Prolog code:
:- ['/Users/sophie/code/2025-mcm-llms-applied-in-law_context/data/sara_v3/statutes/prolog/section68.pl'].
:- ['/Users/sophie/code/2025-mcm-llms-applied-in-law_context/data/sara_v3/statutes/prolog/utils.pl'].
:- ['/Users/sophie/code/2025-mcm-llms-applied-in-law_context/data/sara_v3/statutes/prolog/init.pl'].
:- discontiguous s7703/4.
:- [statutes/prolog/init].
s7703("Alice",_,_,2016).
income_(span("income",17,22)).
agent_(span("income",17,22),span("Alice",9,13)).
amount_(span("income",17,22),span(567192,29,34)).
start_(span("income",17,22),span(20160101,3,6)).
\+ s68_b_1_A("Alice",_,_,_,2016).
2025-06-15 00:01:30,596 - INFO - [s68_b_1_A_neg] Query:
\+ s68_b_1_A("Alice",_,_,_,2016).
2025-06-15 00:01:30,597 - INFO - [s68_b_1_A_neg] Query result: {'truth': True}
2025-06-15 00:01:30,597 - INFO - [s68_b_1_A_neg] Result: correct
2025-06-15 00:01:30,599 - INFO - [s68_b_1_A_pos] Prolog code:
:- ['/Users/sophie/code/2025-mcm-llms-applied-in-law_context/data/sara_v3/statutes/prolog/section2.pl'].
:- ['/Users/sophie/code/2025-mcm-llms-applied-in-law_context/data/sara_v3/statutes/prolog/section68.pl'].
:- ['/Users/sophie/code/2025-mcm-llms-applied-in-law_context/data/sara_v3/statutes/prolog/utils.pl'].
:- ['/Users/sophie/code/2025-mcm-llms-applied-in-law_context/data/sara_v3/statutes/prolog/init.pl'].
:- discontiguous s2_a/3.
:- [statutes/prolog/init].
s2_a("Alice",_,2016).
income_(span("income",17,22)).
agent_(span("income",17,22),span("Alice",9,13)).
amount_(span("income",17,22),span(567192,29,34)).
start_(span("income",17,22),span(20160101,3,6)).
s68_b_1_A("Alice",_,"Alice",300000,2016).
2025-06-15 00:01:30,748 - INFO - [s68_b_1_A_pos] Query:
s68_b_1_A("Alice",_,"Alice",300000,2016).
2025-06-15 00:01:30,749 - INFO - [s68_b_1_A_pos] Query result: {'truth': True}
2025-06-15 00:01:30,749 - INFO - [s68_b_1_A_pos] Result: correct
2025-06-15 00:01:30,750 - INFO - [s68_b_1_D_neg] Prolog code:
:- ['/Users/sophie/code/2025-mcm-llms-applied-in-law_context/data/sara_v3/statutes/prolog/section2.pl'].
:- ['/Users/sophie/code/2025-mcm-llms-applied-in-law_context/data/sara_v3/statutes/prolog/section68.pl'].
:- ['/Users/sophie/code/2025-mcm-llms-applied-in-law_context/data/sara_v3/statutes/prolog/utils.pl'].
:- ['/Users/sophie/code/2025-mcm-llms-applied-in-law_context/data/sara_v3/statutes/prolog/init.pl'].
:- discontiguous s2_a/3.
:- [statutes/prolog/init].
s2_a("Alice",_,2016).
income_(span("income",17,22)).
start_(span("income",17,22),span(20160101,3,6)).
agent_(span("income",17,22),span("Alice",9,13)).
amount_(span("income",17,22),span(567192,29,34)).
\+ s68_b_1_D("Alice",150000,2016).
2025-06-15 00:01:31,000 - INFO - [s68_b_1_D_neg] Query:
\+ s68_b_1_D("Alice",150000,2016).
2025-06-15 00:01:31,001 - INFO - [s68_b_1_D_neg] Query result: {'truth': True}
2025-06-15 00:01:31,001 - INFO - [s68_b_1_D_neg] Result: correct
2025-06-15 00:01:31,004 - INFO - [s68_b_1_D_pos] Prolog code:
:- ['/Users/sophie/code/2025-mcm-llms-applied-in-law_context/data/sara_v3/statutes/prolog/section68.pl'].
:- ['/Users/sophie/code/2025-mcm-llms-applied-in-law_context/data/sara_v3/statutes/prolog/utils.pl'].
:- ['/Users/sophie/code/2025-mcm-llms-applied-in-law_context/data/sara_v3/statutes/prolog/init.pl'].
:- discontiguous s7703/4.
:- [statutes/prolog/init].
s7703("Alice",_,_,2016).
income_(span("income",17,22)).
agent_(span("income",17,22),span("Alice",9,13)).
amount_(span("income",17,22),span(567192,29,34)).
start_(span("income",17,22),span(20160101,3,6)).
s68_b_1_D("Alice",150000,2016).
2025-06-15 00:01:31,152 - INFO - [s68_b_1_D_pos] Query:
s68_b_1_D("Alice",150000,2016).
2025-06-15 00:01:31,152 - INFO - [s68_b_1_D_pos] Query result: {'truth': True}
2025-06-15 00:01:31,152 - INFO - [s68_b_1_D_pos] Result: correct
2025-06-15 00:01:31,155 - INFO - [s68_f_neg] Prolog code:
:- ['/Users/sophie/code/2025-mcm-llms-applied-in-law_context/data/sara_v3/statutes/prolog/section2.pl'].
:- ['/Users/sophie/code/2025-mcm-llms-applied-in-law_context/data/sara_v3/statutes/prolog/section68.pl'].
:- ['/Users/sophie/code/2025-mcm-llms-applied-in-law_context/data/sara_v3/statutes/prolog/utils.pl'].
:- ['/Users/sophie/code/2025-mcm-llms-applied-in-law_context/data/sara_v3/statutes/prolog/init.pl'].
:- discontiguous s2_a/3.
:- [statutes/prolog/init].
s2_a("Alice",_,2014).
income_(span("income",17,22)).
agent_(span("income",17,22),span("Alice",9,13)).
amount_(span("income",17,22),span(310192,29,34)).
start_(span("income",17,22),span(20140101,3,6)).
\+ s68_f(2014).
2025-06-15 00:01:31,405 - INFO - [s68_f_neg] Query:
\+ s68_f(2014).
2025-06-15 00:01:31,406 - INFO - [s68_f_neg] Query result: {'truth': True}
2025-06-15 00:01:31,406 - INFO - [s68_f_neg] Result: correct
2025-06-15 00:01:31,408 - INFO - [s68_f_pos] Prolog code:
:- ['/Users/sophie/code/2025-mcm-llms-applied-in-law_context/data/sara_v3/statutes/prolog/section2.pl'].
:- ['/Users/sophie/code/2025-mcm-llms-applied-in-law_context/data/sara_v3/statutes/prolog/section68.pl'].
:- ['/Users/sophie/code/2025-mcm-llms-applied-in-law_context/data/sara_v3/statutes/prolog/utils.pl'].
:- ['/Users/sophie/code/2025-mcm-llms-applied-in-law_context/data/sara_v3/statutes/prolog/init.pl'].
:- discontiguous s2_a/3.
:- [statutes/prolog/init].
s2_a("Alice",_,2018).
income_(span("income",17,22)).
agent_(span("income",17,22),span("Alice",9,13)).
amount_(span("income",17,22),span(310192,29,34)).
start_(span("income",17,22),span(20180101,3,6)).
s68_f(2018).
2025-06-15 00:01:31,556 - INFO - [s68_f_pos] Query:
s68_f(2018).
2025-06-15 00:01:31,557 - INFO - [s68_f_pos] Query result: {'truth': True}
2025-06-15 00:01:31,557 - INFO - [s68_f_pos] Result: correct
2025-06-15 00:01:31,559 - INFO - [s7703_a_2_neg] Prolog code:
:- ['/Users/sophie/code/2025-mcm-llms-applied-in-law_context/data/sara_v3/statutes/prolog/section7703.pl'].
:- ['/Users/sophie/code/2025-mcm-llms-applied-in-law_context/data/sara_v3/statutes/prolog/utils.pl'].
:- ['/Users/sophie/code/2025-mcm-llms-applied-in-law_context/data/sara_v3/statutes/prolog/init.pl'].
:- [statutes/prolog/init].
marriage_(span("married",18,24)).
legal_separation_(span("separated",73,81)).
patient_(span("separated",73,81),span("married",18,24)).
agent_(span("separated",73,81),span("decree of divorce",91,107)).
start_(span("separated",73,81),span(20170916,112,131)).
agent_(span("married",18,24),span("Alice",0,4)).
agent_(span("married",18,24),span("Bob",10,12)).
start_(span("married",18,24),span(20120405,29,43)).
\+ s7703_a_2("Alice",_,_,_,2012).
2025-06-15 00:01:31,805 - INFO - [s7703_a_2_neg] Query:
\+ s7703_a_2("Alice",_,_,_,2012).
2025-06-15 00:01:31,805 - INFO - [s7703_a_2_neg] Query result: {'truth': True}
2025-06-15 00:01:31,805 - INFO - [s7703_a_2_neg] Result: correct
2025-06-15 00:01:31,807 - INFO - [s7703_a_2_pos] Prolog code:
:- ['/Users/sophie/code/2025-mcm-llms-applied-in-law_context/data/sara_v3/statutes/prolog/section7703.pl'].
:- ['/Users/sophie/code/2025-mcm-llms-applied-in-law_context/data/sara_v3/statutes/prolog/utils.pl'].
:- ['/Users/sophie/code/2025-mcm-llms-applied-in-law_context/data/sara_v3/statutes/prolog/init.pl'].
marriage_(span("married",18,24)).
legal_separation_(span("separated",73,81)).
patient_(span("separated",73,81),span("married",18,24)).
agent_(span("separated",73,81),span("decree of divorce",91,107)).
start_(span("separated",73,81),span(20170916,112,131)).
agent_(span("married",18,24),span("Alice",0,4)).
agent_(span("married",18,24),span("Bob",10,12)).
start_(span("married",18,24),span(20120405,29,43)).
s7703_a_2("Alice",_,_,_,2018).
2025-06-15 00:01:31,851 - INFO - [s7703_a_2_pos] Query:
s7703_a_2("Alice",_,_,_,2018).
2025-06-15 00:01:31,851 - INFO - [s7703_a_2_pos] Query result: {'truth': True}
2025-06-15 00:01:31,851 - INFO - [s7703_a_2_pos] Result: correct
2025-06-15 00:01:31,852 - INFO - [s7703_b_1_neg] Prolog code:
:- ['/Users/sophie/code/2025-mcm-llms-applied-in-law_context/data/sara_v3/statutes/prolog/section151.pl'].
:- ['/Users/sophie/code/2025-mcm-llms-applied-in-law_context/data/sara_v3/statutes/prolog/section7703.pl'].
:- ['/Users/sophie/code/2025-mcm-llms-applied-in-law_context/data/sara_v3/statutes/prolog/utils.pl'].
:- ['/Users/sophie/code/2025-mcm-llms-applied-in-law_context/data/sara_v3/statutes/prolog/init.pl'].
:- discontiguous s151_c_applies/3.
:- [statutes/prolog/init].
alice_household_maintenance(Year,Event,Start_day,End_day) :-
    between(2017,2027,Year),
    atom_concat("maintained ",Year,Event),
    (
        (
            double_equal(Year, 2017),
            Start_day=20170916
        )
    ;
        (
            \+ double_equal(Year, 2017),
            first_day_year(Year,Start_day)
        )
    ),
    last_day_year(Year,End_day).
payment_(span(Event,152,161)) :- alice_household_maintenance(_,Event,_,_).
agent_(span(Event,152,161),span("Alice",166,170)) :- alice_household_maintenance(_,Event,_,_).
amount_(span(Event,152,161),span(1,152,161)) :- alice_household_maintenance(_,Event,_,_).
purpose_(span(Event,152,161),span("home",147,150)) :- alice_household_maintenance(_,Event,_,_).
start_(span(Event,152,161),span(Start_day,178,197)) :- alice_household_maintenance(_,Event,Start_day,_).
s151_c_applies("Alice","Charlie",Year) :- between(2017,2019,Year).
marriage_(span("married",18,24)).
son_(span("son",67,69)).
residence_(span("live",137,140)).
joint_return_(span("joint return",315,326)).
agent_(span("joint return",315,326),span("Alice",294,298)).
agent_(span("joint return",315,326),span("Bob",304,306)).
start_(span("joint return",315,326),span(20170101,342,345)).
start_(span("joint return",315,326),span(20180101,347,348)).
start_(span("joint return",315,326),span(20190101,350,353)).
agent_(span("married",18,24),span("Alice",0,4)).
agent_(span("married",18,24),span("Bob",10,12)).
start_(span("married",18,24),span(20120405,29,43)).
agent_(span("live",137,140),span("Alice",119,123)).
agent_(span("live",137,140),span("Charlie",129,135)).
patient_(span("live",137,140),span("home",147,150)).
start_(span("live",137,140),span(20170916,178,197)).
patient_(span("son",67,69),span("Alice",46,50)).
patient_(span("son",67,69),span("Bob",56,58)).
agent_(span("son",67,69),span("Charlie",72,78)).
start_(span("son",67,69),span(20170916,97,116)).
birth_(span("born",89,92)).
agent_(span("born",89,92),span("Charlie",72,78)).
start_(span("born",89,92),span(20170916,97,116)).
\+ s7703_b_1("Alice",_,_,2018).
2025-06-15 00:01:32,089 - INFO - [s7703_b_1_neg] Query:
\+ s7703_b_1("Alice",_,_,2018).
2025-06-15 00:01:32,090 - INFO - [s7703_b_1_neg] Query result: {'truth': True}
2025-06-15 00:01:32,090 - INFO - [s7703_b_1_neg] Result: correct
2025-06-15 00:01:32,091 - INFO - [s7703_b_1_pos] Prolog code:
:- ['/Users/sophie/code/2025-mcm-llms-applied-in-law_context/data/sara_v3/statutes/prolog/section151.pl'].
:- ['/Users/sophie/code/2025-mcm-llms-applied-in-law_context/data/sara_v3/statutes/prolog/section7703.pl'].
:- ['/Users/sophie/code/2025-mcm-llms-applied-in-law_context/data/sara_v3/statutes/prolog/utils.pl'].
:- ['/Users/sophie/code/2025-mcm-llms-applied-in-law_context/data/sara_v3/statutes/prolog/init.pl'].
:- discontiguous s151_c_applies/3.
alice_household_maintenance(Year,Event,Start_day,End_day) :-
    between(2017,2027,Year),
    atom_concat("maintained ",Year,Event),
    (
        (
            double_equal(Year, 2017),
            Start_day=20170916
        )
    ;
        (
            \+ double_equal(Year, 2017),
            first_day_year(Year,Start_day)
        )
    ),
    last_day_year(Year,End_day).
payment_(span(Event,152,161)) :- alice_household_maintenance(_,Event,_,_).
agent_(span(Event,152,161),span("Alice",166,170)) :- alice_household_maintenance(_,Event,_,_).
amount_(span(Event,152,161),span(1,152,161)) :- alice_household_maintenance(_,Event,_,_).
purpose_(span(Event,152,161),span("home",147,150)) :- alice_household_maintenance(_,Event,_,_).
start_(span(Event,152,161),span(Start_day,178,197)) :- alice_household_maintenance(_,Event,Start_day,_).
s151_c_applies("Alice","Charlie",Year) :- between(2017,2019,Year).
marriage_(span("married",18,24)).
son_(span("son",67,69)).
residence_(span("live",137,140)).
agent_(span("married",18,24),span("Alice",0,4)).
agent_(span("married",18,24),span("Bob",10,12)).
start_(span("married",18,24),span(20120405,29,43)).
agent_(span("live",137,140),span("Alice",119,123)).
agent_(span("live",137,140),span("Charlie",129,135)).
patient_(span("live",137,140),span("home",147,150)).
start_(span("live",137,140),span(20170916,178,197)).
patient_(span("son",67,69),span("Alice",46,50)).
patient_(span("son",67,69),span("Bob",56,58)).
agent_(span("son",67,69),span("Charlie",72,78)).
start_(span("son",67,69),span(20170916,97,116)).
birth_(span("born",89,92)).
agent_(span("born",89,92),span("Charlie",72,78)).
start_(span("born",89,92),span(20170916,97,116)).
s7703_b_1("Alice",_,_,2018).
2025-06-15 00:01:32,138 - INFO - [s7703_b_1_pos] Query:
s7703_b_1("Alice",_,_,2018).
2025-06-15 00:01:32,138 - INFO - [s7703_b_1_pos] Query result: {'truth': True}
2025-06-15 00:01:32,139 - INFO - [s7703_b_1_pos] Result: correct
2025-06-15 00:01:32,139 - INFO - [s7703_b_3_neg] Prolog code:
:- ['/Users/sophie/code/2025-mcm-llms-applied-in-law_context/data/sara_v3/statutes/prolog/section151.pl'].
:- ['/Users/sophie/code/2025-mcm-llms-applied-in-law_context/data/sara_v3/statutes/prolog/section7703.pl'].
:- ['/Users/sophie/code/2025-mcm-llms-applied-in-law_context/data/sara_v3/statutes/prolog/utils.pl'].
:- ['/Users/sophie/code/2025-mcm-llms-applied-in-law_context/data/sara_v3/statutes/prolog/init.pl'].
:- discontiguous s151_c_applies/3.
alice_household_maintenance(Year,Event,Start_day,End_day) :-
    between(2017,2027,Year),
    atom_concat("maintained ",Year,Event),
    (
        (
            double_equal(Year, 2017),
            Start_day=20170916
        )
    ;
        (
            \+ double_equal(Year, 2017),
            first_day_year(Year,Start_day)
        )
    ),
    last_day_year(Year,End_day).
payment_(span(Event,152,161)) :- alice_household_maintenance(_,Event,_,_).
agent_(span(Event,152,161),span("Alice",166,170)) :- alice_household_maintenance(_,Event,_,_).
amount_(span(Event,152,161),span(1,152,161)) :- alice_household_maintenance(_,Event,_,_).
purpose_(span(Event,152,161),span("home",147,150)) :- alice_household_maintenance(_,Event,_,_).
start_(span(Event,152,161),span(Start_day,178,197)) :- alice_household_maintenance(_,Event,Start_day,_).
s151_c_applies("Alice","Charlie",Year) :- between(2017,2019,Year).
marriage_(span("married",18,24)).
son_(span("son",67,69)).
residence_(span("live",137,140)).
agent_(span("live",137,140),span("Alice",119,123)).
agent_(span("live",137,140),span("Charlie",129,135)).
patient_(span("live",137,140),span("home",147,150)).
start_(span("live",137,140),span(20170916,178,197)).
residence_(span("lived",298,302)).
agent_(span("lived",298,302),span("Bob",294,296)).
patient_(span("lived",298,302),span("home",147,150)).
agent_(span("married",18,24),span("Alice",0,4)).
agent_(span("married",18,24),span("Bob",10,12)).
start_(span("married",18,24),span(20120405,29,43)).
start_(span("lived",298,302),span(20170916,348,367)).
end_(span("lived",298,302),span(20181010,375,392)).
patient_(span("son",67,69),span("Alice",46,50)).
patient_(span("son",67,69),span("Bob",56,58)).
agent_(span("son",67,69),span("Charlie",72,78)).
start_(span("son",67,69),span(20170916,97,116)).
birth_(span("born",89,92)).
agent_(span("born",89,92),span("Charlie",72,78)).
start_(span("born",89,92),span(20170916,97,116)).
\+ s7703_b_3("Alice",_,"home",2018).
2025-06-15 00:01:32,269 - INFO - [s7703_b_3_neg] Query:
\+ s7703_b_3("Alice",_,"home",2018).
2025-06-15 00:01:32,270 - INFO - [s7703_b_3_neg] Query result: {'truth': True}
2025-06-15 00:01:32,270 - INFO - [s7703_b_3_neg] Result: correct
2025-06-15 00:01:32,272 - INFO - [s7703_b_3_pos] Prolog code:
:- ['/Users/sophie/code/2025-mcm-llms-applied-in-law_context/data/sara_v3/statutes/prolog/section151.pl'].
:- ['/Users/sophie/code/2025-mcm-llms-applied-in-law_context/data/sara_v3/statutes/prolog/section7703.pl'].
:- ['/Users/sophie/code/2025-mcm-llms-applied-in-law_context/data/sara_v3/statutes/prolog/utils.pl'].
:- ['/Users/sophie/code/2025-mcm-llms-applied-in-law_context/data/sara_v3/statutes/prolog/init.pl'].
:- discontiguous s151_c_applies/3.
:- [statutes/prolog/init].
alice_household_maintenance(Year,Event,Start_day,End_day) :-
    between(2017,2027,Year),
    atom_concat("maintained ",Year,Event),
    (
        (
            double_equal(Year, 2017),
            Start_day=20170916
        )
    ;
        (
            \+ double_equal(Year, 2017),
            first_day_year(Year,Start_day)
        )
    ),
    last_day_year(Year,End_day).
payment_(span(Event,152,161)) :- alice_household_maintenance(_,Event,_,_).
agent_(span(Event,152,161),span("Alice",166,170)) :- alice_household_maintenance(_,Event,_,_).
amount_(span(Event,152,161),span(1,152,161)) :- alice_household_maintenance(_,Event,_,_).
purpose_(span(Event,152,161),span("home",147,150)) :- alice_household_maintenance(_,Event,_,_).
start_(span(Event,152,161),span(Start_day,178,197)) :- alice_household_maintenance(_,Event,Start_day,_).
s151_c_applies("Alice","Charlie",Year) :- between(2017,2019,Year).
marriage_(span("married",18,24)).
son_(span("son",67,69)).
residence_(span("live",137,140)).
residence_(span("lived",298,302)).
agent_(span("married",18,24),span("Alice",0,4)).
agent_(span("married",18,24),span("Bob",10,12)).
start_(span("married",18,24),span(20120405,29,43)).
agent_(span("live",137,140),span("Alice",119,123)).
agent_(span("live",137,140),span("Charlie",129,135)).
patient_(span("lived",298,302),span("home",147,150)).
patient_(span("live",137,140),span("home",147,150)).
start_(span("live",137,140),span(20170916,178,197)).
patient_(span("lived",298,302),span("home",147,150)).
agent_(span("lived",298,302),span("Bob",294,296)).
start_(span("lived",298,302),span(20170916,348,367)).
end_(span("lived",298,302),span(20180210,375,393)).
patient_(span("son",67,69),span("Alice",46,50)).
patient_(span("son",67,69),span("Bob",56,58)).
agent_(span("son",67,69),span("Charlie",72,78)).
start_(span("son",67,69),span(20170916,97,116)).
birth_(span("born",89,92)).
agent_(span("born",89,92),span("Charlie",72,78)).
start_(span("born",89,92),span(20170916,97,116)).
s7703_b_3("Alice",_,"home",2018).
2025-06-15 00:01:32,412 - INFO - [s7703_b_3_pos] Query:
s7703_b_3("Alice",_,"home",2018).
2025-06-15 00:01:32,412 - INFO - [s7703_b_3_pos] Query result: {'truth': True}
2025-06-15 00:01:32,412 - INFO - [s7703_b_3_pos] Result: correct
2025-06-15 00:01:32,413 - INFO - [tax_case_1] Prolog code:
:- ['/Users/sophie/code/2025-mcm-llms-applied-in-law_context/data/sara_v3/statutes/prolog/utils.pl'].
:- ['/Users/sophie/code/2025-mcm-llms-applied-in-law_context/data/sara_v3/statutes/prolog/init.pl'].
:- [statutes/prolog/init].
payment_(span("paid",10,13)).
service_(span("services",33,40)).
penal_institution_(span("jail",55,58)).
incarceration_(span("committed",71,79)).
payment_(span("paid",175,178)).
agent_(span("committed",71,79),span("Alice",61,65)).
patient_(span("committed",71,79),span("jail",84,87)).
start_(span("committed",71,79),span(20150124,94,109)).
end_(span("committed",71,79),span(20190505,114,126)).
patient_(span("paid",10,13),span("Alice",0,4)).
amount_(span("paid",10,13),span(1200,16,19)).
purpose_(span("paid",10,13),span("services",33,40)).
agent_(span("paid",10,13),span("jail",55,58)).
start_(span("paid",10,13),span(20190101,24,27)).
start_(span("paid",175,178),span(20191231,150,162)).
patient_(span("paid",175,178),span("Alice",165,169)).
amount_(span("paid",175,178),span(5320,181,184)).
agent_(span("jail",84,87),span("jail",55,58)).
agent_(span("services",33,40),span("Alice",0,4)).
start_(span("services",33,40),span(20150124,94,109)).
patient_(span("services",33,40),span("jail",55,58)).
end_(span("services",33,40),span(20190505,114,126)).
tax("Alice",2019,0).
2025-06-15 00:01:32,554 - INFO - [tax_case_1] Query:
tax("Alice",2019,0).
2025-06-15 00:01:32,555 - INFO - [tax_case_1] Query result: {'truth': True}
2025-06-15 00:01:32,555 - INFO - [tax_case_1] Result: correct
2025-06-15 00:01:32,556 - INFO - [tax_case_10] Prolog code:
:- ['/Users/sophie/code/2025-mcm-llms-applied-in-law_context/data/sara_v3/statutes/prolog/utils.pl'].
:- ['/Users/sophie/code/2025-mcm-llms-applied-in-law_context/data/sara_v3/statutes/prolog/init.pl'].
:- [statutes/prolog/init].
start_(span("maintained",179,188),span(Day,173,176)) :- between(1993,2023,Year), first_day_year(Year,Day).
alice_employer(Employee,Service_event,Payment_event) :-
    member(Employee,[span("Bob",330,332),span("Cameron",335,341),span("Dan",344,346),span("Emily",349,353),span("Fred",356,359),span("George",365,370)]),
    span(Employee_name, _, _) = Employee,
    atom_concat("employed ",Employee_name,Service_event_name),
    atom_concat("paid ",Employee_name,Payment_event_name),
    Service_event = span(Service_event_name,321,328),
    Payment_event = span(Payment_event_name,430,433).
service_(Service_event) :- alice_employer(_,Service_event,_).
agent_(Service_event,Employee) :- alice_employer(Employee,Service_event,_).
patient_(Service_event,span("Alice",311,315)) :- alice_employer(_,Service_event,_).
start_(Service_event,span(20170909,400,406)) :- alice_employer(_,Service_event,_).
end_(Service_event,span(20170930,411,423)) :- alice_employer(_,Service_event,_).
payment_(Payment_event) :- alice_employer(_,_,Payment_event).
patient_(Payment_event,Employee) :- alice_employer(Employee,_,Payment_event).
agent_(Payment_event,span("Alice",311,315)) :- alice_employer(_,_,Payment_event).
start_(Payment_event,span(20170930,411,423)) :- alice_employer(_,_,Payment_event).
amount_(Payment_event,span(5012,441,444)) :- alice_employer(_,_,Payment_event).
purpose_(Payment_event,Service_event) :- alice_employer(_,Service_event,Payment_event).
purpose_(Service_event,span("agricultural labor",376,393)) :- alice_employer(_,Service_event,_).
marriage_(span("married",21,27)).
son_(span("son",71,73)).
death_(span("died",104,107)).
residence_(span("living",142,147)).
payment_(span("maintained",179,188)).
residence_(span("continued",218,226)).
income_(span("income",273,278)).
agent_(span("died",104,107),span("Harold",97,102)).
start_(span("died",104,107),span(20160228,112,125)).
agent_(span("income",273,278),span("Alice",259,263)).
start_(span("income",273,278),span(20170101,293,296)).
amount_(span("income",273,278),span(236422,303,308)).
agent_(span("married",21,27),span("Alice",0,4)).
agent_(span("married",21,27),span("Harold",10,15)).
start_(span("married",21,27),span(19920903,32,44)).
purpose_(span("maintained",179,188),span("house",161,165)).
amount_(span("maintained",179,188),span(1993,173,176)).
agent_(span("maintained",179,188),span("Alice",193,197)).
start_(span("continued",218,226),span(20160228,112,125)).
patient_(span("continued",218,226),span("house",161,165)).
agent_(span("continued",218,226),span("Alice",200,204)).
agent_(span("continued",218,226),span("son",214,216)).
end_(span("living",142,147),span(20160228,112,125)).
patient_(span("living",142,147),span("house",161,165)).
start_(span("living",142,147),span(19930101,173,176)).
agent_(span("living",142,147),span("Harold",97,102)).
patient_(span("son",71,73),span("Harold",47,52)).
patient_(span("son",71,73),span("Alice",58,62)).
agent_(span("son",71,73),span("son",71,73)).
start_(span("son",71,73),span(20000125,81,94)).
birth_(span("born",76,79)).
agent_(span("born",76,79),span("son",71,73)).
start_(span("born",76,79),span(20000125,81,94)).
tax("Alice",2017,68844).
2025-06-15 00:01:32,701 - INFO - [tax_case_10] Query:
tax("Alice",2017,68844).
2025-06-15 00:01:32,701 - INFO - [tax_case_10] Query result: {'truth': True}
2025-06-15 00:01:32,701 - INFO - [tax_case_10] Result: correct
2025-06-15 00:01:32,703 - INFO - [tax_case_100] Prolog code:
:- ['/Users/sophie/code/2025-mcm-llms-applied-in-law_context/data/sara_v3/statutes/prolog/utils.pl'].
:- ['/Users/sophie/code/2025-mcm-llms-applied-in-law_context/data/sara_v3/statutes/prolog/init.pl'].
income_(span("income",14,19)).
income_(span("income",62,67)).
marriage_(span("married",123,129)).
joint_return_(span("joint return",173,184)).
agent_(span("income",14,19),span("Alice",0,4)).
start_(span("income",14,19),span(20060101,34,37)).
amount_(span("income",14,19),span(97407,43,47)).
agent_(span("income",62,67),span("Bob",50,52)).
start_(span("income",62,67),span(20060101,82,85)).
amount_(span("income",62,67),span(136370,91,96)).
agent_(span("joint return",173,184),span("Bob",152,154)).
agent_(span("joint return",173,184),span("Alice",160,164)).
start_(span("joint return",173,184),span(20060101,190,193)).
agent_(span("married",123,129),span("Alice",99,103)).
agent_(span("married",123,129),span("Bob",109,111)).
start_(span("married",123,129),span(20060203,137,149)).
tax("Alice",2006,66088).
2025-06-15 00:01:32,740 - INFO - [tax_case_100] Query:
tax("Alice",2006,66088).
2025-06-15 00:01:32,741 - INFO - [tax_case_100] Query result: {'truth': True}
2025-06-15 00:01:32,741 - INFO - [tax_case_100] Result: correct
2025-06-15 00:01:32,741 - INFO - [tax_case_11] Prolog code:
:- ['/Users/sophie/code/2025-mcm-llms-applied-in-law_context/data/sara_v3/statutes/prolog/utils.pl'].
:- ['/Users/sophie/code/2025-mcm-llms-applied-in-law_context/data/sara_v3/statutes/prolog/init.pl'].
:- [statutes/prolog/init].
father_(span("father",17,22)).
residence_(span("lived",60,64)).
residence_(span("place",79,83)).
sister_(span("sister",116,121)).
income_(span("income",165,170)).
income_(span("income",215,220)).
agent_(span("father",17,22),span("Charlie",0,6)).
patient_(span("father",17,22),span("Bob",11,13)).
start_(span("father",17,22),span(20140415,30,45)).
agent_(span("income",215,220),span("Alice",201,205)).
amount_(span("income",215,220),span(2312,227,230)).
start_(span("income",215,220),span(20150101,195,198)).
agent_(span("income",165,170),span("Charlie",149,155)).
start_(span("income",165,170),span(20150101,175,178)).
amount_(span("income",165,170),span(52650,185,189)).
agent_(span("place",79,83),span("Charlie",69,75)).
patient_(span("place",79,83),span("place",79,83)).
start_(span("lived",60,64),span(20140415,30,45)).
agent_(span("lived",60,64),span("Bob",52,54)).
patient_(span("lived",60,64),span("place",79,83)).
agent_(span("sister",116,121),span("Alice",97,101)).
patient_(span("sister",116,121),span("Charlie",106,112)).
start_(span("sister",116,121),span(19921012,129,146)).
tax("Alice",2015,0).
2025-06-15 00:01:32,870 - INFO - [tax_case_11] Query:
tax("Alice",2015,0).
2025-06-15 00:01:32,870 - INFO - [tax_case_11] Query result: {'truth': True}
2025-06-15 00:01:32,871 - INFO - [tax_case_11] Result: correct
2025-06-15 00:01:32,872 - INFO - [tax_case_12] Prolog code:
:- ['/Users/sophie/code/2025-mcm-llms-applied-in-law_context/data/sara_v3/statutes/prolog/utils.pl'].
:- ['/Users/sophie/code/2025-mcm-llms-applied-in-law_context/data/sara_v3/statutes/prolog/init.pl'].
:- [statutes/prolog/init].
payment_(span("paid",6,9)).
service_(span("labor",32,36)).
death_(span("died",130,133)).
payment_(span("paid",185,188)).
marriage_(span("spouse",215,220)).
payment_(span("income",281,286)).
deduction_(span("deduction",318,326)).
start_(span("died",130,133),span(20191125,111,123)).
agent_(span("died",130,133),span("Bob",126,128)).
start_(span("deduction",318,326),span(20200101,261,264)).
agent_(span("deduction",318,326),span("Alice",301,305)).
amount_(span("deduction",318,326),span(25000,332,336)).
agent_(span("spouse",215,220),span("Charlie",190,196)).
agent_(span("spouse",215,220),span("Bob",199,201)).
agent_(span("paid",6,9),span("Alice",0,4)).
patient_(span("paid",6,9),span("Bob",11,13)).
purpose_(span("paid",6,9),span("labor",32,36)).
start_(span("paid",6,9),span(20190101,102,105)).
amount_(span("paid",6,9),span(27371,93,97)).
purpose_(span("paid",185,188),span("labor",32,36)).
start_(span("paid",185,188),span(20200120,159,176)).
agent_(span("paid",185,188),span("Alice",179,183)).
patient_(span("paid",185,188),span("Charlie",190,196)).
amount_(span("paid",185,188),span(24500,251,255)).
start_(span("income",281,286),span(20200101,261,264)).
patient_(span("income",281,286),span("Alice",267,271)).
amount_(span("income",281,286),span(372109,293,298)).
patient_(span("labor",32,36),span("Alice",0,4)).
agent_(span("labor",32,36),span("Bob",11,13)).
purpose_(span("labor",32,36),span("agricultural labor",19,36)).
start_(span("labor",32,36),span(20190201,43,55)).
end_(span("labor",32,36),span(20191119,60,78)).
tax("Alice",2020,118227).
2025-06-15 00:01:33,011 - INFO - [tax_case_12] Query:
tax("Alice",2020,118227).
2025-06-15 00:01:33,012 - INFO - [tax_case_12] Query result: {'truth': True}
2025-06-15 00:01:33,012 - INFO - [tax_case_12] Result: correct
2025-06-15 00:01:33,014 - INFO - [tax_case_13] Prolog code:
:- ['/Users/sophie/code/2025-mcm-llms-applied-in-law_context/data/sara_v3/statutes/prolog/utils.pl'].
:- ['/Users/sophie/code/2025-mcm-llms-applied-in-law_context/data/sara_v3/statutes/prolog/init.pl'].
:- [statutes/prolog/init].
bob_household_maintenance(Year,Event,Start_day,End_day) :-
    between(2015,2019,Year),
    atom_concat("furnished ",Year,Event),
    (
        (
            double_equal(Year, 2015),
            Start_day=20150829
        )
    ;
        (
            \+ double_equal(Year, 2015),
            first_day_year(Year,Start_day)
        )
    ),
    (
        (
            double_equal(Year, 2019),
            End_day=20190530
        )
    ;
        (
            \+ double_equal(Year, 2019),
            last_day_year(Year,End_day)
        )
    ).
payment_(span(Event,318,326)) :- bob_household_maintenance(_,Event,_,_).
agent_(span(Event,318,326),span("Bob",314,317)) :- bob_household_maintenance(_,Event,_,_).
amount_(span(Event,318,326),span(1,328,330)) :- bob_household_maintenance(_,Event,_,_).
purpose_(span(Event,318,326),span("lived",282,286)) :- bob_household_maintenance(_,Event,_,_).
start_(span(Event,318,326),span(Start_day,188,202)) :- bob_household_maintenance(_,Event,Start_day,_).
end_(span(Event,318,326),span(End_day,207,220)) :- bob_household_maintenance(_,Event,_,End_day).
father_(span("father",8,13)).
payment_(span("paid",25,28)).
service_(span("services",65,72)).
educational_institution_(span("University",102,111)).
enrollment_(span("enrolled",124,131)).
attending_classes_(span("attending",165,173)).
residence_(span("lived",282,286)).
residence_(span("lived",282,286)).
agent_(span("attending",165,173),span("Alice",114,118)).
location_(span("attending",165,173),span("Johns Hopkins University",136,159)).
start_(span("attending",165,173),span(20150829,188,202)).
end_(span("attending",165,173),span(20190530,207,220)).
agent_(span("University",102,111),span("Johns Hopkins University",88,111)).
agent_(span("enrolled",124,131),span("Alice",114,118)).
patient_(span("enrolled",124,131),span("Johns Hopkins University",136,159)).
start_(span("enrolled",124,131),span(20150829,188,202)).
end_(span("enrolled",124,131),span(20190530,207,220)).
patient_(span("father",8,13),span("Alice",0,4)).
agent_(span("father",8,13),span("Bob",16,18)).
patient_(span("paid",25,28),span("Bob",16,18)).
amount_(span("paid",25,28),span(53249,31,35)).
start_(span("paid",25,28),span(20170101,56,59)).
purpose_(span("paid",25,28),span("services",65,72)).
agent_(span("paid",25,28),span("Johns Hopkins University",88,111)).
agent_(span("lived",282,286),span("Bob",291,293)).
patient_(span("lived",282,286),span("lived",282,286)).
start_(span("lived",282,286),span(20150829,188,202)).
end_(span("lived",282,286),span(20190530,207,220)).
agent_(span("lived",282,286),span("Alice",276,280)).
patient_(span("lived",282,286),span("lived",282,286)).
agent_(span("services",65,72),span("Bob",16,18)).
end_(span("services",65,72),span(20171231,56,59)).
start_(span("services",65,72),span(20170101,56,59)).
patient_(span("services",65,72),span("Johns Hopkins University",88,111)).
tax("Bob",2017,8710).
2025-06-15 00:01:33,157 - INFO - [tax_case_13] Query:
tax("Bob",2017,8710).
2025-06-15 00:01:33,157 - INFO - [tax_case_13] Query result: {'truth': True}
2025-06-15 00:01:33,157 - INFO - [tax_case_13] Result: correct
2025-06-15 00:01:33,158 - INFO - [tax_case_14] Prolog code:
:- ['/Users/sophie/code/2025-mcm-llms-applied-in-law_context/data/sara_v3/statutes/prolog/utils.pl'].
:- ['/Users/sophie/code/2025-mcm-llms-applied-in-law_context/data/sara_v3/statutes/prolog/init.pl'].
:- [statutes/prolog/init].
residence_(span("Alice",264,268)).
agent_(span("Alice",264,268),span("Alice",264,268)).
patient_(span("Alice",264,268),span("Alice",264,268)).
start_(span("Alice",264,268),span(20170101,297,300)).
end_(span("Alice",264,268),span(20171231,297,300)).
residence_(span("Bob",274,276)).
agent_(span("Bob",274,276),span("Bob",274,276)).
patient_(span("Bob",274,276),span("Bob",274,276)).
start_(span("Bob",274,276),span(20170101,297,300)).
end_(span("Bob",274,276),span(20171231,297,300)).
income_(span("income",23,28)).
marriage_(span("married",66,72)).
payment_(span("paid",137,140)).
service_(span("labor",180,184)).
start_(span("income",23,28),span(20170101,3,6)).
agent_(span("income",23,28),span("Alice",9,13)).
amount_(span("income",23,28),span(44215,35,39)).
agent_(span("married",66,72),span("Alice",42,46)).
agent_(span("married",66,72),span("Bob",52,54)).
start_(span("married",66,72),span(20171010,80,93)).
agent_(span("paid",137,140),span("Alice",127,131)).
amount_(span("paid",137,140),span(3200,143,146)).
means_(span("paid",137,140),span("cash",151,154)).
patient_(span("paid",137,140),span("Bob",159,161)).
purpose_(span("paid",137,140),span("labor",180,184)).
start_(span("paid",137,140),span(20170902,213,225)).
patient_(span("labor",180,184),span("Alice",127,131)).
agent_(span("labor",180,184),span("Bob",159,161)).
purpose_(span("labor",180,184),span("agricultural labor",167,184)).
start_(span("labor",180,184),span(20170201,196,208)).
end_(span("labor",180,184),span(20170902,213,225)).
tax("Alice",2017,8582).
2025-06-15 00:01:33,292 - INFO - [tax_case_14] Query:
tax("Alice",2017,8582).
2025-06-15 00:01:33,292 - INFO - [tax_case_14] Query result: {'truth': True}
2025-06-15 00:01:33,292 - INFO - [tax_case_14] Result: correct
2025-06-15 00:01:33,293 - INFO - [tax_case_15] Prolog code:
:- ['/Users/sophie/code/2025-mcm-llms-applied-in-law_context/data/sara_v3/statutes/prolog/utils.pl'].
:- ['/Users/sophie/code/2025-mcm-llms-applied-in-law_context/data/sara_v3/statutes/prolog/init.pl'].
:- [statutes/prolog/init].
payment_(span("paid",19,22)).
marriage_(span("married",56,62)).
birth_(span("born",95,98)).
birth_(span("born",128,131)).
residence_(span("abode",299,303)).
agent_(span("born",95,98),span("Alice",85,89)).
start_(span("born",95,98),span(19500302,100,114)).
agent_(span("born",128,131),span("Bob",120,122)).
start_(span("born",128,131),span(19510303,133,147)).
agent_(span("married",56,62),span("Alice",32,36)).
agent_(span("married",56,62),span("Bob",42,44)).
start_(span("married",56,62),span(20170203,70,82)).
start_(span("paid",19,22),span(20170101,3,6)).
patient_(span("paid",19,22),span("Alice",9,13)).
amount_(span("paid",19,22),span(36266,25,29)).
agent_(span("abode",299,303),span("Alice",252,256)).
agent_(span("abode",299,303),span("Bob",262,264)).
patient_(span("abode",299,303),span("place",290,294)).
end_(span("abode",299,303),span(20171231,308,311)).
start_(span("abode",299,303),span(20170101,308,311)).
tax("Alice",2017,5460).
2025-06-15 00:01:33,430 - INFO - [tax_case_15] Query:
tax("Alice",2017,5460).
2025-06-15 00:01:33,430 - INFO - [tax_case_15] Query result: {'truth': True}
2025-06-15 00:01:33,430 - INFO - [tax_case_15] Result: correct
2025-06-15 00:01:33,431 - INFO - [tax_case_16] Prolog code:
:- ['/Users/sophie/code/2025-mcm-llms-applied-in-law_context/data/sara_v3/statutes/prolog/utils.pl'].
:- ['/Users/sophie/code/2025-mcm-llms-applied-in-law_context/data/sara_v3/statutes/prolog/init.pl'].
:- [statutes/prolog/init].
payment_(span("paid",19,22)).
marriage_(span("married",56,62)).
residence_(span("abode",239,243)).
agent_(span("married",56,62),span("Alice",32,36)).
agent_(span("married",56,62),span("Bob",42,44)).
start_(span("married",56,62),span(20170203,70,82)).
start_(span("paid",19,22),span(20170101,3,6)).
patient_(span("paid",19,22),span("Alice",9,13)).
amount_(span("paid",19,22),span(33200,25,29)).
agent_(span("abode",239,243),span("Alice",192,196)).
agent_(span("abode",239,243),span("Bob",202,204)).
patient_(span("abode",239,243),span("place",230,234)).
end_(span("abode",239,243),span(20171231,248,251)).
start_(span("abode",239,243),span(20170101,248,251)).
tax("Alice",2017,4938).
2025-06-15 00:01:33,573 - INFO - [tax_case_16] Query:
tax("Alice",2017,4938).
2025-06-15 00:01:33,573 - INFO - [tax_case_16] Query result: {'truth': True}
2025-06-15 00:01:33,574 - INFO - [tax_case_16] Result: correct
2025-06-15 00:01:33,575 - INFO - [tax_case_17] Prolog code:
:- ['/Users/sophie/code/2025-mcm-llms-applied-in-law_context/data/sara_v3/statutes/prolog/utils.pl'].
:- ['/Users/sophie/code/2025-mcm-llms-applied-in-law_context/data/sara_v3/statutes/prolog/init.pl'].
:- [statutes/prolog/init].
bob_household_maintenance(Year,Event,Start_day,End_day) :-
    between(2004,2019,Year),
    atom_concat("furnished the costs ",Year,Event_name),
    Event = span(Event_name,158,166),
    first_day_year(Year,Start_day),
    last_day_year(Year,End_day).
payment_(Event) :- bob_household_maintenance(_,Event,_,_).
agent_(Event,span("Bob",154,156)) :- bob_household_maintenance(_,Event,_,_).
amount_(Event,span(1,168,171)) :- bob_household_maintenance(_,Event,_,_).
purpose_(Event,span("home",197,200)) :- bob_household_maintenance(_,Event,_,_).
start_(Event,span(Start_day,140,143)) :- bob_household_maintenance(_,Event,Start_day,_).
end_(Event,span(End_day,148,151)) :- bob_household_maintenance(_,Event,_,End_day).
marriage_(span("married",18,24)).
son_(span("child",65,69)).
death_(span("died",111,114)).
residence_(span("lived",223,227)).
income_(span("income",268,273)).
agent_(span("died",111,114),span("Alice",105,109)).
start_(span("died",111,114),span(20140709,119,132)).
agent_(span("income",268,273),span("Bob",256,258)).
amount_(span("income",268,273),span(40059,280,284)).
start_(span("income",268,273),span(20150101,250,253)).
agent_(span("married",18,24),span("Alice",0,4)).
agent_(span("married",18,24),span("Bob",10,12)).
start_(span("married",18,24),span(19920203,29,41)).
start_(span("lived",223,227),span(20040101,140,143)).
end_(span("lived",223,227),span(20191231,148,151)).
agent_(span("lived",223,227),span("Bob",154,156)).
patient_(span("lived",223,227),span("home",197,200)).
agent_(span("lived",223,227),span("Charlie",215,221)).
patient_(span("child",65,69),span("Alice",44,48)).
patient_(span("child",65,69),span("Bob",54,56)).
agent_(span("child",65,69),span("Charlie",72,78)).
start_(span("child",65,69),span(20001009,86,102)).
birth_(span("born",81,84)).
agent_(span("born",81,84),span("Charlie",72,78)).
start_(span("born",81,84),span(20001009,86,102)).
tax("Bob",2015,4509).
2025-06-15 00:01:33,716 - INFO - [tax_case_17] Query:
tax("Bob",2015,4509).
2025-06-15 00:01:33,716 - INFO - [tax_case_17] Query result: {'truth': True}
2025-06-15 00:01:33,716 - INFO - [tax_case_17] Result: correct
2025-06-15 00:01:33,717 - INFO - [tax_case_18] Prolog code:
:- ['/Users/sophie/code/2025-mcm-llms-applied-in-law_context/data/sara_v3/statutes/prolog/utils.pl'].
:- ['/Users/sophie/code/2025-mcm-llms-applied-in-law_context/data/sara_v3/statutes/prolog/init.pl'].
:- [statutes/prolog/init].
father_(span("father",19,24)).
brother_(span("brother",67,73)).
income_(span("income",115,120)).
agent_(span("brother",67,73),span("Bob",50,52)).
patient_(span("brother",67,73),span("Charlie",57,63)).
start_(span("brother",67,73),span(19921012,81,98)).
patient_(span("father",19,24),span("Alice",11,15)).
start_(span("father",19,24),span(19940415,32,47)).
agent_(span("father",19,24),span("Charlie",0,6)).
agent_(span("income",115,120),span("Alice",101,105)).
start_(span("income",115,120),span(20150101,125,128)).
amount_(span("income",115,120),span(87319,134,138)).
tax("Alice",2015,19801).
2025-06-15 00:01:33,859 - INFO - [tax_case_18] Query:
tax("Alice",2015,19801).
2025-06-15 00:01:33,860 - INFO - [tax_case_18] Query result: {'truth': True}
2025-06-15 00:01:33,860 - INFO - [tax_case_18] Result: correct
2025-06-15 00:01:33,862 - INFO - [tax_case_19] Prolog code:
:- ['/Users/sophie/code/2025-mcm-llms-applied-in-law_context/data/sara_v3/statutes/prolog/utils.pl'].
:- ['/Users/sophie/code/2025-mcm-llms-applied-in-law_context/data/sara_v3/statutes/prolog/init.pl'].
payment_(span("paid",10,13)).
service_(span("employee",36,43)).
patient_(span("paid",10,13),span("Alice",0,4)).
amount_(span("paid",10,13),span(73200,16,20)).
start_(span("paid",10,13),span(20170101,25,28)).
purpose_(span("paid",10,13),span("employee",36,43)).
agent_(span("paid",10,13),span("State of Maryland",52,68)).
agent_(span("employee",36,43),span("Alice",0,4)).
end_(span("employee",36,43),span(20171231,25,28)).
start_(span("employee",36,43),span(20170101,25,28)).
patient_(span("employee",36,43),span("State of Maryland",52,68)).
location_(span("employee",36,43),span("Maryland",84,91)).
location_(span("employee",36,43),span("Baltimore",73,81)).
location_(span("employee",36,43),span("USA",94,96)).
tax("Alice",2017,16664).
2025-06-15 00:01:33,900 - INFO - [tax_case_19] Query:
tax("Alice",2017,16664).
2025-06-15 00:01:33,900 - INFO - [tax_case_19] Query result: {'truth': True}
2025-06-15 00:01:33,900 - INFO - [tax_case_19] Result: correct
2025-06-15 00:01:33,900 - INFO - [tax_case_2] Prolog code:
:- ['/Users/sophie/code/2025-mcm-llms-applied-in-law_context/data/sara_v3/statutes/prolog/utils.pl'].
:- ['/Users/sophie/code/2025-mcm-llms-applied-in-law_context/data/sara_v3/statutes/prolog/init.pl'].
:- [statutes/prolog/init].
bob_household_maintenance(Year,Event,Start_day,End_day) :-
    between(2004,2019,Year),
    atom_concat("furnished 40% of the costs ",Year,Event_name),
    Event = span(Event_name,158,166),
    first_day_year(Year,Start_day),
    last_day_year(Year,End_day).
payment_(Event) :- bob_household_maintenance(_,Event,_,_).
agent_(Event,span("Bob",154,157)) :- bob_household_maintenance(_,Event,_,_).
amount_(Event,span(40,168,169)) :- bob_household_maintenance(_,Event,_,_).
purpose_(Event,span("home",204,207)) :- bob_household_maintenance(_,Event,_,_).
start_(Event,span(Start_day,140,143)) :- bob_household_maintenance(_,Event,Start_day,_).
end_(Event,span(End_day,148,151)) :- bob_household_maintenance(_,Event,_,End_day).
someone_household_maintenance(Year,Event,Start_day,End_day) :-
    between(2004,2019,Year),
    atom_concat("maintaining the home ",Year,Event_name),
    Event = span(Event_name,158,166),
    first_day_year(Year,Start_day),
    last_day_year(Year,End_day).
payment_(Event) :- someone_household_maintenance(_,Event,_,_).
agent_(Event,span("someone",154,157)) :- someone_household_maintenance(_,Event,_,_).
amount_(Event,span(60,168,169)) :- someone_household_maintenance(_,Event,_,_).
purpose_(Event,span("home",204,207)) :- someone_household_maintenance(_,Event,_,_).
start_(Event,span(Start_day,140,143)) :- someone_household_maintenance(_,Event,Start_day,_).
end_(Event,span(End_day,148,151)) :- someone_household_maintenance(_,Event,_,End_day).
marriage_(span("married",18,24)).
son_(span("child",65,69)).
death_(span("died",111,114)).
residence_(span("lived",230,234)).
joint_return_(span("jointly",283,289)).
income_(span("earned",340,345)).
income_(span("earned",362,367)).
agent_(span("died",111,114),span("Alice",105,109)).
start_(span("died",111,114),span(20140709,119,132)).
start_(span("earned",340,345),span(20130101,328,331)).
agent_(span("earned",340,345),span("Alice",334,338)).
amount_(span("earned",340,345),span(65400,348,352)).
start_(span("earned",362,367),span(20130101,328,331)).
agent_(span("earned",362,367),span("Bob",358,360)).
amount_(span("earned",362,367),span(56400,370,374)).
start_(span("jointly",283,289),span(20130101,257,260)).
agent_(span("jointly",283,289),span("Alice",263,267)).
agent_(span("jointly",283,289),span("Bob",273,275)).
agent_(span("married",18,24),span("Alice",0,4)).
agent_(span("married",18,24),span("Bob",10,12)).
start_(span("married",18,24),span(19920203,29,41)).
start_(span("lived",230,234),span(20040101,140,143)).
end_(span("lived",230,234),span(20191231,148,151)).
agent_(span("lived",230,234),span("Bob",154,156)).
patient_(span("lived",230,234),span("home",204,207)).
agent_(span("lived",230,234),span("Charlie",222,228)).
patient_(span("child",65,69),span("Alice",44,48)).
patient_(span("child",65,69),span("Bob",54,56)).
agent_(span("child",65,69),span("Charlie",72,78)).
start_(span("child",65,69),span(20001009,86,102)).
birth_(span("born",81,84)).
agent_(span("born",81,84),span("Charlie",72,78)).
start_(span("born",81,84),span(20001009,86,102)).
tax("Alice",2013,26567).
2025-06-15 00:01:34,030 - INFO - [tax_case_2] Query:
tax("Alice",2013,26567).
2025-06-15 00:01:34,031 - INFO - [tax_case_2] Query result: {'truth': True}
2025-06-15 00:01:34,031 - INFO - [tax_case_2] Result: correct
2025-06-15 00:01:34,032 - INFO - [tax_case_20] Prolog code:
:- ['/Users/sophie/code/2025-mcm-llms-applied-in-law_context/data/sara_v3/statutes/prolog/utils.pl'].
:- ['/Users/sophie/code/2025-mcm-llms-applied-in-law_context/data/sara_v3/statutes/prolog/init.pl'].
:- [statutes/prolog/init].
start_(span("maintains",61,69),span(Day,43,52)) :- between(2014,2024,Year), first_day_year(Year,Day).
purpose_(span("paid",335,338),span("make provisions for employees in case of retirement",353,367)).
income_(span("income",23,28)).
payment_(span("maintains",61,69)).
daughter_(span("daughter",97,104)).
residence_(span("live",106,109)).
marriage_(span("married",122,128)).
death_(span("died",169,172)).
deduction_(span("deductions",228,237)).
payment_(span("paid",260,263)).
service_(span("work",283,286)).
payment_(span("paid",335,338)).
plan_(span("retirement fund",353,367)).
payment_(span("paid",382,385)).
plan_(span("health insurance",398,413)).
father_(span("father",443,448)).
retirement_(span("retired",458,464)).
patient_(span("daughter",97,104),span("Alice",55,59)).
agent_(span("daughter",97,104),span("daughter",97,104)).
agent_(span("died",169,172),span("husband",161,167)).
start_(span("died",169,172),span(20161123,177,190)).
agent_(span("deductions",228,237),span("Alice",202,206)).
amount_(span("deductions",228,237),span(17890,243,247)).
start_(span("deductions",228,237),span(20170101,196,199)).
patient_(span("father",443,448),span("Alice",435,439)).
agent_(span("father",443,448),span("Charlie",419,425)).
start_(span("income",23,28),span(20170101,3,6)).
agent_(span("income",23,28),span("Alice",9,13)).
amount_(span("income",23,28),span(310192,35,40)).
agent_(span("married",122,128),span("Alice",112,116)).
start_(span("married",122,128),span(20100114,136,149)).
agent_(span("married",122,128),span("husband",161,167)).
start_(span("paid",382,385),span(20170101,314,317)).
amount_(span("paid",382,385),span(5322,388,391)).
purpose_(span("paid",382,385),span("make provisions for employees in case of sickness",398,413)).
patient_(span("paid",382,385),span("health insurance",398,413)).
beneficiary_(span("paid",382,385),span("Charlie",419,425)).
agent_(span("paid",382,385),span("Alice",320,324)).
start_(span("paid",335,338),span(20170101,314,317)).
agent_(span("paid",335,338),span("Alice",320,324)).
amount_(span("paid",335,338),span(9832,341,344)).
patient_(span("paid",335,338),span("retirement fund",353,367)).
beneficiary_(span("paid",335,338),span("Bob",373,375)).
start_(span("paid",260,263),span(20170101,305,308)).
agent_(span("paid",260,263),span("Alice",250,254)).
amount_(span("paid",260,263),span(45252,266,270)).
patient_(span("paid",260,263),span("Bob",275,277)).
purpose_(span("paid",260,263),span("work",283,286)).
agent_(span("maintains",61,69),span("Alice",55,59)).
patient_(span("maintains",61,69),span("house",73,77)).
purpose_(span("maintains",61,69),span("house",73,77)).
amount_(span("maintains",61,69),span(1,61,69)).
agent_(span("live",106,109),span("Alice",55,59)).
patient_(span("live",106,109),span("house",73,77)).
agent_(span("live",106,109),span("daughter",97,104)).
start_(span("live",106,109),span(20140101,49,52)).
start_(span("retired",453,459),span(20160101,469,472)).
agent_(span("retired",453,459),span("Charlie",419,425)).
start_(span("work",283,286),span(20170101,305,308)).
patient_(span("work",283,286),span("Alice",250,254)).
agent_(span("work",283,286),span("Bob",275,277)).
end_(span("work",283,286),span(20171231,305,308)).
tax("Alice",2017,90683).
2025-06-15 00:01:34,168 - INFO - [tax_case_20] Query:
tax("Alice",2017,90683).
2025-06-15 00:01:34,168 - INFO - [tax_case_20] Query result: {'truth': True}
2025-06-15 00:01:34,168 - INFO - [tax_case_20] Result: correct
2025-06-15 00:01:34,170 - INFO - [tax_case_21] Prolog code:
:- ['/Users/sophie/code/2025-mcm-llms-applied-in-law_context/data/sara_v3/statutes/prolog/utils.pl'].
:- ['/Users/sophie/code/2025-mcm-llms-applied-in-law_context/data/sara_v3/statutes/prolog/init.pl'].
:- [statutes/prolog/init].
bob_household_maintenance(Year,Event,Start_day,End_day) :-
    between(2004,2019,Year),
    atom_concat("furnished the costs ",Year,Event_name),
    Event = span(Event_name,128,136),
    first_day_year(Year,Start_day),
    last_day_year(Year,End_day).
payment_(Event) :- bob_household_maintenance(_,Event,_,_).
agent_(Event,span("Bob",124,126)) :- bob_household_maintenance(_,Event,_,_).
amount_(Event,span(1,138,140)) :- bob_household_maintenance(_,Event,_,_).
purpose_(Event,span("home",167,170)) :- bob_household_maintenance(_,Event,_,_).
start_(Event,span(Start_day,110,113)) :- bob_household_maintenance(_,Event,Start_day,_).
marriage_(span("married",18,24)).
son_(span("child",65,69)).
residence_(span("lived",201,205)).
marriage_(span("married",233,239)).
residence_(span("abode",332,336)).
residence_(span("Charlie's",365,373)).
income_(span("income",390,395)).
income_(span("income",433,438)).
joint_return_(span("joint return",473,484)).
agent_(span("income",390,395),span("Alice",376,380)).
start_(span("income",390,395),span(20180101,400,403)).
amount_(span("income",390,395),span(54232,410,414)).
agent_(span("income",433,438),span("Bob",421,423)).
amount_(span("income",433,438),span(43245,445,449)).
start_(span("income",433,438),span(20180101,400,403)).
agent_(span("joint return",473,484),span("Alice",452,456)).
agent_(span("joint return",473,484),span("Bob",462,464)).
start_(span("joint return",473,484),span(20180101,489,492)).
agent_(span("married",18,24),span("Alice",0,4)).
agent_(span("married",18,24),span("Bob",10,12)).
start_(span("married",18,24),span(19920203,29,41)).
agent_(span("married",233,239),span("Charlie",225,231)).
agent_(span("married",233,239),span("Dan",241,243)).
start_(span("married",233,239),span(20180214,248,261)).
end_(span("Charlie's",365,373),span(20181231,342,345)).
start_(span("Charlie's",365,373),span(20180101,342,345)).
agent_(span("Charlie's",365,373),span("Charlie",365,371)).
patient_(span("Charlie's",365,373),span("Charlie's",365,373)).
agent_(span("abode",332,336),span("Dan",307,309)).
patient_(span("abode",332,336),span("abode",323,327)).
end_(span("abode",332,336),span(20181231,342,345)).
start_(span("abode",332,336),span(20180101,342,345)).
start_(span("lived",201,205),span(20040101,110,113)).
end_(span("lived",201,205),span(20191231,118,121)).
patient_(span("lived",201,205),span("home",167,170)).
agent_(span("lived",201,205),span("Bob",185,187)).
agent_(span("lived",201,205),span("Charlie",193,199)).
agent_(span("lived",201,205),span("Alice",178,182)).
patient_(span("child",65,69),span("Alice",44,48)).
patient_(span("child",65,69),span("Bob",54,56)).
agent_(span("child",65,69),span("Charlie",72,78)).
start_(span("child",65,69),span(20001009,86,102)).
birth_(span("born",81,84)).
agent_(span("born",81,84),span("Charlie",72,78)).
start_(span("born",81,84),span(20001009,86,102)).
tax("Alice",2018,15777).
2025-06-15 00:01:34,312 - INFO - [tax_case_21] Query:
tax("Alice",2018,15777).
2025-06-15 00:01:34,313 - INFO - [tax_case_21] Query result: {'truth': True}
2025-06-15 00:01:34,313 - INFO - [tax_case_21] Result: correct
2025-06-15 00:01:34,314 - INFO - [tax_case_22] Prolog code:
:- ['/Users/sophie/code/2025-mcm-llms-applied-in-law_context/data/sara_v3/statutes/prolog/utils.pl'].
:- ['/Users/sophie/code/2025-mcm-llms-applied-in-law_context/data/sara_v3/statutes/prolog/init.pl'].
:- [statutes/prolog/init].
son_(span("son",12,14)).
patient_(span("son",12,14),span("Alice",0,4)).
agent_(span("son",12,14),span("Bob",17,19)).
start_(span("son",12,14),span(20140131,35,52)).
birth_(span("born",30,33)).
agent_(span("born",30,33),span("Bob",17,19)).
start_(span("born",30,33),span(20140131,35,52)).
residence_(span("place",80,84)).
agent_(span("place",80,84),span("Alice",72,76)).
patient_(span("place",80,84),span("place",80,84)).
residence_(span("lived",63,67)).
patient_(span("lived",63,67),span("place",80,84)).
agent_(span("lived",63,67),span("Bob",17,19)).
payment_(span("Alice's",72,78)).
agent_(span("Alice's",72,78),span("Alice",72,76)).
purpose_(span("Alice's",72,78),span("place",80,84)).
amount_(span("Alice's",72,78),span(1,72,78)).
start_(span("Alice's",72,78),span(20170101,132,135)).
income_(span("income",112,117)).
agent_(span("income",112,117),span("Alice",98,102)).
start_(span("income",112,117),span(20170101,132,135)).
amount_(span("income",112,117),span(22895,141,145)).
tax("Alice",2017,2174).
2025-06-15 00:01:34,458 - INFO - [tax_case_22] Query:
tax("Alice",2017,2174).
2025-06-15 00:01:34,458 - INFO - [tax_case_22] Query result: {'truth': True}
2025-06-15 00:01:34,459 - INFO - [tax_case_22] Result: correct
2025-06-15 00:01:34,460 - INFO - [tax_case_23] Prolog code:
:- ['/Users/sophie/code/2025-mcm-llms-applied-in-law_context/data/sara_v3/statutes/prolog/utils.pl'].
:- ['/Users/sophie/code/2025-mcm-llms-applied-in-law_context/data/sara_v3/statutes/prolog/init.pl'].
:- [statutes/prolog/init].
marriage_(span("married",18,24)).
death_(span("died",50,53)).
income_(span("income",97,102)).
income_(span("income",131,136)).
joint_return_(span("joint return",162,173)).
agent_(span("died",50,53),span("Alice",44,48)).
start_(span("died",50,53),span(20140709,58,71)).
agent_(span("income",97,102),span("Alice",83,87)).
amount_(span("income",97,102),span(55431,109,113)).
start_(span("income",97,102),span(20140101,77,80)).
agent_(span("income",131,136),span("Bob",119,121)).
amount_(span("income",131,136),span(64314,143,147)).
start_(span("income",131,136),span(20140101,77,80)).
agent_(span("joint return",162,173),span("Bob",150,152)).
agent_(span("joint return",162,173),span("Alice",191,195)).
start_(span("joint return",162,173),span(20140101,201,204)).
agent_(span("married",18,24),span("Alice",0,4)).
agent_(span("married",18,24),span("Bob",10,12)).
start_(span("married",18,24),span(19920203,29,41)).
tax("Bob",2014,26549).
2025-06-15 00:01:34,604 - INFO - [tax_case_23] Query:
tax("Bob",2014,26549).
2025-06-15 00:01:34,604 - INFO - [tax_case_23] Query result: {'truth': True}
2025-06-15 00:01:34,604 - INFO - [tax_case_23] Result: correct
2025-06-15 00:01:34,605 - INFO - [tax_case_24] Prolog code:
:- ['/Users/sophie/code/2025-mcm-llms-applied-in-law_context/data/sara_v3/statutes/prolog/utils.pl'].
:- ['/Users/sophie/code/2025-mcm-llms-applied-in-law_context/data/sara_v3/statutes/prolog/init.pl'].
:- [statutes/prolog/init].
marriage_(span("married",18,24)).
son_(span("son",56,58)).
death_(span("died",100,103)).
residence_(span("lived",153,157)).
payment_(span("maintained",170,179)).
income_(span("income",205,210)).
agent_(span("died",100,103),span("Bob",96,98)).
start_(span("died",100,103),span(20150315,108,123)).
agent_(span("income",205,210),span("Alice",191,195)).
start_(span("income",205,210),span(20170101,225,228)).
amount_(span("income",205,210),span(95129,234,238)).
agent_(span("married",18,24),span("Alice",0,4)).
agent_(span("married",18,24),span("Bob",10,12)).
start_(span("married",18,24),span(19941123,29,47)).
purpose_(span("maintained",170,179),span("house",164,168)).
agent_(span("maintained",170,179),span("Alice",184,188)).
amount_(span("maintained",170,179),span(1,170,179)).
start_(span("maintained",170,179),span(20170101,129,132)).
agent_(span("lived",153,157),span("Alice",135,139)).
agent_(span("lived",153,157),span("Charlie",145,151)).
patient_(span("lived",153,157),span("house",164,168)).
end_(span("lived",153,157),span(20171231,129,132)).
start_(span("lived",153,157),span(20170101,129,132)).
patient_(span("son",56,58),span("Alice",0,4)).
agent_(span("son",56,58),span("Charlie",60,66)).
start_(span("son",56,58),span(20000705,80,93)).
patient_(span("son",56,58),span("Bob",10,12)).
birth_(span("born",72,75)).
agent_(span("born",72,75),span("Charlie",60,66)).
start_(span("born",72,75),span(20000705,80,93)).
tax("Alice",2017,19039).
2025-06-15 00:01:34,751 - INFO - [tax_case_24] Query:
tax("Alice",2017,19039).
2025-06-15 00:01:34,752 - INFO - [tax_case_24] Query result: {'truth': True}
2025-06-15 00:01:34,752 - INFO - [tax_case_24] Result: correct
2025-06-15 00:01:34,753 - INFO - [tax_case_25] Prolog code:
:- ['/Users/sophie/code/2025-mcm-llms-applied-in-law_context/data/sara_v3/statutes/prolog/utils.pl'].
:- ['/Users/sophie/code/2025-mcm-llms-applied-in-law_context/data/sara_v3/statutes/prolog/init.pl'].
:- [statutes/prolog/init].
son_(span("son",29,31)).
marriage_(span("married",66,72)).
income_(span("Charlie's",115,123)).
income_(span("Alice's",103,109)).
residence_(span("abode",242,246)).
joint_return_(span("jointly",280,286)).
agent_(span("Charlie's",115,123),span("Charlie",115,121)).
agent_(span("Alice's",103,109),span("Alice",103,107)).
start_(span("Charlie's",115,123),span(20180101,142,145)).
start_(span("Alice's",103,109),span(20180101,142,145)).
amount_(span("Charlie's",115,123),span(414231,165,170)).
amount_(span("Alice's",103,109),span(324311,153,158)).
agent_(span("jointly",280,286),span("Alice",257,261)).
agent_(span("jointly",280,286),span("Charlie",267,273)).
start_(span("jointly",280,286),span(20180101,291,294)).
agent_(span("married",66,72),span("Alice",60,64)).
agent_(span("married",66,72),span("Charlie",74,80)).
start_(span("married",66,72),span(20180808,85,100)).
agent_(span("abode",242,246),span("Bob",193,195)).
agent_(span("abode",242,246),span("Charlie",201,207)).
patient_(span("abode",242,246),span("abode",242,246)).
end_(span("abode",242,246),span(20181231,251,254)).
start_(span("abode",242,246),span(20180101,251,254)).
agent_(span("abode",242,246),span("Alice",186,190)).
agent_(span("son",29,31),span("Bob",0,2)).
patient_(span("son",29,31),span("Charlie",7,13)).
patient_(span("son",29,31),span("Dorothy",19,25)).
start_(span("son",29,31),span(20150415,42,57)).
birth_(span("born",34,37)).
agent_(span("born",34,37),span("Bob",0,2)).
start_(span("born",34,37),span(20150415,42,57)).
tax("Alice",2018,259487).
2025-06-15 00:01:34,900 - INFO - [tax_case_25] Query:
tax("Alice",2018,259487).
2025-06-15 00:01:34,900 - INFO - [tax_case_25] Query result: {'truth': True}
2025-06-15 00:01:34,900 - INFO - [tax_case_25] Result: correct
2025-06-15 00:01:34,902 - INFO - [tax_case_26] Prolog code:
:- ['/Users/sophie/code/2025-mcm-llms-applied-in-law_context/data/sara_v3/statutes/prolog/utils.pl'].
:- ['/Users/sophie/code/2025-mcm-llms-applied-in-law_context/data/sara_v3/statutes/prolog/init.pl'].
:- [statutes/prolog/init].
service_(span("employed",6,13)).
patient_(span("employed",6,13),span("Alice",0,4)).
agent_(span("employed",6,13),span("Bob",15,17)).
start_(span("employed",6,13),span(20110101,24,36)).
end_(span("employed",6,13),span(20191010,41,52)).
payment_(span("paying",55,60)).
purpose_(span("paying",55,60),span("employed",6,13)).
amount_(span("paying",55,60),span(1513,67,70)).
start_(span("paying",55,60),span(20190101,75,78)).
patient_(span("paying",55,60),span("Bob",15,17)).
agent_(span("paying",55,60),span("Alice",140,144)).
disability_(span("disabled",118,125)).
start_(span("disabled",118,125),span(20191010,84,95)).
agent_(span("disabled",118,125),span("Bob",97,99)).
retirement_(span("retired",131,137)).
start_(span("retired",131,137),span(20191010,84,95)).
agent_(span("retired",131,137),span("Bob",97,99)).
reason_(span("retired",131,137),span("disability",217,226)).
payment_(span("paid",146,149)).
start_(span("paid",146,149),span(20191010,84,95)).
agent_(span("paid",146,149),span("Alice",140,144)).
patient_(span("paid",146,149),span("Bob",151,153)).
amount_(span("paid",146,149),span(298,156,158)).
purpose_(span("paid",146,149),span("terminate",179,187)).
termination_(span("terminate",179,187)).
patient_(span("terminate",179,187),span("employed",6,13)).
agent_(span("terminate",179,187),span("Alice",140,144)).
reason_(span("terminate",179,187),span("disability",217,226)).
income_(span("income",252,257)).
agent_(span("income",252,257),span("Alice",238,242)).
amount_(span("income",252,257),span(567192,264,269)).
start_(span("income",252,257),span(20190101,232,235)).
residence_(span("lived",287,291)).
start_(span("lived",287,291),span(20190101,275,278)).
end_(span("lived",287,291),span(20191231,275,278)).
agent_(span("lived",287,291),span("Alice",281,285)).
agent_(span("lived",287,291),span("Charlie",307,313)).
patient_(span("lived",287,291),span("house",333,337)).
father_(span("father",320,325)).
patient_(span("father",320,325),span("Alice",281,285)).
agent_(span("father",320,325),span("Charlie",307,313)).
payment_(span("maintains",348,356)).
start_(span("maintains",348,356),span(20190101,275,278)).
purpose_(span("maintains",348,356),span("house",333,337)).
amount_(span("maintains",348,356),span(1,348,356)).
agent_(span("maintains",348,356),span("Alice",281,285)).
tax("Alice",2019,196056).
2025-06-15 00:01:35,042 - INFO - [tax_case_26] Query:
tax("Alice",2019,196056).
2025-06-15 00:01:35,042 - INFO - [tax_case_26] Query result: {'truth': True}
2025-06-15 00:01:35,042 - INFO - [tax_case_26] Result: correct
2025-06-15 00:01:35,044 - INFO - [tax_case_27] Prolog code:
:- ['/Users/sophie/code/2025-mcm-llms-applied-in-law_context/data/sara_v3/statutes/prolog/utils.pl'].
:- ['/Users/sophie/code/2025-mcm-llms-applied-in-law_context/data/sara_v3/statutes/prolog/init.pl'].
:- [statutes/prolog/init].
payment_(span("paid",19,22)).
father_(span("father",47,52)).
residence_(span("lived",101,105)).
payment_(span("maintained",129,138)).
agent_(span("father",47,52),span("Bob",32,34)).
patient_(span("father",47,52),span("Alice",39,43)).
start_(span("father",47,52),span(19780415,60,75)).
purpose_(span("maintained",129,138),span("house",112,116)).
agent_(span("maintained",129,138),span("Alice",123,127)).
amount_(span("maintained",129,138),span(1,129,138)).
start_(span("maintained",129,138),span(20170101,81,84)).
start_(span("paid",19,22),span(20170101,3,6)).
patient_(span("paid",19,22),span("Alice",9,13)).
amount_(span("paid",19,22),span(33200,25,29)).
agent_(span("lived",101,105),span("Alice",87,91)).
agent_(span("lived",101,105),span("Bob",97,99)).
patient_(span("lived",101,105),span("house",112,116)).
end_(span("lived",101,105),span(20171231,81,84)).
start_(span("lived",101,105),span(20170101,81,84)).
tax("Alice",2017,3720).
2025-06-15 00:01:35,187 - INFO - [tax_case_27] Query:
tax("Alice",2017,3720).
2025-06-15 00:01:35,187 - INFO - [tax_case_27] Query result: {'truth': True}
2025-06-15 00:01:35,188 - INFO - [tax_case_27] Result: correct
2025-06-15 00:01:35,189 - INFO - [tax_case_29] Prolog code:
:- ['/Users/sophie/code/2025-mcm-llms-applied-in-law_context/data/sara_v3/statutes/prolog/utils.pl'].
:- ['/Users/sophie/code/2025-mcm-llms-applied-in-law_context/data/sara_v3/statutes/prolog/init.pl'].
marriage_(span("married",15,21)).
joint_return_(span("joint return",60,71)).
income_(span("income",130,135)).
payment_(span("paid",177,180)).
service_(span("work",199,202)).
payment_(span("paid",251,254)).
plan_(span("retirement fund",269,283)).
payment_(span("paid",298,301)).
plan_(span("health insurance",314,329)).
father_(span("father",359,364)).
retirement_(span("retired",374,380)).
patient_(span("father",359,364),span("Alice",351,355)).
agent_(span("father",359,364),span("Charlie",335,341)).
agent_(span("income",130,135),span("Alice",99,103)).
start_(span("income",130,135),span(20160101,150,153)).
amount_(span("income",130,135),span(164612,159,164)).
agent_(span("joint return",60,71),span("Alice",46,50)).
agent_(span("joint return",60,71),span("spouse",82,87)).
start_(span("joint return",60,71),span(20160101,93,96)).
agent_(span("married",15,21),span("Alice",0,4)).
start_(span("married",15,21),span(20150404,29,43)).
agent_(span("married",15,21),span("spouse",82,87)).
purpose_(span("paid",298,301),span("make provisions for employees in case of sickness",314,329)).
amount_(span("paid",298,301),span(5322,304,307)).
patient_(span("paid",298,301),span("health insurance",314,329)).
beneficiary_(span("paid",298,301),span("Charlie",335,341)).
agent_(span("paid",298,301),span("Alice",236,240)).
start_(span("paid",298,301),span(20160101,230,233)).
start_(span("paid",251,254),span(20160101,230,233)).
agent_(span("paid",251,254),span("Alice",236,240)).
amount_(span("paid",251,254),span(9832,257,260)).
patient_(span("paid",251,254),span("retirement fund",269,283)).
purpose_(span("paid",251,254),span("make provisions for employees in case of retirement",269,283)).
beneficiary_(span("paid",251,254),span("Bob",289,291)).
agent_(span("paid",177,180),span("Alice",167,171)).
amount_(span("paid",177,180),span(4525,183,186)).
patient_(span("paid",177,180),span("Bob",191,193)).
purpose_(span("paid",177,180),span("work",199,202)).
start_(span("paid",177,180),span(20160101,221,224)).
start_(span("retired",374,380),span(20160101,385,388)).
agent_(span("retired",374,380),span("Charlie",335,341)).
patient_(span("work",199,202),span("Alice",167,171)).
agent_(span("work",199,202),span("Bob",191,193)).
end_(span("work",199,202),span(20161231,221,224)).
start_(span("work",199,202),span(20160101,221,224)).
tax("Alice",2016,40741).
2025-06-15 00:01:35,227 - INFO - [tax_case_29] Query:
tax("Alice",2016,40741).
2025-06-15 00:01:35,227 - INFO - [tax_case_29] Query result: {'truth': True}
2025-06-15 00:01:35,227 - INFO - [tax_case_29] Result: correct
2025-06-15 00:01:35,228 - INFO - [tax_case_3] Prolog code:
:- ['/Users/sophie/code/2025-mcm-llms-applied-in-law_context/data/sara_v3/statutes/prolog/utils.pl'].
:- ['/Users/sophie/code/2025-mcm-llms-applied-in-law_context/data/sara_v3/statutes/prolog/init.pl'].
:- [statutes/prolog/init].
income_(span("income",23,28)).
marriage_(span("married",66,72)).
blindness_(span("blind",110,114)).
joint_return_(span("jointly",158,164)).
residence_(span("abode",298,302)).
agent_(span("blind",110,114),span("Alice",95,99)).
start_(span("blind",110,114),span(20131004,122,136)).
start_(span("income",23,28),span(20170101,3,6)).
agent_(span("income",23,28),span("Alice",9,13)).
amount_(span("income",23,28),span(33200,35,39)).
agent_(span("jointly",158,164),span("Alice",139,143)).
agent_(span("jointly",158,164),span("Bob",149,151)).
start_(span("jointly",158,164),span(20170101,169,172)).
agent_(span("married",66,72),span("Alice",42,46)).
agent_(span("married",66,72),span("Bob",52,54)).
start_(span("married",66,72),span(20170203,80,92)).
agent_(span("abode",298,302),span("Alice",251,255)).
agent_(span("abode",298,302),span("Bob",261,263)).
patient_(span("abode",298,302),span("place",289,293)).
start_(span("abode",298,302),span(20170101,309,312)).
end_(span("abode",298,302),span(20201231,317,320)).
tax("Alice",2017,3390).
2025-06-15 00:01:35,357 - INFO - [tax_case_3] Query:
tax("Alice",2017,3390).
2025-06-15 00:01:35,357 - INFO - [tax_case_3] Query result: {'truth': True}
2025-06-15 00:01:35,357 - INFO - [tax_case_3] Result: correct
2025-06-15 00:01:35,357 - INFO - [tax_case_32] Prolog code:
:- ['/Users/sophie/code/2025-mcm-llms-applied-in-law_context/data/sara_v3/statutes/prolog/utils.pl'].
:- ['/Users/sophie/code/2025-mcm-llms-applied-in-law_context/data/sara_v3/statutes/prolog/init.pl'].
:- [statutes/prolog/init].
income_(span("income",14,19)).
service_(span("employed",53,60)).
payment_(span("paid",109,112)).
retirement_(span("retired",153,159)).
payment_(span("paid",194,197)).
agent_(span("income",14,19),span("Alice",0,4)).
start_(span("income",14,19),span(20190101,24,27)).
amount_(span("income",14,19),span(5723215,34,40)).
purpose_(span("paid",194,197),span("employed",53,60)).
start_(span("paid",194,197),span(20190209,88,100)).
agent_(span("paid",194,197),span("Alice",188,192)).
patient_(span("paid",194,197),span("Bob",199,201)).
amount_(span("paid",194,197),span(12980,204,208)).
purpose_(span("paid",109,112),span("employed",53,60)).
agent_(span("paid",109,112),span("Alice",103,107)).
patient_(span("paid",109,112),span("Bob",114,116)).
amount_(span("paid",109,112),span(3255,119,122)).
start_(span("paid",109,112),span(20190101,127,130)).
start_(span("retired",153,159),span(20190209,88,100)).
agent_(span("retired",153,159),span("Bob",149,151)).
reason_(span("retired",153,159),span("reached age 65",172,185)).
patient_(span("employed",53,60),span("Alice",43,47)).
agent_(span("employed",53,60),span("Bob",62,64)).
start_(span("employed",53,60),span(20110101,71,83)).
end_(span("employed",53,60),span(20191010,136,147)).
tax("Alice",2019,2242833).
2025-06-15 00:01:35,496 - INFO - [tax_case_32] Query:
tax("Alice",2019,2242833).
2025-06-15 00:01:35,496 - INFO - [tax_case_32] Query result: {'truth': True}
2025-06-15 00:01:35,496 - INFO - [tax_case_32] Result: correct
2025-06-15 00:01:35,498 - INFO - [tax_case_33] Prolog code:
:- ['/Users/sophie/code/2025-mcm-llms-applied-in-law_context/data/sara_v3/statutes/prolog/utils.pl'].
:- ['/Users/sophie/code/2025-mcm-llms-applied-in-law_context/data/sara_v3/statutes/prolog/init.pl'].
:- [statutes/prolog/init].
service_(span(Service_event,70,78)) :-
    between(1,87,Employee_id),
    atom_concat('workforalice_2015_',Employee_id,Service_event).
agent_(span(Service_event,70,78),span(Employee,70,78)) :-
    split_event_name(Service_event,X,Y,Z),
    double_equal(X, "workforalice"),
    double_equal(Y, "2015"),
    atom_concat('employee_2015_',Z,Employee).
patient_(span(Service_event,70,78),span("Alice",44,48)) :-
    split_event_name(Service_event,X,_,_),
    double_equal(X, "workforalice").
patient_(span(Service_event,135,143),span("Alice",109,113)) :-
    split_event_name(Service_event,X,_,_),
    double_equal(X, "workforalice").
start_(span(Service_event,70,78),span(20150101,103,106)) :-
    split_event_name(Service_event,X,Y,_),
    double_equal(X, "workforalice"),
    double_equal(Y, "2015").
end_(span(Service_event,70,78),span(20151231,103,106)) :-
    split_event_name(Service_event,X,Y,_),
    double_equal(X, "workforalice"),
    double_equal(Y, "2015").
payment_(span(Payment_event,50,53)) :-
    between(1,87,Employee_id),
    atom_concat('payment_2015_',Employee_id,Payment_event).
agent_(span(Payment_event,50,53),span("Alice",44,48)) :-
    split_event_name(Payment_event,X,_,_),
    double_equal(X, "payment"). 
agent_(span(Payment_event,115,118),span("Alice",109,113)) :-
    split_event_name(Payment_event,X,_,_),
    double_equal(X, "payment"). 
purpose_(span(Payment_event,_,_),span(Service_event,_,_)) :-
    split_event_name(Payment_event,Xp,Yp,Zp),
    split_event_name(Service_event,Xs,Ys,Zs),
    double_equal(Xp, "payment"),
    double_equal(Xs, "workforalice"),
    double_equal(Yp, Ys),
    double_equal(Zp, Zs).
amount_(span(Payment_event,_,_),span(5207,81,84)) :-
    split_event_name(Payment_event,X,Y,_),
    double_equal(X, "payment"),
    double_equal(Y, "2015").
patient_(span(Payment_event,_,_),span(Employee,70,78)) :-
    split_event_name(Payment_event,X,Y,Z),
    atom_number(Z,Employee_id),
    double_equal(X, "payment"),
    double_equal(Y, "2015"),
    between(1,87,Employee_id),
    atom_concat('employee_2015_',Z,Employee).
start_(span(Payment_event,50,53),span(20150101,103,106)) :-
    split_event_name(Payment_event,X,Y,_),
    double_equal(X, "payment"),
    double_equal(Y, "2015").
service_(span(Service_event,135,143)) :-
    between(1,70,Employee_id),
    atom_concat('workforalice_2016_',Employee_id,Service_event).
agent_(span(Service_event,_,_),span(Employee,135,143)) :-
    split_event_name(Service_event,X,Y,Z),
    double_equal(X, "workforalice"),
    double_equal(Y, "2016"), 
    atom_concat('employee_2016_',Z,Employee). 
start_(span(Service_event,_,_),span(20160101,168,171)) :-
    split_event_name(Service_event,X,Y,_),
    double_equal(X, "workforalice"),
    double_equal(Y, "2016").
end_(span(Service_event,_,_),span(20161231,168,171)) :-
    split_event_name(Service_event,X,Y,_),
    double_equal(X, "workforalice"),
    double_equal(Y, "2016").
payment_(span(Payment_event,115,118)) :-
    between(1,70,Employee_id),
    atom_concat('payment_2016_',Employee_id,Payment_event).
amount_(span(Payment_event,_,_),span(6341,146,149)) :-
    split_event_name(Payment_event,X,Y,_),
    double_equal(X, "payment"),
    double_equal(Y, "2016").
patient_(span(Payment_event,_,_),span(Employee,135,143)) :-
    split_event_name(Payment_event,X,Y,Z),
    atom_number(Z,Employee_id),
    double_equal(X, "payment"),
    double_equal(Y, "2016"),
    between(1,70,Employee_id),
    atom_concat('employee_2016_',Z,Employee).
start_(span(Payment_event,_,_),span(20161231,168,171)) :-
    split_event_name(Payment_event,X,Y,_),
    double_equal(X, "payment"),
    double_equal(Y, "2016").
marriage_(span("married",18,24)).
joint_return_(span("jointly",193,199)).
agent_(span("jointly",193,199),span("Alice",174,178)).
agent_(span("jointly",193,199),span("Bob",184,186)).
end_(span("jointly",193,199),span(20151231,204,207)).
start_(span("jointly",193,199),span(20150101,204,207)).
agent_(span("married",18,24),span("Alice",0,4)).
agent_(span("married",18,24),span("Bob",10,12)).
start_(span("married",18,24),span(19920203,29,41)).
tax("Alice",2015,27181).
2025-06-15 00:01:35,641 - INFO - [tax_case_33] Query:
tax("Alice",2015,27181).
2025-06-15 00:01:35,641 - INFO - [tax_case_33] Query result: {'truth': True}
2025-06-15 00:01:35,641 - INFO - [tax_case_33] Result: correct
2025-06-15 00:01:35,643 - INFO - [tax_case_35] Prolog code:
:- ['/Users/sophie/code/2025-mcm-llms-applied-in-law_context/data/sara_v3/statutes/prolog/utils.pl'].
:- ['/Users/sophie/code/2025-mcm-llms-applied-in-law_context/data/sara_v3/statutes/prolog/init.pl'].
:- [statutes/prolog/init].
income_(span("income",14,19)).
son_(span("son",107,109)).
residence_(span("abode",153,157)).
agent_(span("income",14,19),span("Alice",0,4)).
start_(span("income",14,19),span(20170101,34,37)).
amount_(span("income",14,19),span(22895,43,47)).
agent_(span("abode",153,157),span("Alice",95,99)).
agent_(span("abode",153,157),span("Bob",112,114)).
patient_(span("abode",153,157),span("place",144,148)).
start_(span("abode",153,157),span(20170101,169,172)).
patient_(span("son",107,109),span("Alice",95,99)).
agent_(span("son",107,109),span("Bob",112,114)).
tax("Alice",2017,2384).
2025-06-15 00:01:35,786 - INFO - [tax_case_35] Query:
tax("Alice",2017,2384).
2025-06-15 00:01:35,786 - INFO - [tax_case_35] Query result: {'truth': True}
2025-06-15 00:01:35,786 - INFO - [tax_case_35] Result: correct
2025-06-15 00:01:35,788 - INFO - [tax_case_36] Prolog code:
:- ['/Users/sophie/code/2025-mcm-llms-applied-in-law_context/data/sara_v3/statutes/prolog/utils.pl'].
:- ['/Users/sophie/code/2025-mcm-llms-applied-in-law_context/data/sara_v3/statutes/prolog/init.pl'].
bob_household_maintenance(Year,Event,Start_day,End_day) :-
    between(2004,2019,Year),
    atom_concat("furnished the costs ",Year,Event),
    first_day_year(Year,Start_day),
    last_day_year(Year,End_day).
payment_(span(Event,128,136)) :- bob_household_maintenance(_,Event,_,_).
agent_(span(Event,128,136),span("Bob",124,126)) :- bob_household_maintenance(_,Event,_,_).
amount_(span(Event,128,136),span(1,138,140)) :- bob_household_maintenance(_,Event,_,_).
purpose_(span(Event,128,136),span("home",167,170)) :- bob_household_maintenance(_,Event,_,_).
start_(span(Event,128,136),span(Start_day,110,113)) :- bob_household_maintenance(_,Event,Start_day,_).
end_(span(Event,128,136),span(End_day,118,121)) :- bob_household_maintenance(_,Event,_,End_day).
marriage_(span("married",18,24)).
son_(span("child",65,69)).
residence_(span("lived",193,197)).
residence_(span("abode",277,281)).
payment_(span("paid",303,306)).
income_(span("income",326,331)).
birth_(span("born",355,358)).
agent_(span("born",355,358),span("Alice",345,349)).
start_(span("born",355,358),span(19500302,360,374)).
birth_(span("born",388,391)).
agent_(span("born",388,391),span("Bob",380,382)).
start_(span("born",388,391),span(19550303,393,407)).
joint_return_(span("file jointly",433,444)).
start_(span("income",326,331),span(20170101,287,290)).
agent_(span("income",326,331),span("Bob",320,322)).
amount_(span("income",326,331),span(32311,338,342)).
start_(span("file jointly",433,444),span(20170101,413,416)).
agent_(span("file jointly",433,444),span("Alice",419,423)).
agent_(span("file jointly",433,444),span("Bob",429,431)).
agent_(span("married",18,24),span("Alice",0,4)).
agent_(span("married",18,24),span("Bob",10,12)).
start_(span("married",18,24),span(19920203,29,41)).
start_(span("paid",303,306),span(20170101,287,290)).
patient_(span("paid",303,306),span("Alice",293,297)).
amount_(span("paid",303,306),span(33200,309,313)).
start_(span("lived",193,197),span(20040101,110,113)).
end_(span("lived",193,197),span(20191231,118,121)).
agent_(span("lived",193,197),span("Bob",124,126)).
patient_(span("lived",193,197),span("home",167,170)).
agent_(span("lived",193,197),span("Charlie",185,191)).
agent_(span("abode",277,281),span("Alice",236,240)).
start_(span("abode",277,281),span(20150101,222,225)).
end_(span("abode",277,281),span(20181231,230,233)).
patient_(span("abode",277,281),span("place",268,272)).
patient_(span("child",65,69),span("Alice",44,48)).
patient_(span("child",65,69),span("Bob",54,56)).
agent_(span("child",65,69),span("Charlie",72,78)).
start_(span("child",65,69),span(20001009,86,102)).
birth_(span("born",81,84)).
agent_(span("born",81,84),span("Charlie",72,78)).
start_(span("born",81,84),span(20001009,86,102)).
tax("Alice",2017,10018).
2025-06-15 00:01:35,828 - INFO - [tax_case_36] Query:
tax("Alice",2017,10018).
2025-06-15 00:01:35,828 - INFO - [tax_case_36] Query result: {'truth': True}
2025-06-15 00:01:35,828 - INFO - [tax_case_36] Result: correct
2025-06-15 00:01:35,828 - INFO - [tax_case_37] Prolog code:
:- ['/Users/sophie/code/2025-mcm-llms-applied-in-law_context/data/sara_v3/statutes/prolog/utils.pl'].
:- ['/Users/sophie/code/2025-mcm-llms-applied-in-law_context/data/sara_v3/statutes/prolog/init.pl'].
:- [statutes/prolog/init].
birth_(span("born",10,13)).
agent_(span("born",10,13),span("Alice",0,4)).
start_(span("born",10,13),span(19920110,15,32)).
birth_(span("born",43,46)).
agent_(span("born",43,46),span("Bob",35,37)).
start_(span("born",43,46),span(20140131,48,65)).
son_(span("adopted",74,80)).
patient_(span("adopted",74,80),span("Alice",68,72)).
agent_(span("adopted",74,80),span("Bob",82,84)).
start_(span("adopted",74,80),span(20180304,89,103)).
residence_(span("lived",117,121)).
start_(span("lived",117,121),span(20180101,100,103)).
agent_(span("lived",117,121),span("Bob",109,111)).
agent_(span("lived",117,121),span("Alice",128,132)).
patient_(span("lived",117,121),span("house",146,150)).
payment_(span("maintains",163,171)).
start_(span("maintains",163,171),span(20180101,100,103)).
purpose_(span("maintains",163,171),span("house",146,150)).
agent_(span("maintains",163,171),span("Alice",157,161)).
amount_(span("maintains",163,171),span(1,163,171)).
income_(span("income",188,193)).
agent_(span("income",188,193),span("Alice",174,178)).
start_(span("income",188,193),span(20180101,198,201)).
amount_(span("income",188,193),span(141177,208,213)).
tax("Alice",2018,32045).
2025-06-15 00:01:35,957 - INFO - [tax_case_37] Query:
tax("Alice",2018,32045).
2025-06-15 00:01:35,958 - INFO - [tax_case_37] Query result: {'truth': True}
2025-06-15 00:01:35,958 - INFO - [tax_case_37] Result: correct
2025-06-15 00:01:35,959 - INFO - [tax_case_38] Prolog code:
:- ['/Users/sophie/code/2025-mcm-llms-applied-in-law_context/data/sara_v3/statutes/prolog/utils.pl'].
:- ['/Users/sophie/code/2025-mcm-llms-applied-in-law_context/data/sara_v3/statutes/prolog/init.pl'].
:- [statutes/prolog/init].
marriage_(span("married",10,16)).
joint_return_(span("joint return",56,67)).
income_(span("income",126,131)).
deduction_(span("deductions",182,191)).
start_(span("deductions",182,191),span(20170101,146,149)).
agent_(span("deductions",182,191),span("Alice",163,167)).
amount_(span("deductions",182,191),span(23029,197,201)).
agent_(span("income",126,131),span("Alice",95,99)).
start_(span("income",126,131),span(20170101,146,149)).
amount_(span("income",126,131),span(684642,155,160)).
agent_(span("joint return",56,67),span("Alice",42,46)).
agent_(span("joint return",56,67),span("spouse",78,83)).
start_(span("joint return",56,67),span(20170101,89,92)).
agent_(span("married",10,16),span("Alice",0,4)).
start_(span("married",10,16),span(20171230,21,39)).
agent_(span("married",10,16),span("spouse",78,83)).
tax("Alice",2017,243097).
2025-06-15 00:01:36,097 - INFO - [tax_case_38] Query:
tax("Alice",2017,243097).
2025-06-15 00:01:36,098 - INFO - [tax_case_38] Query result: {'truth': True}
2025-06-15 00:01:36,098 - INFO - [tax_case_38] Result: correct
2025-06-15 00:01:36,099 - INFO - [tax_case_39] Prolog code:
:- ['/Users/sophie/code/2025-mcm-llms-applied-in-law_context/data/sara_v3/statutes/prolog/utils.pl'].
:- ['/Users/sophie/code/2025-mcm-llms-applied-in-law_context/data/sara_v3/statutes/prolog/init.pl'].
:- [statutes/prolog/init].
birth_(span("born",7,10)).
agent_(span("born",7,10),span("Alice",0,4)).
start_(span("born",7,10),span(19640607,12,22)).
birth_(span("born",41,44)).
agent_(span("born",41,44),span("Bob",36,38)).
start_(span("born",41,44),span(19880207,46,56)).
birth_(span("born",83,86)).
agent_(span("born",83,86),span("Charlie",74,80)).
start_(span("born",83,86),span(20140629,88,99)).
son_(span("son",31,33)).
son_(span("son",69,71)).
residence_(span("abode",158,162)).
income_(span("income",185,190)).
agent_(span("income",185,190),span("Bob",173,175)).
start_(span("income",185,190),span(20150101,195,198)).
amount_(span("income",185,190),span(43591,204,208)).
agent_(span("abode",158,162),span("Alice",102,106)).
agent_(span("abode",158,162),span("Bob",109,111)).
agent_(span("abode",158,162),span("Charlie",117,123)).
patient_(span("abode",158,162),span("place",149,153)).
end_(span("abode",158,162),span(20151231,167,170)).
start_(span("abode",158,162),span(20150101,167,170)).
patient_(span("son",31,33),span("Alice",0,4)).
agent_(span("son",31,33),span("Bob",36,38)).
start_(span("son",31,33),span(19880207,46,56)).
patient_(span("son",69,71),span("Bob",59,61)).
agent_(span("son",69,71),span("Charlie",74,80)).
start_(span("son",69,71),span(20140629,88,99)).
tax("Bob",2015,6812).
2025-06-15 00:01:36,237 - INFO - [tax_case_39] Query:
tax("Bob",2015,6812).
2025-06-15 00:01:36,237 - INFO - [tax_case_39] Query result: {'truth': True}
2025-06-15 00:01:36,237 - INFO - [tax_case_39] Result: correct
2025-06-15 00:01:36,238 - INFO - [tax_case_4] Prolog code:
:- ['/Users/sophie/code/2025-mcm-llms-applied-in-law_context/data/sara_v3/statutes/prolog/utils.pl'].
:- ['/Users/sophie/code/2025-mcm-llms-applied-in-law_context/data/sara_v3/statutes/prolog/init.pl'].
:- [statutes/prolog/init].
payment_(span("paid",10,13)).
service_(span("service",41,47)).
payment_(span("paid",128,131)).
service_(span("work",152,155)).
agent_(span("paid",10,13),span("Alice",0,4)).
amount_(span("paid",10,13),span(3200,16,19)).
patient_(span("paid",10,13),span("Bob",24,26)).
purpose_(span("paid",10,13),span("service",41,47)).
start_(span("paid",10,13),span(20120901,76,88)).
start_(span("paid",128,131),span(20120901,76,88)).
agent_(span("paid",128,131),span("Bob",120,122)).
amount_(span("paid",128,131),span(4500,134,137)).
patient_(span("paid",128,131),span("Alice",142,146)).
purpose_(span("paid",128,131),span("work",152,155)).
patient_(span("service",41,47),span("Alice",0,4)).
agent_(span("service",41,47),span("Bob",24,26)).
purpose_(span("service",41,47),span("domestic service",32,47)).
start_(span("service",41,47),span(20120201,59,71)).
end_(span("service",41,47),span(20120901,76,88)).
location_(span("service",41,47),span("Baltimore, Maryland, USA",94,117)).
patient_(span("work",152,155),span("Bob",120,122)).
agent_(span("work",152,155),span("Alice",142,146)).
start_(span("work",152,155),span(20120331,167,180)).
end_(span("work",152,155),span(20121231,185,198)).
country_(span("Baltimore, Maryland, USA",94,117),span("USA",115,117)).
tax("Alice",2012,192).
2025-06-15 00:01:36,383 - INFO - [tax_case_4] Query:
tax("Alice",2012,192).
2025-06-15 00:01:36,384 - INFO - [tax_case_4] Query result: {'truth': True}
2025-06-15 00:01:36,384 - INFO - [tax_case_4] Result: correct
2025-06-15 00:01:36,386 - INFO - [tax_case_40] Prolog code:
:- ['/Users/sophie/code/2025-mcm-llms-applied-in-law_context/data/sara_v3/statutes/prolog/utils.pl'].
:- ['/Users/sophie/code/2025-mcm-llms-applied-in-law_context/data/sara_v3/statutes/prolog/init.pl'].
:- [statutes/prolog/init].
payment_(span("paid",10,13)).
father_(span("father",28,33)).
service_(span("work",43,46)).
marriage_(span("married",141,147)).
legal_separation_(span("separated",200,208)).
income_(span("income",275,280)).
patient_(span("father",28,33),span("Alice",0,4)).
agent_(span("father",28,33),span("Bob",35,37)).
agent_(span("income",275,280),span("Alice",261,265)).
start_(span("income",275,280),span(20170101,285,288)).
amount_(span("income",275,280),span(756420,295,300)).
patient_(span("separated",200,208),span("married",141,147)).
agent_(span("separated",200,208),span("decree of divorce",218,234)).
start_(span("separated",200,208),span(20170916,239,258)).
agent_(span("married",141,147),span("Alice",119,123)).
agent_(span("married",141,147),span("Charlie",129,135)).
start_(span("married",141,147),span(20120405,152,166)).
agent_(span("paid",10,13),span("Alice",0,4)).
amount_(span("paid",10,13),span(3200,16,19)).
patient_(span("paid",10,13),span("Bob",35,37)).
purpose_(span("paid",10,13),span("work",43,46)).
start_(span("paid",10,13),span(20170902,75,87)).
patient_(span("work",43,46),span("Alice",0,4)).
agent_(span("work",43,46),span("Bob",35,37)).
start_(span("work",43,46),span(20170201,58,70)).
end_(span("work",43,46),span(20170902,75,87)).
location_(span("work",43,46),span("Baltimore",93,101)).
location_(span("work",43,46),span("Maryland",104,111)).
location_(span("work",43,46),span("USA",114,116)).
tax("Alice",2017,279126).
2025-06-15 00:01:36,533 - INFO - [tax_case_40] Query:
tax("Alice",2017,279126).
2025-06-15 00:01:36,533 - INFO - [tax_case_40] Query result: {'truth': True}
2025-06-15 00:01:36,533 - INFO - [tax_case_40] Result: correct
2025-06-15 00:01:36,535 - INFO - [tax_case_41] Prolog code:
:- ['/Users/sophie/code/2025-mcm-llms-applied-in-law_context/data/sara_v3/statutes/prolog/utils.pl'].
:- ['/Users/sophie/code/2025-mcm-llms-applied-in-law_context/data/sara_v3/statutes/prolog/init.pl'].
:- [statutes/prolog/init].
marriage_(span("married",18,24)).
nonresident_alien_(span("nonresident alien",56,72)).
death_(span("died",100,103)).
income_(span("income",141,146)).
income_(span("income",180,185)).
agent_(span("died",100,103),span("Bob",96,98)).
start_(span("died",100,103),span(20170916,105,124)).
agent_(span("income",141,146),span("Alice",127,131)).
start_(span("income",141,146),span(20130101,151,154)).
amount_(span("income",141,146),span(71414,161,165)).
agent_(span("income",180,185),span("Bob",168,170)).
start_(span("income",180,185),span(20130101,190,193)).
amount_(span("income",180,185),span(56404,200,204)).
agent_(span("married",18,24),span("Alice",0,4)).
agent_(span("married",18,24),span("Bob",10,12)).
start_(span("married",18,24),span(19920203,29,41)).
agent_(span("nonresident alien",56,72),span("Alice",44,48)).
end_(span("nonresident alien",56,72),span(20140709,80,93)).
tax("Alice",2013,17783).
2025-06-15 00:01:36,680 - INFO - [tax_case_41] Query:
tax("Alice",2013,17783).
2025-06-15 00:01:36,681 - INFO - [tax_case_41] Query result: {'truth': True}
2025-06-15 00:01:36,681 - INFO - [tax_case_41] Result: correct
2025-06-15 00:01:36,682 - INFO - [tax_case_42] Prolog code:
:- ['/Users/sophie/code/2025-mcm-llms-applied-in-law_context/data/sara_v3/statutes/prolog/utils.pl'].
:- ['/Users/sophie/code/2025-mcm-llms-applied-in-law_context/data/sara_v3/statutes/prolog/init.pl'].
:- [statutes/prolog/init].
marriage_(span("married",18,24)).
nonresident_alien_(span("nonresident alien",56,72)).
death_(span("died",81,84)).
marriage_(span("married",109,115)).
income_(span("income",162,167)).
income_(span("income",214,219)).
joint_return_(span("file jointly",248,259)).
agent_(span("died",81,84),span("Alice",75,79)).
start_(span("died",81,84),span(20140709,89,102)).
agent_(span("income",162,167),span("Bob",150,152)).
start_(span("income",162,167),span(20150101,182,185)).
amount_(span("income",162,167),span(28864,191,195)).
agent_(span("income",214,219),span("Charlie",198,204)).
amount_(span("income",214,219),span(27953,225,229)).
start_(span("income",214,219),span(20150101,182,185)).
agent_(span("file jointly",248,259),span("Bob",232,234)).
agent_(span("file jointly",248,259),span("Charlie",240,246)).
start_(span("file jointly",248,259),span(20150101,264,267)).
agent_(span("married",18,24),span("Alice",0,4)).
agent_(span("married",18,24),span("Bob",10,12)).
start_(span("married",18,24),span(19920203,29,41)).
agent_(span("married",109,115),span("Bob",105,107)).
agent_(span("married",109,115),span("Charlie",117,123)).
start_(span("married",109,115),span(20150914,128,147)).
agent_(span("nonresident alien",56,72),span("Alice",44,48)).
tax("Bob",2015,8312).
2025-06-15 00:01:36,827 - INFO - [tax_case_42] Query:
tax("Bob",2015,8312).
2025-06-15 00:01:36,827 - INFO - [tax_case_42] Query result: {'truth': True}
2025-06-15 00:01:36,827 - INFO - [tax_case_42] Result: correct
2025-06-15 00:01:36,828 - INFO - [tax_case_44] Prolog code:
:- ['/Users/sophie/code/2025-mcm-llms-applied-in-law_context/data/sara_v3/statutes/prolog/utils.pl'].
:- ['/Users/sophie/code/2025-mcm-llms-applied-in-law_context/data/sara_v3/statutes/prolog/init.pl'].
:- [statutes/prolog/init].
payment_(span("paid",19,22)).
marriage_(span("married",51,57)).
nonresident_alien_(span("nonresident alien",89,105)).
income_(span("earned",159,164)).
agent_(span("earned",159,164),span("Bob",155,157)).
amount_(span("earned",159,164),span(37820,167,171)).
start_(span("earned",159,164),span(20170101,176,179)).
agent_(span("married",51,57),span("Alice",33,37)).
agent_(span("married",51,57),span("Bob",43,45)).
start_(span("married",51,57),span(20170203,62,74)).
agent_(span("nonresident alien",89,105),span("Alice",77,81)).
start_(span("nonresident alien",89,105),span(20160823,112,128)).
end_(span("nonresident alien",89,105),span(20180815,133,152)).
start_(span("paid",19,22),span(20170101,3,6)).
patient_(span("paid",19,22),span("Alice",9,13)).
amount_(span("paid",19,22),span(117192,25,30)).
tax("Alice",2017,34233).
2025-06-15 00:01:36,965 - INFO - [tax_case_44] Query:
tax("Alice",2017,34233).
2025-06-15 00:01:36,965 - INFO - [tax_case_44] Query result: {'truth': True}
2025-06-15 00:01:36,965 - INFO - [tax_case_44] Result: correct
2025-06-15 00:01:36,966 - INFO - [tax_case_45] Prolog code:
:- ['/Users/sophie/code/2025-mcm-llms-applied-in-law_context/data/sara_v3/statutes/prolog/utils.pl'].
:- ['/Users/sophie/code/2025-mcm-llms-applied-in-law_context/data/sara_v3/statutes/prolog/init.pl'].
:- [statutes/prolog/init].
payment_(span("paid",10,13)).
service_(span("services",38,45)).
hospital_(span("Hospital",74,81)).
medical_patient_(span("patient",96,102)).
son_(span("son",187,189)).
residence_(span("abode",262,266)).
payment_(span("maintained",277,286)).
agent_(span("Hospital",74,81),span("Johns Hopkins Hospital",60,81)).
agent_(span("patient",96,102),span("Alice",84,88)).
patient_(span("patient",96,102),span("Johns Hopkins Hospital",107,128)).
start_(span("patient",96,102),span(20170315,135,150)).
end_(span("patient",96,102),span(20170402,155,169)).
purpose_(span("maintained",277,286),span("house",271,275)).
agent_(span("maintained",277,286),span("Alice",291,295)).
amount_(span("maintained",277,286),span(1,277,286)).
start_(span("maintained",277,286),span(20170101,336,339)).
patient_(span("paid",10,13),span("Alice",0,4)).
amount_(span("paid",10,13),span(200,16,18)).
start_(span("paid",10,13),span(20170301,23,32)).
purpose_(span("paid",10,13),span("services",38,45)).
agent_(span("paid",10,13),span("Johns Hopkins Hospital",60,81)).
agent_(span("abode",262,266),span("Bob",215,217)).
agent_(span("abode",262,266),span("Alice",223,227)).
patient_(span("abode",262,266),span("house",271,275)).
end_(span("abode",262,266),span(20171231,336,339)).
start_(span("abode",262,266),span(20170101,336,339)).
agent_(span("services",38,45),span("Alice",0,4)).
end_(span("services",38,45),span(20170331,23,32)).
patient_(span("services",38,45),span("Johns Hopkins Hospital",60,81)).
start_(span("services",38,45),span(20170315,135,150)).
agent_(span("son",187,189),span("Bob",172,174)).
patient_(span("son",187,189),span("Alice",179,183)).
start_(span("son",187,189),span(20140415,197,212)).
tax("Alice",2017,0).
2025-06-15 00:01:37,111 - INFO - [tax_case_45] Query:
tax("Alice",2017,0).
2025-06-15 00:01:37,112 - INFO - [tax_case_45] Query result: {'truth': True}
2025-06-15 00:01:37,112 - INFO - [tax_case_45] Result: correct
2025-06-15 00:01:37,113 - INFO - [tax_case_47] Prolog code:
:- ['/Users/sophie/code/2025-mcm-llms-applied-in-law_context/data/sara_v3/statutes/prolog/utils.pl'].
:- ['/Users/sophie/code/2025-mcm-llms-applied-in-law_context/data/sara_v3/statutes/prolog/init.pl'].
:- [statutes/prolog/init].
income_(span("earned",15,20)).
agent_(span("earned",15,20),span("Alice",9,13)).
amount_(span("earned",15,20),span(133200,23,28)).
start_(span("earned",15,20),span(20170101,3,6)).
income_(span("income",37,42)).
agent_(span("income",37,42),span("Bob",31,33)).
start_(span("income",37,42),span(20170101,47,50)).
amount_(span("income",37,42),span(44311,57,61)).
marriage_(span("married",88,94)).
agent_(span("married",88,94),span("Alice",64,68)).
agent_(span("married",88,94),span("Bob",74,76)).
start_(span("married",88,94),span(20170203,102,114)).
blindness_(span("blind",132,136)).
agent_(span("blind",132,136),span("Alice",117,121)).
start_(span("blind",132,136),span(20140228,144,155)).
service_(span("work",194,197)).
patient_(span("work",194,197),span("Alice",158,162)).
agent_(span("work",194,197),span("Charlie",182,188)).
end_(span("work",194,197),span(20171231,216,219)).
start_(span("work",194,197),span(20170101,216,219)).
payment_(span("paid",168,171)).
agent_(span("paid",168,171),span("Alice",158,162)).
amount_(span("paid",168,171),span(4525,174,177)).
patient_(span("paid",168,171),span("Charlie",182,188)).
purpose_(span("paid",168,171),span("work",194,197)).
start_(span("paid",168,171),span(20170101,216,219)).
payment_(span("paid",246,249)).
purpose_(span("paid",246,249),span("work",194,197)).
start_(span("paid",246,249),span(20170101,225,228)).
agent_(span("paid",246,249),span("Alice",231,235)).
amount_(span("paid",246,249),span(983,252,254)).
patient_(span("paid",246,249),span("retirement fund",263,277)).
plan_(span("retirement fund",263,277)).
beneficiary_(span("retirement fund",263,277),span("Charlie",283,289)).
purpose_(span("retirement fund",263,277),span("make provisions for employees in case of retirement",263,277)).
payment_(span("paid",296,299)).
purpose_(span("paid",296,299),span("work",194,197)).
start_(span("paid",296,299),span(20170101,225,228)).
agent_(span("paid",296,299),span("Alice",231,235)).
amount_(span("paid",296,299),span(5322,302,305)).
patient_(span("paid",296,299),span("health insurance",312,327)).
plan_(span("health insurance",312,327)).
beneficiary_(span("health insurance",312,327),span("Charlie",333,339)).
purpose_(span("health insurance",312,327),span("make provisions for employees in case of sickness",312,327)).
joint_return_(span("file jointly",375,386)).
start_(span("file jointly",375,386),span(20170101,225,228)).
agent_(span("file jointly",375,386),span("Alice",361,365)).
agent_(span("file jointly",375,386),span("Bob",371,373)).
tax("Alice",2017,45946).
2025-06-15 00:01:37,260 - INFO - [tax_case_47] Query:
tax("Alice",2017,45946).
2025-06-15 00:01:37,261 - INFO - [tax_case_47] Query result: {'truth': True}
2025-06-15 00:01:37,261 - INFO - [tax_case_47] Result: correct
2025-06-15 00:01:37,263 - INFO - [tax_case_5] Prolog code:
:- ['/Users/sophie/code/2025-mcm-llms-applied-in-law_context/data/sara_v3/statutes/prolog/utils.pl'].
:- ['/Users/sophie/code/2025-mcm-llms-applied-in-law_context/data/sara_v3/statutes/prolog/init.pl'].
:- [statutes/prolog/init].
income_(span("income",23,28)).
start_(span("income",23,28),span(20170101,3,6)).
agent_(span("income",23,28),span("Alice",9,13)).
amount_(span("income",23,28),span(326332,35,40)).
marriage_(span("married",67,73)).
agent_(span("married",67,73),span("Alice",43,47)).
agent_(span("married",67,73),span("Bob",53,55)).
start_(span("married",67,73),span(20170203,81,93)).
residence_(span("abode",137,141)).
patient_(span("abode",137,141),span("place",128,132)).
start_(span("abode",137,141),span(20150101,149,152)).
agent_(span("abode",137,141),span("Alice",43,47)).
agent_(span("abode",137,141),span("Bob",53,55)).
birth_(span("born",165,168)).
start_(span("born",165,168),span(19500302,170,184)).
agent_(span("born",165,168),span("Alice",155,159)).
birth_(span("born",198,201)).
agent_(span("born",198,201),span("Bob",190,192)).
start_(span("born",198,201),span(19550303,203,217)).
tax("Alice",2017,116066).
2025-06-15 00:01:37,402 - INFO - [tax_case_5] Query:
tax("Alice",2017,116066).
2025-06-15 00:01:37,402 - INFO - [tax_case_5] Query result: {'truth': True}
2025-06-15 00:01:37,402 - INFO - [tax_case_5] Result: correct
2025-06-15 00:01:37,404 - INFO - [tax_case_50] Prolog code:
:- ['/Users/sophie/code/2025-mcm-llms-applied-in-law_context/data/sara_v3/statutes/prolog/utils.pl'].
:- ['/Users/sophie/code/2025-mcm-llms-applied-in-law_context/data/sara_v3/statutes/prolog/init.pl'].
:- [statutes/prolog/init].
marriage_(span("married",10,16)).
joint_return_(span("joint return",54,65)).
income_(span("income",124,129)).
agent_(span("income",124,129),span("Alice",93,97)).
start_(span("income",124,129),span(20170101,144,147)).
amount_(span("income",124,129),span(42876,153,157)).
agent_(span("joint return",54,65),span("Alice",40,44)).
agent_(span("joint return",54,65),span("spouse",76,81)).
start_(span("joint return",54,65),span(20170101,87,90)).
agent_(span("married",10,16),span("Alice",0,4)).
start_(span("married",10,16),span(20161009,21,37)).
agent_(span("married",10,16),span("spouse",76,81)).
tax("Alice",2017,4931).
2025-06-15 00:01:37,546 - INFO - [tax_case_50] Query:
tax("Alice",2017,4931).
2025-06-15 00:01:37,547 - INFO - [tax_case_50] Query result: {'truth': True}
2025-06-15 00:01:37,547 - INFO - [tax_case_50] Result: correct
2025-06-15 00:01:37,549 - INFO - [tax_case_51] Prolog code:
:- ['/Users/sophie/code/2025-mcm-llms-applied-in-law_context/data/sara_v3/statutes/prolog/utils.pl'].
:- ['/Users/sophie/code/2025-mcm-llms-applied-in-law_context/data/sara_v3/statutes/prolog/init.pl'].
:- [statutes/prolog/init].
payment_(span("paid",10,13)).
service_(span("labor",62,66)).
citizenship_(span("citizen",152,158)).
american_employer_(span("American employer",173,189)).
payment_(span("maintains",207,215)).
residence_(span("abode",243,247)).
mother_(span("mother",267,272)).
residence_(span("lives",282,286)).
income_(span("income",303,308)).
agent_(span("American employer",173,189),span("Alice",161,165)).
agent_(span("citizen",152,158),span("Bob",133,135)).
agent_(span("income",303,308),span("Alice",289,293)).
start_(span("income",303,308),span(20170101,323,326)).
amount_(span("income",303,308),span(197407,332,337)).
patient_(span("mother",267,272),span("Alice",201,205)).
agent_(span("mother",267,272),span("Dorothy",274,280)).
agent_(span("maintains",207,215),span("Alice",201,205)).
purpose_(span("maintains",207,215),span("house",251,255)).
amount_(span("maintains",207,215),span(1,207,215)).
start_(span("maintains",207,215),span(20170101,195,198)).
agent_(span("paid",10,13),span("Alice",0,4)).
amount_(span("paid",10,13),span(23200,16,20)).
patient_(span("paid",10,13),span("Bob",41,43)).
purpose_(span("paid",10,13),span("labor",62,66)).
start_(span("paid",10,13),span(20170902,95,107)).
agent_(span("abode",243,247),span("Alice",201,205)).
patient_(span("abode",243,247),span("house",251,255)).
end_(span("abode",243,247),span(20171231,195,198)).
start_(span("abode",243,247),span(20170101,195,198)).
patient_(span("lives",282,286),span("house",251,255)).
agent_(span("lives",282,286),span("Dorothy",274,280)).
end_(span("lives",282,286),span(20171231,195,198)).
start_(span("lives",282,286),span(20170101,195,198)).
patient_(span("labor",62,66),span("Alice",0,4)).
agent_(span("labor",62,66),span("Bob",41,43)).
purpose_(span("labor",62,66),span("agricultural labor",49,66)).
start_(span("labor",62,66),span(20170201,78,90)).
end_(span("labor",62,66),span(20170902,95,107)).
location_(span("labor",62,66),span("Caracas, Venezuela",113,130)).
country_(span("Caracas, Venezuela",113,130),span("Venezuela",122,130)).
patient_(span("citizen",152,158),span("American",143,150)).
tax("Alice",2017,55528).
2025-06-15 00:01:37,692 - INFO - [tax_case_51] Query:
tax("Alice",2017,55528).
2025-06-15 00:01:37,693 - INFO - [tax_case_51] Query result: {'truth': True}
2025-06-15 00:01:37,693 - INFO - [tax_case_51] Result: correct
2025-06-15 00:01:37,694 - INFO - [tax_case_52] Prolog code:
:- ['/Users/sophie/code/2025-mcm-llms-applied-in-law_context/data/sara_v3/statutes/prolog/utils.pl'].
:- ['/Users/sophie/code/2025-mcm-llms-applied-in-law_context/data/sara_v3/statutes/prolog/init.pl'].
:- [statutes/prolog/init].
payment_(span("paid",10,13)).
service_(span("work",33,36)).
payment_(span("paid",85,88)).
plan_(span("retirement fund",103,117)).
payment_(span("paid",132,135)).
plan_(span("health insurance",148,163)).
payment_(span("paid",193,196)).
agent_(span("paid",132,135),span("Alice",70,74)).
amount_(span("paid",132,135),span(5322,138,141)).
patient_(span("paid",132,135),span("health insurance",148,163)).
start_(span("paid",132,135),span(20170101,177,180)).
start_(span("paid",85,88),span(20170101,64,67)).
agent_(span("paid",85,88),span("Alice",70,74)).
amount_(span("paid",85,88),span(9832,91,94)).
patient_(span("paid",85,88),span("retirement fund",103,117)).
agent_(span("paid",10,13),span("Alice",0,4)).
amount_(span("paid",10,13),span(45252,16,20)).
patient_(span("paid",10,13),span("Bob",25,27)).
purpose_(span("paid",10,13),span("work",33,36)).
start_(span("paid",10,13),span(20170101,55,58)).
start_(span("paid",193,196),span(20170101,177,180)).
patient_(span("paid",193,196),span("Alice",183,187)).
amount_(span("paid",193,196),span(233200,199,204)).
beneficiary_(span("health insurance",148,163),span("Bob",169,171)).
beneficiary_(span("retirement fund",103,117),span("Bob",123,125)).
patient_(span("work",33,36),span("Alice",0,4)).
agent_(span("work",33,36),span("Bob",25,27)).
end_(span("work",33,36),span(20171231,55,58)).
start_(span("work",33,36),span(20170101,55,58)).
purpose_(span("retirement fund",103,117),span("make provisions for employees in case of retirement",103,117)).
purpose_(span("health insurance",148,163),span("make provisions for employees in case of sickness",148,163)).
tax("Alice",2017,72344).
2025-06-15 00:01:37,838 - INFO - [tax_case_52] Query:
tax("Alice",2017,72344).
2025-06-15 00:01:37,838 - INFO - [tax_case_52] Query result: {'truth': True}
2025-06-15 00:01:37,839 - INFO - [tax_case_52] Result: correct
2025-06-15 00:01:37,840 - INFO - [tax_case_54] Prolog code:
:- ['/Users/sophie/code/2025-mcm-llms-applied-in-law_context/data/sara_v3/statutes/prolog/utils.pl'].
:- ['/Users/sophie/code/2025-mcm-llms-applied-in-law_context/data/sara_v3/statutes/prolog/init.pl'].
:- [statutes/prolog/init].
birth_(span("born",68,71)).
agent_(span("born",68,71),span("Charlie",59,65)).
start_(span("born",68,71),span(19990401,73,87)).
marriage_(span("married",18,24)).
son_(span("son",55,57)).
death_(span("died",94,97)).
residence_(span("lives",134,138)).
payment_(span("maintains",164,172)).
residence_(span("abode",200,204)).
income_(span("income",221,226)).
agent_(span("died",94,97),span("Bob",90,92)).
start_(span("died",94,97),span(20170101,102,114)).
agent_(span("income",221,226),span("Alice",207,211)).
start_(span("income",221,226),span(20190101,241,244)).
amount_(span("income",221,226),span(236422,250,255)).
agent_(span("married",18,24),span("Alice",0,4)).
agent_(span("married",18,24),span("Bob",10,12)).
start_(span("married",18,24),span(19980203,29,41)).
start_(span("maintains",164,172),span(20190101,120,123)).
purpose_(span("maintains",164,172),span("house",147,151)).
agent_(span("maintains",164,172),span("Alice",158,162)).
amount_(span("maintains",164,172),span(1,164,172)).
start_(span("lives",134,138),span(20190101,120,123)).
agent_(span("lives",134,138),span("Charlie",126,132)).
patient_(span("lives",134,138),span("house",147,151)).
end_(span("lives",134,138),span(20191231,120,123)).
start_(span("abode",200,204),span(20190101,120,123)).
patient_(span("abode",200,204),span("house",147,151)).
agent_(span("abode",200,204),span("Alice",158,162)).
end_(span("abode",200,204),span(20191231,120,123)).
patient_(span("son",55,57),span("Alice",0,4)).
patient_(span("son",55,57),span("Bob",10,12)).
agent_(span("son",55,57),span("Charlie",59,65)).
start_(span("son",55,57),span(19990401,73,87)).
tax("Alice",2019,62000).
2025-06-15 00:01:37,985 - INFO - [tax_case_54] Query:
tax("Alice",2019,62000).
2025-06-15 00:01:37,986 - INFO - [tax_case_54] Query result: {'truth': True}
2025-06-15 00:01:37,986 - INFO - [tax_case_54] Result: correct
2025-06-15 00:01:37,987 - INFO - [tax_case_55] Prolog code:
:- ['/Users/sophie/code/2025-mcm-llms-applied-in-law_context/data/sara_v3/statutes/prolog/utils.pl'].
:- ['/Users/sophie/code/2025-mcm-llms-applied-in-law_context/data/sara_v3/statutes/prolog/init.pl'].
:- [statutes/prolog/init].
start_(span("maintained",108,117),span(Day,145,163)) :- between(2015,2019,Year), first_day_year(Year,Day).
son_(span("son",12,14)).
residence_(span("lived",84,88)).
payment_(span("maintained",108,117)).
income_(span("income",180,185)).
income_(span("income",231,236)).
income_(span("income",282,287)).
agent_(span("income",180,185),span("Alice",166,170)).
start_(span("income",180,185),span(20170101,200,203)).
amount_(span("income",180,185),span(545547,209,214)).
agent_(span("income",231,236),span("Alice",217,221)).
start_(span("income",231,236),span(20180101,251,254)).
amount_(span("income",231,236),span(545947,260,265)).
agent_(span("income",282,287),span("Alice",268,272)).
start_(span("income",282,287),span(20190101,302,305)).
amount_(span("income",282,287),span(545927,311,316)).
purpose_(span("maintained",108,117),span("home",102,105)).
agent_(span("maintained",108,117),span("Alice",122,126)).
amount_(span("maintained",108,117),span(1,108,117)).
end_(span("lived",84,88),span(20191103,50,67)).
agent_(span("lived",84,88),span("Alice",70,74)).
agent_(span("lived",84,88),span("Bob",80,82)).
patient_(span("lived",84,88),span("home",102,105)).
start_(span("lived",84,88),span(20150901,27,45)).
patient_(span("son",12,14),span("Alice",0,4)).
agent_(span("son",12,14),span("Bob",17,19)).
start_(span("son",12,14),span(20150901,145,163)).
birth_(span("born",137,140)).
agent_(span("born",137,140),span("Bob",129,131)).
start_(span("born",137,140),span(20150901,145,163)).
tax("Alice",2018,187552).
2025-06-15 00:01:38,132 - INFO - [tax_case_55] Query:
tax("Alice",2018,187552).
2025-06-15 00:01:38,132 - INFO - [tax_case_55] Query result: {'truth': True}
2025-06-15 00:01:38,132 - INFO - [tax_case_55] Result: correct
2025-06-15 00:01:38,133 - INFO - [tax_case_56] Prolog code:
:- ['/Users/sophie/code/2025-mcm-llms-applied-in-law_context/data/sara_v3/statutes/prolog/utils.pl'].
:- ['/Users/sophie/code/2025-mcm-llms-applied-in-law_context/data/sara_v3/statutes/prolog/init.pl'].
:- [statutes/prolog/init].
income_(span("income",14,19)).
deduction_(span("$4571",81,85)).
deduction_(span("$1973",88,92)).
deduction_(span("$15271",98,103)).
start_(span("$15271",98,103),span(20150101,24,27)).
agent_(span("$15271",98,103),span("Alice",41,45)).
amount_(span("$15271",98,103),span(15271,99,103)).
start_(span("$1973",88,92),span(20150101,24,27)).
agent_(span("$1973",88,92),span("Alice",41,45)).
amount_(span("$1973",88,92),span(1973,89,92)).
start_(span("$4571",81,85),span(20150101,24,27)).
agent_(span("$4571",81,85),span("Alice",41,45)).
amount_(span("$4571",81,85),span(4571,82,85)).
agent_(span("income",14,19),span("Alice",0,4)).
start_(span("income",14,19),span(20150101,24,27)).
amount_(span("income",14,19),span(395276,33,38)).
tax("Alice",2015,130388).
2025-06-15 00:01:38,262 - INFO - [tax_case_56] Query:
tax("Alice",2015,130388).
2025-06-15 00:01:38,262 - INFO - [tax_case_56] Query result: {'truth': True}
2025-06-15 00:01:38,262 - INFO - [tax_case_56] Result: correct
2025-06-15 00:01:38,264 - INFO - [tax_case_58] Prolog code:
:- ['/Users/sophie/code/2025-mcm-llms-applied-in-law_context/data/sara_v3/statutes/prolog/utils.pl'].
:- ['/Users/sophie/code/2025-mcm-llms-applied-in-law_context/data/sara_v3/statutes/prolog/init.pl'].
marriage_(span("married",10,16)).
joint_return_(span("joint return",51,62)).
income_(span("income",141,146)).
payment_(span("paid",219,222)).
brother_(span("brother",237,243)).
service_(span("work",253,256)).
patient_(span("brother",237,243),span("Alice",209,213)).
agent_(span("brother",237,243),span("Bob",245,247)).
agent_(span("income",141,146),span("Alice",127,131)).
start_(span("income",141,146),span(20170101,161,164)).
amount_(span("income",141,146),span(103272,170,175)).
agent_(span("joint return",51,62),span("Alice",37,41)).
agent_(span("joint return",51,62),span("spouse",73,78)).
start_(span("joint return",51,62),span(20170101,84,87)).
agent_(span("married",10,16),span("Alice",0,4)).
start_(span("married",10,16),span(20140530,21,34)).
agent_(span("married",10,16),span("spouse",73,78)).
agent_(span("paid",219,222),span("Alice",209,213)).
amount_(span("paid",219,222),span(3200,225,228)).
patient_(span("paid",219,222),span("Bob",245,247)).
purpose_(span("paid",219,222),span("work",253,256)).
start_(span("paid",219,222),span(20170902,285,297)).
patient_(span("work",253,256),span("Alice",209,213)).
agent_(span("work",253,256),span("Bob",245,247)).
start_(span("work",253,256),span(20170201,268,280)).
end_(span("work",253,256),span(20170902,285,297)).
location_(span("work",253,256),span("Baltimore",303,311)).
location_(span("work",253,256),span("Maryland",314,321)).
location_(span("work",253,256),span("USA",324,326)).
tax("Alice",2017,21635).
2025-06-15 00:01:38,296 - INFO - [tax_case_58] Query:
tax("Alice",2017,21635).
2025-06-15 00:01:38,296 - INFO - [tax_case_58] Query result: {'truth': True}
2025-06-15 00:01:38,296 - INFO - [tax_case_58] Result: correct
2025-06-15 00:01:38,297 - INFO - [tax_case_59] Prolog code:
:- ['/Users/sophie/code/2025-mcm-llms-applied-in-law_context/data/sara_v3/statutes/prolog/utils.pl'].
:- ['/Users/sophie/code/2025-mcm-llms-applied-in-law_context/data/sara_v3/statutes/prolog/init.pl'].
:- [statutes/prolog/init].
son_(span("son",29,31)).
birth_(span("born",34,37)).
agent_(span("born",34,37),span("Bob",0,2)).
start_(span("born",34,37),span(20150415,39,54)).
marriage_(span("married",63,69)).
payment_(span("paid",110,113)).
service_(span("employee",136,143)).
residence_(span("live",305,308)).
payment_(span("maintained",321,330)).
agent_(span("married",63,69),span("Alice",57,61)).
agent_(span("married",63,69),span("Charlie",71,77)).
start_(span("married",63,69),span(20180808,82,97)).
start_(span("maintained",321,330),span(20200101,276,279)).
amount_(span("maintained",321,330),span(1,321,330)).
start_(span("maintained",321,330),span(20190101,276,279)).
agent_(span("maintained",321,330),span("Alice",335,339)).
agent_(span("maintained",321,330),span("Charlie",345,351)).
patient_(span("paid",110,113),span("Alice",100,104)).
amount_(span("paid",110,113),span(73200,116,120)).
start_(span("paid",110,113),span(20200101,125,128)).
purpose_(span("paid",110,113),span("employee",136,143)).
agent_(span("paid",110,113),span("United States Government",152,175)).
start_(span("live",305,308),span(20190101,276,279)).
agent_(span("live",305,308),span("Bob",289,291)).
agent_(span("live",305,308),span("Charlie",297,303)).
patient_(span("live",305,308),span("house",315,319)).
agent_(span("live",305,308),span("Alice",335,339)).
agent_(span("employee",136,143),span("Alice",100,104)).
end_(span("employee",136,143),span(20201231,125,128)).
start_(span("employee",136,143),span(20200101,125,128)).
patient_(span("employee",136,143),span("United States Government",152,175)).
location_(span("employee",136,143),span("Arlington",180,188)).
location_(span("employee",136,143),span("Virginia",191,198)).
location_(span("employee",136,143),span("USA",201,203)).
agent_(span("son",29,31),span("Bob",0,2)).
patient_(span("son",29,31),span("Charlie",7,13)).
patient_(span("son",29,31),span("Dorothy",19,25)).
start_(span("son",29,31),span(20150415,39,54)).
tax("Alice",2020,15236).
2025-06-15 00:01:38,425 - INFO - [tax_case_59] Query:
tax("Alice",2020,15236).
2025-06-15 00:01:38,425 - INFO - [tax_case_59] Query result: {'truth': True}
2025-06-15 00:01:38,425 - INFO - [tax_case_59] Result: correct
2025-06-15 00:01:38,427 - INFO - [tax_case_6] Prolog code:
:- ['/Users/sophie/code/2025-mcm-llms-applied-in-law_context/data/sara_v3/statutes/prolog/utils.pl'].
:- ['/Users/sophie/code/2025-mcm-llms-applied-in-law_context/data/sara_v3/statutes/prolog/init.pl'].
:- [statutes/prolog/init].
marriage_(span("married",6,12)).
son_(span("son",43,45)).
death_(span("died",87,90)).
income_(span("income",126,131)).
income_(span("income",187,192)).
residence_(span("lived",234,238)).
payment_(span("maintained",251,260)).
deduction_(span("deduction",307,315)).
agent_(span("died",87,90),span("Bob",83,85)).
start_(span("died",87,90),span(20161022,92,109)).
start_(span("deduction",307,315),span(20170101,210,213)).
agent_(span("deduction",307,315),span("Alice",288,292)).
amount_(span("deduction",307,315),span(59850,321,325)).
agent_(span("income",126,131),span("Alice",112,116)).
start_(span("income",126,131),span(20160101,146,149)).
amount_(span("income",126,131),span(113580,156,161)).
start_(span("income",187,192),span(20170101,167,170)).
agent_(span("income",187,192),span("Alice",173,177)).
amount_(span("income",187,192),span(567192,199,204)).
agent_(span("married",6,12),span("Alice",0,4)).
agent_(span("married",6,12),span("Bob",14,16)).
start_(span("married",6,12),span(20080529,21,34)).
amount_(span("maintained",251,260),span(1,251,260)).
start_(span("maintained",251,260),span(20170101,210,213)).
purpose_(span("maintained",251,260),span("house",245,249)).
agent_(span("maintained",251,260),span("Alice",265,269)).
end_(span("lived",234,238),span(20171231,210,213)).
start_(span("lived",234,238),span(20170101,210,213)).
agent_(span("lived",234,238),span("Alice",216,220)).
agent_(span("lived",234,238),span("Charlie",226,232)).
patient_(span("lived",234,238),span("house",245,249)).
patient_(span("son",43,45),span("Alice",0,4)).
agent_(span("son",43,45),span("Charlie",47,53)).
start_(span("son",43,45),span(20041004,64,80)).
birth_(span("born",59,62)).
agent_(span("born",59,62),span("Charlie",47,53)).
start_(span("born",59,62),span(20041004,64,80)).
patient_(span("son",43,45),span("Bob",14,16)).
tax("Alice",2017,180610).
2025-06-15 00:01:38,565 - INFO - [tax_case_6] Query:
tax("Alice",2017,180610).
2025-06-15 00:01:38,565 - INFO - [tax_case_6] Query result: {'truth': True}
2025-06-15 00:01:38,565 - INFO - [tax_case_6] Result: correct
2025-06-15 00:01:38,566 - INFO - [tax_case_60] Prolog code:
:- ['/Users/sophie/code/2025-mcm-llms-applied-in-law_context/data/sara_v3/statutes/prolog/utils.pl'].
:- ['/Users/sophie/code/2025-mcm-llms-applied-in-law_context/data/sara_v3/statutes/prolog/init.pl'].
:- [statutes/prolog/init].
marriage_(span("married",10,16)).
joint_return_(span("joint return",50,61)).
income_(span("income",120,125)).
son_(span("son",218,220)).
residence_(span("abode",264,268)).
son_(span("son",296,298)).
residence_(span("abode",351,355)).
agent_(span("income",120,125),span("Alice",89,93)).
start_(span("income",120,125),span(20150101,140,143)).
amount_(span("income",120,125),span(42876,149,153)).
agent_(span("joint return",50,61),span("Alice",36,40)).
agent_(span("joint return",50,61),span("spouse",72,77)).
start_(span("joint return",50,61),span(20150101,83,86)).
agent_(span("married",10,16),span("Alice",0,4)).
start_(span("married",10,16),span(20050106,21,33)).
agent_(span("married",10,16),span("spouse",72,77)).
agent_(span("abode",264,268),span("Alice",206,210)).
agent_(span("abode",264,268),span("Bob",223,225)).
patient_(span("abode",264,268),span("place",255,259)).
end_(span("abode",264,268),span(20151231,280,283)).
start_(span("abode",264,268),span(20150101,280,283)).
patient_(span("abode",351,355),span("place",342,346)).
agent_(span("abode",351,355),span("Bob",286,288)).
agent_(span("abode",351,355),span("Charlie",301,307)).
end_(span("abode",351,355),span(20151231,374,377)).
start_(span("abode",351,355),span(20150101,374,377)).
patient_(span("son",218,220),span("Alice",206,210)).
agent_(span("son",218,220),span("Bob",223,225)).
patient_(span("son",296,298),span("Bob",286,288)).
agent_(span("son",296,298),span("Charlie",301,307)).
tax("Alice",2015,4331).
2025-06-15 00:01:38,708 - INFO - [tax_case_60] Query:
tax("Alice",2015,4331).
2025-06-15 00:01:38,708 - INFO - [tax_case_60] Query result: {'truth': True}
2025-06-15 00:01:38,709 - INFO - [tax_case_60] Result: correct
2025-06-15 00:01:38,710 - INFO - [tax_case_61] Prolog code:
:- ['/Users/sophie/code/2025-mcm-llms-applied-in-law_context/data/sara_v3/statutes/prolog/utils.pl'].
:- ['/Users/sophie/code/2025-mcm-llms-applied-in-law_context/data/sara_v3/statutes/prolog/init.pl'].
:- [statutes/prolog/init].
father_(span("father",13,18)).
residence_(span("abode",53,57)).
income_(span("income",123,128)).
agent_(span("father",13,18),span("Bob",0,2)).
patient_(span("father",13,18),span("Alice",5,9)).
agent_(span("income",123,128),span("Alice",109,113)).
start_(span("income",123,128),span(20150101,143,146)).
amount_(span("income",123,128),span(102268,152,157)).
agent_(span("abode",53,57),span("Bob",0,2)).
patient_(span("abode",53,57),span("place",44,48)).
agent_(span("abode",53,57),span("Alice",62,66)).
start_(span("abode",53,57),span(20120101,74,77)).
tax("Alice",2015,25055).
2025-06-15 00:01:38,852 - INFO - [tax_case_61] Query:
tax("Alice",2015,25055).
2025-06-15 00:01:38,853 - INFO - [tax_case_61] Query result: {'truth': True}
2025-06-15 00:01:38,853 - INFO - [tax_case_61] Result: correct
2025-06-15 00:01:38,854 - INFO - [tax_case_62] Prolog code:
:- ['/Users/sophie/code/2025-mcm-llms-applied-in-law_context/data/sara_v3/statutes/prolog/utils.pl'].
:- ['/Users/sophie/code/2025-mcm-llms-applied-in-law_context/data/sara_v3/statutes/prolog/init.pl'].
:- [statutes/prolog/init].
marriage_(span("married",6,12)).
joint_return_(span("joint return",54,65)).
income_(span("income",118,123)).
birth_(span("old",209,211)).
agent_(span("old",209,211),span("Alice",191,195)).
start_(span("old",209,211),span(19500101,200,207)).
agent_(span("income",118,123),span("Alice",94,98)).
start_(span("income",118,123),span(20170101,138,141)).
amount_(span("income",118,123),span(22895,147,151)).
agent_(span("joint return",54,65),span("Alice",40,44)).
start_(span("joint return",54,65),span(20170101,88,91)).
agent_(span("joint return",54,65),span("Bob",14,16)).
agent_(span("married",6,12),span("Alice",0,4)).
agent_(span("married",6,12),span("Bob",14,16)).
start_(span("married",6,12),span(20110825,21,37)).
tax("Alice",2017,1844).
2025-06-15 00:01:38,998 - INFO - [tax_case_62] Query:
tax("Alice",2017,1844).
2025-06-15 00:01:38,999 - INFO - [tax_case_62] Query result: {'truth': True}
2025-06-15 00:01:38,999 - INFO - [tax_case_62] Result: correct
2025-06-15 00:01:39,000 - INFO - [tax_case_63] Prolog code:
:- ['/Users/sophie/code/2025-mcm-llms-applied-in-law_context/data/sara_v3/statutes/prolog/utils.pl'].
:- ['/Users/sophie/code/2025-mcm-llms-applied-in-law_context/data/sara_v3/statutes/prolog/init.pl'].
:- [statutes/prolog/init].
marriage_(span("married",24,30)).
birth_(span("born",63,66)).
birth_(span("born",96,99)).
income_(span("income",130,135)).
joint_return_(span("file jointly",181,192)).
agent_(span("born",63,66),span("Alice",53,57)).
start_(span("born",63,66),span(19500302,68,82)).
agent_(span("born",96,99),span("Bob",88,90)).
start_(span("born",96,99),span(19550303,101,115)).
agent_(span("income",130,135),span("Bob",118,120)).
start_(span("income",130,135),span(20190101,150,153)).
amount_(span("income",130,135),span(113580,159,164)).
agent_(span("file jointly",181,192),span("Alice",167,171)).
agent_(span("file jointly",181,192),span("Bob",177,179)).
start_(span("file jointly",181,192),span(20190101,197,200)).
agent_(span("married",24,30),span("Alice",0,4)).
agent_(span("married",24,30),span("Bob",10,12)).
start_(span("married",24,30),span(20170203,38,50)).
tax("Bob",2019,20298).
2025-06-15 00:01:39,144 - INFO - [tax_case_63] Query:
tax("Bob",2019,20298).
2025-06-15 00:01:39,144 - INFO - [tax_case_63] Query result: {'truth': True}
2025-06-15 00:01:39,144 - INFO - [tax_case_63] Result: correct
2025-06-15 00:01:39,146 - INFO - [tax_case_64] Prolog code:
:- ['/Users/sophie/code/2025-mcm-llms-applied-in-law_context/data/sara_v3/statutes/prolog/utils.pl'].
:- ['/Users/sophie/code/2025-mcm-llms-applied-in-law_context/data/sara_v3/statutes/prolog/init.pl'].
:- [statutes/prolog/init].
brother_(span("brother",12,18)).
income_(span("income",73,78)).
residence_(span("lived",105,109)).
patient_(span("brother",12,18),span("Alice",0,4)).
agent_(span("brother",12,18),span("Bob",21,23)).
start_(span("brother",12,18),span(20140131,39,56)).
birth_(span("born",34,37)).
agent_(span("born",34,37),span("Bob",21,23)).
start_(span("born",34,37),span(20140131,39,56)).
agent_(span("income",73,78),span("Alice",59,63)).
start_(span("income",73,78),span(20150101,83,86)).
amount_(span("income",73,78),span(260932,93,98)).
agent_(span("lived",105,109),span("Bob",101,103)).
agent_(span("lived",105,109),span("Alice",114,118)).
patient_(span("lived",105,109),span("house",122,126)).
end_(span("lived",105,109),span(20151231,131,134)).
start_(span("lived",105,109),span(20150101,131,134)).
tax("Alice",2015,81487).
2025-06-15 00:01:39,289 - INFO - [tax_case_64] Query:
tax("Alice",2015,81487).
2025-06-15 00:01:39,290 - INFO - [tax_case_64] Query result: {'truth': True}
2025-06-15 00:01:39,290 - INFO - [tax_case_64] Result: correct
2025-06-15 00:01:39,291 - INFO - [tax_case_65] Prolog code:
:- ['/Users/sophie/code/2025-mcm-llms-applied-in-law_context/data/sara_v3/statutes/prolog/utils.pl'].
:- ['/Users/sophie/code/2025-mcm-llms-applied-in-law_context/data/sara_v3/statutes/prolog/init.pl'].
:- [statutes/prolog/init].
payment_(span("paid",19,22)).
marriage_(span("married",72,78)).
joint_return_(span("joint return",117,128)).
income_(span("income",152,157)).
deduction_(span("deductions",207,216)).
start_(span("deductions",207,216),span(20160101,162,165)).
agent_(span("deductions",207,216),span("Alice",179,183)).
amount_(span("deductions",207,216),span(21137,222,226)).
agent_(span("income",152,157),span("Bob",140,142)).
start_(span("income",152,157),span(20160101,162,165)).
amount_(span("income",152,157),span(42939,172,176)).
start_(span("joint return",117,128),span(20160101,134,137)).
agent_(span("joint return",117,128),span("Bob",58,60)).
agent_(span("joint return",117,128),span("Alice",48,52)).
agent_(span("married",72,78),span("Alice",48,52)).
agent_(span("married",72,78),span("Bob",58,60)).
start_(span("married",72,78),span(20160203,86,98)).
start_(span("paid",19,22),span(20160101,3,6)).
patient_(span("paid",19,22),span("Alice",9,13)).
amount_(span("paid",19,22),span(51020,25,29)).
tax("Alice",2016,14473).
2025-06-15 00:01:39,437 - INFO - [tax_case_65] Query:
tax("Alice",2016,14473).
2025-06-15 00:01:39,437 - INFO - [tax_case_65] Query result: {'truth': True}
2025-06-15 00:01:39,437 - INFO - [tax_case_65] Result: correct
2025-06-15 00:01:39,439 - INFO - [tax_case_66] Prolog code:
:- ['/Users/sophie/code/2025-mcm-llms-applied-in-law_context/data/sara_v3/statutes/prolog/utils.pl'].
:- ['/Users/sophie/code/2025-mcm-llms-applied-in-law_context/data/sara_v3/statutes/prolog/init.pl'].
:- [statutes/prolog/init].
bob_household_maintenance(Year,Event,Start_day,End_day) :-
    between(2004,2019,Year),
    atom_concat("furnished the costs ",Year,Event),
    first_day_year(Year,Start_day),
    last_day_year(Year,End_day).
payment_(span(Event,158,166)) :- bob_household_maintenance(_,Event,_,_).
agent_(span(Event,158,166),span("Bob",154,156)) :- bob_household_maintenance(_,Event,_,_).
amount_(span(Event,158,166),span(1,168,170)) :- bob_household_maintenance(_,Event,_,_).
purpose_(span(Event,158,166),span("home",197,200)) :- bob_household_maintenance(_,Event,_,_).
start_(span(Event,158,166),span(Start_day,140,143)) :- bob_household_maintenance(_,Event,Start_day,_).
end_(span(Event,158,166),span(End_day,148,151)) :- bob_household_maintenance(_,Event,_,End_day).
marriage_(span("married",18,24)).
son_(span("child",65,69)).
death_(span("died",111,114)).
residence_(span("lived",223,227)).
income_(span("income",259,264)).
agent_(span("died",111,114),span("Alice",105,109)).
start_(span("died",111,114),span(20140709,119,132)).
agent_(span("income",259,264),span("Bob",247,249)).
start_(span("income",259,264),span(20160101,269,272)).
amount_(span("income",259,264),span(84356,279,283)).
agent_(span("married",18,24),span("Alice",0,4)).
agent_(span("married",18,24),span("Bob",10,12)).
start_(span("married",18,24),span(19920203,29,41)).
start_(span("lived",223,227),span(20040401,140,143)).
end_(span("lived",223,227),span(20191231,148,151)).
agent_(span("lived",223,227),span("Bob",154,156)).
patient_(span("lived",223,227),span("home",197,200)).
agent_(span("lived",223,227),span("Charlie",215,221)).
patient_(span("child",65,69),span("Alice",44,48)).
patient_(span("child",65,69),span("Bob",54,56)).
agent_(span("child",65,69),span("Charlie",72,78)).
start_(span("child",65,69),span(20001009,86,102)).
birth_(span("born",81,84)).
agent_(span("born",81,84),span("Charlie",72,78)).
start_(span("born",81,84),span(20001009,86,102)).
tax("Bob",2016,16023).
2025-06-15 00:01:39,583 - INFO - [tax_case_66] Query:
tax("Bob",2016,16023).
2025-06-15 00:01:39,584 - INFO - [tax_case_66] Query result: {'truth': True}
2025-06-15 00:01:39,584 - INFO - [tax_case_66] Result: correct
2025-06-15 00:01:39,586 - INFO - [tax_case_67] Prolog code:
:- ['/Users/sophie/code/2025-mcm-llms-applied-in-law_context/data/sara_v3/statutes/prolog/utils.pl'].
:- ['/Users/sophie/code/2025-mcm-llms-applied-in-law_context/data/sara_v3/statutes/prolog/init.pl'].
:- [statutes/prolog/init].
marriage_(span("married",10,16)).
income_(span("income",51,56)).
income_(span("income",165,170)).
deduction_(span("deductions",212,221)).
agent_(span("deductions",212,221),span("husband",149,155)).
start_(span("deductions",212,221),span(20160101,175,178)).
amount_(span("deductions",212,221),span(4421,227,230)).
agent_(span("income",51,56),span("Alice",37,41)).
start_(span("income",51,56),span(20160101,71,74)).
amount_(span("income",51,56),span(554313,80,85)).
agent_(span("income",165,170),span("husband",149,155)).
start_(span("income",165,170),span(20160101,175,178)).
amount_(span("income",165,170),span(56298,184,188)).
agent_(span("married",10,16),span("Alice",0,4)).
start_(span("married",10,16),span(20091210,21,34)).
agent_(span("married",10,16),span("husband",149,155)).
tax("Alice",2016,207772).
2025-06-15 00:01:39,730 - INFO - [tax_case_67] Query:
tax("Alice",2016,207772).
2025-06-15 00:01:39,730 - INFO - [tax_case_67] Query result: {'truth': True}
2025-06-15 00:01:39,730 - INFO - [tax_case_67] Result: correct
2025-06-15 00:01:39,732 - INFO - [tax_case_7] Prolog code:
:- ['/Users/sophie/code/2025-mcm-llms-applied-in-law_context/data/sara_v3/statutes/prolog/utils.pl'].
:- ['/Users/sophie/code/2025-mcm-llms-applied-in-law_context/data/sara_v3/statutes/prolog/init.pl'].
:- [statutes/prolog/init].
bob_household_maintenance(Year,Event,Start_day,End_day) :-
    between(2004,2019,Year),
    atom_concat("furnished the costs ",Year,Event),
    first_day_year(Year,Start_day),
    last_day_year(Year,End_day).
payment_(span(Event,128,136)) :- bob_household_maintenance(_,Event,_,_).
agent_(span(Event,128,136),span("Bob",124,126)) :- bob_household_maintenance(_,Event,_,_).
amount_(span(Event,128,136),span(1,138,140)) :- bob_household_maintenance(_,Event,_,_).
purpose_(span(Event,128,136),span("home",167,170)) :- bob_household_maintenance(_,Event,_,_).
start_(span(Event,128,136),span(Start_day,110,113)) :- bob_household_maintenance(_,Event,Start_day,_).
end_(span(Event,128,136),span(End_day,118,121)) :- bob_household_maintenance(_,Event,_,End_day).
marriage_(span("married",18,24)).
death_(span("died",50,53)).
nonresident_alien_(span("nonresident alien",86,102)).
father_(span("father",189,194)).
residence_(span("lived",204,208)).
income_(span("income",281,286)).
agent_(span("died",50,53),span("Alice",44,48)).
start_(span("died",50,53),span(20140709,58,71)).
agent_(span("father",189,194),span("Bob",124,126)).
patient_(span("father",189,194),span("Charlie",196,202)).
agent_(span("income",281,286),span("Bob",269,271)).
start_(span("income",281,286),span(20150101,291,294)).
amount_(span("income",281,286),span(678323,301,306)).
agent_(span("married",18,24),span("Alice",0,4)).
agent_(span("married",18,24),span("Bob",10,12)).
start_(span("married",18,24),span(20130203,29,41)).
agent_(span("nonresident alien",86,102),span("Alice",74,78)).
start_(span("lived",204,208),span(20040101,110,113)).
agent_(span("lived",204,208),span("Bob",124,126)).
patient_(span("lived",204,208),span("home",167,170)).
agent_(span("lived",204,208),span("Charlie",196,202)).
end_(span("lived",204,208),span(20191231,118,121)).
tax("Bob",2015,245359).
2025-06-15 00:01:39,874 - INFO - [tax_case_7] Query:
tax("Bob",2015,245359).
2025-06-15 00:01:39,874 - INFO - [tax_case_7] Query result: {'truth': True}
2025-06-15 00:01:39,874 - INFO - [tax_case_7] Result: correct
2025-06-15 00:01:39,874 - INFO - [tax_case_70] Prolog code:
:- ['/Users/sophie/code/2025-mcm-llms-applied-in-law_context/data/sara_v3/statutes/prolog/utils.pl'].
:- ['/Users/sophie/code/2025-mcm-llms-applied-in-law_context/data/sara_v3/statutes/prolog/init.pl'].
:- [statutes/prolog/init].
brother_(span("brother",12,18)).
residence_(span("lived",73,77)).
son_(span("parents",86,92)).
residence_(span("parents' place",86,99)).
income_(span("income",125,130)).
marriage_(span("married",155,161)).
deduction_(span("deductions",270,279)).
patient_(span("brother",12,18),span("Alice",0,4)).
agent_(span("brother",12,18),span("Bob",21,23)).
start_(span("brother",12,18),span(20140131,39,56)).
start_(span("deductions",270,279),span(20160101,209,212)).
agent_(span("deductions",270,279),span("Alice",251,255)).
amount_(span("deductions",270,279),span(100206,285,290)).
start_(span("income",125,130),span(20160101,105,108)).
agent_(span("income",125,130),span("Alice",111,115)).
amount_(span("income",125,130),span(567192,137,142)).
agent_(span("married",155,161),span("Alice",145,149)).
start_(span("married",155,161),span(20160112,166,177)).
agent_(span("married",155,161),span("husband",184,190)).
agent_(span("parents' place",86,99),span("parents",86,92)).
patient_(span("parents' place",86,99),span("place",95,99)).
agent_(span("lived",73,77),span("Bob",21,23)).
start_(span("lived",73,77),span(20140131,39,56)).
patient_(span("lived",73,77),span("place",95,99)).
agent_(span("parents",86,92),span("Bob",21,23)).
start_(span("parents",86,92),span(20140131,39,56)).
patient_(span("parents",86,92),span("parents",86,92)).
birth_(span("born",34,37)).
agent_(span("born",34,37),span("Bob",21,23)).
start_(span("born",34,37),span(20140131,39,56)).
tax("Alice",2016,178147).
2025-06-15 00:01:40,006 - INFO - [tax_case_70] Query:
tax("Alice",2016,178147).
2025-06-15 00:01:40,006 - INFO - [tax_case_70] Query result: {'truth': True}
2025-06-15 00:01:40,006 - INFO - [tax_case_70] Result: correct
2025-06-15 00:01:40,007 - INFO - [tax_case_71] Prolog code:
:- ['/Users/sophie/code/2025-mcm-llms-applied-in-law_context/data/sara_v3/statutes/prolog/utils.pl'].
:- ['/Users/sophie/code/2025-mcm-llms-applied-in-law_context/data/sara_v3/statutes/prolog/init.pl'].
:- [statutes/prolog/init].
payment_(span("paid",19,22)).
marriage_(span("married",67,73)).
income_(span("income",105,110)).
joint_return_(span("joint return",154,165)).
agent_(span("income",105,110),span("Bob",93,95)).
start_(span("income",105,110),span(20170101,116,119)).
amount_(span("income",105,110),span(532134,125,130)).
start_(span("joint return",154,165),span(20170101,180,183)).
agent_(span("joint return",154,165),span("Alice",133,137)).
agent_(span("joint return",154,165),span("Bob",143,145)).
agent_(span("married",67,73),span("Alice",49,53)).
agent_(span("married",67,73),span("Bob",59,61)).
start_(span("married",67,73),span(20150101,78,90)).
start_(span("paid",19,22),span(20170101,3,6)).
patient_(span("paid",19,22),span("Alice",9,13)).
amount_(span("paid",19,22),span(433320,25,30)).
tax("Alice",2017,356472).
2025-06-15 00:01:40,146 - INFO - [tax_case_71] Query:
tax("Alice",2017,356472).
2025-06-15 00:01:40,147 - INFO - [tax_case_71] Query result: {'truth': True}
2025-06-15 00:01:40,147 - INFO - [tax_case_71] Result: correct
2025-06-15 00:01:40,148 - INFO - [tax_case_72] Prolog code:
:- ['/Users/sophie/code/2025-mcm-llms-applied-in-law_context/data/sara_v3/statutes/prolog/utils.pl'].
:- ['/Users/sophie/code/2025-mcm-llms-applied-in-law_context/data/sara_v3/statutes/prolog/init.pl'].
:- [statutes/prolog/init].
father_(span("father",15,20)).
payment_(span("paid",33,36)).
service_(span("work",55,58)).
income_(span("income",145,150)).
agent_(span("father",15,20),span("Bob",0,2)).
patient_(span("father",15,20),span("Alice",7,11)).
agent_(span("income",145,150),span("Alice",131,135)).
start_(span("income",145,150),span(20130101,155,158)).
amount_(span("income",145,150),span(42384,164,168)).
agent_(span("paid",33,36),span("Alice",23,27)).
amount_(span("paid",33,36),span(2561,39,42)).
patient_(span("paid",33,36),span("Bob",47,49)).
purpose_(span("paid",33,36),span("work",55,58)).
start_(span("paid",33,36),span(20130902,87,99)).
patient_(span("work",55,58),span("Alice",23,27)).
agent_(span("work",55,58),span("Bob",47,49)).
start_(span("work",55,58),span(20130201,70,82)).
end_(span("work",55,58),span(20130902,87,99)).
location_(span("work",55,58),span("Baltimore",105,113)).
location_(span("work",55,58),span("Maryland",116,123)).
location_(span("work",55,58),span("USA",126,128)).
tax("Alice",2013,7595).
2025-06-15 00:01:40,291 - INFO - [tax_case_72] Query:
tax("Alice",2013,7595).
2025-06-15 00:01:40,291 - INFO - [tax_case_72] Query result: {'truth': True}
2025-06-15 00:01:40,291 - INFO - [tax_case_72] Result: correct
2025-06-15 00:01:40,292 - INFO - [tax_case_73] Prolog code:
:- ['/Users/sophie/code/2025-mcm-llms-applied-in-law_context/data/sara_v3/statutes/prolog/utils.pl'].
:- ['/Users/sophie/code/2025-mcm-llms-applied-in-law_context/data/sara_v3/statutes/prolog/init.pl'].
:- [statutes/prolog/init].
bob_household_maintenance(Year,Event,Start_day,End_day) :-
    between(2004,2019,Year),
    atom_concat("furnished 40% of the costs ",Year,Event),
    first_day_year(Year,Start_day),
    last_day_year(Year,End_day).
payment_(span(Event,214,222)) :- bob_household_maintenance(_,Event,_,_).
agent_(span(Event,214,222),span("Bob",210,212)) :- bob_household_maintenance(_,Event,_,_).
amount_(span(Event,214,222),span(40,224,225)) :- bob_household_maintenance(_,Event,_,_).
purpose_(span(Event,214,222),span("home",260,263)) :- bob_household_maintenance(_,Event,_,_).
start_(span(Event,214,222),span(Start_day,196,199)) :- bob_household_maintenance(_,Event,Start_day,_).
end_(span(Event,214,222),span(End_day,204,207)) :- bob_household_maintenance(_,Event,_,End_day).
alice_household_maintenance(Year,Event,Start_day,End_day) :-
    between(2004,2019,Year),
    atom_concat("furnished the remaining costs ",Year,Event),
    first_day_year(Year,Start_day),
    last_day_year(Year,End_day).
payment_(span(Event,320,328)) :- alice_household_maintenance(_,Event,_,_).
agent_(span(Event,320,328),span("Alice",314,318)) :- alice_household_maintenance(_,Event,_,_).
amount_(span(Event,320,328),span(60,334,342)) :- alice_household_maintenance(_,Event,_,_).
purpose_(span(Event,320,328),span("home",260,263)) :- alice_household_maintenance(_,Event,_,_).
start_(span(Event,320,328),span(Start_day,196,199)) :- alice_household_maintenance(_,Event,Start_day,_).
end_(span(Event,320,328),span(End_day,204,207)) :- alice_household_maintenance(_,Event,_,End_day).
income_(span("Alice's",0,6)).
agent_(span("Alice's",0,6),span("Alice",0,4)).
amount_(span("Alice's",0,6),span(71879,55,59)).
start_(span("Alice's",0,6),span(20130101,45,48)).
income_(span("Bob's",12,16)).
marriage_(span("married",104,110)).
son_(span("child",151,155)).
residence_(span("lived",286,290)).
joint_return_(span("file jointly",374,385)).
agent_(span("Bob's",12,16),span("Bob",12,14)).
start_(span("Bob's",12,16),span(20130101,45,48)).
amount_(span("Bob's",12,16),span(11213,66,70)).
start_(span("file jointly",374,385),span(20130101,354,357)).
agent_(span("file jointly",374,385),span("Alice",360,364)).
agent_(span("file jointly",374,385),span("Bob",370,372)).
agent_(span("married",104,110),span("Alice",86,90)).
agent_(span("married",104,110),span("Bob",96,98)).
start_(span("married",104,110),span(19920203,115,127)).
start_(span("lived",286,290),span(20040101,196,199)).
end_(span("lived",286,290),span(20191231,204,207)).
agent_(span("lived",286,290),span("Bob",210,212)).
patient_(span("lived",286,290),span("home",260,263)).
agent_(span("lived",286,290),span("Charlie",278,284)).
patient_(span("child",151,155),span("Alice",130,134)).
patient_(span("child",151,155),span("Bob",140,142)).
agent_(span("child",151,155),span("Charlie",158,164)).
start_(span("child",151,155),span(20001009,172,188)).
birth_(span("born",167,170)).
agent_(span("born",167,170),span("Charlie",158,164)).
start_(span("born",167,170),span(20001009,172,188)).
tax("Alice",2013,15109).
2025-06-15 00:01:40,439 - INFO - [tax_case_73] Query:
tax("Alice",2013,15109).
2025-06-15 00:01:40,439 - INFO - [tax_case_73] Query result: {'truth': True}
2025-06-15 00:01:40,440 - INFO - [tax_case_73] Result: correct
2025-06-15 00:01:40,441 - INFO - [tax_case_74] Prolog code:
:- ['/Users/sophie/code/2025-mcm-llms-applied-in-law_context/data/sara_v3/statutes/prolog/utils.pl'].
:- ['/Users/sophie/code/2025-mcm-llms-applied-in-law_context/data/sara_v3/statutes/prolog/init.pl'].
:- [statutes/prolog/init].
payment_(span("paid",10,13)).
service_(span("services",38,45)).
hospital_(span("Hospital",74,81)).
agent_(span("Hospital",74,81),span("Johns Hopkins Hospital",60,81)).
patient_(span("patient",96,102),span("Johns Hopkins Hospital",107,128)).
agent_(span("paid",10,13),span("Johns Hopkins Hospital",60,81)).
patient_(span("services",38,45),span("Johns Hopkins Hospital",60,81)).
medical_patient_(span("patient",96,102)).
income_(span("paid",196,199)).
start_(span("paid",196,199),span(20170101,175,178)).
agent_(span("paid",196,199),span("Alice",181,185)).
amount_(span("paid",196,199),span(31220,202,206)).
agent_(span("patient",96,102),span("Alice",84,88)).
start_(span("patient",96,102),span(20170315,135,150)).
end_(span("patient",96,102),span(20170402,155,169)).
patient_(span("paid",10,13),span("Alice",0,4)).
amount_(span("paid",10,13),span(200,16,18)).
start_(span("paid",10,13),span(20170301,23,32)).
purpose_(span("paid",10,13),span("services",38,45)).
agent_(span("services",38,45),span("Alice",0,4)).
end_(span("services",38,45),span(20170402,155,169)).
start_(span("services",38,45),span(20170315,135,150)).
tax("Alice",2017,4525).
2025-06-15 00:01:40,585 - INFO - [tax_case_74] Query:
tax("Alice",2017,4525).
2025-06-15 00:01:40,585 - INFO - [tax_case_74] Query result: {'truth': True}
2025-06-15 00:01:40,585 - INFO - [tax_case_74] Result: correct
2025-06-15 00:01:40,586 - INFO - [tax_case_76] Prolog code:
:- ['/Users/sophie/code/2025-mcm-llms-applied-in-law_context/data/sara_v3/statutes/prolog/utils.pl'].
:- ['/Users/sophie/code/2025-mcm-llms-applied-in-law_context/data/sara_v3/statutes/prolog/init.pl'].
:- [statutes/prolog/init].
start_(span("maintains",154,162),span(Day,56,73)) :- between(1984,2004,Year),
    first_day_year(Year,Day).
birth_(span("born",7,10)).
son_(span("son",33,35)).
residence_(span("abode",124,128)).
payment_(span("maintains",154,162)).
income_(span("income",179,184)).
agent_(span("born",7,10),span("Alice",0,4)).
start_(span("born",7,10),span(19501104,12,24)).
agent_(span("income",179,184),span("Alice",165,169)).
start_(span("income",179,184),span(19970101,199,202)).
amount_(span("income",179,184),span(172980,208,213)).
purpose_(span("maintains",154,162),span("place",115,119)).
agent_(span("maintains",154,162),span("Alice",148,152)).
amount_(span("maintains",154,162),span(1,154,162)).
start_(span("abode",124,128),span(19840131,56,73)).
agent_(span("abode",124,128),span("Alice",76,80)).
agent_(span("abode",124,128),span("Bob",86,88)).
patient_(span("abode",124,128),span("place",115,119)).
patient_(span("son",33,35),span("Alice",0,4)).
agent_(span("son",33,35),span("Bob",38,40)).
start_(span("son",33,35),span(19840131,56,73)).
birth_(span("born",51,54)).
agent_(span("born",51,54),span("Bob",38,40)).
start_(span("born",51,54),span(19840131,56,73)).
tax("Alice",1997,46734).
2025-06-15 00:01:40,767 - INFO - [tax_case_76] Query:
tax("Alice",1997,46734).
2025-06-15 00:01:40,767 - INFO - [tax_case_76] Query result: {'truth': True}
2025-06-15 00:01:40,767 - INFO - [tax_case_76] Result: correct
2025-06-15 00:01:40,768 - INFO - [tax_case_79] Prolog code:
:- ['/Users/sophie/code/2025-mcm-llms-applied-in-law_context/data/sara_v3/statutes/prolog/utils.pl'].
:- ['/Users/sophie/code/2025-mcm-llms-applied-in-law_context/data/sara_v3/statutes/prolog/init.pl'].
:- [statutes/prolog/init].
marriage_(span("married",24,30)).
joint_return_(span("joint return",67,78)).
income_(span("income",120,125)).
payment_(span("earned",161,166)).
agent_(span("income",120,125),span("Alice",106,110)).
start_(span("income",120,125),span(20200101,140,143)).
amount_(span("income",120,125),span(103272,149,154)).
agent_(span("joint return",67,78),span("Alice",53,57)).
start_(span("joint return",67,78),span(20200101,100,103)).
agent_(span("joint return",67,78),span("Bob",10,12)).
agent_(span("married",24,30),span("Alice",0,4)).
agent_(span("married",24,30),span("Bob",10,12)).
start_(span("married",24,30),span(20170203,38,50)).
patient_(span("earned",161,166),span("Bob",157,159)).
amount_(span("earned",161,166),span(10,169,170)).
start_(span("earned",161,166),span(20200101,175,178)).
tax("Bob",2020,17402).
2025-06-15 00:01:40,913 - INFO - [tax_case_79] Query:
tax("Bob",2020,17402).
2025-06-15 00:01:40,914 - INFO - [tax_case_79] Query result: {'truth': True}
2025-06-15 00:01:40,914 - INFO - [tax_case_79] Result: correct
2025-06-15 00:01:40,915 - INFO - [tax_case_8] Prolog code:
:- ['/Users/sophie/code/2025-mcm-llms-applied-in-law_context/data/sara_v3/statutes/prolog/utils.pl'].
:- ['/Users/sophie/code/2025-mcm-llms-applied-in-law_context/data/sara_v3/statutes/prolog/init.pl'].
:- [statutes/prolog/init].
marriage_(span("married",18,24)).
son_(span("son",51,53)).
death_(span("passed away",95,105)).
residence_(span("live",151,154)).
payment_(span("maintained",167,176)).
income_(span("income",202,207)).
agent_(span("passed away",95,105),span("Bob",91,93)).
start_(span("passed away",95,105),span(20150302,107,121)).
agent_(span("income",202,207),span("Alice",188,192)).
start_(span("income",202,207),span(20170101,222,225)).
amount_(span("income",202,207),span(70117,232,236)).
agent_(span("married",18,24),span("Alice",0,4)).
agent_(span("married",18,24),span("Bob",10,12)).
start_(span("married",18,24),span(19980912,29,42)).
purpose_(span("maintained",167,176),span("house",161,165)).
agent_(span("maintained",167,176),span("Alice",181,185)).
amount_(span("maintained",167,176),span(1,167,176)).
start_(span("maintained",167,176),span(20170101,127,130)).
agent_(span("live",151,154),span("Alice",133,137)).
agent_(span("live",151,154),span("Charlie",143,149)).
patient_(span("live",151,154),span("house",161,165)).
end_(span("live",151,154),span(20171231,127,130)).
start_(span("live",151,154),span(20170101,127,130)).
patient_(span("son",51,53),span("Alice",0,4)).
agent_(span("son",51,53),span("Charlie",55,61)).
start_(span("son",51,53),span(20131001,72,88)).
patient_(span("son",51,53),span("Bob",10,12)).
birth_(span("born",67,70)).
agent_(span("born",67,70),span("Charlie",55,61)).
start_(span("born",67,70),span(20131001,72,88)).
tax("Alice",2017,12036).
2025-06-15 00:01:41,059 - INFO - [tax_case_8] Query:
tax("Alice",2017,12036).
2025-06-15 00:01:41,059 - INFO - [tax_case_8] Query result: {'truth': True}
2025-06-15 00:01:41,059 - INFO - [tax_case_8] Result: correct
2025-06-15 00:01:41,061 - INFO - [tax_case_80] Prolog code:
:- ['/Users/sophie/code/2025-mcm-llms-applied-in-law_context/data/sara_v3/statutes/prolog/utils.pl'].
:- ['/Users/sophie/code/2025-mcm-llms-applied-in-law_context/data/sara_v3/statutes/prolog/init.pl'].
:- [statutes/prolog/init].
income_(span("income",14,19)).
father_(span("father",67,72)).
residence_(span("lived",78,82)).
payment_(span("maintains",108,116)).
residence_(span("resides",122,128)).
patient_(span("father",67,72),span("Alice",59,63)).
agent_(span("father",67,72),span("Bob",74,76)).
agent_(span("income",14,19),span("Alice",0,4)).
start_(span("income",14,19),span(20140101,34,37)).
amount_(span("income",14,19),span(97407,43,47)).
purpose_(span("maintains",108,116),span("house",91,95)).
agent_(span("maintains",108,116),span("Alice",102,106)).
amount_(span("maintains",108,116),span(1,108,116)).
start_(span("maintains",108,116),span(20140101,53,56)).
agent_(span("lived",78,82),span("Bob",74,76)).
patient_(span("lived",78,82),span("house",91,95)).
end_(span("lived",78,82),span(20141231,53,56)).
start_(span("lived",78,82),span(20140101,53,56)).
patient_(span("resides",122,128),span("house",91,95)).
agent_(span("resides",122,128),span("Alice",102,106)).
end_(span("resides",122,128),span(20141231,53,56)).
start_(span("resides",122,128),span(20140101,53,56)).
tax("Alice",2014,21452).
2025-06-15 00:01:41,205 - INFO - [tax_case_80] Query:
tax("Alice",2014,21452).
2025-06-15 00:01:41,205 - INFO - [tax_case_80] Query result: {'truth': True}
2025-06-15 00:01:41,206 - INFO - [tax_case_80] Result: correct
2025-06-15 00:01:41,207 - INFO - [tax_case_81] Prolog code:
:- ['/Users/sophie/code/2025-mcm-llms-applied-in-law_context/data/sara_v3/statutes/prolog/utils.pl'].
:- ['/Users/sophie/code/2025-mcm-llms-applied-in-law_context/data/sara_v3/statutes/prolog/init.pl'].
:- [statutes/prolog/init].
payment_(span("paid",19,22)).
payment_(span("paid",104,107)).
service_(span("work",127,130)).
citizenship_(span("citizen",216,222)).
agent_(span("citizen",216,222),span("Bob",197,199)).
agent_(span("paid",104,107),span("Alice",94,98)).
amount_(span("paid",104,107),span(11571,110,114)).
patient_(span("paid",104,107),span("Bob",119,121)).
purpose_(span("paid",104,107),span("work",127,130)).
start_(span("paid",104,107),span(20120901,159,171)).
start_(span("paid",19,22),span(20120101,3,6)).
patient_(span("paid",19,22),span("Alice",9,13)).
amount_(span("paid",19,22),span(54268,25,29)).
patient_(span("work",127,130),span("Alice",94,98)).
agent_(span("work",127,130),span("Bob",119,121)).
start_(span("work",127,130),span(20120201,142,154)).
end_(span("work",127,130),span(20120901,159,171)).
location_(span("work",127,130),span("Caracas, Venezuela",177,194)).
country_(span("Caracas, Venezuela",177,194),span("Venezuela",186,194)).
patient_(span("citizen",216,222),span("American",207,214)).
tax("Alice",2012,10922).
2025-06-15 00:01:41,351 - INFO - [tax_case_81] Query:
tax("Alice",2012,10922).
2025-06-15 00:01:41,351 - INFO - [tax_case_81] Query result: {'truth': True}
2025-06-15 00:01:41,352 - INFO - [tax_case_81] Result: correct
2025-06-15 00:01:41,353 - INFO - [tax_case_83] Prolog code:
:- ['/Users/sophie/code/2025-mcm-llms-applied-in-law_context/data/sara_v3/statutes/prolog/utils.pl'].
:- ['/Users/sophie/code/2025-mcm-llms-applied-in-law_context/data/sara_v3/statutes/prolog/init.pl'].
:- [statutes/prolog/init].
agricultural_service(Event,Employee,Day) :-
    member(Dayi, [20160123,20160204,20160303,20160319,20160402,20160509,20161015,20161025,20161108,20161122,20161201,20161203]),
    (
        (
            double_equal(Dayi, 20160123),
            Day = span(Dayi,172,177),
            member(Employee, [span("Bob",180,182),span("Cameron",185,191),span("Dan",194,196),span("Emily",199,203),span("Fred",209,212)])
        );
        (
            double_equal(Dayi, 20160204),
            Day = span(Dayi,216,220),
            member(Employee, [span("Bob",223,225),span("Cameron",228,234),span("Fred",240,243)])
        );
        (
            double_equal(Dayi, 20160303),
            Day = span(Dayi,247,251),
            member(Employee, [span("Bob",254,256),span("Cameron",259,265),span("Dan",268,270),span("Emily",273,277),span("Fred",283,286)])
        );
        (
            double_equal(Dayi, 20160319),
            Day = span(Dayi,290,295),
            member(Employee, [span("Cameron",298,304),span("Dan",307,309),span("Emily",312,316),span("Fred",319,322),span("George",328,333)])
        );
        (
            double_equal(Dayi, 20160402),
            Day = span(Dayi,337,341),
            member(Employee, [span("Bob",344,346),span("Cameron",349,355),span("Dan",358,360),span("Fred",363,366),span("George",372,377)])
        );
        (
            double_equal(Dayi, 20160509),
            Day = span(Dayi,381,385),
            member(Employee, [span("Cameron",388,394),span("Dan",397,399),span("Emily",402,406),span("Fred",409,412),span("George",418,423)])
        );
        (
            double_equal(Dayi, 20161015),
            Day = span(Dayi,427,432),
            member(Employee, [span("Bob",435,437),span("Cameron",440,446),span("Dan",449,451),span("Emily",454,458),span("George",464,469)])
        );
        (
            double_equal(Dayi, 20161025),
            Day = span(Dayi,473,478),
            member(Employee, [span("Bob",481,483),span("Emily",486,490),span("Fred",493,496),span("George",502,507)])
        );
        (
            double_equal(Dayi, 20161108),
            Day = span(Dayi,511,515),
            member(Employee, [span("Bob",518,520),span("Cameron",523,529),span("Emily",532,536),span("Fred",539,542),span("George",548,553)])
        );
        (
            double_equal(Dayi, 20161122),
            Day = span(Dayi,557,562),
            member(Employee, [span("Bob",565,567),span("Cameron",570,576),span("Dan",579,581),span("Emily",584,588),span("Fred",594,597)])
        );
        (
            double_equal(Dayi, 20161201),
            Day = span(Dayi,601,605),
            member(Employee, [span("Bob",608,610),span("Cameron",613,619),span("Dan",622,624),span("Emily",627,631),span("George",637,642)])
        );
        (
            double_equal(Dayi, 20161203),
            Day = span(Dayi,646,650),
            member(Employee, [span("Bob",653,655),span("Cameron",658,664),span("Dan",667,669),span("Emily",672,676),span("George",682,687)])
        )
    ),
    atom_concat("employed ",Dayi,Tmp),
    atom_concat(Tmp,"_",Tmp2),
    span(Employee_name,_,_) = Employee,
    atom_concat(Tmp2,Employee_name,Event_name),
    Event=span(Event_name,121,125).
purpose_(Event,span("agricultural labor",108,125)) :-
    agricultural_service(Event,_,_).
service_(Event) :- agricultural_service(Event,_,_).
agent_(Event,Employee) :- agricultural_service(Event,Employee,_).
patient_(Event,span("Alice",43,47)) :- agricultural_service(Event,_,_).
start_(Event,Day) :- agricultural_service(Event,_,Day).
end_(Event,Day) :- agricultural_service(Event,_,Day).
payment_for_labor(Payment_event,Service_event,Employee,Day) :-
    agricultural_service(Service_event,Employee,Day),
    span(Service_event_name,_,_) = Service_event,
    atom_concat(Service_event_name," paid ",Payment_event_name),
    Payment_event = span(Payment_event_name,713,716).
payment_(Event) :- payment_for_labor(Event,_,_,_).
agent_(Event,span("Alice",707,711)) :- payment_for_labor(Event,_,_,_).
patient_(Event,Employee) :- payment_for_labor(Event,_,Employee,_).
start_(Event,Day) :- payment_for_labor(Event,_,_,Day).
amount_(Event,span(550,732,734)) :- payment_for_labor(Event,_,_,_).
purpose_(Payment_event,Service_event) :-
    payment_for_labor(Payment_event,Service_event,_,_).
income_(span("income",23,28)).
start_(span("income",23,28),span(20160101,3,6)).
agent_(span("income",23,28),span("Alice",9,13)).
amount_(span("income",23,28),span(567192,35,40)).
tax("Alice",2016,206073).
2025-06-15 00:01:41,499 - INFO - [tax_case_83] Query:
tax("Alice",2016,206073).
2025-06-15 00:01:41,500 - INFO - [tax_case_83] Query result: {'truth': True}
2025-06-15 00:01:41,500 - INFO - [tax_case_83] Result: correct
2025-06-15 00:01:41,502 - INFO - [tax_case_84] Prolog code:
:- ['/Users/sophie/code/2025-mcm-llms-applied-in-law_context/data/sara_v3/statutes/prolog/utils.pl'].
:- ['/Users/sophie/code/2025-mcm-llms-applied-in-law_context/data/sara_v3/statutes/prolog/init.pl'].
:- [statutes/prolog/init].
alice_household_maintenance(Year,Event,Start_day,End_day) :-
    between(2004,2019,Year),
    atom_concat("furnished the costs ",Year,Event),
    first_day_year(Year,Start_day),
    last_day_year(Year,End_day).
payment_(span(Event,158,166)) :- alice_household_maintenance(_,Event,_,_).
agent_(span(Event,158,166),span("Alice",152,156)) :- alice_household_maintenance(_,Event,_,_).
amount_(span(Event,158,166),span(1,168,170)) :- alice_household_maintenance(_,Event,_,_).
purpose_(span(Event,158,166),span("home",197,200)) :- alice_household_maintenance(_,Event,_,_).
start_(span(Event,158,166),span(Start_day,138,141)) :- alice_household_maintenance(_,Event,Start_day,_).
end_(span(Event,158,166),span(End_day,146,149)) :- alice_household_maintenance(_,Event,_,End_day).
marriage_(span("married",18,24)).
son_(span("child",65,69)).
death_(span("died",109,112)).
residence_(span("lived",224,228)).
income_(span("income",262,267)).
agent_(span("died",109,112),span("Bob",105,107)).
start_(span("died",109,112),span(20140709,117,130)).
agent_(span("income",262,267),span("Alice",248,252)).
start_(span("income",262,267),span(20170101,282,285)).
amount_(span("income",262,267),span(25561,291,295)).
agent_(span("married",18,24),span("Bob",0,2)).
agent_(span("married",18,24),span("Alice",8,12)).
start_(span("married",18,24),span(19920203,29,41)).
start_(span("lived",224,228),span(20040101,138,141)).
end_(span("lived",224,228),span(20191231,146,149)).
agent_(span("lived",224,228),span("Alice",152,156)).
patient_(span("lived",224,228),span("home",197,200)).
agent_(span("lived",224,228),span("Charlie",216,222)).
patient_(span("child",65,69),span("Bob",44,46)).
patient_(span("child",65,69),span("Alice",52,56)).
agent_(span("child",65,69),span("Charlie",72,78)).
start_(span("child",65,69),span(20001009,86,102)).
birth_(span("born",81,84)).
agent_(span("born",81,84),span("Charlie",72,78)).
start_(span("born",81,84),span(20001009,86,102)).
tax("Alice",2017,2574).
2025-06-15 00:01:41,646 - INFO - [tax_case_84] Query:
tax("Alice",2017,2574).
2025-06-15 00:01:41,647 - INFO - [tax_case_84] Query result: {'truth': True}
2025-06-15 00:01:41,647 - INFO - [tax_case_84] Result: correct
2025-06-15 00:01:41,648 - INFO - [tax_case_86] Prolog code:
:- ['/Users/sophie/code/2025-mcm-llms-applied-in-law_context/data/sara_v3/statutes/prolog/utils.pl'].
:- ['/Users/sophie/code/2025-mcm-llms-applied-in-law_context/data/sara_v3/statutes/prolog/init.pl'].
:- [statutes/prolog/init].
father_(span("father",15,20)).
payment_(span("paid",33,36)).
service_(span("work",56,59)).
agent_(span("father",15,20),span("Bob",0,2)).
patient_(span("father",15,20),span("Alice",7,11)).
agent_(span("paid",33,36),span("Alice",23,27)).
amount_(span("paid",33,36),span(45252,39,43)).
patient_(span("paid",33,36),span("Bob",48,50)).
purpose_(span("paid",33,36),span("work",56,59)).
start_(span("paid",33,36),span(20170101,78,81)).
patient_(span("work",56,59),span("Alice",23,27)).
agent_(span("work",56,59),span("Bob",48,50)).
end_(span("work",56,59),span(20171231,78,81)).
start_(span("work",56,59),span(20170101,78,81)).
tax("Alice",2017,0).
2025-06-15 00:01:41,792 - INFO - [tax_case_86] Query:
tax("Alice",2017,0).
2025-06-15 00:01:41,792 - INFO - [tax_case_86] Query result: {'truth': True}
2025-06-15 00:01:41,792 - INFO - [tax_case_86] Result: correct
2025-06-15 00:01:41,794 - INFO - [tax_case_87] Prolog code:
:- ['/Users/sophie/code/2025-mcm-llms-applied-in-law_context/data/sara_v3/statutes/prolog/utils.pl'].
:- ['/Users/sophie/code/2025-mcm-llms-applied-in-law_context/data/sara_v3/statutes/prolog/init.pl'].
:- [statutes/prolog/init].
son_(span("son",25,27)).
residence_(span("lived",106,110)).
marriage_(span("married",152,158)).
nonresident_alien_(span("nonresident alien",189,205)).
income_(span("earned",223,228)).
agent_(span("earned",223,228),span("Alice",217,221)).
amount_(span("earned",223,228),span(643531,231,236)).
start_(span("earned",223,228),span(20180101,211,214)).
agent_(span("married",152,158),span("Alice",130,134)).
agent_(span("married",152,158),span("Charlie",140,146)).
start_(span("married",152,158),span(19920203,163,175)).
agent_(span("nonresident alien",189,205),span("Alice",178,182)).
start_(span("lived",106,110),span(20150901,40,58)).
end_(span("lived",106,110),span(20191103,63,80)).
agent_(span("lived",106,110),span("Bob",90,92)).
agent_(span("lived",106,110),span("Charlie",98,104)).
patient_(span("lived",106,110),span("home",124,127)).
agent_(span("lived",106,110),span("Alice",83,87)).
patient_(span("son",25,27),span("Alice",0,4)).
patient_(span("son",25,27),span("Charlie",10,16)).
agent_(span("son",25,27),span("Bob",30,32)).
tax("Alice",2018,243103).
2025-06-15 00:01:41,934 - INFO - [tax_case_87] Query:
tax("Alice",2018,243103).
2025-06-15 00:01:41,934 - INFO - [tax_case_87] Query result: {'truth': True}
2025-06-15 00:01:41,934 - INFO - [tax_case_87] Result: correct
2025-06-15 00:01:41,935 - INFO - [tax_case_88] Prolog code:
:- ['/Users/sophie/code/2025-mcm-llms-applied-in-law_context/data/sara_v3/statutes/prolog/utils.pl'].
:- ['/Users/sophie/code/2025-mcm-llms-applied-in-law_context/data/sara_v3/statutes/prolog/init.pl'].
:- [statutes/prolog/init].
marriage_(span("married",18,24)).
son_(span("son",51,53)).
death_(span("passed away",92,102)).
payment_(span("paid",139,142)).
residence_(span("housing",166,172)).
income_(span("income",224,229)).
agent_(span("passed away",92,102),span("Bob",88,90)).
start_(span("passed away",92,102),span(20101231,111,121)).
start_(span("income",224,229),span(20110101,204,207)).
agent_(span("income",224,229),span("Alice",210,214)).
amount_(span("income",224,229),span(25561,236,240)).
agent_(span("married",18,24),span("Alice",0,4)).
agent_(span("married",18,24),span("Bob",10,12)).
start_(span("married",18,24),span(20050922,29,42)).
start_(span("paid",139,142),span(20110101,127,130)).
amount_(span("paid",139,142),span(1,139,142)).
agent_(span("paid",139,142),span("Alice",133,137)).
purpose_(span("paid",139,142),span("house",177,181)).
start_(span("housing",166,172),span(20110101,127,130)).
agent_(span("housing",166,172),span("Alice",133,137)).
agent_(span("housing",166,172),span("Charlie",156,162)).
patient_(span("housing",166,172),span("house",177,181)).
end_(span("housing",166,172),span(20111231,127,130)).
patient_(span("son",51,53),span("Alice",0,4)).
agent_(span("son",51,53),span("Charlie",55,61)).
start_(span("son",51,53),span(20020110,72,85)).
patient_(span("son",51,53),span("Bob",10,12)).
birth_(span("born",67,70)).
agent_(span("born",67,70),span("Charlie",55,61)).
start_(span("born",67,70),span(20020110,72,85)).
tax("Alice",2011,2334).
2025-06-15 00:01:42,079 - INFO - [tax_case_88] Query:
tax("Alice",2011,2334).
2025-06-15 00:01:42,079 - INFO - [tax_case_88] Query result: {'truth': True}
2025-06-15 00:01:42,079 - INFO - [tax_case_88] Result: correct
2025-06-15 00:01:42,081 - INFO - [tax_case_89] Prolog code:
:- ['/Users/sophie/code/2025-mcm-llms-applied-in-law_context/data/sara_v3/statutes/prolog/utils.pl'].
:- ['/Users/sophie/code/2025-mcm-llms-applied-in-law_context/data/sara_v3/statutes/prolog/init.pl'].
:- [statutes/prolog/init].
payment_(span("paid",19,22)).
marriage_(span("married",55,61)).
blindness_(span("blind",202,206)).
enrollment_(span("enrolled",240,247)).
educational_institution_(span("University",266,275)).
attending_classes_(span("attending classes",281,297)).
agent_(span("attending classes",281,297),span("Alice",230,234)).
location_(span("attending classes",281,297),span("Johns Hopkins University",252,275)).
start_(span("attending classes",281,297),span(20150829,304,318)).
end_(span("attending classes",281,297),span(20190530,323,336)).
agent_(span("blind",202,206),span("Alice",187,191)).
start_(span("blind",202,206),span(20160320,214,227)).
agent_(span("University",266,275),span("Johns Hopkins University",252,275)).
agent_(span("enrolled",240,247),span("Alice",230,234)).
patient_(span("enrolled",240,247),span("Johns Hopkins University",252,275)).
start_(span("enrolled",240,247),span(20150829,304,318)).
end_(span("enrolled",240,247),span(20190530,323,336)).
agent_(span("married",55,61),span("Alice",31,35)).
agent_(span("married",55,61),span("Bob",41,43)).
start_(span("married",55,61),span(20170203,69,81)).
start_(span("paid",19,22),span(20180101,3,6)).
patient_(span("paid",19,22),span("Alice",9,13)).
amount_(span("paid",19,22),span(3200,25,28)).
tax("Alice",2018,0).
2025-06-15 00:01:42,225 - INFO - [tax_case_89] Query:
tax("Alice",2018,0).
2025-06-15 00:01:42,225 - INFO - [tax_case_89] Query result: {'truth': True}
2025-06-15 00:01:42,225 - INFO - [tax_case_89] Result: correct
2025-06-15 00:01:42,227 - INFO - [tax_case_91] Prolog code:
:- ['/Users/sophie/code/2025-mcm-llms-applied-in-law_context/data/sara_v3/statutes/prolog/utils.pl'].
:- ['/Users/sophie/code/2025-mcm-llms-applied-in-law_context/data/sara_v3/statutes/prolog/init.pl'].
:- [statutes/prolog/init].
agricultural_service(Event,Employee,Day) :-
    member(Dayi, [20170124,20170204,20170303,20170318,20170401,20170509,20171014,20171025,20171108,20171122,20171201,20171202]),
    (
        (
            double_equal(Dayi, 20170124),
            Day = span(Dayi,329,334),
            member(Employee, [span("Bob",337,339),span("Cameron",342,348),span("Dan",351,353),span("Emily",356,360),span("Fred",366,369)])
        );
        (
            double_equal(Dayi, 20170204),
            Day = span(Dayi,373,377),
            member(Employee, [span("Bob",380,382),span("Cameron",385,391),span("Fred",397,401)])
        );
        (
            double_equal(Dayi, 20170303),
            Day = span(Dayi,404,408),
            member(Employee, [span("Bob",411,413),span("Cameron",416,422),span("Dan",425,427),span("Emily",430,434),span("Fred",440,443)])
        );
        (
            double_equal(Dayi, 20170318),
            Day = span(Dayi,447,452),
            member(Employee, [span("Cameron",455,461),span("Dan",464,466),span("Emily",469,473),span("Fred",476,479),span("George",485,490)])
        );
        (
            double_equal(Dayi, 20170401),
            Day = span(Dayi,494,498),
            member(Employee, [span("Bob",501,503),span("Cameron",506,512),span("Dan",515,517),span("Fred",520,523),span("George",529,534)])
        );
        (
            double_equal(Dayi, 20170509),
            Day = span(Dayi,538,542),
            member(Employee, [span("Cameron",545,551),span("Dan",554,556),span("Emily",559,563),span("Fred",566,569),span("George",575,580)])
        );
        (
            double_equal(Dayi, 20171014),
            Day = span(Dayi,584,589),
            member(Employee, [span("Bob",592,594),span("Cameron",597,603),span("Dan",606,608),span("Emily",611,615),span("George",621,626)])
        );
        (
            double_equal(Dayi, 20171025),
            Day = span(Dayi,630,635),
            member(Employee, [span("Bob",638,640),span("Emily",643,647),span("Fred",650,653),span("George",659,664)])
        );
        (
            double_equal(Dayi, 20171108),
            Day = span(Dayi,668,672),
            member(Employee, [span("Bob",675,677),span("Cameron",680,686),span("Emily",689,693),span("Fred",696,699),span("George",705,710)])
        );
        (
            double_equal(Dayi, 20171122),
            Day = span(Dayi,714,719),
            member(Employee, [span("Bob",722,724),span("Cameron",727,733),span("Dan",736,738),span("Emily",741,745),span("Fred",751,754)])
        );
        (
            double_equal(Dayi, 20171201),
            Day = span(Dayi,758,762),
            member(Employee, [span("Bob",765,767),span("Cameron",770,776),span("Dan",779,781),span("Emily",784,788),span("George",794,799)])
        );
        (
            double_equal(Dayi, 20171202),
            Day = span(Dayi,803,807),
            member(Employee, [span("Bob",810,812),span("Cameron",815,821),span("Dan",824,826),span("Emily",829,833),span("George",839,844)])
        )
    ),
    atom_concat("employed ",Dayi,Tmp),
    atom_concat(Tmp,"_",Tmp2),
    span(Employee_name,_,_) = Employee,
    atom_concat(Tmp2,Employee_name,Event_name),
    Event = span(Event_name,210,217).
purpose_(Event,span("agricultural labor",265,282)) :-
    agricultural_service(Event,_,_).
service_(Event) :- agricultural_service(Event,_,_).
agent_(Event,Employee) :- agricultural_service(Event,Employee,_).
patient_(Event,span("Alice",200,204)) :- agricultural_service(Event,_,_).
start_(Event,Day) :- agricultural_service(Event,_,Day).
end_(Event,Day) :- agricultural_service(Event,_,Day).
payment_for_labor(Payment_event,Service_event,Employee,Day) :-
    agricultural_service(Service_event,Employee,Day),
    span(Service_name,_,_) = Service_event,
    atom_concat(Service_name," paid ",Payment_name),
    span(Payment_name,_,_) = Payment_event.
payment_(Event) :- payment_for_labor(Event,_,_,_).
agent_(Event,span("Alice",846,850)) :- payment_for_labor(Event,_,_,_).
patient_(Event,Employee) :- payment_for_labor(Event,_,Employee,_).
start_(Event,Day) :- payment_for_labor(Event,_,_,Day).
amount_(Event,span(632,867,869)) :- payment_for_labor(Event,_,_,_).
purpose_(Payment_event,Service_event) :-
    payment_for_labor(Payment_event,Service_event,_,_).
marriage_(span("married",10,16)).
joint_return_(span("joint return",51,62)).
income_(span("income",121,126)).
agent_(span("income",121,126),span("Alice",90,94)).
start_(span("income",121,126),span(20170101,141,144)).
amount_(span("income",121,126),span(684642,150,155)).
agent_(span("joint return",51,62),span("Alice",37,41)).
agent_(span("joint return",51,62),span("spouse",73,78)).
end_(span("joint return",51,62),span(20171231,84,87)).
start_(span("joint return",51,62),span(20170101,84,87)).
agent_(span("married",10,16),span("Alice",0,4)).
start_(span("married",10,16),span(20060602,21,34)).
agent_(span("married",10,16),span("spouse",73,78)).
tax("Alice",2017,247432).
2025-06-15 00:01:42,375 - INFO - [tax_case_91] Query:
tax("Alice",2017,247432).
2025-06-15 00:01:42,375 - INFO - [tax_case_91] Query result: {'truth': True}
2025-06-15 00:01:42,375 - INFO - [tax_case_91] Result: correct
2025-06-15 00:01:42,377 - INFO - [tax_case_92] Prolog code:
:- ['/Users/sophie/code/2025-mcm-llms-applied-in-law_context/data/sara_v3/statutes/prolog/utils.pl'].
:- ['/Users/sophie/code/2025-mcm-llms-applied-in-law_context/data/sara_v3/statutes/prolog/init.pl'].
:- [statutes/prolog/init].
payment_(span("paid",10,13)).
service_(span("service",40,46)).
payment_(span("paid",150,153)).
deduction_(span("$680",203,206)).
deduction_(span("$2102",209,213)).
deduction_(span("$1993",216,220)).
deduction_(span("$4807",226,230)).
start_(span("$1993",216,220),span(20100101,134,137)).
agent_(span("$1993",216,220),span("Alice",163,167)).
amount_(span("$1993",216,220),span(1993,217,220)).
start_(span("$2102",209,213),span(20100101,134,137)).
agent_(span("$2102",209,213),span("Alice",163,167)).
amount_(span("$2102",209,213),span(2102,210,213)).
start_(span("$4807",226,230),span(20100101,134,137)).
agent_(span("$4807",226,230),span("Alice",163,167)).
amount_(span("$4807",226,230),span(4807,227,230)).
start_(span("$680",203,206),span(20100101,134,137)).
agent_(span("$680",203,206),span("Alice",163,167)).
amount_(span("$680",203,206),span(680,204,206)).
agent_(span("paid",10,13),span("Alice",0,4)).
amount_(span("paid",10,13),span(300,16,18)).
patient_(span("paid",10,13),span("Bob",23,25)).
purpose_(span("paid",10,13),span("service",40,46)).
start_(span("paid",10,13),span(20100902,87,99)).
start_(span("paid",150,153),span(20100101,134,137)).
patient_(span("paid",150,153),span("Alice",140,144)).
amount_(span("paid",150,153),span(33408,156,160)).
patient_(span("service",40,46),span("Alice",0,4)).
agent_(span("service",40,46),span("Bob",23,25)).
purpose_(span("service",40,46),span("domestic service",31,46)).
location_(span("service",40,46),span("home",60,63)).
start_(span("service",40,46),span(20100201,70,82)).
end_(span("service",40,46),span(20100902,87,99)).
location_(span("service",40,46),span("Baltimore",105,113)).
location_(span("service",40,46),span("Maryland",116,123)).
location_(span("service",40,46),span("USA",126,128)).
tax("Alice",2010,3274).
2025-06-15 00:01:42,519 - INFO - [tax_case_92] Query:
tax("Alice",2010,3274).
2025-06-15 00:01:42,520 - INFO - [tax_case_92] Query result: {'truth': True}
2025-06-15 00:01:42,520 - INFO - [tax_case_92] Result: correct
2025-06-15 00:01:42,522 - INFO - [tax_case_94] Prolog code:
:- ['/Users/sophie/code/2025-mcm-llms-applied-in-law_context/data/sara_v3/statutes/prolog/utils.pl'].
:- ['/Users/sophie/code/2025-mcm-llms-applied-in-law_context/data/sara_v3/statutes/prolog/init.pl'].
:- [statutes/prolog/init].
income_(span("income",14,19)).
payment_(span("paid",61,64)).
service_(span("work",84,87)).
payment_(span("paid",136,139)).
plan_(span("retirement fund",154,168)).
payment_(span("paid",183,186)).
plan_(span("health insurance",199,214)).
father_(span("father",244,249)).
retirement_(span("retired",259,265)).
agent_(span("father",244,249),span("Charlie",220,226)).
patient_(span("father",244,249),span("Alice",236,240)).
agent_(span("income",14,19),span("Alice",0,4)).
start_(span("income",14,19),span(20100101,34,37)).
amount_(span("income",14,19),span(210204,43,48)).
amount_(span("paid",183,186),span(5322,189,192)).
patient_(span("paid",183,186),span("health insurance",199,214)).
beneficiary_(span("paid",183,186),span("Charlie",220,226)).
agent_(span("paid",183,186),span("Alice",121,125)).
start_(span("paid",183,186),span(20100101,115,118)).
purpose_(span("paid",183,186),span("make provisions for employees in case of sickness",199,214)).
start_(span("paid",136,139),span(20100101,115,118)).
agent_(span("paid",136,139),span("Alice",121,125)).
amount_(span("paid",136,139),span(9832,142,145)).
patient_(span("paid",136,139),span("retirement fund",154,168)).
beneficiary_(span("paid",136,139),span("Bob",174,176)).
purpose_(span("paid",136,139),span("make provisions for employees in case of retirement",154,168)).
agent_(span("paid",61,64),span("Alice",51,55)).
amount_(span("paid",61,64),span(45252,67,71)).
patient_(span("paid",61,64),span("Bob",76,78)).
purpose_(span("paid",61,64),span("work",84,87)).
start_(span("paid",61,64),span(20100101,106,109)).
agent_(span("retired",259,265),span("Charlie",220,226)).
start_(span("retired",259,265),span(20090101,270,273)).
patient_(span("work",84,87),span("Alice",51,55)).
agent_(span("work",84,87),span("Bob",76,78)).
end_(span("work",84,87),span(20101231,106,109)).
start_(span("work",84,87),span(20100101,106,109)).
tax("Alice",2010,63345).
2025-06-15 00:01:42,667 - INFO - [tax_case_94] Query:
tax("Alice",2010,63345).
2025-06-15 00:01:42,667 - INFO - [tax_case_94] Query result: {'truth': True}
2025-06-15 00:01:42,667 - INFO - [tax_case_94] Result: correct
2025-06-15 00:01:42,669 - INFO - [tax_case_95] Prolog code:
:- ['/Users/sophie/code/2025-mcm-llms-applied-in-law_context/data/sara_v3/statutes/prolog/utils.pl'].
:- ['/Users/sophie/code/2025-mcm-llms-applied-in-law_context/data/sara_v3/statutes/prolog/init.pl'].
:- [statutes/prolog/init].
marriage_(span("married",18,24)).
son_(span("son",50,52)).
legal_separation_(span("separated",118,126)).
residence_(span("live",201,204)).
payment_(span("maintained",217,226)).
income_(span("income",252,257)).
agent_(span("income",252,257),span("Alice",238,242)).
start_(span("income",252,257),span(20170101,272,275)).
amount_(span("income",252,257),span(9560,281,284)).
patient_(span("separated",118,126),span("married",18,24)).
agent_(span("separated",118,126),span("decree of divorce",136,152)).
start_(span("separated",118,126),span(20150302,157,171)).
agent_(span("married",18,24),span("Alice",0,4)).
agent_(span("married",18,24),span("Bob",10,12)).
start_(span("married",18,24),span(20100806,29,41)).
purpose_(span("maintained",217,226),span("house",211,215)).
agent_(span("maintained",217,226),span("Alice",231,235)).
amount_(span("maintained",217,226),span(1,217,226)).
start_(span("maintained",217,226),span(20170101,177,180)).
agent_(span("live",201,204),span("Alice",183,187)).
agent_(span("live",201,204),span("Charlie",193,199)).
patient_(span("live",201,204),span("house",211,215)).
end_(span("live",201,204),span(20171231,177,180)).
start_(span("live",201,204),span(20170101,177,180)).
agent_(span("son",50,52),span("Charlie",54,60)).
start_(span("son",50,52),span(20120202,71,88)).
patient_(span("son",50,52),span("Alice",0,4)).
patient_(span("son",50,52),span("Bob",10,12)).
birth_(span("born",66,69)).
agent_(span("born",66,69),span("Charlie",54,60)).
start_(span("born",66,69),span(20120202,71,88)).
tax("Alice",2017,174).
2025-06-15 00:01:42,813 - INFO - [tax_case_95] Query:
tax("Alice",2017,174).
2025-06-15 00:01:42,814 - INFO - [tax_case_95] Query result: {'truth': True}
2025-06-15 00:01:42,814 - INFO - [tax_case_95] Result: correct
2025-06-15 00:01:42,816 - INFO - [tax_case_96] Prolog code:
:- ['/Users/sophie/code/2025-mcm-llms-applied-in-law_context/data/sara_v3/statutes/prolog/utils.pl'].
:- ['/Users/sophie/code/2025-mcm-llms-applied-in-law_context/data/sara_v3/statutes/prolog/init.pl'].
:- [statutes/prolog/init].
income_(span("income",8,13)).
marriage_(span("married",68,74)).
joint_return_(span("joint return",145,156)).
agent_(span("income",8,13),span("Alice",0,4)).
start_(span("income",8,13),span(20030101,28,31)).
amount_(span("income",8,13),span(54313,37,41)).
agent_(span("joint return",145,156),span("Bob",124,126)).
agent_(span("joint return",145,156),span("Alice",132,136)).
start_(span("joint return",145,156),span(20030101,162,165)).
agent_(span("married",68,74),span("Alice",44,48)).
agent_(span("married",68,74),span("Bob",54,56)).
start_(span("married",68,74),span(19850203,82,94)).
tax("Alice",2003,7611).
2025-06-15 00:01:42,959 - INFO - [tax_case_96] Query:
tax("Alice",2003,7611).
2025-06-15 00:01:42,960 - INFO - [tax_case_96] Query result: {'truth': True}
2025-06-15 00:01:42,960 - INFO - [tax_case_96] Result: correct
2025-06-15 00:01:42,962 - INFO - [tax_case_97] Prolog code:
:- ['/Users/sophie/code/2025-mcm-llms-applied-in-law_context/data/sara_v3/statutes/prolog/utils.pl'].
:- ['/Users/sophie/code/2025-mcm-llms-applied-in-law_context/data/sara_v3/statutes/prolog/init.pl'].
:- [statutes/prolog/init].
payment_(span("paid",10,13)).
service_(span("work",32,35)).
payment_(span("paid",98,101)).
deduction_(span("$2939",152,156)).
deduction_(span("$8744",162,166)).
start_(span("$2939",152,156),span(20050101,82,85)).
agent_(span("$2939",152,156),span("Alice",112,116)).
amount_(span("$2939",152,156),span(2939,153,156)).
start_(span("$8744",162,166),span(20050101,82,85)).
agent_(span("$8744",162,166),span("Alice",112,116)).
amount_(span("$8744",162,166),span(8744,163,166)).
agent_(span("paid",10,13),span("Alice",0,4)).
amount_(span("paid",10,13),span(4512,16,19)).
patient_(span("paid",10,13),span("Bob",24,26)).
purpose_(span("paid",10,13),span("work",32,35)).
start_(span("paid",10,13),span(20050902,64,76)).
start_(span("paid",98,101),span(20050101,82,85)).
patient_(span("paid",98,101),span("Alice",88,92)).
amount_(span("paid",98,101),span(133200,104,109)).
patient_(span("work",32,35),span("Alice",0,4)).
agent_(span("work",32,35),span("Bob",24,26)).
start_(span("work",32,35),span(20050201,47,59)).
end_(span("work",32,35),span(20050902,64,76)).
tax("Alice",2005,33069).
2025-06-15 00:01:43,106 - INFO - [tax_case_97] Query:
tax("Alice",2005,33069).
2025-06-15 00:01:43,107 - INFO - [tax_case_97] Query result: {'truth': True}
2025-06-15 00:01:43,107 - INFO - [tax_case_97] Result: correct
2025-06-15 00:01:43,109 - INFO - [tax_case_98] Prolog code:
:- ['/Users/sophie/code/2025-mcm-llms-applied-in-law_context/data/sara_v3/statutes/prolog/utils.pl'].
:- ['/Users/sophie/code/2025-mcm-llms-applied-in-law_context/data/sara_v3/statutes/prolog/init.pl'].
:- [statutes/prolog/init].
son_(span("son",12,14)).
residence_(span("lives",34,38)).
payment_(span("maintains",66,74)).
payment_(span("paid",99,102)).
service_(span("employee",125,132)).
amount_(span("maintains",66,74),span(1,66,74)).
start_(span("maintains",66,74),span(20150101,29,32)).
purpose_(span("maintains",66,74),span("house",56,60)).
agent_(span("maintains",66,74),span("Alice",0,4)).
patient_(span("paid",99,102),span("Alice",89,93)).
amount_(span("paid",99,102),span(73200,105,109)).
start_(span("paid",99,102),span(20151231,114,117)).
purpose_(span("paid",99,102),span("employee",125,132)).
agent_(span("paid",99,102),span("Bertha's Mussels",137,152)).
agent_(span("lives",34,38),span("Bob",17,19)).
end_(span("lives",34,38),span(20151231,29,32)).
start_(span("lives",34,38),span(20150101,29,32)).
patient_(span("lives",34,38),span("house",56,60)).
agent_(span("lives",34,38),span("Alice",0,4)).
agent_(span("employee",125,132),span("Alice",89,93)).
end_(span("employee",125,132),span(20151231,114,117)).
start_(span("employee",125,132),span(20150101,114,117)).
patient_(span("employee",125,132),span("Bertha's Mussels",137,152)).
location_(span("employee",125,132),span("Baltimore",157,165)).
location_(span("employee",125,132),span("Maryland",168,175)).
location_(span("employee",125,132),span("USA",178,180)).
patient_(span("son",12,14),span("Alice",0,4)).
agent_(span("son",12,14),span("Bob",17,19)).
tax("Alice",2015,14296).
2025-06-15 00:01:43,249 - INFO - [tax_case_98] Query:
tax("Alice",2015,14296).
2025-06-15 00:01:43,249 - INFO - [tax_case_98] Query result: {'truth': True}
2025-06-15 00:01:43,249 - INFO - [tax_case_98] Result: correct
2025-06-15 00:01:43,250 - INFO - [tax_case_99] Prolog code:
:- ['/Users/sophie/code/2025-mcm-llms-applied-in-law_context/data/sara_v3/statutes/prolog/utils.pl'].
:- ['/Users/sophie/code/2025-mcm-llms-applied-in-law_context/data/sara_v3/statutes/prolog/init.pl'].
:- [statutes/prolog/init].
payment_(span("paid",19,22)).
son_(span("son",44,46)).
residence_(span("lived",116,120)).
payment_(span("maintained",152,161)).
start_(span("maintained",152,161),span(20150901,59,77)).
start_(span("maintained",152,161),span(20160101,59,77)).
start_(span("maintained",152,161),span(20170101,59,77)).
start_(span("maintained",152,161),span(20180101,59,77)).
start_(span("maintained",152,161),span(20190101,96,99)).
purpose_(span("maintained",152,161),span("home",134,137)).
agent_(span("maintained",152,161),span("Alice",146,150)).
amount_(span("maintained",152,161),span(1,152,161)).
start_(span("paid",19,22),span(20170101,3,6)).
patient_(span("paid",19,22),span("Alice",9,13)).
amount_(span("paid",19,22),span(75845,25,29)).
start_(span("lived",116,120),span(20150901,59,77)).
end_(span("lived",116,120),span(20191103,82,99)).
agent_(span("lived",116,120),span("Alice",102,106)).
agent_(span("lived",116,120),span("Bob",112,114)).
patient_(span("lived",116,120),span("home",134,137)).
patient_(span("son",44,46),span("Alice",32,36)).
agent_(span("son",44,46),span("Bob",49,51)).
tax("Alice",2017,15037).
2025-06-15 00:01:43,391 - INFO - [tax_case_99] Query:
tax("Alice",2017,15037).
2025-06-15 00:01:43,391 - INFO - [tax_case_99] Query result: {'truth': True}
2025-06-15 00:01:43,391 - INFO - [tax_case_99] Result: correct
2025-06-15 00:24:40,841 - INFO - [s151_d_1_neg] Prolog code:
:- ['/Users/sophie/code/2025-mcm-llms-applied-in-law_context/data/sara_v3/statutes/prolog/section151.pl'].
:- ['/Users/sophie/code/2025-mcm-llms-applied-in-law_context/data/sara_v3/statutes/prolog/utils.pl'].
:- ['/Users/sophie/code/2025-mcm-llms-applied-in-law_context/data/sara_v3/statutes/prolog/init.pl'].
:- discontiguous s151_b_applies/2.
:- [statutes/prolog/init].
s151_b_applies("Alice",2015).
\+ s151_d_1(0).
2025-06-15 00:24:41,071 - INFO - [s151_d_1_neg] Query:
\+ s151_d_1(0).
2025-06-15 00:24:41,071 - INFO - [s151_d_1_neg] Query result: {'truth': True}
2025-06-15 00:24:41,071 - INFO - [s151_d_1_neg] Result: correct
2025-06-15 00:24:41,072 - INFO - [s151_d_1_pos] Prolog code:
:- ['/Users/sophie/code/2025-mcm-llms-applied-in-law_context/data/sara_v3/statutes/prolog/section151.pl'].
:- ['/Users/sophie/code/2025-mcm-llms-applied-in-law_context/data/sara_v3/statutes/prolog/utils.pl'].
:- ['/Users/sophie/code/2025-mcm-llms-applied-in-law_context/data/sara_v3/statutes/prolog/init.pl'].
:- discontiguous s151_b_applies/2.
:- [statutes/prolog/init].
s151_b_applies("Alice",2015).
s151_d_1(2000).
2025-06-15 00:24:41,206 - INFO - [s151_d_1_pos] Query:
s151_d_1(2000).
2025-06-15 00:24:41,206 - INFO - [s151_d_1_pos] Query result: {'truth': True}
2025-06-15 00:24:41,206 - INFO - [s151_d_1_pos] Result: correct
2025-06-15 00:24:41,208 - INFO - [s151_d_3_A_neg] Prolog code:
:- ['/Users/sophie/code/2025-mcm-llms-applied-in-law_context/data/sara_v3/statutes/prolog/section151.pl'].
:- ['/Users/sophie/code/2025-mcm-llms-applied-in-law_context/data/sara_v3/statutes/prolog/utils.pl'].
:- ['/Users/sophie/code/2025-mcm-llms-applied-in-law_context/data/sara_v3/statutes/prolog/init.pl'].
:- discontiguous s151_c/4.
:- [statutes/prolog/init].
s151_c("Alice",_,2000,2015).
income_(span("income",8,13)).
agent_(span("income",8,13),span("Alice",0,4)).
start_(span("income",8,13),span(20150101,18,21)).
amount_(span("income",8,13),span(260932,28,33)).
\+ s151_d_3_A("Alice",_,_,_,2000,1900,2015).
2025-06-15 00:24:41,448 - INFO - [s151_d_3_A_neg] Query:
\+ s151_d_3_A("Alice",_,_,_,2000,1900,2015).
2025-06-15 00:24:41,449 - INFO - [s151_d_3_A_neg] Query result: {'truth': True}
2025-06-15 00:24:41,449 - INFO - [s151_d_3_A_neg] Result: correct
2025-06-15 00:24:41,451 - INFO - [s151_d_3_A_pos] Prolog code:
:- ['/Users/sophie/code/2025-mcm-llms-applied-in-law_context/data/sara_v3/statutes/prolog/section151.pl'].
:- ['/Users/sophie/code/2025-mcm-llms-applied-in-law_context/data/sara_v3/statutes/prolog/utils.pl'].
:- ['/Users/sophie/code/2025-mcm-llms-applied-in-law_context/data/sara_v3/statutes/prolog/init.pl'].
:- discontiguous s151_c/4.
:- [statutes/prolog/init].
s151_c("Alice",_,2000,2015).
income_(span("income",8,13)).
agent_(span("income",8,13),span("Alice",0,4)).
start_(span("income",8,13),span(20150101,18,21)).
amount_(span("income",8,13),span(260932,28,33)).
s151_d_3_A("Alice",_,_,_,2000,1800,2015).
2025-06-15 00:24:41,590 - INFO - [s151_d_3_A_pos] Query:
s151_d_3_A("Alice",_,_,_,2000,1800,2015).
2025-06-15 00:24:41,591 - INFO - [s151_d_3_A_pos] Query result: {'truth': True}
2025-06-15 00:24:41,591 - INFO - [s151_d_3_A_pos] Result: correct
2025-06-15 00:24:41,592 - INFO - [s151_d_5_neg] Prolog code:
:- ['/Users/sophie/code/2025-mcm-llms-applied-in-law_context/data/sara_v3/statutes/prolog/section151.pl'].
:- ['/Users/sophie/code/2025-mcm-llms-applied-in-law_context/data/sara_v3/statutes/prolog/utils.pl'].
:- ['/Users/sophie/code/2025-mcm-llms-applied-in-law_context/data/sara_v3/statutes/prolog/init.pl'].
:- discontiguous s151_b_applies/2.
:- [statutes/prolog/init].
s151_b_applies("Alice",2018).
\+ s151_d_5(2000,2018).
2025-06-15 00:24:41,835 - INFO - [s151_d_5_neg] Query:
\+ s151_d_5(2000,2018).
2025-06-15 00:24:41,836 - INFO - [s151_d_5_neg] Query result: {'truth': True}
2025-06-15 00:24:41,836 - INFO - [s151_d_5_neg] Result: correct
2025-06-15 00:24:41,839 - INFO - [s151_d_5_pos] Prolog code:
:- ['/Users/sophie/code/2025-mcm-llms-applied-in-law_context/data/sara_v3/statutes/prolog/section151.pl'].
:- ['/Users/sophie/code/2025-mcm-llms-applied-in-law_context/data/sara_v3/statutes/prolog/utils.pl'].
:- ['/Users/sophie/code/2025-mcm-llms-applied-in-law_context/data/sara_v3/statutes/prolog/init.pl'].
:- discontiguous s151_b_applies/2.
:- [statutes/prolog/init].
s151_b_applies("Alice",2018).
s151_d_5(0,2018).
2025-06-15 00:24:41,984 - INFO - [s151_d_5_pos] Query:
s151_d_5(0,2018).
2025-06-15 00:24:41,984 - INFO - [s151_d_5_pos] Query result: {'truth': True}
2025-06-15 00:24:41,984 - INFO - [s151_d_5_pos] Result: correct
2025-06-15 00:24:41,984 - INFO - [s152_a_neg] Prolog code:
:- ['/Users/sophie/code/2025-mcm-llms-applied-in-law_context/data/sara_v3/statutes/prolog/section152.pl'].
:- ['/Users/sophie/code/2025-mcm-llms-applied-in-law_context/data/sara_v3/statutes/prolog/utils.pl'].
:- ['/Users/sophie/code/2025-mcm-llms-applied-in-law_context/data/sara_v3/statutes/prolog/init.pl'].
:- discontiguous s152_c_1/3.
:- [statutes/prolog/init].
s152_c_1("Bob","Charlie",2014).
brother_(span("brother",12,18)).
agent_(span("brother",12,18), span("Bob",21,23)).
patient_(span("brother",12,18), span("Alice",0,4)).
\+ s152_a("Bob","Alice",2014,_,_).
2025-06-15 00:24:42,218 - INFO - [s152_a_neg] Query:
\+ s152_a("Bob","Alice",2014,_,_).
2025-06-15 00:24:42,219 - INFO - [s152_a_neg] Query result: {'truth': True}
2025-06-15 00:24:42,219 - INFO - [s152_a_neg] Result: correct
2025-06-15 00:24:42,221 - INFO - [s152_a_pos] Prolog code:
:- ['/Users/sophie/code/2025-mcm-llms-applied-in-law_context/data/sara_v3/statutes/prolog/section152.pl'].
:- ['/Users/sophie/code/2025-mcm-llms-applied-in-law_context/data/sara_v3/statutes/prolog/utils.pl'].
:- ['/Users/sophie/code/2025-mcm-llms-applied-in-law_context/data/sara_v3/statutes/prolog/init.pl'].
:- discontiguous s152_c_1/3.
:- [statutes/prolog/init].
s152_c_1("Bob","Alice",2015).
son_(span("son", 12, 14)).
agent_(span("son", 12, 14), span("Bob", 17, 19)).
patient_(span("son", 12, 14), span("Alice", 0, 4)).
s152_a("Bob","Alice",2015,_,_).
2025-06-15 00:24:42,365 - INFO - [s152_a_pos] Query:
s152_a("Bob","Alice",2015,_,_).
2025-06-15 00:24:42,365 - INFO - [s152_a_pos] Query result: {'truth': True}
2025-06-15 00:24:42,365 - INFO - [s152_a_pos] Result: correct
2025-06-15 00:24:42,367 - INFO - [s152_c_2_A_neg] Prolog code:
:- ['/Users/sophie/code/2025-mcm-llms-applied-in-law_context/data/sara_v3/statutes/prolog/section152.pl'].
:- ['/Users/sophie/code/2025-mcm-llms-applied-in-law_context/data/sara_v3/statutes/prolog/utils.pl'].
:- ['/Users/sophie/code/2025-mcm-llms-applied-in-law_context/data/sara_v3/statutes/prolog/init.pl'].
:- [statutes/prolog/init].
brother_(span("brother",12,18)).
patient_(span("brother",12,18),span("Alice",0,4)).
agent_(span("brother",12,18),span("Bob",21,23)).
start_(span("brother",12,18),span(20140131,39,56)).
birth_(span("born",34,37)).
agent_(span("born",34,37),span("Bob",21,23)).
start_(span("born",34,37),span(20140131,39,56)).
\+ s152_c_2_A("Bob","Alice",_,_,_).
2025-06-15 00:24:42,607 - INFO - [s152_c_2_A_neg] Query:
\+ s152_c_2_A("Bob","Alice",_,_,_).
2025-06-15 00:24:42,608 - INFO - [s152_c_2_A_neg] Query result: {'truth': True}
2025-06-15 00:24:42,608 - INFO - [s152_c_2_A_neg] Result: correct
2025-06-15 00:24:42,610 - INFO - [s152_c_2_A_pos] Prolog code:
:- ['/Users/sophie/code/2025-mcm-llms-applied-in-law_context/data/sara_v3/statutes/prolog/section152.pl'].
:- ['/Users/sophie/code/2025-mcm-llms-applied-in-law_context/data/sara_v3/statutes/prolog/utils.pl'].
:- ['/Users/sophie/code/2025-mcm-llms-applied-in-law_context/data/sara_v3/statutes/prolog/init.pl'].
:- [statutes/prolog/init].
son_(span("son",12,14)).
patient_(span("son",12,14),span("Alice",0,4)).
agent_(span("son",12,14),span("Bob",17,19)).
start_(span("son",12,14),span(20140131,35,52)).
birth_(span("born",30,33)).
agent_(span("born",30,33),span("Bob",17,19)).
start_(span("born",30,33),span(20140131,35,52)).
s152_c_2_A("Bob","Alice",_,_,_).
2025-06-15 00:24:42,748 - INFO - [s152_c_2_A_pos] Query:
s152_c_2_A("Bob","Alice",_,_,_).
2025-06-15 00:24:42,748 - INFO - [s152_c_2_A_pos] Query result: {'truth': True}
2025-06-15 00:24:42,749 - INFO - [s152_c_2_A_pos] Result: correct
2025-06-15 00:24:42,750 - INFO - [s152_d_1_D_neg] Prolog code:
:- ['/Users/sophie/code/2025-mcm-llms-applied-in-law_context/data/sara_v3/statutes/prolog/section151.pl'].
:- ['/Users/sophie/code/2025-mcm-llms-applied-in-law_context/data/sara_v3/statutes/prolog/section152.pl'].
:- ['/Users/sophie/code/2025-mcm-llms-applied-in-law_context/data/sara_v3/statutes/prolog/utils.pl'].
:- ['/Users/sophie/code/2025-mcm-llms-applied-in-law_context/data/sara_v3/statutes/prolog/init.pl'].
:- discontiguous s152_c/3.
:- discontiguous s151_d/4.
:- [statutes/prolog/init].
s152_c("Bob","Alice",2015).
s151_d("Alice",_,2000,2015).
income_(span("income",17,22)).
mother_(span("mother",130,135)).
agent_(span("income",17,22),span("Alice",9,13)).
amount_(span("income",17,22),span(312,29,31)).
start_(span("income",17,22),span(20150101,3,6)).
agent_(span("mother",130,135),span("Alice",115,119)).
patient_(span("mother",130,135),span("Bob",124,126)).
\+ s152_d_1_D("Bob",2015).
2025-06-15 00:24:42,998 - INFO - [s152_d_1_D_neg] Query:
\+ s152_d_1_D("Bob",2015).
2025-06-15 00:24:42,999 - INFO - [s152_d_1_D_neg] Query result: {'truth': True}
2025-06-15 00:24:42,999 - INFO - [s152_d_1_D_neg] Result: correct
2025-06-15 00:24:43,001 - INFO - [s152_d_1_D_pos] Prolog code:
:- ['/Users/sophie/code/2025-mcm-llms-applied-in-law_context/data/sara_v3/statutes/prolog/section151.pl'].
:- ['/Users/sophie/code/2025-mcm-llms-applied-in-law_context/data/sara_v3/statutes/prolog/section152.pl'].
:- ['/Users/sophie/code/2025-mcm-llms-applied-in-law_context/data/sara_v3/statutes/prolog/utils.pl'].
:- ['/Users/sophie/code/2025-mcm-llms-applied-in-law_context/data/sara_v3/statutes/prolog/init.pl'].
:- discontiguous s151_d/4.
:- [statutes/prolog/init].
s151_d("Alice",_,2000,2015).
income_(span("income",17,22)).
father_(span("father",130,135)).
agent_(span("father",130,135),span("Bob",115,117)).
patient_(span("father",130,135),span("Alice",122,126)).
agent_(span("income",17,22),span("Alice",9,13)).
amount_(span("income",17,22),span(312,29,31)).
start_(span("income",17,22),span(20150101,3,6)).
s152_d_1_D("Bob",2015).
2025-06-15 00:24:43,141 - INFO - [s152_d_1_D_pos] Query:
s152_d_1_D("Bob",2015).
2025-06-15 00:24:43,141 - INFO - [s152_d_1_D_pos] Query result: {'truth': True}
2025-06-15 00:24:43,141 - INFO - [s152_d_1_D_pos] Result: correct
2025-06-15 00:24:43,143 - INFO - [s152_d_2_A_neg] Prolog code:
:- ['/Users/sophie/code/2025-mcm-llms-applied-in-law_context/data/sara_v3/statutes/prolog/section152.pl'].
:- ['/Users/sophie/code/2025-mcm-llms-applied-in-law_context/data/sara_v3/statutes/prolog/utils.pl'].
:- ['/Users/sophie/code/2025-mcm-llms-applied-in-law_context/data/sara_v3/statutes/prolog/init.pl'].
:- [statutes/prolog/init].
brother_(span("brother",15,21)).
agent_(span("brother",15,21),span("Bob",0,2)).
patient_(span("brother",15,21),span("Alice",7,11)).
start_(span("brother",15,21),span(20140415,29,44)).
\+ s152_d_2_A("Alice","Bob",_,_).
2025-06-15 00:24:43,388 - INFO - [s152_d_2_A_neg] Query:
\+ s152_d_2_A("Alice","Bob",_,_).
2025-06-15 00:24:43,389 - INFO - [s152_d_2_A_neg] Query result: {'truth': True}
2025-06-15 00:24:43,389 - INFO - [s152_d_2_A_neg] Result: correct
2025-06-15 00:24:43,391 - INFO - [s152_d_2_A_pos] Prolog code:
:- ['/Users/sophie/code/2025-mcm-llms-applied-in-law_context/data/sara_v3/statutes/prolog/section152.pl'].
:- ['/Users/sophie/code/2025-mcm-llms-applied-in-law_context/data/sara_v3/statutes/prolog/utils.pl'].
:- ['/Users/sophie/code/2025-mcm-llms-applied-in-law_context/data/sara_v3/statutes/prolog/init.pl'].
father_(span("father",15,20)).
agent_(span("father",15,20),span("Bob",0,2)).
patient_(span("father",15,20),span("Alice",7,11)).
start_(span("father",15,20),span(20140415,28,43)).
s152_d_2_A("Alice","Bob",_,_).
2025-06-15 00:24:43,436 - INFO - [s152_d_2_A_pos] Query:
s152_d_2_A("Alice","Bob",_,_).
2025-06-15 00:24:43,436 - INFO - [s152_d_2_A_pos] Query result: {'truth': True}
2025-06-15 00:24:43,436 - INFO - [s152_d_2_A_pos] Result: correct
2025-06-15 00:24:43,437 - INFO - [s152_d_2_C_neg] Prolog code:
:- ['/Users/sophie/code/2025-mcm-llms-applied-in-law_context/data/sara_v3/statutes/prolog/section152.pl'].
:- ['/Users/sophie/code/2025-mcm-llms-applied-in-law_context/data/sara_v3/statutes/prolog/utils.pl'].
:- ['/Users/sophie/code/2025-mcm-llms-applied-in-law_context/data/sara_v3/statutes/prolog/init.pl'].
:- [statutes/prolog/init].
father_(span("father",17,22)).
mother_(span("mother",65,70)).
marriage_(span("married",79,85)).
agent_(span("father",17,22),span("Charlie",0,6)).
patient_(span("father",17,22),span("Bob",11,13)).
start_(span("father",17,22),span(19950415,30,45)).
agent_(span("married",79,85),span("Alice",73,77)).
agent_(span("married",79,85),span("Charlie",87,93)).
start_(span("married",79,85),span(20180808,98,113)).
start_(span("mother",65,70),span(19950415,30,45)).
agent_(span("mother",65,70),span("Dorothy",48,54)).
patient_(span("mother",65,70),span("Bob",59,61)).
\+ s152_d_2_C("Alice","Bob",_,_).
2025-06-15 00:24:43,673 - INFO - [s152_d_2_C_neg] Query:
\+ s152_d_2_C("Alice","Bob",_,_).
2025-06-15 00:24:43,674 - INFO - [s152_d_2_C_neg] Query result: {'truth': True}
2025-06-15 00:24:43,674 - INFO - [s152_d_2_C_neg] Result: correct
2025-06-15 00:24:43,676 - INFO - [s152_d_2_C_pos] Prolog code:
:- ['/Users/sophie/code/2025-mcm-llms-applied-in-law_context/data/sara_v3/statutes/prolog/section152.pl'].
:- ['/Users/sophie/code/2025-mcm-llms-applied-in-law_context/data/sara_v3/statutes/prolog/utils.pl'].
:- ['/Users/sophie/code/2025-mcm-llms-applied-in-law_context/data/sara_v3/statutes/prolog/init.pl'].
:- [statutes/prolog/init].
son_(span("son",15,17)).
agent_(span("son",15,17),span("Bob",0,2)).
patient_(span("son",15,17),span("Alice",7,11)).
start_(span("son",15,17),span(20140415,25,40)).
s152_d_2_C("Alice","Bob",_,_).
2025-06-15 00:24:43,819 - INFO - [s152_d_2_C_pos] Query:
s152_d_2_C("Alice","Bob",_,_).
2025-06-15 00:24:43,820 - INFO - [s152_d_2_C_pos] Query result: {'truth': True}
2025-06-15 00:24:43,820 - INFO - [s152_d_2_C_pos] Result: correct
2025-06-15 00:24:43,821 - INFO - [s152_d_2_G_neg] Prolog code:
:- ['/Users/sophie/code/2025-mcm-llms-applied-in-law_context/data/sara_v3/statutes/prolog/section152.pl'].
:- ['/Users/sophie/code/2025-mcm-llms-applied-in-law_context/data/sara_v3/statutes/prolog/utils.pl'].
:- ['/Users/sophie/code/2025-mcm-llms-applied-in-law_context/data/sara_v3/statutes/prolog/init.pl'].
:- [statutes/prolog/init].
residence_(span("living",22,27)).
agent_(span("living",22,27),span("Alice",0,4)).
agent_(span("living",22,27),span("Bob",10,12)).
patient_(span("living",22,27),span("living",22,27)).
start_(span("living",22,27),span(20140415,41,56)).
\+ s152_d_2_G("Alice","Bob",_,_).
2025-06-15 00:24:44,063 - INFO - [s152_d_2_G_neg] Query:
\+ s152_d_2_G("Alice","Bob",_,_).
2025-06-15 00:24:44,064 - INFO - [s152_d_2_G_neg] Query result: {'truth': True}
2025-06-15 00:24:44,064 - INFO - [s152_d_2_G_neg] Result: correct
2025-06-15 00:24:44,067 - INFO - [s152_d_2_G_pos] Prolog code:
:- ['/Users/sophie/code/2025-mcm-llms-applied-in-law_context/data/sara_v3/statutes/prolog/section152.pl'].
:- ['/Users/sophie/code/2025-mcm-llms-applied-in-law_context/data/sara_v3/statutes/prolog/utils.pl'].
:- ['/Users/sophie/code/2025-mcm-llms-applied-in-law_context/data/sara_v3/statutes/prolog/init.pl'].
:- [statutes/prolog/init].
father_(span("father",17,22)).
marriage_(span("married",54,60)).
agent_(span("father",17,22),span("Charlie",0,6)).
patient_(span("father",17,22),span("Bob",11,13)).
start_(span("father",17,22),span(20140415,30,45)).
agent_(span("married",54,60),span("Alice",48,52)).
agent_(span("married",54,60),span("Bob",62,64)).
start_(span("married",54,60),span(19921012,69,86)).
s152_d_2_G("Alice","Charlie",Start_relationship,End_relationship), var(End_relationship), first_day_year(2018,First_day), is_before(Start_relationship,First_day).
2025-06-15 00:24:44,318 - INFO - [s152_d_2_G_pos] Query:
s152_d_2_G("Alice","Charlie",Start_relationship,End_relationship), var(End_relationship), first_day_year(2018,First_day), is_before(Start_relationship,First_day).
2025-06-15 00:24:44,319 - ERROR - Error processing case s152_d_2_G_pos: '$c_call_prolog'/0: Arguments are not sufficiently instantiated
2025-06-15 00:24:44,321 - INFO - [s152_d_2_H_neg] Prolog code:
:- ['/Users/sophie/code/2025-mcm-llms-applied-in-law_context/data/sara_v3/statutes/prolog/section152.pl'].
:- ['/Users/sophie/code/2025-mcm-llms-applied-in-law_context/data/sara_v3/statutes/prolog/utils.pl'].
:- ['/Users/sophie/code/2025-mcm-llms-applied-in-law_context/data/sara_v3/statutes/prolog/init.pl'].
:- [statutes/prolog/init].
father_(span("father",15,20)).
agent_(span("father",15,20),span("Bob",0,2)).
patient_(span("father",15,20),span("Alice",7,11)).
start_(span("father",15,20),span(19940415,28,43)).
\+ s152_d_2_H("Alice","Bob",2015,_,_,_).
2025-06-15 00:24:44,561 - INFO - [s152_d_2_H_neg] Query:
\+ s152_d_2_H("Alice","Bob",2015,_,_,_).
2025-06-15 00:24:44,562 - INFO - [s152_d_2_H_neg] Query result: {'truth': True}
2025-06-15 00:24:44,562 - INFO - [s152_d_2_H_neg] Result: correct
2025-06-15 00:24:44,563 - INFO - [s152_d_2_H_pos] Prolog code:
:- ['/Users/sophie/code/2025-mcm-llms-applied-in-law_context/data/sara_v3/statutes/prolog/section152.pl'].
:- ['/Users/sophie/code/2025-mcm-llms-applied-in-law_context/data/sara_v3/statutes/prolog/utils.pl'].
:- ['/Users/sophie/code/2025-mcm-llms-applied-in-law_context/data/sara_v3/statutes/prolog/init.pl'].
:- [statutes/prolog/init].
residence_(span("living",22,27)).
agent_(span("living",22,27),span("Alice",0,4)).
agent_(span("living",22,27),span("Bob",10,12)).
patient_(span("living",22,27),span("living",22,27)).
start_(span("living",22,27),span(20140415,41,56)).
s152_d_2_H("Alice","Bob",2018,_,_,_).
2025-06-15 00:24:44,705 - INFO - [s152_d_2_H_pos] Query:
s152_d_2_H("Alice","Bob",2018,_,_,_).
2025-06-15 00:24:44,705 - INFO - [s152_d_2_H_pos] Query result: {'truth': True}
2025-06-15 00:24:44,705 - INFO - [s152_d_2_H_pos] Result: correct
2025-06-15 00:24:44,706 - INFO - [s1_a_2_iv_neg] Prolog code:
:- ['/Users/sophie/code/2025-mcm-llms-applied-in-law_context/data/sara_v3/statutes/prolog/section1.pl'].
:- ['/Users/sophie/code/2025-mcm-llms-applied-in-law_context/data/sara_v3/statutes/prolog/section2.pl'].
:- ['/Users/sophie/code/2025-mcm-llms-applied-in-law_context/data/sara_v3/statutes/prolog/utils.pl'].
:- ['/Users/sophie/code/2025-mcm-llms-applied-in-law_context/data/sara_v3/statutes/prolog/init.pl'].
:- discontiguous s63/3.
:- discontiguous s2_a/3.
:- [statutes/prolog/init].
s2_a("Alice",_,2017).
s63("Alice",2017,615572).
\+ s1_a_iv(615572,220295).
2025-06-15 00:24:44,940 - INFO - [s1_a_2_iv_neg] Query:
\+ s1_a_iv(615572,220295).
2025-06-15 00:24:44,941 - INFO - [s1_a_2_iv_neg] Query result: {'truth': True}
2025-06-15 00:24:44,941 - INFO - [s1_a_2_iv_neg] Result: correct
2025-06-15 00:24:44,942 - INFO - [s1_a_2_iv_pos] Prolog code:
:- ['/Users/sophie/code/2025-mcm-llms-applied-in-law_context/data/sara_v3/statutes/prolog/section1.pl'].
:- ['/Users/sophie/code/2025-mcm-llms-applied-in-law_context/data/sara_v3/statutes/prolog/section2.pl'].
:- ['/Users/sophie/code/2025-mcm-llms-applied-in-law_context/data/sara_v3/statutes/prolog/utils.pl'].
:- ['/Users/sophie/code/2025-mcm-llms-applied-in-law_context/data/sara_v3/statutes/prolog/init.pl'].
:- discontiguous s63/3.
:- discontiguous s2_a/3.
:- [statutes/prolog/init].
s2_a("Alice",_,2017).
s63("Alice",2017,236422).
s1_a_iv(236422,70640).
2025-06-15 00:24:45,082 - INFO - [s1_a_2_iv_pos] Query:
s1_a_iv(236422,70640).
2025-06-15 00:24:45,082 - INFO - [s1_a_2_iv_pos] Query result: {'truth': True}
2025-06-15 00:24:45,082 - INFO - [s1_a_2_iv_pos] Result: correct
2025-06-15 00:24:45,084 - INFO - [s1_a_2_neg] Prolog code:
:- ['/Users/sophie/code/2025-mcm-llms-applied-in-law_context/data/sara_v3/statutes/prolog/section1.pl'].
:- ['/Users/sophie/code/2025-mcm-llms-applied-in-law_context/data/sara_v3/statutes/prolog/utils.pl'].
:- ['/Users/sophie/code/2025-mcm-llms-applied-in-law_context/data/sara_v3/statutes/prolog/init.pl'].
:- discontiguous s63/3.
:- [statutes/prolog/init].
s63("Alice",2017,2102047).
\+ s1_a("Alice",2017,_,65445).
2025-06-15 00:24:45,326 - INFO - [s1_a_2_neg] Query:
\+ s1_a("Alice",2017,_,65445).
2025-06-15 00:24:45,326 - INFO - [s1_a_2_neg] Query result: {'truth': True}
2025-06-15 00:24:45,327 - INFO - [s1_a_2_neg] Result: correct
2025-06-15 00:24:45,329 - INFO - [s1_a_2_pos] Prolog code:
:- ['/Users/sophie/code/2025-mcm-llms-applied-in-law_context/data/sara_v3/statutes/prolog/section1.pl'].
:- ['/Users/sophie/code/2025-mcm-llms-applied-in-law_context/data/sara_v3/statutes/prolog/section2.pl'].
:- ['/Users/sophie/code/2025-mcm-llms-applied-in-law_context/data/sara_v3/statutes/prolog/utils.pl'].
:- ['/Users/sophie/code/2025-mcm-llms-applied-in-law_context/data/sara_v3/statutes/prolog/init.pl'].
:- discontiguous s63/3.
:- discontiguous s2_a/3.
:- [statutes/prolog/init].
s2_a("Alice",_,2017).
s63("Alice",2017,70117).
s1_a("Alice",2017,_,14836).
2025-06-15 00:24:45,477 - INFO - [s1_a_2_pos] Query:
s1_a("Alice",2017,_,14836).
2025-06-15 00:24:45,478 - INFO - [s1_a_2_pos] Query result: {'truth': True}
2025-06-15 00:24:45,478 - INFO - [s1_a_2_pos] Result: correct
2025-06-15 00:24:45,479 - INFO - [s1_a_2_v_neg] Prolog code:
:- ['/Users/sophie/code/2025-mcm-llms-applied-in-law_context/data/sara_v3/statutes/prolog/section1.pl'].
:- ['/Users/sophie/code/2025-mcm-llms-applied-in-law_context/data/sara_v3/statutes/prolog/section2.pl'].
:- ['/Users/sophie/code/2025-mcm-llms-applied-in-law_context/data/sara_v3/statutes/prolog/utils.pl'].
:- ['/Users/sophie/code/2025-mcm-llms-applied-in-law_context/data/sara_v3/statutes/prolog/init.pl'].
:- discontiguous s63/3.
:- discontiguous s2_a/3.
s2_a("Alice",_,2017).
s63("Alice",2017,25561).
\+ s1_a_v(25561,3834).
2025-06-15 00:24:45,622 - INFO - [s1_a_2_v_neg] Query:
\+ s1_a_v(25561,3834).
2025-06-15 00:24:45,623 - INFO - [s1_a_2_v_neg] Query result: {'truth': True}
2025-06-15 00:24:45,623 - INFO - [s1_a_2_v_neg] Result: correct
2025-06-15 00:24:45,624 - INFO - [s1_a_2_v_pos] Prolog code:
:- ['/Users/sophie/code/2025-mcm-llms-applied-in-law_context/data/sara_v3/statutes/prolog/section1.pl'].
:- ['/Users/sophie/code/2025-mcm-llms-applied-in-law_context/data/sara_v3/statutes/prolog/section2.pl'].
:- ['/Users/sophie/code/2025-mcm-llms-applied-in-law_context/data/sara_v3/statutes/prolog/utils.pl'].
:- ['/Users/sophie/code/2025-mcm-llms-applied-in-law_context/data/sara_v3/statutes/prolog/init.pl'].
:- discontiguous s63/3.
:- discontiguous s2_a/3.
:- [statutes/prolog/init].
s2_a("Alice",_,2017).
s63("Alice",2017,615572).
s1_a_v(615572,220295).
2025-06-15 00:24:45,766 - INFO - [s1_a_2_v_pos] Query:
s1_a_v(615572,220295).
2025-06-15 00:24:45,766 - INFO - [s1_a_2_v_pos] Query result: {'truth': True}
2025-06-15 00:24:45,766 - INFO - [s1_a_2_v_pos] Result: correct
2025-06-15 00:24:45,768 - INFO - [s1_b_i_neg] Prolog code:
:- ['/Users/sophie/code/2025-mcm-llms-applied-in-law_context/data/sara_v3/statutes/prolog/section1.pl'].
:- ['/Users/sophie/code/2025-mcm-llms-applied-in-law_context/data/sara_v3/statutes/prolog/section2.pl'].
:- ['/Users/sophie/code/2025-mcm-llms-applied-in-law_context/data/sara_v3/statutes/prolog/utils.pl'].
:- ['/Users/sophie/code/2025-mcm-llms-applied-in-law_context/data/sara_v3/statutes/prolog/init.pl'].
:- discontiguous s63/3.
:- discontiguous s2_b/3.
:- [statutes/prolog/init].
s2_b("Alice",_,2017).
s63("Alice",2017,1172980).
\+ s1_b_i(1172980,442985).
2025-06-15 00:24:46,013 - INFO - [s1_b_i_neg] Query:
\+ s1_b_i(1172980,442985).
2025-06-15 00:24:46,014 - INFO - [s1_b_i_neg] Query result: {'truth': True}
2025-06-15 00:24:46,014 - INFO - [s1_b_i_neg] Result: correct
2025-06-15 00:24:46,015 - INFO - [s1_b_i_pos] Prolog code:
:- ['/Users/sophie/code/2025-mcm-llms-applied-in-law_context/data/sara_v3/statutes/prolog/section1.pl'].
:- ['/Users/sophie/code/2025-mcm-llms-applied-in-law_context/data/sara_v3/statutes/prolog/section2.pl'].
:- ['/Users/sophie/code/2025-mcm-llms-applied-in-law_context/data/sara_v3/statutes/prolog/utils.pl'].
:- ['/Users/sophie/code/2025-mcm-llms-applied-in-law_context/data/sara_v3/statutes/prolog/init.pl'].
:- discontiguous s63/3.
:- discontiguous s2_b/3.
:- [statutes/prolog/init].
s2_b("Alice",_,2017).
s63("Alice",2017,9560).
s1_b_i(9560,1434).
2025-06-15 00:24:46,156 - INFO - [s1_b_i_pos] Query:
s1_b_i(9560,1434).
2025-06-15 00:24:46,156 - INFO - [s1_b_i_pos] Query result: {'truth': True}
2025-06-15 00:24:46,157 - INFO - [s1_b_i_pos] Result: correct
2025-06-15 00:24:46,158 - INFO - [s1_b_neg] Prolog code:
:- ['/Users/sophie/code/2025-mcm-llms-applied-in-law_context/data/sara_v3/statutes/prolog/section1.pl'].
:- ['/Users/sophie/code/2025-mcm-llms-applied-in-law_context/data/sara_v3/statutes/prolog/utils.pl'].
:- ['/Users/sophie/code/2025-mcm-llms-applied-in-law_context/data/sara_v3/statutes/prolog/init.pl'].
:- discontiguous s7703/4.
:- discontiguous s63/3.
:- [statutes/prolog/init].
s7703("Alice","spouse",_,2017).
s63("Alice",2017,554313).
\+ s1_b("Alice",2017,_,207772).
2025-06-15 00:24:46,404 - INFO - [s1_b_neg] Query:
\+ s1_b("Alice",2017,_,207772).
2025-06-15 00:24:46,404 - INFO - [s1_b_neg] Query result: {'truth': True}
2025-06-15 00:24:46,405 - INFO - [s1_b_neg] Result: correct
2025-06-15 00:24:46,407 - INFO - [s1_b_pos] Prolog code:
:- ['/Users/sophie/code/2025-mcm-llms-applied-in-law_context/data/sara_v3/statutes/prolog/section1.pl'].
:- ['/Users/sophie/code/2025-mcm-llms-applied-in-law_context/data/sara_v3/statutes/prolog/section2.pl'].
:- ['/Users/sophie/code/2025-mcm-llms-applied-in-law_context/data/sara_v3/statutes/prolog/utils.pl'].
:- ['/Users/sophie/code/2025-mcm-llms-applied-in-law_context/data/sara_v3/statutes/prolog/init.pl'].
:- discontiguous s63/3.
:- discontiguous s2_b/3.
:- [statutes/prolog/init].
s2_b("Alice",_,2017).
s63("Alice",2017,97407).
s1_b("Alice",2017,_,24056).
2025-06-15 00:24:46,556 - INFO - [s1_b_pos] Query:
s1_b("Alice",2017,_,24056).
2025-06-15 00:24:46,557 - INFO - [s1_b_pos] Query result: {'truth': True}
2025-06-15 00:24:46,557 - INFO - [s1_b_pos] Result: correct
2025-06-15 00:24:46,558 - INFO - [s1_c_iii_neg] Prolog code:
:- ['/Users/sophie/code/2025-mcm-llms-applied-in-law_context/data/sara_v3/statutes/prolog/section1.pl'].
:- ['/Users/sophie/code/2025-mcm-llms-applied-in-law_context/data/sara_v3/statutes/prolog/utils.pl'].
:- ['/Users/sophie/code/2025-mcm-llms-applied-in-law_context/data/sara_v3/statutes/prolog/init.pl'].
:- discontiguous s63/3.
:- [statutes/prolog/init].
s63("Alice",2017,22895).
\+ s1_c_iii(22895,3538).
2025-06-15 00:24:46,806 - INFO - [s1_c_iii_neg] Query:
\+ s1_c_iii(22895,3538).
2025-06-15 00:24:46,806 - INFO - [s1_c_iii_neg] Query result: {'truth': True}
2025-06-15 00:24:46,806 - INFO - [s1_c_iii_neg] Result: correct
2025-06-15 00:24:46,808 - INFO - [s1_c_iii_pos] Prolog code:
:- ['/Users/sophie/code/2025-mcm-llms-applied-in-law_context/data/sara_v3/statutes/prolog/section1.pl'].
:- ['/Users/sophie/code/2025-mcm-llms-applied-in-law_context/data/sara_v3/statutes/prolog/utils.pl'].
:- ['/Users/sophie/code/2025-mcm-llms-applied-in-law_context/data/sara_v3/statutes/prolog/init.pl'].
:- discontiguous s63/3.
:- [statutes/prolog/init].
s63("Alice",2017,102268).
s1_c_iii(102268,27225).
2025-06-15 00:24:46,952 - INFO - [s1_c_iii_pos] Query:
s1_c_iii(102268,27225).
2025-06-15 00:24:46,952 - INFO - [s1_c_iii_pos] Query result: {'truth': True}
2025-06-15 00:24:46,952 - INFO - [s1_c_iii_pos] Result: correct
2025-06-15 00:24:46,953 - INFO - [s1_c_neg] Prolog code:
:- ['/Users/sophie/code/2025-mcm-llms-applied-in-law_context/data/sara_v3/statutes/prolog/section1.pl'].
:- ['/Users/sophie/code/2025-mcm-llms-applied-in-law_context/data/sara_v3/statutes/prolog/utils.pl'].
:- ['/Users/sophie/code/2025-mcm-llms-applied-in-law_context/data/sara_v3/statutes/prolog/init.pl'].
:- discontiguous s7703/4.
:- discontiguous s63/3.
:- [statutes/prolog/init].
s7703("Alice","spouse",_,2017).
s63("Alice",2017,17330).
joint_return_(span("joint return",69,80)).
agent_(span("joint return",69,80),span("Alice",55,59)).
agent_(span("joint return",69,80),span("spouse",91,96)).
start_(span("joint return",69,80),span(20170101,102,105)).
\+ s1_c("Alice",2017,_,2600).
2025-06-15 00:24:47,196 - INFO - [s1_c_neg] Query:
\+ s1_c("Alice",2017,_,2600).
2025-06-15 00:24:47,197 - INFO - [s1_c_neg] Query result: {'truth': True}
2025-06-15 00:24:47,197 - INFO - [s1_c_neg] Result: correct
2025-06-15 00:24:47,199 - INFO - [s1_c_pos] Prolog code:
:- ['/Users/sophie/code/2025-mcm-llms-applied-in-law_context/data/sara_v3/statutes/prolog/section1.pl'].
:- ['/Users/sophie/code/2025-mcm-llms-applied-in-law_context/data/sara_v3/statutes/prolog/utils.pl'].
:- ['/Users/sophie/code/2025-mcm-llms-applied-in-law_context/data/sara_v3/statutes/prolog/init.pl'].
:- discontiguous s63/3.
:- [statutes/prolog/init].
s63("Alice",2017,210204).
s1_c("Alice",2017,_,65445).
2025-06-15 00:24:47,347 - INFO - [s1_c_pos] Query:
s1_c("Alice",2017,_,65445).
2025-06-15 00:24:47,348 - INFO - [s1_c_pos] Query result: {'truth': True}
2025-06-15 00:24:47,348 - INFO - [s1_c_pos] Result: correct
2025-06-15 00:24:47,349 - INFO - [s1_d_i_neg] Prolog code:
:- ['/Users/sophie/code/2025-mcm-llms-applied-in-law_context/data/sara_v3/statutes/prolog/section1.pl'].
:- ['/Users/sophie/code/2025-mcm-llms-applied-in-law_context/data/sara_v3/statutes/prolog/utils.pl'].
:- ['/Users/sophie/code/2025-mcm-llms-applied-in-law_context/data/sara_v3/statutes/prolog/init.pl'].
:- discontiguous s7703/4.
:- discontiguous s63/3.
:- [statutes/prolog/init].
s7703("Alice",_,_,2017).
s63("Alice",2017,67285).
\+ s1_d_i(67285,17123).
2025-06-15 00:24:47,595 - INFO - [s1_d_i_neg] Query:
\+ s1_d_i(67285,17123).
2025-06-15 00:24:47,596 - INFO - [s1_d_i_neg] Query result: {'truth': True}
2025-06-15 00:24:47,596 - INFO - [s1_d_i_neg] Result: correct
2025-06-15 00:24:47,598 - INFO - [s1_d_i_pos] Prolog code:
:- ['/Users/sophie/code/2025-mcm-llms-applied-in-law_context/data/sara_v3/statutes/prolog/section1.pl'].
:- ['/Users/sophie/code/2025-mcm-llms-applied-in-law_context/data/sara_v3/statutes/prolog/utils.pl'].
:- ['/Users/sophie/code/2025-mcm-llms-applied-in-law_context/data/sara_v3/statutes/prolog/init.pl'].
:- discontiguous s7703/4.
:- discontiguous s63/3.
:- [statutes/prolog/init].
s7703("Alice",_,_,2017).
s63("Alice",2017,6662).
s1_d_i(6662,999).
2025-06-15 00:24:47,748 - INFO - [s1_d_i_pos] Query:
s1_d_i(6662,999).
2025-06-15 00:24:47,748 - INFO - [s1_d_i_pos] Query result: {'truth': True}
2025-06-15 00:24:47,748 - INFO - [s1_d_i_pos] Result: correct
2025-06-15 00:24:47,749 - INFO - [s1_d_ii_neg] Prolog code:
:- ['/Users/sophie/code/2025-mcm-llms-applied-in-law_context/data/sara_v3/statutes/prolog/section1.pl'].
:- ['/Users/sophie/code/2025-mcm-llms-applied-in-law_context/data/sara_v3/statutes/prolog/utils.pl'].
:- ['/Users/sophie/code/2025-mcm-llms-applied-in-law_context/data/sara_v3/statutes/prolog/init.pl'].
:- discontiguous s7703/4.
:- discontiguous s63/3.
:- [statutes/prolog/init].
s7703("Alice",_,_,2017).
s63("Alice",2017,113580).
\+ s1_d_ii(113580,33653).
2025-06-15 00:24:47,995 - INFO - [s1_d_ii_neg] Query:
\+ s1_d_ii(113580,33653).
2025-06-15 00:24:47,996 - INFO - [s1_d_ii_neg] Query result: {'truth': True}
2025-06-15 00:24:47,996 - INFO - [s1_d_ii_neg] Result: correct
2025-06-15 00:24:47,998 - INFO - [s1_d_ii_pos] Prolog code:
:- ['/Users/sophie/code/2025-mcm-llms-applied-in-law_context/data/sara_v3/statutes/prolog/section1.pl'].
:- ['/Users/sophie/code/2025-mcm-llms-applied-in-law_context/data/sara_v3/statutes/prolog/utils.pl'].
:- ['/Users/sophie/code/2025-mcm-llms-applied-in-law_context/data/sara_v3/statutes/prolog/init.pl'].
:- discontiguous s7703/4.
:- discontiguous s63/3.
:- [statutes/prolog/init].
s7703("Alice",_,_,2017).
s63("Alice",2017,28864).
s1_d_ii(28864,5683).
2025-06-15 00:24:48,142 - INFO - [s1_d_ii_pos] Query:
s1_d_ii(28864,5683).
2025-06-15 00:24:48,142 - INFO - [s1_d_ii_pos] Query result: {'truth': True}
2025-06-15 00:24:48,142 - INFO - [s1_d_ii_pos] Result: correct
2025-06-15 00:24:48,144 - INFO - [s1_d_neg] Prolog code:
:- ['/Users/sophie/code/2025-mcm-llms-applied-in-law_context/data/sara_v3/statutes/prolog/section1.pl'].
:- ['/Users/sophie/code/2025-mcm-llms-applied-in-law_context/data/sara_v3/statutes/prolog/section2.pl'].
:- ['/Users/sophie/code/2025-mcm-llms-applied-in-law_context/data/sara_v3/statutes/prolog/utils.pl'].
:- ['/Users/sophie/code/2025-mcm-llms-applied-in-law_context/data/sara_v3/statutes/prolog/init.pl'].
:- discontiguous s63/3.
:- discontiguous s2_a/3.
:- [statutes/prolog/init].
s2_a("Alice",_,2017).
s63("Alice",2017,70117).
\+ s1_d("Alice",_,2017,_,14836).
2025-06-15 00:24:48,394 - INFO - [s1_d_neg] Query:
\+ s1_d("Alice",_,2017,_,14836).
2025-06-15 00:24:48,394 - INFO - [s1_d_neg] Query result: {'truth': True}
2025-06-15 00:24:48,394 - INFO - [s1_d_neg] Result: correct
2025-06-15 00:24:48,397 - INFO - [s1_d_pos] Prolog code:
:- ['/Users/sophie/code/2025-mcm-llms-applied-in-law_context/data/sara_v3/statutes/prolog/section1.pl'].
:- ['/Users/sophie/code/2025-mcm-llms-applied-in-law_context/data/sara_v3/statutes/prolog/utils.pl'].
:- ['/Users/sophie/code/2025-mcm-llms-applied-in-law_context/data/sara_v3/statutes/prolog/init.pl'].
:- discontiguous s7703/4.
:- discontiguous s63/3.
:- [statutes/prolog/init].
s7703("Alice",_,_,2017).
s63("Alice",2017,554313).
s1_d("Alice",_,2017,_,207772).
2025-06-15 00:24:48,539 - INFO - [s1_d_pos] Query:
s1_d("Alice",_,2017,_,207772).
2025-06-15 00:24:48,540 - INFO - [s1_d_pos] Query result: {'truth': True}
2025-06-15 00:24:48,540 - INFO - [s1_d_pos] Result: correct
2025-06-15 00:24:48,541 - INFO - [s2_a_1_B_neg] Prolog code:
:- ['/Users/sophie/code/2025-mcm-llms-applied-in-law_context/data/sara_v3/statutes/prolog/section2.pl'].
:- ['/Users/sophie/code/2025-mcm-llms-applied-in-law_context/data/sara_v3/statutes/prolog/utils.pl'].
:- ['/Users/sophie/code/2025-mcm-llms-applied-in-law_context/data/sara_v3/statutes/prolog/init.pl'].
:- [statutes/prolog/init].
bob_household_maintenance(Year,Event,Start_day,End_day) :-
    between(2011,2024,Year),
    atom_concat("furnished the costs of maintaining the home ",Year,Event),
    first_day_year(Year,Start_day),
    last_day_year(Year,End_day).
payment_(span(Event,170,178)) :- bob_household_maintenance(_,Event,_,_).
agent_(span(Event,170,178),span("Bob",166,168)) :- bob_household_maintenance(_,Event,_,_).
amount_(span(Event,170,178),span(1,180,182)) :- bob_household_maintenance(_,Event,_,_).
purpose_(span(Event,170,178),span("home",209,212)) :- bob_household_maintenance(_,Event,_,_).
start_(span(Event,170,178),span(Start_day,152,155)) :- bob_household_maintenance(_,Event,Start_day,_).
end_(span(Event,170,178),span(End_day,160,163)) :- bob_household_maintenance(_,Event,_,End_day).
marriage_(span("married",19,25)).
son_(span("child",77,81)).
death_(span("died",123,126)).
residence_(span("lived",235,239)).
joint_return_(span("joint return",284,295)).
marriage_(span("married",321,327)).
income_(span("earned",355,360)).
agent_(span("died",123,126),span("Alice",117,121)).
start_(span("died",123,126),span(20210709,131,144)).
agent_(span("earned",355,360),span("Charlie",347,353)).
amount_(span("earned",355,360),span(312489,363,368)).
start_(span("earned",355,360),span(20200101,373,376)).
start_(span("joint return",284,295),span(20200101,262,265)).
agent_(span("joint return",284,295),span("Charlie",268,274)).
agent_(span("joint return",284,295),span("spouse",306,311)).
agent_(span("married",19,25),span("Alice",0,4)).
agent_(span("married",19,25),span("Bob",10,12)).
start_(span("married",19,25),span(19920203,32,44)).
end_(span("married",19,25),span(20200114,49,62)).
agent_(span("married",321,327),span("Charlie",268,274)).
agent_(span("married",321,327),span("spouse",306,311)).
start_(span("married",321,327),span(20201201,332,344)).
start_(span("lived",235,239),span(20110101,152,155)).
end_(span("lived",235,239),span(20241231,160,163)).
agent_(span("lived",235,239),span("Bob",166,168)).
patient_(span("lived",235,239),span("home",209,212)).
agent_(span("lived",235,239),span("Charlie",227,233)).
patient_(span("child",77,81),span("Alice",65,69)).
agent_(span("child",77,81),span("Charlie",84,90)).
start_(span("child",77,81),span(20001009,98,114)).
birth_(span("born",93,96)).
agent_(span("born",93,96),span("Charlie",84,90)).
start_(span("born",93,96),span(20001009,98,114)).
\+ s2_a_1_B("Bob",_,_,2020).
2025-06-15 00:24:48,783 - INFO - [s2_a_1_B_neg] Query:
\+ s2_a_1_B("Bob",_,_,2020).
2025-06-15 00:24:48,785 - INFO - [s2_a_1_B_neg] Query result: {'truth': True}
2025-06-15 00:24:48,786 - INFO - [s2_a_1_B_neg] Result: correct
2025-06-15 00:24:48,788 - INFO - [s2_a_1_B_pos] Prolog code:
:- ['/Users/sophie/code/2025-mcm-llms-applied-in-law_context/data/sara_v3/statutes/prolog/section2.pl'].
:- ['/Users/sophie/code/2025-mcm-llms-applied-in-law_context/data/sara_v3/statutes/prolog/utils.pl'].
:- ['/Users/sophie/code/2025-mcm-llms-applied-in-law_context/data/sara_v3/statutes/prolog/init.pl'].
:- discontiguous s151/5.
:- [statutes/prolog/init].
bob_household_maintenance(Year,Event,Start_day,End_day) :-
    between(2004,2017,Year),
    atom_concat("furnished the costs of maintaining the home ",Year,Event),
    first_day_year(Year,Start_day),
    last_day_year(Year,End_day).
payment_(span(Event,158,166)) :- bob_household_maintenance(_,Event,_,_).
agent_(span(Event,158,166),span("Bob",154,156)) :- bob_household_maintenance(_,Event,_,_).
amount_(span(Event,158,166),span(1,168,170)) :- bob_household_maintenance(_,Event,_,_).
purpose_(span(Event,158,166),span("home",197,200)) :- bob_household_maintenance(_,Event,_,_).
start_(span(Event,158,166),span(Start_day,140,143)) :- bob_household_maintenance(_,Event,Start_day,_).
end_(span(Event,158,166),span(End_day,148,151)) :- bob_household_maintenance(_,Event,_,End_day).
s151("Bob",_,["Charlie"],[0],Year) :- between(2014,2017,Year).
marriage_(span("married",18,24)).
son_(span("child",65,69)).
death_(span("died",111,114)).
residence_(span("lived",223,227)).
income_(span("income",335,340)).
agent_(span("died",111,114),span("Alice",105,109)).
start_(span("died",111,114),span(20140709,119,132)).
agent_(span("income",335,340),span("Bob",329,331)).
start_(span("income",335,340),span(20160101,345,348)).
amount_(span("income",335,340),span(553252,355,360)).
agent_(span("married",18,24),span("Alice",0,4)).
agent_(span("married",18,24),span("Bob",10,12)).
start_(span("married",18,24),span(19920203,29,41)).
start_(span("lived",223,227),span(20040101,140,143)).
agent_(span("lived",223,227),span("Bob",154,156)).
patient_(span("lived",223,227),span("home",197,200)).
agent_(span("lived",223,227),span("Charlie",215,221)).
end_(span("lived",223,227),span(20171231,148,151)).
patient_(span("child",65,69),span("Alice",44,48)).
patient_(span("child",65,69),span("Bob",54,56)).
agent_(span("child",65,69),span("Charlie",72,78)).
start_(span("child",65,69),span(20001009,86,102)).
birth_(span("born",81,84)).
agent_(span("born",81,84),span("Charlie",72,78)).
start_(span("born",81,84),span(20001009,86,102)).
s2_a_1_B("Bob",_,_,2016).
2025-06-15 00:24:48,934 - INFO - [s2_a_1_B_pos] Query:
s2_a_1_B("Bob",_,_,2016).
2025-06-15 00:24:48,934 - INFO - [s2_a_1_B_pos] Query result: {'truth': True}
2025-06-15 00:24:48,935 - INFO - [s2_a_1_B_pos] Result: correct
2025-06-15 00:24:48,935 - INFO - [s2_b_1_A_i_II_neg] Prolog code:
:- ['/Users/sophie/code/2025-mcm-llms-applied-in-law_context/data/sara_v3/statutes/prolog/section2.pl'].
:- ['/Users/sophie/code/2025-mcm-llms-applied-in-law_context/data/sara_v3/statutes/prolog/utils.pl'].
:- ['/Users/sophie/code/2025-mcm-llms-applied-in-law_context/data/sara_v3/statutes/prolog/init.pl'].
:- [statutes/prolog/init].
bob_household_maintenance(Year,Event,Start_day,End_day) :-
    between(2004,2019,Year),
    atom_concat("furnished the costs of maintaining the home ",Year,Event),
    first_day_year(Year,Start_day),
    last_day_year(Year,End_day).
payment_(span(Event,158,166)) :- bob_household_maintenance(_,Event,_,_).
agent_(span(Event,158,166),span("Bob",154,156)) :- bob_household_maintenance(_,Event,_,_).
amount_(span(Event,158,166),span(1,168,170)) :- bob_household_maintenance(_,Event,_,_).
purpose_(span(Event,158,166),span("home",197,200)) :- bob_household_maintenance(_,Event,_,_).
start_(span(Event,158,166),span(Start_day,140,143)) :- bob_household_maintenance(_,Event,Start_day,_).
end_(span(Event,158,166),span(End_day,148,151)) :- bob_household_maintenance(_,Event,_,End_day).
marriage_(span("married",18,24)).
son_(span("child",65,69)).
death_(span("died",111,114)).
residence_(span("lived",223,227)).
marriage_(span("married",255,261)).
agent_(span("died",111,114),span("Alice",105,109)).
start_(span("died",111,114),span(20140709,119,132)).
agent_(span("married",18,24),span("Alice",0,4)).
agent_(span("married",18,24),span("Bob",10,12)).
start_(span("married",18,24),span(19920203,29,41)).
agent_(span("married",255,261),span("Charlie",247,253)).
agent_(span("married",255,261),span("Dan",263,265)).
start_(span("married",255,261),span(20180214,270,283)).
start_(span("lived",223,227),span(20040101,140,143)).
end_(span("lived",223,227),span(20191231,148,151)).
agent_(span("lived",223,227),span("Bob",154,156)).
patient_(span("lived",223,227),span("home",197,200)).
agent_(span("lived",223,227),span("Charlie",215,221)).
patient_(span("child",65,69),span("Alice",44,48)).
patient_(span("child",65,69),span("Bob",54,56)).
agent_(span("child",65,69),span("Charlie",72,78)).
start_(span("child",65,69),span(20001009,86,102)).
birth_(span("born",81,84)).
agent_(span("born",81,84),span("Charlie",72,78)).
start_(span("born",81,84),span(20001009,86,102)).
\+ s2_b_1_A_i_II("Charlie","Bob",2018).
2025-06-15 00:24:49,179 - INFO - [s2_b_1_A_i_II_neg] Query:
\+ s2_b_1_A_i_II("Charlie","Bob",2018).
2025-06-15 00:24:49,179 - INFO - [s2_b_1_A_i_II_neg] Query result: {'truth': True}
2025-06-15 00:24:49,180 - INFO - [s2_b_1_A_i_II_neg] Result: correct
2025-06-15 00:24:49,182 - INFO - [s2_b_1_A_i_II_pos] Prolog code:
:- ['/Users/sophie/code/2025-mcm-llms-applied-in-law_context/data/sara_v3/statutes/prolog/section152.pl'].
:- ['/Users/sophie/code/2025-mcm-llms-applied-in-law_context/data/sara_v3/statutes/prolog/section2.pl'].
:- ['/Users/sophie/code/2025-mcm-llms-applied-in-law_context/data/sara_v3/statutes/prolog/utils.pl'].
:- ['/Users/sophie/code/2025-mcm-llms-applied-in-law_context/data/sara_v3/statutes/prolog/init.pl'].
:- discontiguous s152_b_2/4.
:- [statutes/prolog/init].
bob_household_maintenance(Year,Event,Start_day,End_day) :-
    between(2004,2019,Year),
    atom_concat("furnished the costs of maintaining the home ",Year,Event),
    first_day_year(Year,Start_day),
    last_day_year(Year,End_day).
payment_(span(Event,158,166)) :- bob_household_maintenance(_,Event,_,_).
agent_(span(Event,158,166),span("Bob",154,156)) :- bob_household_maintenance(_,Event,_,_).
amount_(span(Event,158,166),span(1,168,170)) :- bob_household_maintenance(_,Event,_,_).
purpose_(span(Event,158,166),span("home",197,200)) :- bob_household_maintenance(_,Event,_,_).
start_(span(Event,158,166),span(Start_day,140,143)) :- bob_household_maintenance(_,Event,Start_day,_).
end_(span(Event,158,166),span(End_day,148,151)) :- bob_household_maintenance(_,Event,_,End_day).
s152_b_2("Charlie",_,"Bob",2018).
marriage_(span("married",18,24)).
son_(span("child",65,69)).
death_(span("died",111,114)).
residence_(span("lived",223,227)).
marriage_(span("married",255,261)).
agent_(span("died",111,114),span("Alice",105,109)).
start_(span("died",111,114),span(20140709,119,132)).
agent_(span("married",18,24),span("Alice",0,4)).
agent_(span("married",18,24),span("Bob",10,12)).
start_(span("married",18,24),span(19920203,29,41)).
agent_(span("married",255,261),span("Charlie",247,253)).
agent_(span("married",255,261),span("Dan",263,265)).
start_(span("married",255,261),span(20180214,270,283)).
start_(span("lived",223,227),span(20040101,140,143)).
end_(span("lived",223,227),span(20191231,148,151)).
agent_(span("lived",223,227),span("Bob",154,156)).
patient_(span("lived",223,227),span("home",197,200)).
agent_(span("lived",223,227),span("Charlie",215,221)).
patient_(span("child",65,69),span("Alice",44,48)).
patient_(span("child",65,69),span("Bob",54,56)).
agent_(span("child",65,69),span("Charlie",72,78)).
start_(span("child",65,69),span(20001009,86,102)).
birth_(span("born",81,84)).
agent_(span("born",81,84),span("Charlie",72,78)).
start_(span("born",81,84),span(20001009,86,102)).
s2_b_1_A_i_II("Charlie","Bob",2018).
2025-06-15 00:24:49,335 - INFO - [s2_b_1_A_i_II_pos] Query:
s2_b_1_A_i_II("Charlie","Bob",2018).
2025-06-15 00:24:49,335 - INFO - [s2_b_1_A_i_II_pos] Query result: {'truth': True}
2025-06-15 00:24:49,335 - INFO - [s2_b_1_A_i_II_pos] Result: correct
2025-06-15 00:24:49,337 - INFO - [s2_b_1_A_i_I_neg] Prolog code:
:- ['/Users/sophie/code/2025-mcm-llms-applied-in-law_context/data/sara_v3/statutes/prolog/section2.pl'].
:- ['/Users/sophie/code/2025-mcm-llms-applied-in-law_context/data/sara_v3/statutes/prolog/utils.pl'].
:- ['/Users/sophie/code/2025-mcm-llms-applied-in-law_context/data/sara_v3/statutes/prolog/init.pl'].
bob_household_maintenance(Year,Event,Start_day,End_day) :-
    between(2004,2019,Year),
    atom_concat("furnished the costs of maintaining the home ",Year,Event),
    first_day_year(Year,Start_day),
    last_day_year(Year,End_day).
payment_(span(Event,158,166)) :- bob_household_maintenance(_,Event,_,_).
agent_(span(Event,158,166),span("Bob",154,156)) :- bob_household_maintenance(_,Event,_,_).
amount_(span(Event,158,166),span(1,168,170)) :- bob_household_maintenance(_,Event,_,_).
purpose_(span(Event,158,166),span("home",197,200)) :- bob_household_maintenance(_,Event,_,_).
start_(span(Event,158,166),span(Start_day,140,143)) :- bob_household_maintenance(_,Event,Start_day,_).
end_(span(Event,158,166),span(End_day,148,151)) :- bob_household_maintenance(_,Event,_,End_day).
marriage_(span("married",18,24)).
son_(span("child",65,69)).
death_(span("died",111,114)).
residence_(span("lived",223,227)).
marriage_(span("married",255,261)).
agent_(span("died",111,114),span("Alice",105,109)).
start_(span("died",111,114),span(20140709,119,132)).
agent_(span("married",18,24),span("Alice",0,4)).
agent_(span("married",18,24),span("Bob",10,12)).
start_(span("married",18,24),span(19920203,29,41)).
agent_(span("married",255,261),span("Charlie",247,253)).
agent_(span("married",255,261),span("Dan",263,265)).
start_(span("married",255,261),span(20180214,270,283)).
start_(span("lived",223,227),span(20040101,140,143)).
end_(span("lived",223,227),span(20191231,148,151)).
agent_(span("lived",223,227),span("Bob",154,156)).
patient_(span("lived",223,227),span("home",197,200)).
agent_(span("lived",223,227),span("Charlie",215,221)).
patient_(span("child",65,69),span("Alice",44,48)).
patient_(span("child",65,69),span("Bob",54,56)).
agent_(span("child",65,69),span("Charlie",72,78)).
start_(span("child",65,69),span(20001009,86,102)).
birth_(span("born",81,84)).
agent_(span("born",81,84),span("Charlie",72,78)).
start_(span("born",81,84),span(20001009,86,102)).
\+ s2_b_1_A_i_I("Charlie",2017).
2025-06-15 00:24:49,480 - INFO - [s2_b_1_A_i_I_neg] Query:
\+ s2_b_1_A_i_I("Charlie",2017).
2025-06-15 00:24:49,480 - INFO - [s2_b_1_A_i_I_neg] Query result: {'truth': True}
2025-06-15 00:24:49,480 - INFO - [s2_b_1_A_i_I_neg] Result: correct
2025-06-15 00:24:49,482 - INFO - [s2_b_1_A_i_I_pos] Prolog code:
:- ['/Users/sophie/code/2025-mcm-llms-applied-in-law_context/data/sara_v3/statutes/prolog/section2.pl'].
:- ['/Users/sophie/code/2025-mcm-llms-applied-in-law_context/data/sara_v3/statutes/prolog/utils.pl'].
:- ['/Users/sophie/code/2025-mcm-llms-applied-in-law_context/data/sara_v3/statutes/prolog/init.pl'].
:- [statutes/prolog/init].
bob_household_maintenance(Year,Event,Start_day,End_day) :-
    between(2004,2019,Year),
    atom_concat("furnished the costs of maintaining the home ",Year,Event),
    first_day_year(Year,Start_day),
    last_day_year(Year,End_day).
payment_(span(Event,158,166)) :- bob_household_maintenance(_,Event,_,_).
agent_(span(Event,158,166),span("Bob",154,156)) :- bob_household_maintenance(_,Event,_,_).
amount_(span(Event,158,166),span(1,168,170)) :- bob_household_maintenance(_,Event,_,_).
purpose_(span(Event,158,166),span("home",197,200)) :- bob_household_maintenance(_,Event,_,_).
start_(span(Event,158,166),span(Start_day,140,143)) :- bob_household_maintenance(_,Event,Start_day,_).
end_(span(Event,158,166),span(End_day,148,151)) :- bob_household_maintenance(_,Event,_,End_day).
marriage_(span("married",18,24)).
son_(span("child",65,69)).
death_(span("died",111,114)).
residence_(span("lived",223,227)).
marriage_(span("married",255,261)).
agent_(span("died",111,114),span("Alice",105,109)).
start_(span("died",111,114),span(20140709,119,132)).
agent_(span("married",18,24),span("Alice",0,4)).
agent_(span("married",18,24),span("Bob",10,12)).
start_(span("married",18,24),span(19920203,29,41)).
agent_(span("married",255,261),span("Charlie",247,253)).
agent_(span("married",255,261),span("Dan",263,265)).
start_(span("married",255,261),span(20170214,270,283)).
start_(span("lived",223,227),span(20040101,140,143)).
end_(span("lived",223,227),span(20191231,148,151)).
agent_(span("lived",223,227),span("Bob",154,156)).
patient_(span("lived",223,227),span("home",197,200)).
agent_(span("lived",223,227),span("Charlie",215,221)).
patient_(span("child",65,69),span("Alice",44,48)).
patient_(span("child",65,69),span("Bob",54,56)).
agent_(span("child",65,69),span("Charlie",72,78)).
start_(span("child",65,69),span(20001009,86,102)).
birth_(span("born",81,84)).
agent_(span("born",81,84),span("Charlie",72,78)).
start_(span("born",81,84),span(20001009,86,102)).
s2_b_1_A_i_I("Charlie",2017).
2025-06-15 00:24:49,624 - INFO - [s2_b_1_A_i_I_pos] Query:
s2_b_1_A_i_I("Charlie",2017).
2025-06-15 00:24:49,624 - INFO - [s2_b_1_A_i_I_pos] Query result: {'truth': True}
2025-06-15 00:24:49,624 - INFO - [s2_b_1_A_i_I_pos] Result: correct
2025-06-15 00:24:49,625 - INFO - [s2_b_1_A_i_neg] Prolog code:
:- ['/Users/sophie/code/2025-mcm-llms-applied-in-law_context/data/sara_v3/statutes/prolog/section152.pl'].
:- ['/Users/sophie/code/2025-mcm-llms-applied-in-law_context/data/sara_v3/statutes/prolog/section2.pl'].
:- ['/Users/sophie/code/2025-mcm-llms-applied-in-law_context/data/sara_v3/statutes/prolog/utils.pl'].
:- ['/Users/sophie/code/2025-mcm-llms-applied-in-law_context/data/sara_v3/statutes/prolog/init.pl'].
:- discontiguous s152_b_2/4.
:- [statutes/prolog/init].
bob_household_maintenance(Year,Event,Start_day,End_day) :-
    between(2004,2019,Year),
    atom_concat("furnished the costs of maintaining the home ",Year,Event),
    first_day_year(Year,Start_day),
    last_day_year(Year,End_day).
payment_(span(Event,158,166)) :- bob_household_maintenance(_,Event,_,_).
agent_(span(Event,158,166),span("Bob",154,156)) :- bob_household_maintenance(_,Event,_,_).
amount_(span(Event,158,166),span(1,168,170)) :- bob_household_maintenance(_,Event,_,_).
purpose_(span(Event,158,166),span("home",197,200)) :- bob_household_maintenance(_,Event,_,_).
start_(span(Event,158,166),span(Start_day,140,143)) :- bob_household_maintenance(_,Event,Start_day,_).
end_(span(Event,158,166),span(End_day,148,151)) :- bob_household_maintenance(_,Event,_,End_day).
s152_b_2("Bob",_,"Charlie",2018).
marriage_(span("married",18,24)).
son_(span("child",65,69)).
death_(span("died",111,114)).
residence_(span("lived",223,227)).
marriage_(span("married",255,261)).
agent_(span("died",111,114),span("Alice",105,109)).
start_(span("died",111,114),span(20140709,119,132)).
agent_(span("married",18,24),span("Alice",0,4)).
agent_(span("married",18,24),span("Bob",10,12)).
start_(span("married",18,24),span(19920203,29,41)).
agent_(span("married",255,261),span("Charlie",247,253)).
agent_(span("married",255,261),span("Dan",263,265)).
start_(span("married",255,261),span(20180214,270,283)).
start_(span("lived",223,227),span(20040101,140,143)).
end_(span("lived",223,227),span(20191231,148,151)).
agent_(span("lived",223,227),span("Bob",154,156)).
patient_(span("lived",223,227),span("home",197,200)).
agent_(span("lived",223,227),span("Charlie",215,221)).
patient_(span("child",65,69),span("Alice",44,48)).
patient_(span("child",65,69),span("Bob",54,56)).
agent_(span("child",65,69),span("Charlie",72,78)).
start_(span("child",65,69),span(20001009,86,102)).
birth_(span("born",81,84)).
agent_(span("born",81,84),span("Charlie",72,78)).
start_(span("born",81,84),span(20001009,86,102)).
\+ s2_b_1_A_i(_,"Bob",2018).
2025-06-15 00:24:49,874 - INFO - [s2_b_1_A_i_neg] Query:
\+ s2_b_1_A_i(_,"Bob",2018).
2025-06-15 00:24:49,875 - INFO - [s2_b_1_A_i_neg] Query result: {'truth': True}
2025-06-15 00:24:49,875 - INFO - [s2_b_1_A_i_neg] Result: correct
2025-06-15 00:24:49,876 - INFO - [s2_b_1_A_i_pos] Prolog code:
:- ['/Users/sophie/code/2025-mcm-llms-applied-in-law_context/data/sara_v3/statutes/prolog/section2.pl'].
:- ['/Users/sophie/code/2025-mcm-llms-applied-in-law_context/data/sara_v3/statutes/prolog/utils.pl'].
:- ['/Users/sophie/code/2025-mcm-llms-applied-in-law_context/data/sara_v3/statutes/prolog/init.pl'].
:- [statutes/prolog/init].
bob_household_maintenance(Year,Event,Start_day,End_day) :-
    between(2004,2019,Year),
    atom_concat("furnished the costs of maintaining the home ",Year,Event),
    first_day_year(Year,Start_day),
    last_day_year(Year,End_day).
payment_(span(Event,158,166)) :- bob_household_maintenance(_,Event,_,_).
agent_(span(Event,158,166),span("Bob",154,156)) :- bob_household_maintenance(_,Event,_,_).
amount_(span(Event,158,166),span(1,168,170)) :- bob_household_maintenance(_,Event,_,_).
purpose_(span(Event,158,166),span("home",197,200)) :- bob_household_maintenance(_,Event,_,_).
start_(span(Event,158,166),span(Start_day,140,143)) :- bob_household_maintenance(_,Event,Start_day,_).
end_(span(Event,158,166),span(End_day,148,151)) :- bob_household_maintenance(_,Event,_,End_day).
marriage_(span("married",18,24)).
son_(span("child",65,69)).
death_(span("died",111,114)).
residence_(span("lived",223,227)).
agent_(span("died",111,114),span("Alice",105,109)).
start_(span("died",111,114),span(20140709,119,132)).
agent_(span("married",18,24),span("Alice",0,4)).
agent_(span("married",18,24),span("Bob",10,12)).
start_(span("married",18,24),span(19920203,29,41)).
start_(span("lived",223,227),span(20040101,140,143)).
end_(span("lived",223,227),span(20191231,148,151)).
agent_(span("lived",223,227),span("Bob",154,156)).
patient_(span("lived",223,227),span("home",197,200)).
agent_(span("lived",223,227),span("Charlie",215,221)).
patient_(span("child",65,69),span("Alice",44,48)).
patient_(span("child",65,69),span("Bob",54,56)).
agent_(span("child",65,69),span("Charlie",72,78)).
start_(span("child",65,69),span(20001009,86,102)).
birth_(span("born",81,84)).
agent_(span("born",81,84),span("Charlie",72,78)).
start_(span("born",81,84),span(20001009,86,102)).
s2_b_1_A_i(_,"Charlie",2018).
2025-06-15 00:24:50,025 - INFO - [s2_b_1_A_i_pos] Query:
s2_b_1_A_i(_,"Charlie",2018).
2025-06-15 00:24:50,025 - INFO - [s2_b_1_A_i_pos] Query result: {'truth': True}
2025-06-15 00:24:50,025 - INFO - [s2_b_1_A_i_pos] Result: correct
2025-06-15 00:24:50,027 - INFO - [s2_b_1_A_ii_neg] Prolog code:
:- ['/Users/sophie/code/2025-mcm-llms-applied-in-law_context/data/sara_v3/statutes/prolog/section2.pl'].
:- ['/Users/sophie/code/2025-mcm-llms-applied-in-law_context/data/sara_v3/statutes/prolog/utils.pl'].
:- ['/Users/sophie/code/2025-mcm-llms-applied-in-law_context/data/sara_v3/statutes/prolog/init.pl'].
:- [statutes/prolog/init].
bob_household_maintenance(Year,Event,Start_day,End_day) :-
    between(2004,2019,Year),
    atom_concat("furnished the costs of maintaining the home ",Year,Event),
    first_day_year(Year,Start_day),
    last_day_year(Year,End_day).
payment_(span(Event,149,157)) :- bob_household_maintenance(_,Event,_,_).
agent_(span(Event,149,157),span("Bob",145,147)) :- bob_household_maintenance(_,Event,_,_).
amount_(span(Event,149,157),span(1,159,161)) :- bob_household_maintenance(_,Event,_,_).
purpose_(span(Event,149,157),span("home",188,191)) :- bob_household_maintenance(_,Event,_,_).
start_(span(Event,149,157),span(Start_day,131,134)) :- bob_household_maintenance(_,Event,Start_day,_).
end_(span(Event,149,157),span(End_day,139,142)) :- bob_household_maintenance(_,Event,_,End_day).
marriage_(span("married",18,24)).
brother_(span("brother",54,60)).
death_(span("died",102,105)).
residence_(span("lived",214,218)).
income_(span("earned",255,260)).
joint_return_(span("joint return",296,307)).
marriage_(span("married",333,339)).
agent_(span("died",102,105),span("Alice",96,100)).
start_(span("died",102,105),span(20140709,110,123)).
agent_(span("earned",255,260),span("Charlie",247,253)).
amount_(span("earned",255,260),span(312489,263,268)).
start_(span("earned",255,260),span(20170101,241,244)).
start_(span("joint return",296,307),span(20170101,274,277)).
agent_(span("joint return",296,307),span("Charlie",280,286)).
agent_(span("joint return",296,307),span("spouse",318,323)).
agent_(span("married",18,24),span("Alice",0,4)).
agent_(span("married",18,24),span("Bob",10,12)).
start_(span("married",18,24),span(19920203,29,41)).
agent_(span("married",333,339),span("Charlie",280,286)).
agent_(span("married",333,339),span("spouse",318,323)).
start_(span("married",333,339),span(20161201,344,356)).
start_(span("lived",214,218),span(20040101,131,134)).
end_(span("lived",214,218),span(20191231,139,142)).
agent_(span("lived",214,218),span("Bob",145,147)).
patient_(span("lived",214,218),span("home",188,191)).
agent_(span("lived",214,218),span("Charlie",206,212)).
patient_(span("brother",54,60),span("Bob",44,46)).
agent_(span("brother",54,60),span("Charlie",63,69)).
start_(span("brother",54,60),span(20001009,77,93)).
birth_(span("born",72,75)).
agent_(span("born",72,75),span("Charlie",63,69)).
start_(span("born",72,75),span(20001009,77,93)).
\+ s2_b_1_A_ii(_,"Charlie",2017).
2025-06-15 00:24:50,275 - INFO - [s2_b_1_A_ii_neg] Query:
\+ s2_b_1_A_ii(_,"Charlie",2017).
2025-06-15 00:24:50,278 - INFO - [s2_b_1_A_ii_neg] Query result: {'truth': True}
2025-06-15 00:24:50,278 - INFO - [s2_b_1_A_ii_neg] Result: correct
2025-06-15 00:24:50,280 - INFO - [s2_b_1_A_ii_pos] Prolog code:
:- ['/Users/sophie/code/2025-mcm-llms-applied-in-law_context/data/sara_v3/statutes/prolog/section151.pl'].
:- ['/Users/sophie/code/2025-mcm-llms-applied-in-law_context/data/sara_v3/statutes/prolog/section2.pl'].
:- ['/Users/sophie/code/2025-mcm-llms-applied-in-law_context/data/sara_v3/statutes/prolog/utils.pl'].
:- ['/Users/sophie/code/2025-mcm-llms-applied-in-law_context/data/sara_v3/statutes/prolog/init.pl'].
:- discontiguous s151_c_applies/3.
:- [statutes/prolog/init].
bob_household_maintenance(Year,Event,Start_day,End_day) :-
    between(2004,2019,Year),
    atom_concat("furnished the costs of maintaining the home ",Year,Event),
    first_day_year(Year,Start_day),
    last_day_year(Year,End_day).
payment_(span(Event,149,157)) :- bob_household_maintenance(_,Event,_,_).
agent_(span(Event,149,157),span("Bob",145,147)) :- bob_household_maintenance(_,Event,_,_).
amount_(span(Event,149,157),span(1,159,161)) :- bob_household_maintenance(_,Event,_,_).
purpose_(span(Event,149,157),span("home",188,191)) :- bob_household_maintenance(_,Event,_,_).
start_(span(Event,149,157),span(Start_day,131,134)) :- bob_household_maintenance(_,Event,Start_day,_).
end_(span(Event,149,157),span(End_day,139,142)) :- bob_household_maintenance(_,Event,_,End_day).
s151_c_applies("Bob","Charlie",Year) :- between(2015,2019,Year).
marriage_(span("married",18,24)).
brother_(span("brother",54,60)).
death_(span("died",102,105)).
residence_(span("lived",214,218)).
income_(span("earned",336,341)).
patient_(span("brother",54,60),span("Bob",44,46)).
agent_(span("brother",54,60),span("Charlie",63,69)).
start_(span("brother",54,60),span(20001009,77,93)).
birth_(span("born",72,75)).
agent_(span("born",72,75),span("Charlie",63,69)).
start_(span("born",72,75),span(20001009,77,93)).
agent_(span("died",102,105),span("Alice",96,100)).
start_(span("died",102,105),span(20140709,110,123)).
start_(span("earned",336,341),span(20170101,326,329)).
agent_(span("earned",336,341),span("Bob",332,334)).
amount_(span("earned",336,341),span(5254312,344,350)).
agent_(span("married",18,24),span("Alice",0,4)).
agent_(span("married",18,24),span("Bob",10,12)).
start_(span("married",18,24),span(19920203,29,41)).
start_(span("lived",214,218),span(20040101,131,134)).
agent_(span("lived",214,218),span("Bob",145,147)).
patient_(span("lived",214,218),span("home",188,191)).
agent_(span("lived",214,218),span("Charlie",206,212)).
end_(span("lived",214,218),span(20191231,139,142)).
s2_b_1_A_ii(_,"Charlie",2017).
2025-06-15 00:24:50,424 - INFO - [s2_b_1_A_ii_pos] Query:
s2_b_1_A_ii(_,"Charlie",2017).
2025-06-15 00:24:50,424 - INFO - [s2_b_1_A_ii_pos] Query result: {'truth': True}
2025-06-15 00:24:50,424 - INFO - [s2_b_1_A_ii_pos] Result: correct
2025-06-15 00:24:50,425 - INFO - [s2_b_3_A_neg] Prolog code:
:- ['/Users/sophie/code/2025-mcm-llms-applied-in-law_context/data/sara_v3/statutes/prolog/section151.pl'].
:- ['/Users/sophie/code/2025-mcm-llms-applied-in-law_context/data/sara_v3/statutes/prolog/section2.pl'].
:- ['/Users/sophie/code/2025-mcm-llms-applied-in-law_context/data/sara_v3/statutes/prolog/utils.pl'].
:- ['/Users/sophie/code/2025-mcm-llms-applied-in-law_context/data/sara_v3/statutes/prolog/init.pl'].
:- discontiguous s151_c_applies/3.
:- [statutes/prolog/init].
bob_household_maintenance(Year,Event,Start_day,End_day) :-
    between(2004,2019,Year),
    atom_concat("furnished the costs of maintaining the home ",Year,Event),
    first_day_year(Year,Start_day),
    last_day_year(Year,End_day).
payment_(span(Event,97,105)) :- bob_household_maintenance(_,Event,_,_).
agent_(span(Event,97,105),span("Bob",93,95)) :- bob_household_maintenance(_,Event,_,_).
amount_(span(Event,97,105),span(1,107,109)) :- bob_household_maintenance(_,Event,_,_).
purpose_(span(Event,97,105),span("home",136,139)) :- bob_household_maintenance(_,Event,_,_).
start_(span(Event,97,105),span(Start_day,79,82)) :- bob_household_maintenance(_,Event,Start_day,_).
end_(span(Event,97,105),span(End_day,87,90)) :- bob_household_maintenance(_,Event,_,End_day).
s151_c_applies("Bob","Charlie",Year) :- between(2015,2019,Year).
marriage_(span("married",18,24)).
death_(span("died",50,53)).
father_(span("father",158,163)).
residence_(span("lived",173,177)).
nonresident_alien_(span("nonresident alien",299,315)).
agent_(span("died",50,53),span("Alice",44,48)).
start_(span("died",50,53),span(20140709,58,71)).
agent_(span("married",18,24),span("Alice",0,4)).
agent_(span("married",18,24),span("Bob",10,12)).
start_(span("married",18,24),span(19920203,29,41)).
agent_(span("nonresident alien",299,315),span("Bob",289,291)).
end_(span("nonresident alien",299,315),span(20180212,323,334)).
start_(span("lived",173,177),span(20040101,79,82)).
agent_(span("lived",173,177),span("Bob",93,95)).
patient_(span("lived",173,177),span("home",136,139)).
agent_(span("lived",173,177),span("Charlie",165,171)).
end_(span("lived",173,177),span(20191231,87,90)).
patient_(span("father",158,163),span("Bob",93,95)).
agent_(span("father",158,163),span("Charlie",165,171)).
\+ s2_b_3_A("Bob",2019,_).
2025-06-15 00:24:50,675 - INFO - [s2_b_3_A_neg] Query:
\+ s2_b_3_A("Bob",2019,_).
2025-06-15 00:24:50,676 - INFO - [s2_b_3_A_neg] Query result: {'truth': True}
2025-06-15 00:24:50,676 - INFO - [s2_b_3_A_neg] Result: correct
2025-06-15 00:24:50,678 - INFO - [s2_b_3_A_pos] Prolog code:
:- ['/Users/sophie/code/2025-mcm-llms-applied-in-law_context/data/sara_v3/statutes/prolog/section151.pl'].
:- ['/Users/sophie/code/2025-mcm-llms-applied-in-law_context/data/sara_v3/statutes/prolog/section2.pl'].
:- ['/Users/sophie/code/2025-mcm-llms-applied-in-law_context/data/sara_v3/statutes/prolog/utils.pl'].
:- ['/Users/sophie/code/2025-mcm-llms-applied-in-law_context/data/sara_v3/statutes/prolog/init.pl'].
:- discontiguous s151_c_applies/3.
:- [statutes/prolog/init].
bob_household_maintenance(Year,Event,Start_day,End_day) :-
    between(2004,2019,Year),
    atom_concat("furnished the costs of maintaining the home ",Year,Event),
    first_day_year(Year,Start_day),
    last_day_year(Year,End_day).
payment_(span(Event,97,105)) :- bob_household_maintenance(_,Event,_,_).
agent_(span(Event,97,105),span("Bob",93,95)) :- bob_household_maintenance(_,Event,_,_).
amount_(span(Event,97,105),span(1,107,109)) :- bob_household_maintenance(_,Event,_,_).
purpose_(span(Event,97,105),span("home",136,139)) :- bob_household_maintenance(_,Event,_,_).
start_(span(Event,97,105),span(Start_day,79,82)) :- bob_household_maintenance(_,Event,Start_day,_).
end_(span(Event,97,105),span(End_day,87,90)) :- bob_household_maintenance(_,Event,_,End_day).
s151_c_applies("Bob","Charlie",Year) :- between(2015,2019,Year).
marriage_(span("married",18,24)).
death_(span("died",50,53)).
father_(span("father",158,163)).
residence_(span("lived",173,177)).
nonresident_alien_(span("nonresident alien",299,315)).
agent_(span("died",50,53),span("Alice",44,48)).
start_(span("died",50,53),span(20140709,58,71)).
patient_(span("father",158,163),span("Bob",93,95)).
agent_(span("father",158,163),span("Charlie",165,171)).
agent_(span("married",18,24),span("Alice",0,4)).
agent_(span("married",18,24),span("Bob",10,12)).
start_(span("married",18,24),span(19920203,29,41)).
agent_(span("nonresident alien",299,315),span("Bob",289,291)).
end_(span("nonresident alien",299,315),span(20180212,323,334)).
start_(span("lived",173,177),span(20040101,79,82)).
agent_(span("lived",173,177),span("Bob",93,95)).
patient_(span("lived",173,177),span("home",136,139)).
agent_(span("lived",173,177),span("Charlie",165,171)).
end_(span("lived",173,177),span(20191231,87,90)).
s2_b_3_A("Bob",2018,_).
2025-06-15 00:24:50,822 - INFO - [s2_b_3_A_pos] Query:
s2_b_3_A("Bob",2018,_).
2025-06-15 00:24:50,823 - INFO - [s2_b_3_A_pos] Query result: {'truth': True}
2025-06-15 00:24:50,823 - INFO - [s2_b_3_A_pos] Result: correct
2025-06-15 00:24:50,824 - INFO - [s3301_neg] Prolog code:
:- ['/Users/sophie/code/2025-mcm-llms-applied-in-law_context/data/sara_v3/statutes/prolog/section3306.pl'].
:- ['/Users/sophie/code/2025-mcm-llms-applied-in-law_context/data/sara_v3/statutes/prolog/utils.pl'].
:- ['/Users/sophie/code/2025-mcm-llms-applied-in-law_context/data/sara_v3/statutes/prolog/init.pl'].
:- discontiguous total_wages_employer/6.
:- discontiguous s3306_a/2.
:- [statutes/prolog/init].
s3306_a("Alice",Year) :- between(2015,2016,Year).
total_wages_employer("Alice",453009,_,_,20150101,20151231).
total_wages_employer("Alice",443870,_,_,20160101,20161231).
\+ s3301("Alice",2016,_,_,_,26362).
2025-06-15 00:24:51,070 - INFO - [s3301_neg] Query:
\+ s3301("Alice",2016,_,_,_,26362).
2025-06-15 00:24:51,071 - INFO - [s3301_neg] Query result: {'truth': True}
2025-06-15 00:24:51,071 - INFO - [s3301_neg] Result: correct
2025-06-15 00:24:51,073 - INFO - [s3301_pos] Prolog code:
:- ['/Users/sophie/code/2025-mcm-llms-applied-in-law_context/data/sara_v3/statutes/prolog/section3306.pl'].
:- ['/Users/sophie/code/2025-mcm-llms-applied-in-law_context/data/sara_v3/statutes/prolog/utils.pl'].
:- ['/Users/sophie/code/2025-mcm-llms-applied-in-law_context/data/sara_v3/statutes/prolog/init.pl'].
:- discontiguous total_wages_employer/6.
:- discontiguous s3306_a/2.
:- [statutes/prolog/init].
s3306_a("Alice",2015).
s3306_a("Alice",2016).
total_wages_employer("Alice",453009,_,_,20150101,20151231).
total_wages_employer("Alice",443870,_,_,20160101,20161231).
s3301("Alice",2015,_,_,_,27181).
2025-06-15 00:24:51,219 - INFO - [s3301_pos] Query:
s3301("Alice",2015,_,_,_,27181).
2025-06-15 00:24:51,219 - INFO - [s3301_pos] Query result: {'truth': True}
2025-06-15 00:24:51,220 - INFO - [s3301_pos] Result: correct
2025-06-15 00:24:51,221 - INFO - [s3306_a_1_B_neg] Prolog code:
:- ['/Users/sophie/code/2025-mcm-llms-applied-in-law_context/data/sara_v3/statutes/prolog/section3306.pl'].
:- ['/Users/sophie/code/2025-mcm-llms-applied-in-law_context/data/sara_v3/statutes/prolog/utils.pl'].
:- ['/Users/sophie/code/2025-mcm-llms-applied-in-law_context/data/sara_v3/statutes/prolog/init.pl'].
:- discontiguous s3306_c/5.
:- [statutes/prolog/init].
s3306_c(span("employed",10,17),"Alice","Bob",20170124,_).
s3306_c(span("employed",10,17),"Alice","Bob",20170204,_).
s3306_c(span("employed",10,17),"Alice","Bob",20170303,_).
s3306_c(span("employed",10,17),"Alice","Bob",20170318,_).
s3306_c(span("employed",10,17),"Alice","Bob",20170401,_).
s3306_c(span("employed",10,17),"Alice","Bob",20171025,_).
s3306_c(span("employed",10,17),"Alice","Bob",20171108,_).
s3306_c(span("employed",10,17),"Alice","Bob",20171122,_).
s3306_c(span("employed",10,17),"Alice","Bob",20171201,_).
s3306_c(span("employed",10,17),"Alice","Bob",20171202,_).
\+ s3306_a_1_B("Alice",_,_,2017).
2025-06-15 00:24:51,469 - INFO - [s3306_a_1_B_neg] Query:
\+ s3306_a_1_B("Alice",_,_,2017).
2025-06-15 00:24:51,484 - INFO - [s3306_a_1_B_neg] Query result: {'truth': True}
2025-06-15 00:24:51,484 - INFO - [s3306_a_1_B_neg] Result: correct
2025-06-15 00:24:51,485 - INFO - [s3306_a_1_B_pos] Prolog code:
:- ['/Users/sophie/code/2025-mcm-llms-applied-in-law_context/data/sara_v3/statutes/prolog/section3306.pl'].
:- ['/Users/sophie/code/2025-mcm-llms-applied-in-law_context/data/sara_v3/statutes/prolog/utils.pl'].
:- ['/Users/sophie/code/2025-mcm-llms-applied-in-law_context/data/sara_v3/statutes/prolog/init.pl'].
:- discontiguous s3306_c/5.
:- [statutes/prolog/init].
s3306_c(span("employed",10,17),"Alice","Bob",20170124,_).
s3306_c(span("employed",10,17),"Alice","Bob",20170204,_).
s3306_c(span("employed",10,17),"Alice","Bob",20170303,_).
s3306_c(span("employed",10,17),"Alice","Bob",20170318,_).
s3306_c(span("employed",10,17),"Alice","Bob",20170401,_).
s3306_c(span("employed",10,17),"Alice","Bob",20170509,_).
s3306_c(span("employed",10,17),"Alice","Bob",20171014,_).
s3306_c(span("employed",10,17),"Alice","Bob",20171025,_).
s3306_c(span("employed",10,17),"Alice","Bob",20171108,_).
s3306_c(span("employed",10,17),"Alice","Bob",20171122,_).
s3306_c(span("employed",10,17),"Alice","Bob",20171201,_).
s3306_c(span("employed",10,17),"Alice","Bob",20171202,_).
s3306_a_1_B("Alice",_,_,2017).
2025-06-15 00:24:51,630 - INFO - [s3306_a_1_B_pos] Query:
s3306_a_1_B("Alice",_,_,2017).
2025-06-15 00:24:51,630 - INFO - [s3306_a_1_B_pos] Query result: {'truth': True}
2025-06-15 00:24:51,630 - INFO - [s3306_a_1_B_pos] Result: correct
2025-06-15 00:24:51,632 - INFO - [s3306_a_3_neg] Prolog code:
:- ['/Users/sophie/code/2025-mcm-llms-applied-in-law_context/data/sara_v3/statutes/prolog/section3306.pl'].
:- ['/Users/sophie/code/2025-mcm-llms-applied-in-law_context/data/sara_v3/statutes/prolog/utils.pl'].
:- ['/Users/sophie/code/2025-mcm-llms-applied-in-law_context/data/sara_v3/statutes/prolog/init.pl'].
:- discontiguous s3306_b/8.
:- [statutes/prolog/init].
s3306_b(3200,span("paid",10,13),span("labor",53,57),"Alice","Bob","Alice","Bob",_).
s3306_b(4200,span("paid",109,112),span("service",150,156),"Bob","Alice","Bob","Alice",_).
payment_(span("paid",10,13)).
service_(span("labor",53,57)).
payment_(span("paid",109,112)).
service_(span("service",150,156)).
agent_(span("paid",10,13),span("Alice",0,4)).
amount_(span("paid",10,13),span(3200,16,19)).
means_(span("paid",10,13),span("cash",24,27)).
patient_(span("paid",10,13),span("Bob",32,34)).
purpose_(span("paid",10,13),span("labor",53,57)).
start_(span("paid",10,13),span(20170902,86,98)).
agent_(span("paid",109,112),span("Bob",101,103)).
amount_(span("paid",109,112),span(4200,115,118)).
means_(span("paid",109,112),span("cash",123,126)).
patient_(span("paid",109,112),span("Alice",131,135)).
purpose_(span("paid",109,112),span("service",150,156)).
start_(span("paid",109,112),span(20180901,185,197)).
patient_(span("labor",53,57),span("Alice",0,4)).
agent_(span("labor",53,57),span("Bob",32,34)).
purpose_(span("labor",53,57),span("agricultural labor",40,57)).
start_(span("labor",53,57),span(20170201,69,81)).
end_(span("labor",53,57),span(20170902,86,98)).
patient_(span("service",150,156),span("Bob",101,103)).
agent_(span("service",150,156),span("Alice",131,135)).
purpose_(span("service",150,156),span("domestic service",141,156)).
start_(span("service",150,156),span(20170401,168,180)).
end_(span("service",150,156),span(20180901,185,197)).
location_(span("service",150,156),span("home",206,209)).
\+ s3306_a_3("Alice",_,_,2017).
2025-06-15 00:24:51,880 - INFO - [s3306_a_3_neg] Query:
\+ s3306_a_3("Alice",_,_,2017).
2025-06-15 00:24:51,881 - INFO - [s3306_a_3_neg] Query result: {'truth': True}
2025-06-15 00:24:51,881 - INFO - [s3306_a_3_neg] Result: correct
2025-06-15 00:24:51,882 - INFO - [s3306_a_3_pos] Prolog code:
:- ['/Users/sophie/code/2025-mcm-llms-applied-in-law_context/data/sara_v3/statutes/prolog/section3306.pl'].
:- ['/Users/sophie/code/2025-mcm-llms-applied-in-law_context/data/sara_v3/statutes/prolog/utils.pl'].
:- ['/Users/sophie/code/2025-mcm-llms-applied-in-law_context/data/sara_v3/statutes/prolog/init.pl'].
:- discontiguous s3306_b/8.
:- [statutes/prolog/init].
s3306_b(3200,span("paid",10,13),span("labor",53,57),"Alice","Bob","Alice","Bob",_).
s3306_b(4200,span("paid",109,112),span("service",150,156),"Bob","Alice","Bob","Alice",_).
payment_(span("paid",10,13)).
service_(span("labor",53,57)).
payment_(span("paid",109,112)).
service_(span("service",150,156)).
agent_(span("paid",10,13),span("Alice",0,4)).
amount_(span("paid",10,13),span(3200,16,19)).
means_(span("paid",10,13),span("cash",24,27)).
patient_(span("paid",10,13),span("Bob",32,34)).
purpose_(span("paid",10,13),span("labor",53,57)).
start_(span("paid",10,13),span(20170902,86,98)).
agent_(span("paid",109,112),span("Bob",101,103)).
amount_(span("paid",109,112),span(4200,115,118)).
means_(span("paid",109,112),span("cash",123,126)).
patient_(span("paid",109,112),span("Alice",131,135)).
purpose_(span("paid",109,112),span("service",150,156)).
start_(span("paid",109,112),span(20180901,198,210)).
patient_(span("labor",53,57),span("Alice",0,4)).
agent_(span("labor",53,57),span("Bob",32,34)).
purpose_(span("labor",53,57),span("agricultural labor",40,57)).
start_(span("labor",53,57),span(20170201,69,81)).
end_(span("labor",53,57),span(20170902,86,98)).
patient_(span("service",150,156),span("Bob",101,103)).
agent_(span("service",150,156),span("Alice",131,135)).
purpose_(span("service",150,156),span("domestic service",141,156)).
location_(span("service",150,156),span("home",165,168)).
start_(span("service",150,156),span(20170401,181,193)).
end_(span("service",150,156),span(20180901,198,210)).
s3306_a_3("Bob",_,_,2018).
2025-06-15 00:24:52,023 - INFO - [s3306_a_3_pos] Query:
s3306_a_3("Bob",_,_,2018).
2025-06-15 00:24:52,023 - INFO - [s3306_a_3_pos] Query result: {'truth': True}
2025-06-15 00:24:52,023 - INFO - [s3306_a_3_pos] Result: correct
2025-06-15 00:24:52,024 - INFO - [s3306_b_2_C_neg] Prolog code:
:- ['/Users/sophie/code/2025-mcm-llms-applied-in-law_context/data/sara_v3/statutes/prolog/section3306.pl'].
:- ['/Users/sophie/code/2025-mcm-llms-applied-in-law_context/data/sara_v3/statutes/prolog/utils.pl'].
:- ['/Users/sophie/code/2025-mcm-llms-applied-in-law_context/data/sara_v3/statutes/prolog/init.pl'].
:- [statutes/prolog/init].
plan_(span("retirement fund",103,117)).
plan_(span("life insurance",148,161)).
purpose_(span("retirement fund",103,117),span("make provisions for employees in case of retirement",103,117)).
purpose_(span("life insurance",148,161),span("make provisions for employees in case of death",148,161)). 
payment_(span("paid",10,13)).
service_(span("work",33,36)).
payment_(span("paid",85,88)).
payment_(span("paid",132,135)).
father_(span("father",191,196)).
retirement_(span("retired",206,212)).
agent_(span("father",191,196),span("Charlie",167,173)).
patient_(span("father",191,196),span("Alice",183,187)).
start_(span("paid",132,135),span(20170101,64,67)).
amount_(span("paid",132,135),span(5322,138,141)).
patient_(span("paid",132,135),span("life insurance",148,161)).
beneficiary_(span("paid",132,135),span("Charlie",167,173)).
agent_(span("paid",132,135),span("Alice",70,74)).
start_(span("paid",85,88),span(20170101,64,67)).
agent_(span("paid",85,88),span("Alice",70,74)).
amount_(span("paid",85,88),span(9832,91,94)).
patient_(span("paid",85,88),span("retirement fund",103,117)).
beneficiary_(span("paid",85,88),span("Bob",123,125)).
agent_(span("paid",10,13),span("Alice",0,4)).
amount_(span("paid",10,13),span(45252,16,20)).
patient_(span("paid",10,13),span("Bob",25,27)).
purpose_(span("paid",10,13),span("work",33,36)).
start_(span("paid",10,13),span(20170101,55,58)).
agent_(span("retired",206,212),span("Charlie",167,173)).
start_(span("retired",206,212),span(20160101,217,220)).
patient_(span("work",33,36),span("Alice",0,4)).
agent_(span("work",33,36),span("Bob",25,27)).
end_(span("work",33,36),span(20171231,55,58)).
start_(span("work",33,36),span(20170101,55,58)).
\+ s3306_b_2_C(span("retirement fund",103,117)).
2025-06-15 00:24:52,266 - INFO - [s3306_b_2_C_neg] Query:
\+ s3306_b_2_C(span("retirement fund",103,117)).
2025-06-15 00:24:52,266 - INFO - [s3306_b_2_C_neg] Query result: {'truth': True}
2025-06-15 00:24:52,266 - INFO - [s3306_b_2_C_neg] Result: correct
2025-06-15 00:24:52,269 - INFO - [s3306_b_2_C_pos] Prolog code:
:- ['/Users/sophie/code/2025-mcm-llms-applied-in-law_context/data/sara_v3/statutes/prolog/section3306.pl'].
:- ['/Users/sophie/code/2025-mcm-llms-applied-in-law_context/data/sara_v3/statutes/prolog/utils.pl'].
:- ['/Users/sophie/code/2025-mcm-llms-applied-in-law_context/data/sara_v3/statutes/prolog/init.pl'].
:- [statutes/prolog/init].
purpose_(span("retirement fund",103,117),span("make provisions for employees in case of retirement",103,117)).
purpose_(span("life insurance",148,161),span("make provisions for employees in case of death",148,161)).
payment_(span("paid",10,13)).
service_(span("work",33,36)).
payment_(span("paid",85,88)).
plan_(span("retirement fund",103,117)).
payment_(span("paid",132,135)).
plan_(span("life insurance",148,161)).
start_(span("paid",132,135),span(20170101,64,67)).
agent_(span("paid",132,135),span("Alice",70,74)).
amount_(span("paid",132,135),span(5322,138,141)).
patient_(span("paid",132,135),span("life insurance",148,161)).
start_(span("paid",85,88),span(20170101,64,67)).
agent_(span("paid",85,88),span("Alice",70,74)).
amount_(span("paid",85,88),span(9832,91,94)).
patient_(span("paid",85,88),span("retirement fund",103,117)).
agent_(span("paid",10,13),span("Alice",0,4)).
amount_(span("paid",10,13),span(45252,16,20)).
patient_(span("paid",10,13),span("Bob",25,27)).
purpose_(span("paid",10,13),span("work",33,36)).
start_(span("paid",10,13),span(20170101,55,58)).
beneficiary_(span("life insurance",148,161),span("Bob",167,169)).
beneficiary_(span("retirement fund",103,117),span("Bob",123,125)).
patient_(span("work",33,36),span("Alice",0,4)).
agent_(span("work",33,36),span("Bob",25,27)).
end_(span("work",33,36),span(20171231,55,58)).
start_(span("work",33,36),span(20170101,55,58)).
s3306_b_2_C(span("life insurance",148,161)).
2025-06-15 00:24:52,417 - INFO - [s3306_b_2_C_pos] Query:
s3306_b_2_C(span("life insurance",148,161)).
2025-06-15 00:24:52,417 - INFO - [s3306_b_2_C_pos] Query result: {'truth': True}
2025-06-15 00:24:52,417 - INFO - [s3306_b_2_C_pos] Result: correct
2025-06-15 00:24:52,419 - INFO - [s3306_c_10_B_neg] Prolog code:
:- ['/Users/sophie/code/2025-mcm-llms-applied-in-law_context/data/sara_v3/statutes/prolog/section3306.pl'].
:- ['/Users/sophie/code/2025-mcm-llms-applied-in-law_context/data/sara_v3/statutes/prolog/utils.pl'].
:- ['/Users/sophie/code/2025-mcm-llms-applied-in-law_context/data/sara_v3/statutes/prolog/init.pl'].
:- [statutes/prolog/init].
payment_(span("paid",10,13)).
service_(span("services",38,45)).
hospital_(span("Hospital",74,81)).
medical_patient_(span("patient",110,116)).
agent_(span("Hospital",74,81),span("Johns Hopkins Hospital",60,81)).
agent_(span("patient",110,116),span("Alice",98,102)).
patient_(span("patient",110,116),span("Johns Hopkins Hospital",121,142)).
start_(span("patient",110,116),span(20170112,149,166)).
end_(span("patient",110,116),span(20170220,171,189)).
patient_(span("paid",10,13),span("Alice",0,4)).
amount_(span("paid",10,13),span(200,16,18)).
start_(span("paid",10,13),span(20170301,23,32)).
purpose_(span("paid",10,13),span("services",38,45)).
agent_(span("paid",10,13),span("Johns Hopkins Hospital",60,81)).
agent_(span("services",38,45),span("Alice",0,4)).
end_(span("services",38,45),span(20170331,86,95)).
start_(span("services",38,45),span(20170301,86,95)).
patient_(span("services",38,45),span("Johns Hopkins Hospital",60,81)).
\+ s3306_c_10_B(span("services",38,45),_,"Alice",20170301).
2025-06-15 00:24:52,667 - INFO - [s3306_c_10_B_neg] Query:
\+ s3306_c_10_B(span("services",38,45),_,"Alice",20170301).
2025-06-15 00:24:52,667 - INFO - [s3306_c_10_B_neg] Query result: {'truth': True}
2025-06-15 00:24:52,667 - INFO - [s3306_c_10_B_neg] Result: correct
2025-06-15 00:24:52,668 - INFO - [s3306_c_10_B_pos] Prolog code:
:- ['/Users/sophie/code/2025-mcm-llms-applied-in-law_context/data/sara_v3/statutes/prolog/section3306.pl'].
:- ['/Users/sophie/code/2025-mcm-llms-applied-in-law_context/data/sara_v3/statutes/prolog/utils.pl'].
:- ['/Users/sophie/code/2025-mcm-llms-applied-in-law_context/data/sara_v3/statutes/prolog/init.pl'].
:- [statutes/prolog/init].
payment_(span("paid",10,13)).
service_(span("services",38,45)).
hospital_(span("Hospital",74,81)).
medical_patient_(span("patient",110,116)).
agent_(span("Hospital",74,81),span("Johns Hopkins Hospital",60,81)).
agent_(span("patient",110,116),span("Alice",98,102)).
patient_(span("patient",110,116),span("Johns Hopkins Hospital",121,142)).
start_(span("patient",110,116),span(20170315,149,164)).
end_(span("patient",110,116),span(20170402,169,183)).
patient_(span("paid",10,13),span("Alice",0,4)).
amount_(span("paid",10,13),span(200,16,18)).
start_(span("paid",10,13),span(20170301,23,32)).
purpose_(span("paid",10,13),span("services",38,45)).
agent_(span("paid",10,13),span("Johns Hopkins Hospital",60,81)).
agent_(span("services",38,45),span("Alice",0,4)).
end_(span("services",38,45),span(20170331,86,95)).
patient_(span("services",38,45),span("Johns Hopkins Hospital",60,81)).
start_(span("services",38,45),span(20170301,86,95)).
s3306_c_10_B(span("services",38,45),_,"Alice",20170315).
2025-06-15 00:24:52,808 - INFO - [s3306_c_10_B_pos] Query:
s3306_c_10_B(span("services",38,45),_,"Alice",20170315).
2025-06-15 00:24:52,808 - INFO - [s3306_c_10_B_pos] Query result: {'truth': True}
2025-06-15 00:24:52,808 - INFO - [s3306_c_10_B_pos] Result: correct
2025-06-15 00:24:52,810 - INFO - [s3306_c_11_neg] Prolog code:
:- ['/Users/sophie/code/2025-mcm-llms-applied-in-law_context/data/sara_v3/statutes/prolog/section3306.pl'].
:- ['/Users/sophie/code/2025-mcm-llms-applied-in-law_context/data/sara_v3/statutes/prolog/utils.pl'].
:- ['/Users/sophie/code/2025-mcm-llms-applied-in-law_context/data/sara_v3/statutes/prolog/init.pl'].
:- [statutes/prolog/init].
payment_(span("paid",10,13)).
service_(span("employee",36,43)).
patient_(span("paid",10,13),span("Alice",0,4)).
amount_(span("paid",10,13),span(73200,16,20)).
start_(span("paid",10,13),span(20170101,25,28)).
purpose_(span("paid",10,13),span("employee",36,43)).
agent_(span("paid",10,13),span("State of Maryland",52,68)).
agent_(span("employee",36,43),span("Alice",0,4)).
end_(span("employee",36,43),span(20171231,25,28)).
start_(span("employee",36,43),span(20170101,25,28)).
patient_(span("employee",36,43),span("State of Maryland",52,68)).
location_(span("employee",36,43),span("Maryland",84,91)).
location_(span("employee",36,43),span("Baltimore",73,81)).
location_(span("employee",36,43),span("USA",94,96)).
\+ s3306_c_11(span("employee",36,43),_).
2025-06-15 00:24:53,042 - INFO - [s3306_c_11_neg] Query:
\+ s3306_c_11(span("employee",36,43),_).
2025-06-15 00:24:53,043 - INFO - [s3306_c_11_neg] Query result: {'truth': True}
2025-06-15 00:24:53,043 - INFO - [s3306_c_11_neg] Result: correct
2025-06-15 00:24:53,044 - INFO - [s3306_c_11_pos] Prolog code:
:- ['/Users/sophie/code/2025-mcm-llms-applied-in-law_context/data/sara_v3/statutes/prolog/section3306.pl'].
:- ['/Users/sophie/code/2025-mcm-llms-applied-in-law_context/data/sara_v3/statutes/prolog/utils.pl'].
:- ['/Users/sophie/code/2025-mcm-llms-applied-in-law_context/data/sara_v3/statutes/prolog/init.pl'].
:- [statutes/prolog/init].
payment_(span("paid",10,13)).
service_(span("employee",36,43)).
patient_(span("paid",10,13),span("Alice",0,4)).
amount_(span("paid",10,13),span(73200,16,20)).
start_(span("paid",10,13),span(20170101,25,28)).
purpose_(span("paid",10,13),span("employee",36,43)).
agent_(span("paid",10,13),span("Canadian Government",52,70)).
agent_(span("employee",36,43),span("Alice",0,4)).
end_(span("employee",36,43),span(20171231,25,28)).
start_(span("employee",36,43),span(20170101,25,28)).
patient_(span("employee",36,43),span("Canadian Government",52,70)).
location_(span("employee",36,43),span("Toronto",76,82)).
location_(span("employee",36,43),span("Ontario",85,91)).
location_(span("employee",36,43),span("Canada",94,99)).
s3306_c_11(span("employee",36,43),_).
2025-06-15 00:24:53,189 - INFO - [s3306_c_11_pos] Query:
s3306_c_11(span("employee",36,43),_).
2025-06-15 00:24:53,190 - INFO - [s3306_c_11_pos] Query result: {'truth': True}
2025-06-15 00:24:53,190 - INFO - [s3306_c_11_pos] Result: correct
2025-06-15 00:24:53,191 - INFO - [s3306_c_16_neg] Prolog code:
:- ['/Users/sophie/code/2025-mcm-llms-applied-in-law_context/data/sara_v3/statutes/prolog/section3306.pl'].
:- ['/Users/sophie/code/2025-mcm-llms-applied-in-law_context/data/sara_v3/statutes/prolog/utils.pl'].
:- ['/Users/sophie/code/2025-mcm-llms-applied-in-law_context/data/sara_v3/statutes/prolog/init.pl'].
:- [statutes/prolog/init].
payment_(span("paid",10,13)).
service_(span("employee",36,43)).
patient_(span("paid",10,13),span("Alice",0,4)).
amount_(span("paid",10,13),span(73200,16,20)).
start_(span("paid",10,13),span(20170101,25,28)).
purpose_(span("paid",10,13),span("employee",36,43)).
agent_(span("paid",10,13),span("United States Government",52,75)).
agent_(span("employee",36,43),span("Alice",0,4)).
end_(span("employee",36,43),span(20171231,25,28)).
start_(span("employee",36,43),span(20170101,25,28)).
patient_(span("employee",36,43),span("United States Government",52,75)).
location_(span("employee",36,43),span("Arlington",80,88)).
location_(span("employee",36,43),span("Virginia",91,98)).
location_(span("employee",36,43),span("USA",101,103)).
\+ s3306_c_16(span("employee",36,43),_).
2025-06-15 00:24:53,437 - INFO - [s3306_c_16_neg] Query:
\+ s3306_c_16(span("employee",36,43),_).
2025-06-15 00:24:53,437 - INFO - [s3306_c_16_neg] Query result: {'truth': True}
2025-06-15 00:24:53,437 - INFO - [s3306_c_16_neg] Result: correct
2025-06-15 00:24:53,439 - INFO - [s3306_c_16_pos] Prolog code:
:- ['/Users/sophie/code/2025-mcm-llms-applied-in-law_context/data/sara_v3/statutes/prolog/section3306.pl'].
:- ['/Users/sophie/code/2025-mcm-llms-applied-in-law_context/data/sara_v3/statutes/prolog/utils.pl'].
:- ['/Users/sophie/code/2025-mcm-llms-applied-in-law_context/data/sara_v3/statutes/prolog/init.pl'].
:- [statutes/prolog/init].
payment_(span("paid",10,13)).
service_(span("employee",36,43)).
international_organization_(span("International Monetary Fund",52,78)).
agent_(span("International Monetary Fund",52,78),span("International Monetary Fund",52,78)).
patient_(span("paid",10,13),span("Alice",0,4)).
amount_(span("paid",10,13),span(73200,16,20)).
start_(span("paid",10,13),span(20170101,25,28)).
purpose_(span("paid",10,13),span("employee",36,43)).
agent_(span("paid",10,13),span("International Monetary Fund",52,78)).
agent_(span("employee",36,43),span("Alice",0,4)).
end_(span("employee",36,43),span(20171231,25,28)).
start_(span("employee",36,43),span(20170101,25,28)).
patient_(span("employee",36,43),span("International Monetary Fund",52,78)).
location_(span("employee",36,43),span("Washington, D.C.,",83,99)).
location_(span("employee",36,43),span("USA",101,103)).
s3306_c_16(span("employee",36,43),_).
2025-06-15 00:24:53,584 - INFO - [s3306_c_16_pos] Query:
s3306_c_16(span("employee",36,43),_).
2025-06-15 00:24:53,584 - INFO - [s3306_c_16_pos] Query result: {'truth': True}
2025-06-15 00:24:53,584 - INFO - [s3306_c_16_pos] Result: correct
2025-06-15 00:24:53,586 - INFO - [s3306_c_1_B_neg] Prolog code:
:- ['/Users/sophie/code/2025-mcm-llms-applied-in-law_context/data/sara_v3/statutes/prolog/section3306.pl'].
:- ['/Users/sophie/code/2025-mcm-llms-applied-in-law_context/data/sara_v3/statutes/prolog/utils.pl'].
:- ['/Users/sophie/code/2025-mcm-llms-applied-in-law_context/data/sara_v3/statutes/prolog/init.pl'].
:- [statutes/prolog/init].
payment_(span("paid",10,13)).
service_(span("labor",45,49)).
citizenship_(span("citizen",142,148)).
citizenship_(span("citizen",172,178)).
migration_(span("admitted",188,195)).
agent_(span("citizen",142,148),span("Alice",121,125)).
patient_(span("citizen",142,148),span("American",133,140)).
agent_(span("citizen",172,178),span("Bob",155,157)).
patient_(span("citizen",172,178),span("Mexican",164,170)).
agent_(span("admitted",188,195),span("Bob",155,157)).
destination_(span("admitted",188,195),span("USA",204,206)).
purpose_(span("admitted",188,195),span("agricultural labor",219,236)).
agent_(span("paid",10,13),span("Alice",0,4)).
amount_(span("paid",10,13),span(3200,16,19)).
patient_(span("paid",10,13),span("Bob",24,26)).
purpose_(span("paid",10,13),span("labor",45,49)).
start_(span("paid",10,13),span(20170902,78,90)).
patient_(span("labor",45,49),span("Alice",0,4)).
agent_(span("labor",45,49),span("Bob",24,26)).
purpose_(span("labor",45,49),span("agricultural labor",32,49)).
start_(span("labor",45,49),span(20170201,61,73)).
end_(span("labor",45,49),span(20170902,78,90)).
location_(span("labor",45,49),span("Stanley, Wisconsin, USA",96,118)).
country_(span("Stanley, Wisconsin, USA",96,118),span("USA",116,118)).
\+ s3306_c_1_B(span("labor",45,49),"Bob").
2025-06-15 00:24:53,835 - INFO - [s3306_c_1_B_neg] Query:
\+ s3306_c_1_B(span("labor",45,49),"Bob").
2025-06-15 00:24:53,835 - INFO - [s3306_c_1_B_neg] Query result: {'truth': True}
2025-06-15 00:24:53,836 - INFO - [s3306_c_1_B_neg] Result: correct
2025-06-15 00:24:53,838 - INFO - [s3306_c_1_B_pos] Prolog code:
:- ['/Users/sophie/code/2025-mcm-llms-applied-in-law_context/data/sara_v3/statutes/prolog/section3306.pl'].
:- ['/Users/sophie/code/2025-mcm-llms-applied-in-law_context/data/sara_v3/statutes/prolog/utils.pl'].
:- ['/Users/sophie/code/2025-mcm-llms-applied-in-law_context/data/sara_v3/statutes/prolog/init.pl'].
payment_(span("paid",10,13)).
service_(span("labor",45,49)).
citizenship_(span("citizen",135,141)).
american_employer_(span("American employer",156,172)).
agent_(span("American employer",156,172),span("Alice",144,148)).
agent_(span("citizen",135,141),span("Bob",116,118)).
patient_(span("citizen",135,141),span("American",126,133)).
agent_(span("paid",10,13),span("Alice",0,4)).
amount_(span("paid",10,13),span(3200,16,19)).
patient_(span("paid",10,13),span("Bob",24,26)).
purpose_(span("paid",10,13),span("labor",45,49)).
start_(span("paid",10,13),span(20170902,78,90)).
patient_(span("labor",45,49),span("Alice",0,4)).
agent_(span("labor",45,49),span("Bob",24,26)).
purpose_(span("labor",45,49),span("agricultural labor",32,49)).
start_(span("labor",45,49),span(20170201,61,73)).
end_(span("labor",45,49),span(20170902,78,90)).
location_(span("labor",45,49),span("Caracas, Venezuela",96,113)).
country_(span("Caracas, Venezuela",96,113),span("Venezuela",105,113)).
s3306_c_1_B(span("labor",45,49),"Bob").
2025-06-15 00:24:53,878 - INFO - [s3306_c_1_B_pos] Query:
s3306_c_1_B(span("labor",45,49),"Bob").
2025-06-15 00:24:53,878 - INFO - [s3306_c_1_B_pos] Query result: {'truth': True}
2025-06-15 00:24:53,878 - INFO - [s3306_c_1_B_pos] Result: correct
2025-06-15 00:24:53,879 - INFO - [s3306_c_6_neg] Prolog code:
:- ['/Users/sophie/code/2025-mcm-llms-applied-in-law_context/data/sara_v3/statutes/prolog/section3306.pl'].
:- ['/Users/sophie/code/2025-mcm-llms-applied-in-law_context/data/sara_v3/statutes/prolog/utils.pl'].
:- ['/Users/sophie/code/2025-mcm-llms-applied-in-law_context/data/sara_v3/statutes/prolog/init.pl'].
:- [statutes/prolog/init].
payment_(span("paid",10,13)).
service_(span("employee",36,43)).
patient_(span("paid",10,13),span("Alice",0,4)).
amount_(span("paid",10,13),span(73200,16,20)).
start_(span("paid",10,13),span(20170101,25,28)).
purpose_(span("paid",10,13),span("employee",36,43)).
agent_(span("paid",10,13),span("Nando's Chicken",48,62)).
agent_(span("employee",36,43),span("Alice",0,4)).
end_(span("employee",36,43),span(20171231,25,28)).
start_(span("employee",36,43),span(20170101,25,28)).
patient_(span("employee",36,43),span("Nando's Chicken",48,62)).
location_(span("employee",36,43),span("Arlington",67,75)).
location_(span("employee",36,43),span("Virginia",78,85)).
location_(span("employee",36,43),span("USA",88,90)).
\+ s3306_c_6(span("employee",36,43)).
2025-06-15 00:24:54,112 - INFO - [s3306_c_6_neg] Query:
\+ s3306_c_6(span("employee",36,43)).
2025-06-15 00:24:54,112 - INFO - [s3306_c_6_neg] Query result: {'truth': True}
2025-06-15 00:24:54,112 - INFO - [s3306_c_6_neg] Result: correct
2025-06-15 00:24:54,114 - INFO - [s3306_c_6_pos] Prolog code:
:- ['/Users/sophie/code/2025-mcm-llms-applied-in-law_context/data/sara_v3/statutes/prolog/section3306.pl'].
:- ['/Users/sophie/code/2025-mcm-llms-applied-in-law_context/data/sara_v3/statutes/prolog/utils.pl'].
:- ['/Users/sophie/code/2025-mcm-llms-applied-in-law_context/data/sara_v3/statutes/prolog/init.pl'].
:- [statutes/prolog/init].
payment_(span("paid",10,13)).
service_(span("employee",36,43)).
patient_(span("paid",10,13),span("Alice",0,4)).
amount_(span("paid",10,13),span(73200,16,20)).
start_(span("paid",10,13),span(20170101,25,28)).
purpose_(span("paid",10,13),span("employee",36,43)).
agent_(span("paid",10,13),span("United States Government",52,75)).
agent_(span("employee",36,43),span("Alice",0,4)).
end_(span("employee",36,43),span(20171231,25,28)).
start_(span("employee",36,43),span(20170101,25,28)).
patient_(span("employee",36,43),span("United States Government",52,75)).
location_(span("employee",36,43),span("Arlington",80,88)).
location_(span("employee",36,43),span("Virginia",91,98)).
location_(span("employee",36,43),span("USA",101,103)).
s3306_c_6(span("employee",36,43)).
2025-06-15 00:24:54,262 - INFO - [s3306_c_6_pos] Query:
s3306_c_6(span("employee",36,43)).
2025-06-15 00:24:54,262 - INFO - [s3306_c_6_pos] Query result: {'truth': True}
2025-06-15 00:24:54,262 - INFO - [s3306_c_6_pos] Result: correct
2025-06-15 00:24:54,263 - INFO - [s3306_c_7_neg] Prolog code:
:- ['/Users/sophie/code/2025-mcm-llms-applied-in-law_context/data/sara_v3/statutes/prolog/section3306.pl'].
:- ['/Users/sophie/code/2025-mcm-llms-applied-in-law_context/data/sara_v3/statutes/prolog/utils.pl'].
:- ['/Users/sophie/code/2025-mcm-llms-applied-in-law_context/data/sara_v3/statutes/prolog/init.pl'].
:- [statutes/prolog/init].
payment_(span("paid",10,13)).
service_(span("employee",36,43)).
patient_(span("paid",10,13),span("Alice",0,4)).
amount_(span("paid",10,13),span(73200,16,20)).
start_(span("paid",10,13),span(20170101,25,28)).
purpose_(span("paid",10,13),span("employee",36,43)).
agent_(span("paid",10,13),span("Bertha's Mussels",48,63)).
agent_(span("employee",36,43),span("Alice",0,4)).
end_(span("employee",36,43),span(20171231,25,28)).
start_(span("employee",36,43),span(20170101,25,28)).
patient_(span("employee",36,43),span("Bertha's Mussels",48,63)).
location_(span("employee",36,43),span("Baltimore",68,76)).
location_(span("employee",36,43),span("Maryland",79,86)).
location_(span("employee",36,43),span("USA",89,91)).
\+ s3306_c_7(span("employee",36,43),_).
2025-06-15 00:24:54,513 - INFO - [s3306_c_7_neg] Query:
\+ s3306_c_7(span("employee",36,43),_).
2025-06-15 00:24:54,514 - INFO - [s3306_c_7_neg] Query result: {'truth': True}
2025-06-15 00:24:54,514 - INFO - [s3306_c_7_neg] Result: correct
2025-06-15 00:24:54,516 - INFO - [s3306_c_7_pos] Prolog code:
:- ['/Users/sophie/code/2025-mcm-llms-applied-in-law_context/data/sara_v3/statutes/prolog/section3306.pl'].
:- ['/Users/sophie/code/2025-mcm-llms-applied-in-law_context/data/sara_v3/statutes/prolog/utils.pl'].
:- ['/Users/sophie/code/2025-mcm-llms-applied-in-law_context/data/sara_v3/statutes/prolog/init.pl'].
:- [statutes/prolog/init].
payment_(span("paid",10,13)).
service_(span("employee",36,43)).
patient_(span("paid",10,13),span("Alice",0,4)).
amount_(span("paid",10,13),span(73200,16,20)).
start_(span("paid",10,13),span(20170101,25,28)).
purpose_(span("paid",10,13),span("employee",36,43)).
agent_(span("paid",10,13),span("State of Maryland",52,68)).
agent_(span("employee",36,43),span("Alice",0,4)).
end_(span("employee",36,43),span(20171231,25,28)).
start_(span("employee",36,43),span(20170101,25,28)).
patient_(span("employee",36,43),span("State of Maryland",52,68)).
location_(span("employee",36,43),span("Maryland",84,91)).
location_(span("employee",36,43),span("Baltimore",73,81)).
location_(span("employee",36,43),span("USA",94,96)).
s3306_c_7(span("employee",36,43),_).
2025-06-15 00:24:54,666 - INFO - [s3306_c_7_pos] Query:
s3306_c_7(span("employee",36,43),_).
2025-06-15 00:24:54,667 - INFO - [s3306_c_7_pos] Query result: {'truth': True}
2025-06-15 00:24:54,667 - INFO - [s3306_c_7_pos] Result: correct
2025-06-15 00:24:54,667 - INFO - [s3306_c_B_neg] Prolog code:
:- ['/Users/sophie/code/2025-mcm-llms-applied-in-law_context/data/sara_v3/statutes/prolog/section3306.pl'].
:- ['/Users/sophie/code/2025-mcm-llms-applied-in-law_context/data/sara_v3/statutes/prolog/utils.pl'].
:- ['/Users/sophie/code/2025-mcm-llms-applied-in-law_context/data/sara_v3/statutes/prolog/init.pl'].
:- [statutes/prolog/init].
payment_(span("paid",10,13)).
service_(span("work",32,35)).
citizenship_(span("citizen",113,119)).
citizenship_(span("citizen",158,164)).
agent_(span("citizen",113,119),span("Alice",102,106)).
patient_(span("citizen",113,119),span("Venezuela",124,132)).
agent_(span("citizen",158,164),span("Bob",139,141)).
patient_(span("citizen",158,164),span("American",149,156)).
agent_(span("paid",10,13),span("Alice",0,4)).
amount_(span("paid",10,13),span(3200,16,19)).
patient_(span("paid",10,13),span("Bob",24,26)).
purpose_(span("paid",10,13),span("work",32,35)).
start_(span("paid",10,13),span(20170902,64,76)).
patient_(span("work",32,35),span("Alice",0,4)).
agent_(span("work",32,35),span("Bob",24,26)).
start_(span("work",32,35),span(20170201,47,59)).
end_(span("work",32,35),span(20170902,64,76)).
location_(span("work",32,35),span("Caracas, Venezuela",82,99)).
country_(span("Caracas, Venezuela",82,99),span("Venezuela",91,99)).
\+ s3306_c_B(span("work",32,35),"Alice","Bob",_).
2025-06-15 00:24:54,911 - INFO - [s3306_c_B_neg] Query:
\+ s3306_c_B(span("work",32,35),"Alice","Bob",_).
2025-06-15 00:24:54,912 - INFO - [s3306_c_B_neg] Query result: {'truth': True}
2025-06-15 00:24:54,912 - INFO - [s3306_c_B_neg] Result: correct
2025-06-15 00:24:54,913 - INFO - [s3306_c_B_pos] Prolog code:
:- ['/Users/sophie/code/2025-mcm-llms-applied-in-law_context/data/sara_v3/statutes/prolog/section3306.pl'].
:- ['/Users/sophie/code/2025-mcm-llms-applied-in-law_context/data/sara_v3/statutes/prolog/utils.pl'].
:- ['/Users/sophie/code/2025-mcm-llms-applied-in-law_context/data/sara_v3/statutes/prolog/init.pl'].
payment_(span("paid",10,13)).
service_(span("work",32,35)).
citizenship_(span("citizen",121,127)).
american_employer_(span("American employer",145,161)).
agent_(span("American employer",145,161),span("Alice",133,137)).
agent_(span("citizen",121,127),span("Bob",102,104)).
patient_(span("citizen",121,127),span("American",112,119)).
agent_(span("paid",10,13),span("Alice",0,4)).
amount_(span("paid",10,13),span(3200,16,19)).
patient_(span("paid",10,13),span("Bob",24,26)).
purpose_(span("paid",10,13),span("work",32,35)).
start_(span("paid",10,13),span(20170902,64,76)).
patient_(span("work",32,35),span("Alice",0,4)).
agent_(span("work",32,35),span("Bob",24,26)).
start_(span("work",32,35),span(20170201,47,59)).
end_(span("work",32,35),span(20170902,64,76)).
location_(span("work",32,35),span("Caracas, Venezuela",82,99)).
country_(span("Caracas, Venezuela",82,99),span("Venezuela",91,99)).
s3306_c_B(span("work",32,35),"Alice","Bob",_).
2025-06-15 00:24:54,948 - INFO - [s3306_c_B_pos] Query:
s3306_c_B(span("work",32,35),"Alice","Bob",_).
2025-06-15 00:24:54,948 - INFO - [s3306_c_B_pos] Query result: {'truth': True}
2025-06-15 00:24:54,948 - INFO - [s3306_c_B_pos] Result: correct
2025-06-15 00:24:54,948 - INFO - [s63_b_neg] Prolog code:
:- ['/Users/sophie/code/2025-mcm-llms-applied-in-law_context/data/sara_v3/statutes/prolog/section63.pl'].
:- ['/Users/sophie/code/2025-mcm-llms-applied-in-law_context/data/sara_v3/statutes/prolog/utils.pl'].
:- ['/Users/sophie/code/2025-mcm-llms-applied-in-law_context/data/sara_v3/statutes/prolog/init.pl'].
:- discontiguous s63_c_1/3.
:- discontiguous s151/5.
:- [statutes/prolog/init].
s63_c_1("Alice",2017,2000).
s151("Alice",0,_,_,2017).
payment_(span("paid",19,22)).
patient_(span("paid",19,22),span("Alice",9,13)).
amount_(span("paid",19,22),span(33200,25,29)).
start_(span("paid",19,22),span(20170101,3,6)).
\+ s63_b("Alice",2017,31400,_).
2025-06-15 00:24:55,182 - INFO - [s63_b_neg] Query:
\+ s63_b("Alice",2017,31400,_).
2025-06-15 00:24:55,183 - INFO - [s63_b_neg] Query result: {'truth': True}
2025-06-15 00:24:55,183 - INFO - [s63_b_neg] Result: correct
2025-06-15 00:24:55,183 - INFO - [s63_b_pos] Prolog code:
:- ['/Users/sophie/code/2025-mcm-llms-applied-in-law_context/data/sara_v3/statutes/prolog/section63.pl'].
:- ['/Users/sophie/code/2025-mcm-llms-applied-in-law_context/data/sara_v3/statutes/prolog/utils.pl'].
:- ['/Users/sophie/code/2025-mcm-llms-applied-in-law_context/data/sara_v3/statutes/prolog/init.pl'].
:- discontiguous s151/5.
:- discontiguous s63_c_1/3.
:- [statutes/prolog/init].
s63_c_1("Alice",2017,2000).
s151("Alice",0,_,_,2017).
payment_(span("paid",19,22)).
patient_(span("paid",19,22),span("Alice",9,13)).
amount_(span("paid",19,22),span(33200,25,29)).
start_(span("paid",19,22),span(20170101,3,6)).
s63_b("Alice",2017,31200,_).
2025-06-15 00:24:55,311 - INFO - [s63_b_pos] Query:
s63_b("Alice",2017,31200,_).
2025-06-15 00:24:55,311 - INFO - [s63_b_pos] Query result: {'truth': True}
2025-06-15 00:24:55,311 - INFO - [s63_b_pos] Result: correct
2025-06-15 00:24:55,313 - INFO - [s63_c_2_A_i_neg] Prolog code:
:- ['/Users/sophie/code/2025-mcm-llms-applied-in-law_context/data/sara_v3/statutes/prolog/section63.pl'].
:- ['/Users/sophie/code/2025-mcm-llms-applied-in-law_context/data/sara_v3/statutes/prolog/utils.pl'].
:- ['/Users/sophie/code/2025-mcm-llms-applied-in-law_context/data/sara_v3/statutes/prolog/init.pl'].
:- [statutes/prolog/init].
payment_(span("paid",19,22)).
marriage_(span("married",72,78)).
agent_(span("married",72,78),span("Alice",48,52)).
agent_(span("married",72,78),span("Bob",58,60)).
start_(span("married",72,78),span(20170203,86,98)).
start_(span("paid",19,22),span(20170101,3,6)).
patient_(span("paid",19,22),span("Alice",9,13)).
amount_(span("paid",19,22),span(33200,25,29)).
\+ s63_c_2_A_i("Alice",_,2017).
2025-06-15 00:24:55,556 - INFO - [s63_c_2_A_i_neg] Query:
\+ s63_c_2_A_i("Alice",_,2017).
2025-06-15 00:24:55,556 - INFO - [s63_c_2_A_i_neg] Query result: {'truth': True}
2025-06-15 00:24:55,557 - INFO - [s63_c_2_A_i_neg] Result: correct
2025-06-15 00:24:55,558 - INFO - [s63_c_2_A_i_pos] Prolog code:
:- ['/Users/sophie/code/2025-mcm-llms-applied-in-law_context/data/sara_v3/statutes/prolog/section63.pl'].
:- ['/Users/sophie/code/2025-mcm-llms-applied-in-law_context/data/sara_v3/statutes/prolog/utils.pl'].
:- ['/Users/sophie/code/2025-mcm-llms-applied-in-law_context/data/sara_v3/statutes/prolog/init.pl'].
payment_(span("paid",19,22)).
marriage_(span("married",72,78)).
joint_return_(span("joint return",117,128)).
agent_(span("joint return",117,128),span("Alice",48,52)).
agent_(span("joint return",117,128),span("Bob",58,60)).
start_(span("joint return",117,128),span(20170101,134,137)).
agent_(span("married",72,78),span("Alice",48,52)).
agent_(span("married",72,78),span("Bob",58,60)).
start_(span("married",72,78),span(20170203,86,98)).
start_(span("paid",19,22),span(20170101,3,6)).
patient_(span("paid",19,22),span("Alice",9,13)).
amount_(span("paid",19,22),span(33200,25,29)).
s63_c_2_A_i("Alice",_,2017).
2025-06-15 00:24:55,596 - INFO - [s63_c_2_A_i_pos] Query:
s63_c_2_A_i("Alice",_,2017).
2025-06-15 00:24:55,596 - INFO - [s63_c_2_A_i_pos] Query result: {'truth': True}
2025-06-15 00:24:55,596 - INFO - [s63_c_2_A_i_pos] Result: correct
2025-06-15 00:24:55,597 - INFO - [s63_c_2_A_ii_neg] Prolog code:
:- ['/Users/sophie/code/2025-mcm-llms-applied-in-law_context/data/sara_v3/statutes/prolog/section63.pl'].
:- ['/Users/sophie/code/2025-mcm-llms-applied-in-law_context/data/sara_v3/statutes/prolog/utils.pl'].
:- ['/Users/sophie/code/2025-mcm-llms-applied-in-law_context/data/sara_v3/statutes/prolog/init.pl'].
:- [statutes/prolog/init].
payment_(span("paid",19,22)).
marriage_(span("married",56,62)).
joint_return_(span("joint return",101,112)).
agent_(span("joint return",101,112),span("Alice",32,36)).
agent_(span("joint return",101,112),span("Bob",42,44)).
start_(span("joint return",101,112),span(20170101,118,121)).
agent_(span("married",56,62),span("Alice",32,36)).
agent_(span("married",56,62),span("Bob",42,44)).
start_(span("married",56,62),span(20170203,70,82)).
start_(span("paid",19,22),span(20170101,3,6)).
patient_(span("paid",19,22),span("Alice",9,13)).
amount_(span("paid",19,22),span(33200,25,29)).
\+ s63_c_2_A_ii("Alice",2017).
2025-06-15 00:24:55,830 - INFO - [s63_c_2_A_ii_neg] Query:
\+ s63_c_2_A_ii("Alice",2017).
2025-06-15 00:24:55,831 - INFO - [s63_c_2_A_ii_neg] Query result: {'truth': True}
2025-06-15 00:24:55,831 - INFO - [s63_c_2_A_ii_neg] Result: correct
2025-06-15 00:24:55,834 - INFO - [s63_c_2_A_ii_pos] Prolog code:
:- ['/Users/sophie/code/2025-mcm-llms-applied-in-law_context/data/sara_v3/statutes/prolog/section2.pl'].
:- ['/Users/sophie/code/2025-mcm-llms-applied-in-law_context/data/sara_v3/statutes/prolog/section63.pl'].
:- ['/Users/sophie/code/2025-mcm-llms-applied-in-law_context/data/sara_v3/statutes/prolog/utils.pl'].
:- ['/Users/sophie/code/2025-mcm-llms-applied-in-law_context/data/sara_v3/statutes/prolog/init.pl'].
:- discontiguous s2_a/3.
:- [statutes/prolog/init].
s2_a("Alice",_,2017).
payment_(span("paid",19,22)).
patient_(span("paid",19,22),span("Alice",9,13)).
amount_(span("paid",19,22),span(33200,25,29)).
start_(span("paid",19,22),span(20170101,3,6)).
s63_c_2_A_ii("Alice",2017).
2025-06-15 00:24:55,985 - INFO - [s63_c_2_A_ii_pos] Query:
s63_c_2_A_ii("Alice",2017).
2025-06-15 00:24:55,985 - INFO - [s63_c_2_A_ii_pos] Query result: {'truth': True}
2025-06-15 00:24:55,985 - INFO - [s63_c_2_A_ii_pos] Result: correct
2025-06-15 00:24:55,986 - INFO - [s63_c_6_B_neg] Prolog code:
:- ['/Users/sophie/code/2025-mcm-llms-applied-in-law_context/data/sara_v3/statutes/prolog/section63.pl'].
:- ['/Users/sophie/code/2025-mcm-llms-applied-in-law_context/data/sara_v3/statutes/prolog/utils.pl'].
:- ['/Users/sophie/code/2025-mcm-llms-applied-in-law_context/data/sara_v3/statutes/prolog/init.pl'].
:- [statutes/prolog/init].
payment_(span("paid",19,22)).
marriage_(span("married",50,56)).
nonresident_alien_(span("nonresident alien",88,104)).
agent_(span("married",50,56),span("Alice",32,36)).
agent_(span("married",50,56),span("Bob",42,44)).
start_(span("married",50,56),span(20170203,61,73)).
agent_(span("nonresident alien",88,104),span("Alice",76,80)).
start_(span("nonresident alien",88,104),span(20150823,111,127)).
end_(span("nonresident alien",88,104),span(20160915,132,151)).
start_(span("paid",19,22),span(20170101,3,6)).
patient_(span("paid",19,22),span("Alice",9,13)).
amount_(span("paid",19,22),span(33200,25,29)).
\+ s63_c_6_B("Alice",2017).
2025-06-15 00:24:56,228 - INFO - [s63_c_6_B_neg] Query:
\+ s63_c_6_B("Alice",2017).
2025-06-15 00:24:56,228 - INFO - [s63_c_6_B_neg] Query result: {'truth': True}
2025-06-15 00:24:56,229 - INFO - [s63_c_6_B_neg] Result: correct
2025-06-15 00:24:56,230 - INFO - [s63_c_6_B_pos] Prolog code:
:- ['/Users/sophie/code/2025-mcm-llms-applied-in-law_context/data/sara_v3/statutes/prolog/section63.pl'].
:- ['/Users/sophie/code/2025-mcm-llms-applied-in-law_context/data/sara_v3/statutes/prolog/utils.pl'].
:- ['/Users/sophie/code/2025-mcm-llms-applied-in-law_context/data/sara_v3/statutes/prolog/init.pl'].
:- [statutes/prolog/init].
payment_(span("paid",19,22)).
marriage_(span("married",50,56)).
nonresident_alien_(span("nonresident alien",88,104)).
agent_(span("married",50,56),span("Alice",32,36)).
agent_(span("married",50,56),span("Bob",42,44)).
start_(span("married",50,56),span(20170203,61,73)).
agent_(span("nonresident alien",88,104),span("Alice",76,80)).
start_(span("nonresident alien",88,104),span(20160823,111,127)).
end_(span("nonresident alien",88,104),span(20180915,132,151)).
start_(span("paid",19,22),span(20170101,3,6)).
patient_(span("paid",19,22),span("Alice",9,13)).
amount_(span("paid",19,22),span(33200,25,29)).
s63_c_6_B("Alice",2017).
2025-06-15 00:24:56,373 - INFO - [s63_c_6_B_pos] Query:
s63_c_6_B("Alice",2017).
2025-06-15 00:24:56,373 - INFO - [s63_c_6_B_pos] Query result: {'truth': True}
2025-06-15 00:24:56,373 - INFO - [s63_c_6_B_pos] Result: correct
2025-06-15 00:24:56,375 - INFO - [s63_c_6_D_neg] Prolog code:
:- ['/Users/sophie/code/2025-mcm-llms-applied-in-law_context/data/sara_v3/statutes/prolog/section63.pl'].
:- ['/Users/sophie/code/2025-mcm-llms-applied-in-law_context/data/sara_v3/statutes/prolog/utils.pl'].
:- ['/Users/sophie/code/2025-mcm-llms-applied-in-law_context/data/sara_v3/statutes/prolog/init.pl'].
:- [statutes/prolog/init].
business_trust_(span("business trust",75,88)).
start_(span("business trust",75,88),span(19730101,5,8)).
end_(span("business trust",75,88),span(20191231,13,16)).
agent_(span("business trust",75,88),span("Walter Brown Family Trust II",23,50)).
\+ s63_c_6_D("Walter Brown Family Trust II",2021).
2025-06-15 00:24:56,623 - INFO - [s63_c_6_D_neg] Query:
\+ s63_c_6_D("Walter Brown Family Trust II",2021).
2025-06-15 00:24:56,623 - INFO - [s63_c_6_D_neg] Query result: {'truth': True}
2025-06-15 00:24:56,623 - INFO - [s63_c_6_D_neg] Result: correct
2025-06-15 00:24:56,625 - INFO - [s63_c_6_D_pos] Prolog code:
:- ['/Users/sophie/code/2025-mcm-llms-applied-in-law_context/data/sara_v3/statutes/prolog/section63.pl'].
:- ['/Users/sophie/code/2025-mcm-llms-applied-in-law_context/data/sara_v3/statutes/prolog/utils.pl'].
:- ['/Users/sophie/code/2025-mcm-llms-applied-in-law_context/data/sara_v3/statutes/prolog/init.pl'].
business_trust_(span("business trust",75,88)).
start_(span("business trust",75,88),span(19730101,5,8)).
end_(span("business trust",75,88),span(20191231,13,16)).
agent_(span("business trust",75,88),span("Walter Brown Family Trust II",23,50)).
s63_c_6_D("Walter Brown Family Trust II",1999).
2025-06-15 00:24:56,664 - INFO - [s63_c_6_D_pos] Query:
s63_c_6_D("Walter Brown Family Trust II",1999).
2025-06-15 00:24:56,664 - INFO - [s63_c_6_D_pos] Query result: {'truth': True}
2025-06-15 00:24:56,664 - INFO - [s63_c_6_D_pos] Result: correct
2025-06-15 00:24:56,664 - INFO - [s63_c_7_i_neg] Prolog code:
:- ['/Users/sophie/code/2025-mcm-llms-applied-in-law_context/data/sara_v3/statutes/prolog/section2.pl'].
:- ['/Users/sophie/code/2025-mcm-llms-applied-in-law_context/data/sara_v3/statutes/prolog/section63.pl'].
:- ['/Users/sophie/code/2025-mcm-llms-applied-in-law_context/data/sara_v3/statutes/prolog/utils.pl'].
:- ['/Users/sophie/code/2025-mcm-llms-applied-in-law_context/data/sara_v3/statutes/prolog/init.pl'].
:- discontiguous s2_b/3.
:- [statutes/prolog/init].
s2_b("Alice",_,2019).
payment_(span("paid",19,22)).
patient_(span("paid",19,22),span("Alice",9,13)).
amount_(span("paid",19,22),span(33200,25,29)).
start_(span("paid",19,22),span(20190101,3,6)).
\+ s63_c_7_i(2019,4400).
2025-06-15 00:24:56,902 - INFO - [s63_c_7_i_neg] Query:
\+ s63_c_7_i(2019,4400).
2025-06-15 00:24:56,902 - INFO - [s63_c_7_i_neg] Query result: {'truth': True}
2025-06-15 00:24:56,902 - INFO - [s63_c_7_i_neg] Result: correct
2025-06-15 00:24:56,904 - INFO - [s63_c_7_i_pos] Prolog code:
:- ['/Users/sophie/code/2025-mcm-llms-applied-in-law_context/data/sara_v3/statutes/prolog/section2.pl'].
:- ['/Users/sophie/code/2025-mcm-llms-applied-in-law_context/data/sara_v3/statutes/prolog/section63.pl'].
:- ['/Users/sophie/code/2025-mcm-llms-applied-in-law_context/data/sara_v3/statutes/prolog/utils.pl'].
:- ['/Users/sophie/code/2025-mcm-llms-applied-in-law_context/data/sara_v3/statutes/prolog/init.pl'].
:- discontiguous s2_b/3.
:- [statutes/prolog/init].
s2_b("Alice",_,2019).
payment_(span("paid",19,22)).
patient_(span("paid",19,22),span("Alice",9,13)).
amount_(span("paid",19,22),span(33200,25,29)).
start_(span("paid",19,22),span(20190101,3,6)).
s63_c_7_i(2019,18000).
2025-06-15 00:24:57,051 - INFO - [s63_c_7_i_pos] Query:
s63_c_7_i(2019,18000).
2025-06-15 00:24:57,052 - INFO - [s63_c_7_i_pos] Query result: {'truth': True}
2025-06-15 00:24:57,052 - INFO - [s63_c_7_i_pos] Result: correct
2025-06-15 00:24:57,053 - INFO - [s63_f_1_A_neg] Prolog code:
:- ['/Users/sophie/code/2025-mcm-llms-applied-in-law_context/data/sara_v3/statutes/prolog/section63.pl'].
:- ['/Users/sophie/code/2025-mcm-llms-applied-in-law_context/data/sara_v3/statutes/prolog/utils.pl'].
:- ['/Users/sophie/code/2025-mcm-llms-applied-in-law_context/data/sara_v3/statutes/prolog/init.pl'].
:- [statutes/prolog/init].
payment_(span("paid",19,22)).
marriage_(span("married",56,62)).
birth_(span("born",95,98)).
birth_(span("born",128,131)).
agent_(span("born",95,98),span("Alice",85,89)).
start_(span("born",95,98),span(19500302,100,114)).
agent_(span("born",128,131),span("Bob",120,122)).
start_(span("born",128,131),span(19550303,133,147)).
agent_(span("married",56,62),span("Alice",32,36)).
agent_(span("married",56,62),span("Bob",42,44)).
start_(span("married",56,62),span(20170203,70,82)).
start_(span("paid",19,22),span(20170101,3,6)).
patient_(span("paid",19,22),span("Alice",9,13)).
amount_(span("paid",19,22),span(33200,25,29)).
\+ s63_f_1_A("Bob",2017).
2025-06-15 00:24:57,300 - INFO - [s63_f_1_A_neg] Query:
\+ s63_f_1_A("Bob",2017).
2025-06-15 00:24:57,300 - INFO - [s63_f_1_A_neg] Query result: {'truth': True}
2025-06-15 00:24:57,300 - INFO - [s63_f_1_A_neg] Result: correct
2025-06-15 00:24:57,302 - INFO - [s63_f_1_A_pos] Prolog code:
:- ['/Users/sophie/code/2025-mcm-llms-applied-in-law_context/data/sara_v3/statutes/prolog/section63.pl'].
:- ['/Users/sophie/code/2025-mcm-llms-applied-in-law_context/data/sara_v3/statutes/prolog/utils.pl'].
:- ['/Users/sophie/code/2025-mcm-llms-applied-in-law_context/data/sara_v3/statutes/prolog/init.pl'].
:- [statutes/prolog/init].
payment_(span("paid",19,22)).
marriage_(span("married",56,62)).
birth_(span("born",95,98)).
birth_(span("born",128,131)).
agent_(span("born",95,98),span("Alice",85,89)).
start_(span("born",95,98),span(19500302,100,114)).
agent_(span("born",128,131),span("Bob",120,122)).
start_(span("born",128,131),span(19550303,133,147)).
agent_(span("married",56,62),span("Alice",32,36)).
agent_(span("married",56,62),span("Bob",42,44)).
start_(span("married",56,62),span(20170203,70,82)).
start_(span("paid",19,22),span(20170101,3,6)).
patient_(span("paid",19,22),span("Alice",9,13)).
amount_(span("paid",19,22),span(33200,25,29)).
s63_f_1_A("Alice",2017).
2025-06-15 00:24:57,443 - INFO - [s63_f_1_A_pos] Query:
s63_f_1_A("Alice",2017).
2025-06-15 00:24:57,443 - INFO - [s63_f_1_A_pos] Query result: {'truth': True}
2025-06-15 00:24:57,443 - INFO - [s63_f_1_A_pos] Result: correct
2025-06-15 00:24:57,445 - INFO - [s63_f_2_B_neg] Prolog code:
:- ['/Users/sophie/code/2025-mcm-llms-applied-in-law_context/data/sara_v3/statutes/prolog/section151.pl'].
:- ['/Users/sophie/code/2025-mcm-llms-applied-in-law_context/data/sara_v3/statutes/prolog/section63.pl'].
:- ['/Users/sophie/code/2025-mcm-llms-applied-in-law_context/data/sara_v3/statutes/prolog/utils.pl'].
:- ['/Users/sophie/code/2025-mcm-llms-applied-in-law_context/data/sara_v3/statutes/prolog/init.pl'].
:- discontiguous s151_b_applies/3.
:- [statutes/prolog/init].
s151_b_applies("Alice","Bob",2017).
payment_(span("paid",19,22)).
marriage_(span("married",56,62)).
blindness_(span("blind",100,104)).
agent_(span("blind",100,104),span("Alice",85,89)).
start_(span("blind",100,104),span(20131004,112,126)).
agent_(span("married",56,62),span("Alice",32,36)).
agent_(span("married",56,62),span("Bob",42,44)).
start_(span("married",56,62),span(20170203,70,82)).
start_(span("paid",19,22),span(20170101,3,6)).
patient_(span("paid",19,22),span("Alice",9,13)).
amount_(span("paid",19,22),span(33200,25,29)).
\+ s63_f_2_B("Alice","Bob",2017).
2025-06-15 00:24:57,691 - INFO - [s63_f_2_B_neg] Query:
\+ s63_f_2_B("Alice","Bob",2017).
2025-06-15 00:24:57,692 - INFO - [s63_f_2_B_neg] Query result: {'truth': True}
2025-06-15 00:24:57,692 - INFO - [s63_f_2_B_neg] Result: correct
2025-06-15 00:24:57,694 - INFO - [s63_f_2_B_pos] Prolog code:
:- ['/Users/sophie/code/2025-mcm-llms-applied-in-law_context/data/sara_v3/statutes/prolog/section151.pl'].
:- ['/Users/sophie/code/2025-mcm-llms-applied-in-law_context/data/sara_v3/statutes/prolog/section63.pl'].
:- ['/Users/sophie/code/2025-mcm-llms-applied-in-law_context/data/sara_v3/statutes/prolog/utils.pl'].
:- ['/Users/sophie/code/2025-mcm-llms-applied-in-law_context/data/sara_v3/statutes/prolog/init.pl'].
:- discontiguous s151_b_applies/3.
:- [statutes/prolog/init].
s151_b_applies("Bob","Alice",2017).
payment_(span("paid",19,22)).
marriage_(span("married",56,62)).
blindness_(span("blind",100,104)).
agent_(span("blind",100,104),span("Alice",85,89)).
start_(span("blind",100,104),span(20140228,112,123)).
agent_(span("married",56,62),span("Alice",32,36)).
agent_(span("married",56,62),span("Bob",42,44)).
start_(span("married",56,62),span(20170203,70,82)).
start_(span("paid",19,22),span(20170101,3,6)).
patient_(span("paid",19,22),span("Alice",9,13)).
amount_(span("paid",19,22),span(33200,25,29)).
s63_f_2_B("Bob","Alice",2017).
2025-06-15 00:24:57,840 - INFO - [s63_f_2_B_pos] Query:
s63_f_2_B("Bob","Alice",2017).
2025-06-15 00:24:57,840 - INFO - [s63_f_2_B_pos] Query result: {'truth': True}
2025-06-15 00:24:57,840 - INFO - [s63_f_2_B_pos] Result: correct
2025-06-15 00:24:57,841 - INFO - [s68_a_2_neg] Prolog code:
:- ['/Users/sophie/code/2025-mcm-llms-applied-in-law_context/data/sara_v3/statutes/prolog/section2.pl'].
:- ['/Users/sophie/code/2025-mcm-llms-applied-in-law_context/data/sara_v3/statutes/prolog/section63.pl'].
:- ['/Users/sophie/code/2025-mcm-llms-applied-in-law_context/data/sara_v3/statutes/prolog/section68.pl'].
:- ['/Users/sophie/code/2025-mcm-llms-applied-in-law_context/data/sara_v3/statutes/prolog/utils.pl'].
:- ['/Users/sophie/code/2025-mcm-llms-applied-in-law_context/data/sara_v3/statutes/prolog/init.pl'].
:- discontiguous s63_d/4.
:- discontiguous s2_a/3.
:- [statutes/prolog/init].
s63_d("Alice",_,60000,2016).
s2_a("Alice",_,2016).
income_(span("income",17,22)).
agent_(span("income",17,22),span("Alice",9,13)).
amount_(span("income",17,22),span(295192,29,34)).
start_(span("income",17,22),span(20160101,3,6)).
\+ s68_a_2("Alice",_,47000,2016).
2025-06-15 00:24:58,090 - INFO - [s68_a_2_neg] Query:
\+ s68_a_2("Alice",_,47000,2016).
2025-06-15 00:24:58,091 - INFO - [s68_a_2_neg] Query result: {'truth': True}
2025-06-15 00:24:58,091 - INFO - [s68_a_2_neg] Result: correct
2025-06-15 00:24:58,093 - INFO - [s68_a_2_pos] Prolog code:
:- ['/Users/sophie/code/2025-mcm-llms-applied-in-law_context/data/sara_v3/statutes/prolog/section2.pl'].
:- ['/Users/sophie/code/2025-mcm-llms-applied-in-law_context/data/sara_v3/statutes/prolog/section63.pl'].
:- ['/Users/sophie/code/2025-mcm-llms-applied-in-law_context/data/sara_v3/statutes/prolog/section68.pl'].
:- ['/Users/sophie/code/2025-mcm-llms-applied-in-law_context/data/sara_v3/statutes/prolog/utils.pl'].
:- ['/Users/sophie/code/2025-mcm-llms-applied-in-law_context/data/sara_v3/statutes/prolog/init.pl'].
:- discontiguous s63_d/4.
:- discontiguous s2_b/3.
:- [statutes/prolog/init].
s63_d("Alice",_,60000,2016).
s2_b("Alice",_,2016).
income_(span("income",17,22)).
agent_(span("income",17,22),span("Alice",9,13)).
amount_(span("income",17,22),span(277192,29,34)).
start_(span("income",17,22),span(20160101,3,6)).
s68_a_2("Alice",_,48000,2016).
2025-06-15 00:24:58,241 - INFO - [s68_a_2_pos] Query:
s68_a_2("Alice",_,48000,2016).
2025-06-15 00:24:58,241 - INFO - [s68_a_2_pos] Query result: {'truth': True}
2025-06-15 00:24:58,242 - INFO - [s68_a_2_pos] Result: correct
2025-06-15 00:24:58,243 - INFO - [s68_b_1_B_neg] Prolog code:
:- ['/Users/sophie/code/2025-mcm-llms-applied-in-law_context/data/sara_v3/statutes/prolog/section2.pl'].
:- ['/Users/sophie/code/2025-mcm-llms-applied-in-law_context/data/sara_v3/statutes/prolog/section68.pl'].
:- ['/Users/sophie/code/2025-mcm-llms-applied-in-law_context/data/sara_v3/statutes/prolog/utils.pl'].
:- ['/Users/sophie/code/2025-mcm-llms-applied-in-law_context/data/sara_v3/statutes/prolog/init.pl'].
:- discontiguous s2_a/3.
:- [statutes/prolog/init].
s2_a("Alice",_,2016).
income_(span("income",17,22)).
agent_(span("income",17,22),span("Alice",9,13)).
amount_(span("income",17,22),span(567192,29,34)).
start_(span("income",17,22),span(20160101,3,6)).
\+ s68_b_1_B("Alice",275000,2016).
2025-06-15 00:24:58,490 - INFO - [s68_b_1_B_neg] Query:
\+ s68_b_1_B("Alice",275000,2016).
2025-06-15 00:24:58,491 - INFO - [s68_b_1_B_neg] Query result: {'truth': True}
2025-06-15 00:24:58,491 - INFO - [s68_b_1_B_neg] Result: correct
2025-06-15 00:24:58,493 - INFO - [s68_b_1_B_pos] Prolog code:
:- ['/Users/sophie/code/2025-mcm-llms-applied-in-law_context/data/sara_v3/statutes/prolog/section2.pl'].
:- ['/Users/sophie/code/2025-mcm-llms-applied-in-law_context/data/sara_v3/statutes/prolog/section68.pl'].
:- ['/Users/sophie/code/2025-mcm-llms-applied-in-law_context/data/sara_v3/statutes/prolog/utils.pl'].
:- ['/Users/sophie/code/2025-mcm-llms-applied-in-law_context/data/sara_v3/statutes/prolog/init.pl'].
:- discontiguous s2_b/3.
:- [statutes/prolog/init].
s2_b("Alice",_,2016).
income_(span("income",17,22)).
agent_(span("income",17,22),span("Alice",9,13)).
amount_(span("income",17,22),span(567192,29,34)).
start_(span("income",17,22),span(20160101,3,6)).
s68_b_1_B("Alice",275000,2016).
2025-06-15 00:24:58,645 - INFO - [s68_b_1_B_pos] Query:
s68_b_1_B("Alice",275000,2016).
2025-06-15 00:24:58,645 - INFO - [s68_b_1_B_pos] Query result: {'truth': True}
2025-06-15 00:24:58,645 - INFO - [s68_b_1_B_pos] Result: correct
2025-06-15 00:24:58,647 - INFO - [s68_b_1_C_neg] Prolog code:
:- ['/Users/sophie/code/2025-mcm-llms-applied-in-law_context/data/sara_v3/statutes/prolog/section2.pl'].
:- ['/Users/sophie/code/2025-mcm-llms-applied-in-law_context/data/sara_v3/statutes/prolog/section68.pl'].
:- ['/Users/sophie/code/2025-mcm-llms-applied-in-law_context/data/sara_v3/statutes/prolog/utils.pl'].
:- ['/Users/sophie/code/2025-mcm-llms-applied-in-law_context/data/sara_v3/statutes/prolog/init.pl'].
:- discontiguous s2_b/3.
:- [statutes/prolog/init].
s2_b("Alice",_,2016).
income_(span("income",17,22)).
agent_(span("income",17,22),span("Alice",9,13)).
amount_(span("income",17,22),span(567192,29,34)).
start_(span("income",17,22),span(20160101,3,6)).
\+ s68_b_1_C("Alice",_,2016).
2025-06-15 00:24:58,891 - INFO - [s68_b_1_C_neg] Query:
\+ s68_b_1_C("Alice",_,2016).
2025-06-15 00:24:58,892 - INFO - [s68_b_1_C_neg] Query result: {'truth': True}
2025-06-15 00:24:58,892 - INFO - [s68_b_1_C_neg] Result: correct
2025-06-15 00:24:58,894 - INFO - [s68_b_1_C_pos] Prolog code:
:- ['/Users/sophie/code/2025-mcm-llms-applied-in-law_context/data/sara_v3/statutes/prolog/section68.pl'].
:- ['/Users/sophie/code/2025-mcm-llms-applied-in-law_context/data/sara_v3/statutes/prolog/utils.pl'].
:- ['/Users/sophie/code/2025-mcm-llms-applied-in-law_context/data/sara_v3/statutes/prolog/init.pl'].
:- [statutes/prolog/init].
income_(span("income",17,22)).
start_(span("income",17,22),span(20160101,3,6)).
agent_(span("income",17,22),span("Alice",9,13)).
amount_(span("income",17,22),span(567192,29,34)).
s68_b_1_C("Alice",250000,2016).
2025-06-15 00:24:59,035 - INFO - [s68_b_1_C_pos] Query:
s68_b_1_C("Alice",250000,2016).
2025-06-15 00:24:59,036 - INFO - [s68_b_1_C_pos] Query result: {'truth': True}
2025-06-15 00:24:59,036 - INFO - [s68_b_1_C_pos] Result: correct
2025-06-15 00:24:59,037 - INFO - [s7703_a_1_neg] Prolog code:
:- ['/Users/sophie/code/2025-mcm-llms-applied-in-law_context/data/sara_v3/statutes/prolog/section7703.pl'].
:- ['/Users/sophie/code/2025-mcm-llms-applied-in-law_context/data/sara_v3/statutes/prolog/utils.pl'].
:- ['/Users/sophie/code/2025-mcm-llms-applied-in-law_context/data/sara_v3/statutes/prolog/init.pl'].
:- [statutes/prolog/init].
marriage_(span("married",18,24)).
death_(span("died",50,53)).
agent_(span("died",50,53),span("Bob",46,48)).
start_(span("died",50,53),span(20170916,55,74)).
agent_(span("married",18,24),span("Alice",0,4)).
agent_(span("married",18,24),span("Bob",10,12)).
start_(span("married",18,24),span(20120405,29,43)).
\+ s7703_a_1("Alice",_,_,_,2018).
2025-06-15 00:24:59,280 - INFO - [s7703_a_1_neg] Query:
\+ s7703_a_1("Alice",_,_,_,2018).
2025-06-15 00:24:59,280 - INFO - [s7703_a_1_neg] Query result: {'truth': True}
2025-06-15 00:24:59,281 - INFO - [s7703_a_1_neg] Result: correct
2025-06-15 00:24:59,283 - INFO - [s7703_a_1_pos] Prolog code:
:- ['/Users/sophie/code/2025-mcm-llms-applied-in-law_context/data/sara_v3/statutes/prolog/section7703.pl'].
:- ['/Users/sophie/code/2025-mcm-llms-applied-in-law_context/data/sara_v3/statutes/prolog/utils.pl'].
:- ['/Users/sophie/code/2025-mcm-llms-applied-in-law_context/data/sara_v3/statutes/prolog/init.pl'].
:- [statutes/prolog/init].
marriage_(span("married",18,24)).
death_(span("died",50,53)).
agent_(span("died",50,53),span("Bob",46,48)).
start_(span("died",50,53),span(20170916,55,74)).
agent_(span("married",18,24),span("Alice",0,4)).
agent_(span("married",18,24),span("Bob",10,12)).
start_(span("married",18,24),span(20120405,29,43)).
s7703_a_1("Alice",_,_,_,2012).
2025-06-15 00:24:59,425 - INFO - [s7703_a_1_pos] Query:
s7703_a_1("Alice",_,_,_,2012).
2025-06-15 00:24:59,426 - INFO - [s7703_a_1_pos] Query result: {'truth': True}
2025-06-15 00:24:59,426 - INFO - [s7703_a_1_pos] Result: correct
2025-06-15 00:24:59,427 - INFO - [s7703_b_2_neg] Prolog code:
:- ['/Users/sophie/code/2025-mcm-llms-applied-in-law_context/data/sara_v3/statutes/prolog/section151.pl'].
:- ['/Users/sophie/code/2025-mcm-llms-applied-in-law_context/data/sara_v3/statutes/prolog/section7703.pl'].
:- ['/Users/sophie/code/2025-mcm-llms-applied-in-law_context/data/sara_v3/statutes/prolog/utils.pl'].
:- ['/Users/sophie/code/2025-mcm-llms-applied-in-law_context/data/sara_v3/statutes/prolog/init.pl'].
:- discontiguous s151_c_applies/3.
:- [statutes/prolog/init].
someone_household_maintenance(Year,Event,Start_day,End_day) :-
    between(2017,2027,Year),
    atom_concat("maintenance costs ",Year,Event),
    (
        (
            double_equal(Year, 2017),
            Start_day=20170916
        )
    ;
        (
            \+ double_equal(Year, 2017),
            first_day_year(Year,Start_day)
        )
    ),
    last_day_year(Year,End_day).
payment_(span(Event,189,199)) :- someone_household_maintenance(_,Event,_,_).
agent_(span(Event,189,199),span("someone",162,166)) :- someone_household_maintenance(_,Event,_,_).
amount_(span(Event,189,199),span(60,178,180)) :- someone_household_maintenance(_,Event,_,_).
purpose_(span(Event,189,199),span("home",147,150)) :- someone_household_maintenance(_,Event,_,_).
start_(span(Event,189,199),span(Start_day,214,233)) :- someone_household_maintenance(_,Event,Start_day,_).
alice_household_maintenance(Year,Event,Start_day,End_day) :-
    between(2017,2027,Year),
    atom_concat("furnished ",Year,Event),
    (
        (
            double_equal(Year, 2017), 
            Start_day=20170916
        )
    ;
        (
            \+ double_equal(Year, 2017),
            first_day_year(Year,Start_day)
        )
    ),
    last_day_year(Year,End_day).
payment_(span(Event,168,176)) :- alice_household_maintenance(_,Event,_,_).
agent_(span(Event,168,176),span("Alice",162,166)) :- alice_household_maintenance(_,Event,_,_).
amount_(span(Event,168,176),span(40,178,179)) :- alice_household_maintenance(_,Event,_,_).
purpose_(span(Event,168,176),span("home",147,150)) :- alice_household_maintenance(_,Event,_,_).
start_(span(Event,168,176),span(Start_day,214,233)) :- alice_household_maintenance(_,Event,Start_day,_).
s151_c_applies("Alice","Charlie",Year) :- between(2017,2019,Year).
marriage_(span("married",18,24)).
son_(span("son",67,69)).
residence_(span("live",137,140)).
agent_(span("married",18,24),span("Alice",0,4)).
agent_(span("married",18,24),span("Bob",10,12)).
start_(span("married",18,24),span(20120405,29,43)).
agent_(span("live",137,140),span("Alice",119,123)).
agent_(span("live",137,140),span("Charlie",129,135)).
patient_(span("live",137,140),span("home",147,150)).
start_(span("live",137,140),span(20170916,214,233)).
patient_(span("son",67,69),span("Alice",46,50)).
patient_(span("son",67,69),span("Bob",56,58)).
agent_(span("son",67,69),span("Charlie",72,78)).
start_(span("son",67,69),span(20170916,97,116)).
birth_(span("born",89,92)).
agent_(span("born",89,92),span("Charlie",72,78)).
start_(span("born",89,92),span(20170916,97,116)).
\+ s7703_b_2("Alice","home",_,2018).
2025-06-15 00:24:59,674 - INFO - [s7703_b_2_neg] Query:
\+ s7703_b_2("Alice","home",_,2018).
2025-06-15 00:24:59,676 - INFO - [s7703_b_2_neg] Query result: {'truth': True}
2025-06-15 00:24:59,676 - INFO - [s7703_b_2_neg] Result: correct
2025-06-15 00:24:59,679 - INFO - [s7703_b_2_pos] Prolog code:
:- ['/Users/sophie/code/2025-mcm-llms-applied-in-law_context/data/sara_v3/statutes/prolog/section151.pl'].
:- ['/Users/sophie/code/2025-mcm-llms-applied-in-law_context/data/sara_v3/statutes/prolog/section7703.pl'].
:- ['/Users/sophie/code/2025-mcm-llms-applied-in-law_context/data/sara_v3/statutes/prolog/utils.pl'].
:- ['/Users/sophie/code/2025-mcm-llms-applied-in-law_context/data/sara_v3/statutes/prolog/init.pl'].
:- discontiguous s151_c_applies/3.
:- [statutes/prolog/init].
alice_household_maintenance(Year,Event,Start_day,End_day) :-
    between(2017,2027,Year),
    atom_concat("maintained ",Year,Event),
    (
        (
            double_equal(Year, 2017),
            Start_day=20170916
        )
    ;
        (
            \+ double_equal(Year, 2017),
            first_day_year(Year,Start_day)
        )
    ),
    last_day_year(Year,End_day).
payment_(span(Event,152,161)) :- alice_household_maintenance(_,Event,_,_).
agent_(span(Event,152,161),span("Alice",166,170)) :- alice_household_maintenance(_,Event,_,_).
amount_(span(Event,152,161),span(1,152,161)) :- alice_household_maintenance(_,Event,_,_).
purpose_(span(Event,152,161),span("live",137,140)) :- alice_household_maintenance(_,Event,_,_).
start_(span(Event,152,161),span(Start_day,178,197)) :- alice_household_maintenance(_,Event,Start_day,_).
s151_c_applies("Alice","Charlie",Year) :- between(2017,2019,Year).
marriage_(span("married",18,24)).
son_(span("son",67,69)).
residence_(span("live",137,140)).
joint_return_(span("joint return",315,326)).
agent_(span("joint return",315,326),span("Alice",294,298)).
agent_(span("joint return",315,326),span("Bob",304,306)).
start_(span("joint return",315,326),span(20170101,342,345)).
start_(span("joint return",315,326),span(20180101,347,348)).
start_(span("joint return",315,326),span(20190101,350,353)).
agent_(span("married",18,24),span("Alice",0,4)).
agent_(span("married",18,24),span("Bob",10,12)).
start_(span("married",18,24),span(20120405,29,43)).
agent_(span("live",137,140),span("Alice",119,123)).
agent_(span("live",137,140),span("Charlie",129,135)).
patient_(span("live",137,140),span("home",147,150)).
start_(span("live",137,140),span(20170916,178,197)).
patient_(span("son",67,69),span("Alice",46,50)).
patient_(span("son",67,69),span("Bob",56,58)).
agent_(span("son",67,69),span("Charlie",72,78)).
start_(span("son",67,69),span(20170916,97,116)).
birth_(span("born",89,92)).
agent_(span("born",89,92),span("Charlie",72,78)).
start_(span("born",89,92),span(20170916,97,116)).
s7703_b_2("Alice","home",_,2018).
2025-06-15 00:24:59,827 - INFO - [s7703_b_2_pos] Query:
s7703_b_2("Alice","home",_,2018).
2025-06-15 00:24:59,827 - INFO - [s7703_b_2_pos] Query result: {'truth': True}
2025-06-15 00:24:59,827 - INFO - [s7703_b_2_pos] Result: correct
2025-06-15 00:24:59,829 - INFO - [tax_case_28] Prolog code:
:- ['/Users/sophie/code/2025-mcm-llms-applied-in-law_context/data/sara_v3/statutes/prolog/utils.pl'].
:- ['/Users/sophie/code/2025-mcm-llms-applied-in-law_context/data/sara_v3/statutes/prolog/init.pl'].
:- [statutes/prolog/init].
payment_(span("paid",10,13)).
service_(span("service",51,57)).
income_(span("income",115,120)).
agent_(span("income",115,120),span("Alice",101,105)).
start_(span("income",115,120),span(20170101,125,128)).
amount_(span("income",115,120),span(921324,135,140)).
agent_(span("paid",10,13),span("Alice",0,4)).
amount_(span("paid",10,13),span(53200,25,29)).
patient_(span("paid",10,13),span("Bob",34,36)).
purpose_(span("paid",10,13),span("service",51,57)).
start_(span("paid",10,13),span(20170902,86,98)).
patient_(span("service",51,57),span("Alice",0,4)).
agent_(span("service",51,57),span("Bob",34,36)).
purpose_(span("service",51,57),span("domestic service",42,57)).
start_(span("service",51,57),span(20170201,69,81)).
end_(span("service",51,57),span(20170902,86,98)).
tax("Alice",2017,344848).
2025-06-15 00:24:59,969 - INFO - [tax_case_28] Query:
tax("Alice",2017,344848).
2025-06-15 00:24:59,970 - INFO - [tax_case_28] Query result: {'truth': True}
2025-06-15 00:24:59,970 - INFO - [tax_case_28] Result: correct
2025-06-15 00:24:59,971 - INFO - [tax_case_30] Prolog code:
:- ['/Users/sophie/code/2025-mcm-llms-applied-in-law_context/data/sara_v3/statutes/prolog/utils.pl'].
:- ['/Users/sophie/code/2025-mcm-llms-applied-in-law_context/data/sara_v3/statutes/prolog/init.pl'].
:- [statutes/prolog/init].
bob_household_maintenance(Year,Event,Start_day,End_day) :-
    between(2015,2019,Year),
    atom_concat("furnished ",Year,Event),
    first_day_year(Year,Start_day),
    last_day_year(Year,End_day).
payment_(span(Event,146,154)) :-
    bob_household_maintenance(_,Event,_,_).
agent_(span(Event,146,154),span("Bob",142,144)) :-
    bob_household_maintenance(_,Event,_,_).
amount_(span(Event,146,154),span(1,156,158)) :-
    bob_household_maintenance(_,Event,_,_).
purpose_(span(Event,146,154),span("home",185,188)) :-
    bob_household_maintenance(_,Event,_,_).
start_(span(Event,146,154),span(Start_day,128,131)) :-
    bob_household_maintenance(_,Event,Start_day,_).
end_(span(Event,146,154),span(End_day,136,139)) :-
    bob_household_maintenance(_,Event,_,End_day).
income_(span("income",14,19)).
income_(span("income",61,66)).
marriage_(span("married",97,103)).
residence_(span("lived",209,213)).
agent_(span("income",14,19),span("Alice",0,4)).
start_(span("income",14,19),span(20170101,34,37)).
amount_(span("income",14,19),span(6662,43,46)).
start_(span("income",61,66),span(20170101,34,37)).
agent_(span("income",61,66),span("Bob",49,51)).
amount_(span("income",61,66),span(17896,72,76)).
agent_(span("married",97,103),span("Alice",79,83)).
agent_(span("married",97,103),span("Bob",89,91)).
start_(span("married",97,103),span(19920203,108,120)).
start_(span("lived",209,213),span(20040101,128,131)).
end_(span("lived",209,213),span(20191231,136,139)).
agent_(span("lived",209,213),span("Bob",142,144)).
patient_(span("lived",209,213),span("home",185,188)).
agent_(span("lived",209,213),span("Alice",203,207)).
tax("Alice",2017,249).
2025-06-15 00:25:00,107 - INFO - [tax_case_30] Query:
tax("Alice",2017,249).
2025-06-15 00:25:00,107 - INFO - [tax_case_30] Query result: {'truth': True}
2025-06-15 00:25:00,107 - INFO - [tax_case_30] Result: correct
2025-06-15 00:25:00,108 - INFO - [tax_case_31] Prolog code:
:- ['/Users/sophie/code/2025-mcm-llms-applied-in-law_context/data/sara_v3/statutes/prolog/utils.pl'].
:- ['/Users/sophie/code/2025-mcm-llms-applied-in-law_context/data/sara_v3/statutes/prolog/init.pl'].
:- [statutes/prolog/init].
payment_(span("paid",19,22)).
marriage_(span("married",79,85)).
agent_(span("married",79,85),span("Alice",55,59)).
agent_(span("married",79,85),span("Bob",65,67)).
start_(span("married",79,85),span(20170203,93,105)).
start_(span("paid",19,22),span(20170101,3,6)).
patient_(span("paid",19,22),span("Alice",9,13)).
amount_(span("paid",19,22),span(39212,25,29)).
tax("Alice",2017,6621).
2025-06-15 00:25:00,243 - INFO - [tax_case_31] Query:
tax("Alice",2017,6621).
2025-06-15 00:25:00,243 - INFO - [tax_case_31] Query result: {'truth': True}
2025-06-15 00:25:00,243 - INFO - [tax_case_31] Result: correct
2025-06-15 00:25:00,244 - INFO - [tax_case_34] Prolog code:
:- ['/Users/sophie/code/2025-mcm-llms-applied-in-law_context/data/sara_v3/statutes/prolog/utils.pl'].
:- ['/Users/sophie/code/2025-mcm-llms-applied-in-law_context/data/sara_v3/statutes/prolog/init.pl'].
:- [statutes/prolog/init].
income_(span("income",14,19)).
agent_(span("income",14,19),span("Alice",0,4)).
start_(span("income",14,19),span(20170101,34,37)).
amount_(span("income",14,19),span(22895,43,47)).
tax("Alice",2017,2684).
2025-06-15 00:25:00,380 - INFO - [tax_case_34] Query:
tax("Alice",2017,2684).
2025-06-15 00:25:00,380 - INFO - [tax_case_34] Query result: {'truth': True}
2025-06-15 00:25:00,380 - INFO - [tax_case_34] Result: correct
2025-06-15 00:25:00,381 - INFO - [tax_case_43] Prolog code:
:- ['/Users/sophie/code/2025-mcm-llms-applied-in-law_context/data/sara_v3/statutes/prolog/utils.pl'].
:- ['/Users/sophie/code/2025-mcm-llms-applied-in-law_context/data/sara_v3/statutes/prolog/init.pl'].
:- [statutes/prolog/init].
payment_(span("paid",19,22)).
marriage_(span("married",50,56)).
nonresident_alien_(span("nonresident alien",88,104)).
income_(span("earned",132,137)).
joint_return_(span("file jointly",169,180)).
agent_(span("earned",132,137),span("Bob",128,130)).
amount_(span("earned",132,137),span(34081,140,144)).
start_(span("earned",132,137),span(20170101,149,152)).
agent_(span("file jointly",169,180),span("Alice",155,159)).
agent_(span("file jointly",169,180),span("Bob",165,167)).
start_(span("file jointly",169,180),span(20170101,185,188)).
agent_(span("married",50,56),span("Alice",32,36)).
agent_(span("married",50,56),span("Bob",42,44)).
start_(span("married",50,56),span(19920203,61,73)).
agent_(span("nonresident alien",88,104),span("Alice",76,80)).
end_(span("nonresident alien",88,104),span(20140709,112,125)).
start_(span("paid",19,22),span(20170101,3,6)).
patient_(span("paid",19,22),span("Alice",9,13)).
amount_(span("paid",19,22),span(23191,25,29)).
tax("Alice",2017,8439).
2025-06-15 00:25:00,522 - INFO - [tax_case_43] Query:
tax("Alice",2017,8439).
2025-06-15 00:25:00,522 - INFO - [tax_case_43] Query result: {'truth': True}
2025-06-15 00:25:00,522 - INFO - [tax_case_43] Result: correct
2025-06-15 00:25:00,523 - INFO - [tax_case_46] Prolog code:
:- ['/Users/sophie/code/2025-mcm-llms-applied-in-law_context/data/sara_v3/statutes/prolog/utils.pl'].
:- ['/Users/sophie/code/2025-mcm-llms-applied-in-law_context/data/sara_v3/statutes/prolog/init.pl'].
:- [statutes/prolog/init].
payment_(span("paid",10,13)).
service_(span("labor",45,49)).
marriage_(span("married",150,156)).
joint_return_(span("joint return",184,195)).
income_(span("income",254,259)).
agent_(span("income",254,259),span("Alice",223,227)).
start_(span("income",254,259),span(20200101,274,277)).
amount_(span("income",254,259),span(103272,283,288)).
agent_(span("joint return",184,195),span("Alice",170,174)).
agent_(span("joint return",184,195),span("spouse",206,211)).
start_(span("joint return",184,195),span(20200101,217,220)).
agent_(span("married",150,156),span("Alice",135,139)).
start_(span("married",150,156),span(19990101,164,167)).
agent_(span("married",150,156),span("spouse",206,211)).
agent_(span("paid",10,13),span("Alice",0,4)).
amount_(span("paid",10,13),span(3200,16,19)).
patient_(span("paid",10,13),span("Bob",24,26)).
purpose_(span("paid",10,13),span("labor",45,49)).
start_(span("paid",10,13),span(20200902,78,90)).
means_(span("paid",10,13),span("eggs, grapes and hay",113,132)).
patient_(span("labor",45,49),span("Alice",0,4)).
agent_(span("labor",45,49),span("Bob",24,26)).
purpose_(span("labor",45,49),span("agricultural labor",32,49)).
start_(span("labor",45,49),span(20200201,61,73)).
end_(span("labor",45,49),span(20200902,78,90)).
tax("Alice",2020,17399).
2025-06-15 00:25:00,662 - INFO - [tax_case_46] Query:
tax("Alice",2020,17399).
2025-06-15 00:25:00,662 - INFO - [tax_case_46] Query result: {'truth': True}
2025-06-15 00:25:00,662 - INFO - [tax_case_46] Result: correct
2025-06-15 00:25:00,663 - INFO - [tax_case_48] Prolog code:
:- ['/Users/sophie/code/2025-mcm-llms-applied-in-law_context/data/sara_v3/statutes/prolog/utils.pl'].
:- ['/Users/sophie/code/2025-mcm-llms-applied-in-law_context/data/sara_v3/statutes/prolog/init.pl'].
:- [statutes/prolog/init].
bob_household_maintenance(Year,Event,Start_day,End_day) :-
    between(2004,2018,Year),
    atom_concat("furnished the costs ",Year,Event),
    first_day_year(Year,Start_day),
    last_day_year(Year,End_day).
payment_(span(Event,181,191)) :- bob_household_maintenance(_,Event,_,_).
agent_(span(Event,181,191),span("Bob",154,156)) :- bob_household_maintenance(_,Event,_,_).
amount_(span(Event,181,191),span(1,181,191)) :- bob_household_maintenance(_,Event,_,_).
purpose_(span(Event,181,191),span("home",197,200)) :- bob_household_maintenance(_,Event,_,_).
start_(span(Event,181,191),span(Start_day,140,143)) :- bob_household_maintenance(_,Event,Start_day,_).
end_(span(Event,181,191),span(End_day,148,151)) :- bob_household_maintenance(_,Event,_,End_day).
marriage_(span("married",18,24)).
son_(span("child",65,69)).
death_(span("died",111,114)).
residence_(span("lived",223,227)).
marriage_(span("married",255,261)).
joint_return_(span("joint return",302,313)).
income_(span("income",343,348)).
agent_(span("died",111,114),span("Alice",105,109)).
start_(span("died",111,114),span(20140709,119,132)).
agent_(span("income",343,348),span("Bob",331,333)).
start_(span("income",343,348),span(20180101,353,356)).
amount_(span("income",343,348),span(132268,363,368)).
agent_(span("joint return",302,313),span("Charlie",247,253)).
agent_(span("joint return",302,313),span("Dan",263,265)).
start_(span("joint return",302,313),span(20180101,280,283)).
agent_(span("married",18,24),span("Alice",0,4)).
agent_(span("married",18,24),span("Bob",10,12)).
start_(span("married",18,24),span(19920203,29,41)).
agent_(span("married",255,261),span("Charlie",247,253)).
agent_(span("married",255,261),span("Dan",263,265)).
start_(span("married",255,261),span(20180214,270,283)).
start_(span("lived",223,227),span(20040101,140,143)).
end_(span("lived",223,227),span(20181231,148,151)).
agent_(span("lived",223,227),span("Bob",154,156)).
patient_(span("lived",223,227),span("home",197,200)).
agent_(span("lived",223,227),span("Charlie",215,221)).
patient_(span("child",65,69),span("Alice",44,48)).
patient_(span("child",65,69),span("Bob",54,56)).
agent_(span("child",65,69),span("Charlie",72,78)).
start_(span("child",65,69),span(20001009,86,102)).
birth_(span("born",81,84)).
agent_(span("born",81,84),span("Charlie",72,78)).
start_(span("born",81,84),span(20001009,86,102)).
tax("Bob",2018,33068).
2025-06-15 00:25:00,790 - INFO - [tax_case_48] Query:
tax("Bob",2018,33068).
2025-06-15 00:25:00,790 - INFO - [tax_case_48] Query result: {'truth': True}
2025-06-15 00:25:00,790 - INFO - [tax_case_48] Result: correct
2025-06-15 00:25:00,791 - INFO - [tax_case_49] Prolog code:
:- ['/Users/sophie/code/2025-mcm-llms-applied-in-law_context/data/sara_v3/statutes/prolog/utils.pl'].
:- ['/Users/sophie/code/2025-mcm-llms-applied-in-law_context/data/sara_v3/statutes/prolog/init.pl'].
:- [statutes/prolog/init].
father_(span("father",27,32)).
income_(span("income",76,81)).
agent_(span("father",27,32),span("Bob",0,2)).
patient_(span("father",27,32),span("Alice",7,11)).
patient_(span("father",27,32),span("Charlie",17,23)).
agent_(span("income",76,81),span("Alice",62,66)).
start_(span("income",76,81),span(20150101,86,89)).
amount_(span("income",76,81),span(264215,95,100)).
tax("Alice",2015,82819).
2025-06-15 00:25:00,922 - INFO - [tax_case_49] Query:
tax("Alice",2015,82819).
2025-06-15 00:25:00,922 - INFO - [tax_case_49] Query result: {'truth': True}
2025-06-15 00:25:00,922 - INFO - [tax_case_49] Result: correct
2025-06-15 00:25:00,922 - INFO - [tax_case_53] Prolog code:
:- ['/Users/sophie/code/2025-mcm-llms-applied-in-law_context/data/sara_v3/statutes/prolog/utils.pl'].
:- ['/Users/sophie/code/2025-mcm-llms-applied-in-law_context/data/sara_v3/statutes/prolog/init.pl'].
:- [statutes/prolog/init].
brother_(span("brother",12,18)).
patient_(span("brother",12,18),span("Alice",0,4)).
agent_(span("brother",12,18),span("Bob",21,23)).
start_(span("brother",12,18),span(20140131,39,56)).
income_(span("income",73,78)).
agent_(span("income",73,78),span("Alice",59,63)).
start_(span("income",73,78),span(20200101,83,86)).
amount_(span("income",73,78),span(604312,93,98)).
marriage_(span("married",107,113)).
agent_(span("married",107,113),span("Alice",101,105)).
agent_(span("married",107,113),span("Charlie",115,121)).
start_(span("married",107,113),span(19921012,126,143)).
joint_return_(span("file jointly",195,206)).
start_(span("file jointly",195,206),span(20200101,171,174)).
agent_(span("file jointly",195,206),span("Alice",177,181)).
agent_(span("file jointly",195,206),span("Charlie",187,193)).
birth_(span("born",34,37)).
agent_(span("born",34,37),span("Bob",21,23)).
start_(span("born",34,37),span(20140131,39,56)).
tax("Alice",2020,206332).
2025-06-15 00:25:01,050 - INFO - [tax_case_53] Query:
tax("Alice",2020,206332).
2025-06-15 00:25:01,050 - INFO - [tax_case_53] Query result: {'truth': True}
2025-06-15 00:25:01,050 - INFO - [tax_case_53] Result: correct
2025-06-15 00:25:01,051 - INFO - [tax_case_57] Prolog code:
:- ['/Users/sophie/code/2025-mcm-llms-applied-in-law_context/data/sara_v3/statutes/prolog/utils.pl'].
:- ['/Users/sophie/code/2025-mcm-llms-applied-in-law_context/data/sara_v3/statutes/prolog/init.pl'].
:- [statutes/prolog/init].
marriage_(span("married",10,16)).
joint_return_(span("joint return",49,60)).
income_(span("income",102,107)).
income_(span("income",155,160)).
agent_(span("income",102,107),span("Alice",88,92)).
start_(span("income",102,107),span(20170101,122,125)).
amount_(span("income",102,107),span(22895,131,135)).
start_(span("income",155,160),span(20170101,122,125)).
agent_(span("income",155,160),span("spouse",146,151)).
amount_(span("income",155,160),span(14257,166,170)).
agent_(span("joint return",49,60),span("Alice",35,39)).
agent_(span("joint return",49,60),span("spouse",71,76)).
start_(span("joint return",49,60),span(20170101,82,85)).
agent_(span("married",10,16),span("Alice",0,4)).
start_(span("married",10,16),span(20000229,21,32)).
agent_(span("married",10,16),span("spouse",71,76)).
tax("Alice",2017,4073).
2025-06-15 00:25:01,186 - INFO - [tax_case_57] Query:
tax("Alice",2017,4073).
2025-06-15 00:25:01,186 - INFO - [tax_case_57] Query result: {'truth': True}
2025-06-15 00:25:01,186 - INFO - [tax_case_57] Result: correct
2025-06-15 00:25:01,188 - INFO - [tax_case_68] Prolog code:
:- ['/Users/sophie/code/2025-mcm-llms-applied-in-law_context/data/sara_v3/statutes/prolog/utils.pl'].
:- ['/Users/sophie/code/2025-mcm-llms-applied-in-law_context/data/sara_v3/statutes/prolog/init.pl'].
:- [statutes/prolog/init].
payment_(span("paid",10,13)).
service_(span("service",41,47)).
payment_(span("paid",108,111)).
service_(span("work",132,135)).
payment_(span("paid",199,202)).
agent_(span("paid",10,13),span("Alice",0,4)).
amount_(span("paid",10,13),span(3200,16,19)).
patient_(span("paid",10,13),span("Bob",24,26)).
purpose_(span("paid",10,13),span("service",41,47)).
start_(span("paid",10,13),span(20170902,76,88)).
patient_(span("paid",199,202),span("Alice",179,183)).
amount_(span("paid",199,202),span(113209,205,210)).
start_(span("paid",199,202),span(20180101,215,218)).
agent_(span("paid",108,111),span("Bob",100,102)).
amount_(span("paid",108,111),span(4500,114,117)).
patient_(span("paid",108,111),span("Alice",122,126)).
purpose_(span("paid",108,111),span("work",132,135)).
start_(span("paid",108,111),span(20180101,94,97)).
patient_(span("service",41,47),span("Alice",0,4)).
agent_(span("service",41,47),span("Bob",24,26)).
purpose_(span("service",41,47),span("domestic service",32,47)).
start_(span("service",41,47),span(20170201,59,71)).
end_(span("service",41,47),span(20170902,76,88)).
start_(span("work",132,135),span(20170401,147,159)).
end_(span("work",132,135),span(20180901,164,176)).
patient_(span("work",132,135),span("Bob",100,102)).
agent_(span("work",132,135),span("Alice",122,126)).
tax("Alice",2018,28292).
2025-06-15 00:25:01,323 - INFO - [tax_case_68] Query:
tax("Alice",2018,28292).
2025-06-15 00:25:01,323 - INFO - [tax_case_68] Query result: {'truth': True}
2025-06-15 00:25:01,323 - INFO - [tax_case_68] Result: correct
2025-06-15 00:25:01,324 - INFO - [tax_case_69] Prolog code:
:- ['/Users/sophie/code/2025-mcm-llms-applied-in-law_context/data/sara_v3/statutes/prolog/utils.pl'].
:- ['/Users/sophie/code/2025-mcm-llms-applied-in-law_context/data/sara_v3/statutes/prolog/init.pl'].
:- [statutes/prolog/init].
marriage_(span("married",19,25)).
income_(span("income",79,84)).
agent_(span("income",79,84),span("Alice",65,69)).
start_(span("income",79,84),span(20140101,99,102)).
amount_(span("income",79,84),span(718791,108,113)).
agent_(span("married",19,25),span("Alice",0,4)).
agent_(span("married",19,25),span("Bob",10,12)).
start_(span("married",19,25),span(19970203,32,44)).
end_(span("married",19,25),span(20011030,49,62)).
tax("Alice",2014,264225).
2025-06-15 00:25:01,461 - INFO - [tax_case_69] Query:
tax("Alice",2014,264225).
2025-06-15 00:25:01,461 - INFO - [tax_case_69] Query result: {'truth': True}
2025-06-15 00:25:01,461 - INFO - [tax_case_69] Result: correct
2025-06-15 00:25:01,462 - INFO - [tax_case_75] Prolog code:
:- ['/Users/sophie/code/2025-mcm-llms-applied-in-law_context/data/sara_v3/statutes/prolog/utils.pl'].
:- ['/Users/sophie/code/2025-mcm-llms-applied-in-law_context/data/sara_v3/statutes/prolog/init.pl'].
:- [statutes/prolog/init].
start_(span("pays",59,62),span(Day,47,50)) :- between(2007,2017,Year),
    first_day_year(Year,Day).
start_(span("pays",127,130),span(Day,47,50)) :- between(2007,2017,Year),
    first_day_year(Year,Day).
residence_(span("house",15,19)).
father_(span("father",30,35)).
payment_(span("pays",59,62)).
brother_(span("brother",118,124)).
payment_(span("pays",127,130)).
income_(span("income",169,174)).
income_(span("income",219,224)).
deduction_(span("deductions",264,273)).
agent_(span("brother",118,124),span("Charlie",105,111)).
patient_(span("brother",118,124),span("Alice",53,57)).
start_(span("deductions",264,273),span(20120101,189,192)).
agent_(span("deductions",264,273),span("Alice",238,242)).
amount_(span("deductions",264,273),span(17817,279,283)).
patient_(span("father",30,35),span("Alice",0,4)).
agent_(span("father",30,35),span("Bob",37,39)).
agent_(span("income",169,174),span("Alice",155,159)).
start_(span("income",169,174),span(20120101,189,192)).
amount_(span("income",169,174),span(67285,199,203)).
start_(span("income",219,224),span(20120101,189,192)).
agent_(span("income",219,224),span("Charlie",209,215)).
amount_(span("income",219,224),span(56174,231,235)).
purpose_(span("pays",59,62),span("house",15,19)).
agent_(span("pays",59,62),span("Alice",53,57)).
amount_(span("pays",59,62),span(75,68,69)).
purpose_(span("pays",127,130),span("house",15,19)).
amount_(span("pays",127,130),span(25,150,151)).
agent_(span("pays",127,130),span("Charlie",105,111)).
agent_(span("house",15,19),span("Alice",0,4)).
patient_(span("house",15,19),span("house",15,19)).
agent_(span("house",15,19),span("Bob",37,39)).
start_(span("house",15,19),span(20070101,47,50)).
tax("Alice",2012,8883).
2025-06-15 00:25:01,604 - INFO - [tax_case_75] Query:
tax("Alice",2012,8883).
2025-06-15 00:25:01,604 - INFO - [tax_case_75] Query result: {'truth': True}
2025-06-15 00:25:01,604 - INFO - [tax_case_75] Result: correct
2025-06-15 00:25:01,606 - INFO - [tax_case_77] Prolog code:
:- ['/Users/sophie/code/2025-mcm-llms-applied-in-law_context/data/sara_v3/statutes/prolog/utils.pl'].
:- ['/Users/sophie/code/2025-mcm-llms-applied-in-law_context/data/sara_v3/statutes/prolog/init.pl'].
:- [statutes/prolog/init].
income_(span("income",14,19)).
son_(span("son",68,70)).
son_(span("son",79,81)).
residence_(span("lives",92,96)).
residence_(span("place",105,109)).
payment_(span("maintains",129,137)).
agent_(span("income",14,19),span("Alice",0,4)).
start_(span("income",14,19),span(20230101,34,37)).
amount_(span("income",14,19),span(54775,43,47)).
purpose_(span("maintains",129,137),span("house",114,118)).
amount_(span("maintains",129,137),span(1,129,137)).
start_(span("maintains",129,137),span(20230101,53,56)).
agent_(span("maintains",129,137),span("Alice",0,4)).
patient_(span("place",105,109),span("house",114,118)).
end_(span("place",105,109),span(20231231,53,56)).
start_(span("place",105,109),span(20230101,53,56)).
agent_(span("place",105,109),span("Alice",0,4)).
patient_(span("lives",92,96),span("house",114,118)).
agent_(span("lives",92,96),span("Bob",59,61)).
end_(span("lives",92,96),span(20231231,53,56)).
start_(span("lives",92,96),span(20230101,53,56)).
agent_(span("son",68,70),span("Bob",59,61)).
patient_(span("son",68,70),span("Charlie",83,89)).
patient_(span("son",79,81),span("Alice",0,4)).
agent_(span("son",79,81),span("Charlie",83,89)).
tax("Alice",2023,6449).
2025-06-15 00:25:01,748 - INFO - [tax_case_77] Query:
tax("Alice",2023,6449).
2025-06-15 00:25:01,748 - INFO - [tax_case_77] Query result: {'truth': True}
2025-06-15 00:25:01,748 - INFO - [tax_case_77] Result: correct
2025-06-15 00:25:01,749 - INFO - [tax_case_78] Prolog code:
:- ['/Users/sophie/code/2025-mcm-llms-applied-in-law_context/data/sara_v3/statutes/prolog/utils.pl'].
:- ['/Users/sophie/code/2025-mcm-llms-applied-in-law_context/data/sara_v3/statutes/prolog/init.pl'].
marriage_(span("married",18,24)).
agent_(span("married",18,24),span("Alice",0,4)).
agent_(span("married",18,24),span("Bob",10,12)).
start_(span("married",18,24),span(20120405,29,43)).
son_(span("son",67,69)).
patient_(span("son",67,69),span("Alice",46,50)).
patient_(span("son",67,69),span("Bob",56,58)).
agent_(span("son",67,69),span("Charlie",72,78)).
start_(span("son",67,69),span(20170916,97,116)).
residence_(span("live",137,140)).
agent_(span("live",137,140),span("Alice",119,123)).
agent_(span("live",137,140),span("Charlie",129,135)).
patient_(span("live",137,140),span("home",147,150)).
start_(span("live",137,140),span(20170916,178,197)).
alice_household_maintenance(Year,Event,Start_day,End_day) :-
    between(2017,2027,Year),
    atom_concat("maintained ",Year,Event),
    (
        (
            double_equal(Year, 2017),
            Start_day=20170916
        )
    ;
        (
            \+ double_equal(Year, 2017),
            first_day_year(Year,Start_day)
        )
    ),
    last_day_year(Year,End_day).
payment_(span(Event,152,161)) :- alice_household_maintenance(_,Event,_,_).
agent_(span(Event,152,161),span("Alice",166,170)) :- alice_household_maintenance(_,Event,_,_).
amount_(span(Event,152,161),span(1,152,161)) :- alice_household_maintenance(_,Event,_,_).
purpose_(span(Event,152,161),span("home",147,150)) :- alice_household_maintenance(_,Event,_,_).
start_(span(Event,152,161),span(Start_day,178,197)) :- alice_household_maintenance(_,Event,Start_day,_).
end_(span(Event,152,161),span(End_day,178,197)) :- alice_household_maintenance(_,Event,_,End_day).
income_(span("income",214,219)).
agent_(span("income",214,219),span("Alice",200,204)).
start_(span("income",214,219),span(20190101,224,227)).
amount_(span("income",214,219),span(73124,233,237)).
residence_(span("abode",361,365)).
end_(span("abode",361,365),span(20191231,316,319)).
start_(span("abode",361,365),span(20190101,316,319)).
agent_(span("abode",361,365),span("Bob",322,324)).
patient_(span("abode",361,365),span("place",352,356)).
birth_(span("born",89,92)).
agent_(span("born",89,92),span("Charlie",72,78)).
start_(span("born",89,92),span(20170916,97,116)).
tax("Alice",2019,14470).
2025-06-15 00:25:01,784 - INFO - [tax_case_78] Query:
tax("Alice",2019,14470).
2025-06-15 00:25:01,784 - INFO - [tax_case_78] Query result: {'truth': True}
2025-06-15 00:25:01,784 - INFO - [tax_case_78] Result: correct
2025-06-15 00:25:01,784 - INFO - [tax_case_82] Prolog code:
:- ['/Users/sophie/code/2025-mcm-llms-applied-in-law_context/data/sara_v3/statutes/prolog/utils.pl'].
:- ['/Users/sophie/code/2025-mcm-llms-applied-in-law_context/data/sara_v3/statutes/prolog/init.pl'].
:- [statutes/prolog/init].
payment_(span("paid",19,22)).
payment_(span("paid",71,74)).
service_(span("work",94,97)).
american_employer_(span("American employer",176,192)).
citizenship_(span("citizen",218,224)).
agent_(span("American employer",176,192),span("Alice",164,168)).
agent_(span("citizen",218,224),span("Bob",199,201)).
agent_(span("paid",71,74),span("Alice",61,65)).
amount_(span("paid",71,74),span(11571,77,81)).
patient_(span("paid",71,74),span("Bob",86,88)).
purpose_(span("paid",71,74),span("work",94,97)).
start_(span("paid",71,74),span(20120901,126,138)).
start_(span("paid",19,22),span(20120101,3,6)).
patient_(span("paid",19,22),span("Alice",9,13)).
amount_(span("paid",19,22),span(54268,25,29)).
patient_(span("work",94,97),span("Alice",61,65)).
agent_(span("work",94,97),span("Bob",86,88)).
start_(span("work",94,97),span(20120201,109,121)).
end_(span("work",94,97),span(20120901,126,138)).
location_(span("work",94,97),span("Caracas, Venezuela",144,161)).
country_(span("Caracas, Venezuela",144,161),span("Venezuela",153,161)).
patient_(span("citizen",218,224),span("American",209,216)).
tax("Bob",2012,986).
2025-06-15 00:25:01,908 - INFO - [tax_case_82] Query:
tax("Bob",2012,986).
2025-06-15 00:25:01,908 - INFO - [tax_case_82] Query result: {'truth': True}
2025-06-15 00:25:01,908 - INFO - [tax_case_82] Result: correct
2025-06-15 00:25:01,909 - INFO - [tax_case_85] Prolog code:
:- ['/Users/sophie/code/2025-mcm-llms-applied-in-law_context/data/sara_v3/statutes/prolog/utils.pl'].
:- ['/Users/sophie/code/2025-mcm-llms-applied-in-law_context/data/sara_v3/statutes/prolog/init.pl'].
:- [statutes/prolog/init].
payment_(span("paid",19,22)).
brother_(span("brother",44,50)).
son_(span("son",68,70)).
residence_(span("lived",76,80)).
residence_(span("place",93,97)).
payment_(span("maintains",125,133)).
residence_(span("abode",188,192)).
patient_(span("brother",44,50),span("Alice",32,36)).
agent_(span("brother",44,50),span("Charlie",53,59)).
agent_(span("maintains",125,133),span("Alice",85,89)).
purpose_(span("maintains",125,133),span("house",110,114)).
amount_(span("maintains",125,133),span(1,125,133)).
start_(span("maintains",125,133),span(20190101,102,105)).
start_(span("paid",19,22),span(20190101,3,6)).
patient_(span("paid",19,22),span("Alice",9,13)).
amount_(span("paid",19,22),span(34510,25,29)).
agent_(span("place",93,97),span("Alice",85,89)).
patient_(span("place",93,97),span("house",110,114)).
end_(span("place",93,97),span(20191231,102,105)).
start_(span("place",93,97),span(20190101,102,105)).
agent_(span("lived",76,80),span("Bob",72,74)).
patient_(span("lived",76,80),span("house",110,114)).
end_(span("lived",76,80),span(20191231,102,105)).
start_(span("lived",76,80),span(20190101,102,105)).
end_(span("abode",188,192),span(20191231,139,142)).
start_(span("abode",188,192),span(20190101,139,142)).
agent_(span("abode",188,192),span("Charlie",145,151)).
patient_(span("abode",188,192),span("place",179,183)).
patient_(span("son",68,70),span("Charlie",53,59)).
agent_(span("son",68,70),span("Bob",72,74)).
tax("Alice",2019,2477).
2025-06-15 00:25:02,044 - INFO - [tax_case_85] Query:
tax("Alice",2019,2477).
2025-06-15 00:25:02,044 - INFO - [tax_case_85] Query result: {'truth': True}
2025-06-15 00:25:02,044 - INFO - [tax_case_85] Result: correct
2025-06-15 00:25:02,045 - INFO - [tax_case_9] Prolog code:
:- ['/Users/sophie/code/2025-mcm-llms-applied-in-law_context/data/sara_v3/statutes/prolog/utils.pl'].
:- ['/Users/sophie/code/2025-mcm-llms-applied-in-law_context/data/sara_v3/statutes/prolog/init.pl'].
:- [statutes/prolog/init].
bob_household_maintenance(Year,Event,Start_day,End_day) :-
    between(2017,2027,Year),
    atom_concat("Bob the remaining 60% ",Year,Event),
    (
        (
            double_equal(Year, 2017),
            Start_day=20170916
        )
    ;
        (
            \+ double_equal(Year, 2017),
            first_day_year(Year,Start_day)
        )
    ),
    last_day_year(Year,End_day).
payment_(span(Event,220,228)) :- bob_household_maintenance(_,Event,_,_).
agent_(span(Event,220,228),span("Bob",212,214)) :- bob_household_maintenance(_,Event,_,_).
amount_(span(Event,220,228),span(60,230,231)) :- bob_household_maintenance(_,Event,_,_).
purpose_(span(Event,220,228),span("live",137,140)) :- bob_household_maintenance(_,Event,_,_).
start_(span(Event,220,228),span(Start_day,241,260)) :- bob_household_maintenance(_,Event,Start_day,_).
end_(span(Event,220,228),span(End_day,241,260)) :- bob_household_maintenance(_,Event,_,End_day).
alice_household_maintenance(Year,Event,Start_day,End_day) :-
    between(2017,2027,Year),
    atom_concat("Alice furnished 40% of the maintenance costs ",Year,Event),
    (
        (
            double_equal(Year, 2017),
            Start_day=20170916
        )
    ;
        (
            \+ double_equal(Year, 2017),
            first_day_year(Year,Start_day)
        )
    ),
    last_day_year(Year,End_day).
payment_(span(Event,168,176)) :- alice_household_maintenance(_,Event,_,_).
agent_(span(Event,168,176),span("Alice",162,166)) :- alice_household_maintenance(_,Event,_,_).
amount_(span(Event,168,176),span(40,178,179)) :- alice_household_maintenance(_,Event,_,_).
purpose_(span(Event,168,176),span("live",137,140)) :- alice_household_maintenance(_,Event,_,_).
start_(span(Event,168,176),span(Start_day,241,260)) :- alice_household_maintenance(_,Event,Start_day,_).
end_(span(Event,168,176),span(End_day,241,260)) :- alice_household_maintenance(_,Event,_,End_day).
joint_return_alice_and_bob(Year,Event,Start_day,End_day) :-
    between(2017,2019,Year),
    atom_concat("file jointly ",Year,Event),
    first_day_year(Year,Start_day),
    last_day_year(Year,End_day).
joint_return_(span(Event,277,288)) :- joint_return_alice_and_bob(_,Event,_,_).
agent_(span(Event,277,288),span("Alice",263,267)) :- joint_return_alice_and_bob(_,Event,_,_).
agent_(span(Event,277,288),span("Bob",273,275)) :- joint_return_alice_and_bob(_,Event,_,_).
start_(span(Event,277,288),span(Day,295,298)) :- joint_return_alice_and_bob(_,Event,Day,_).
end_(span(Event,277,288),span(Day,303,306)) :- joint_return_alice_and_bob(_,Event,_,Day).
income_(span("Alice",309,313)).
agent_(span("Alice",309,313),span("Alice",309,313)).
amount_(span("Alice",309,313),span(36991,353,357)).
start_(span("Alice",309,313),span(20180101,342,345)).
marriage_(span("married",18,24)).
son_(span("son",67,69)).
residence_(span("live",137,140)).
agent_(span("live",137,140),span("Alice",119,123)).
agent_(span("live",137,140),span("Charlie",129,135)).
patient_(span("live",137,140),span("home",147,150)).
start_(span("live",137,140),span(20170916,241,260)).
income_(span("Bob",319,321)).
residence_(span("lived",450,454)).
agent_(span("Bob",319,321),span("Bob",319,321)).
start_(span("Bob",319,321),span(20180101,342,345)).
amount_(span("Bob",319,321),span(41990,364,368)).
agent_(span("married",18,24),span("Alice",0,4)).
agent_(span("married",18,24),span("Bob",10,12)).
start_(span("married",18,24),span(20120405,29,43)).
start_(span("lived",450,454),span(20170101,432,435)).
end_(span("lived",450,454),span(20191231,440,443)).
agent_(span("lived",450,454),span("Bob",446,448)).
patient_(span("lived",450,454),span("separately",456,465)).
patient_(span("son",67,69),span("Alice",46,50)).
patient_(span("son",67,69),span("Bob",56,58)).
agent_(span("son",67,69),span("Charlie",72,78)).
start_(span("son",67,69),span(20170916,97,116)).
birth_(span("born",89,92)).
agent_(span("born",89,92),span("Charlie",72,78)).
start_(span("born",89,92),span(20170916,97,116)).
tax("Alice",2018,10598).
2025-06-15 00:25:02,185 - INFO - [tax_case_9] Query:
tax("Alice",2018,10598).
2025-06-15 00:25:02,185 - INFO - [tax_case_9] Query result: {'truth': True}
2025-06-15 00:25:02,185 - INFO - [tax_case_9] Result: correct
2025-06-15 00:25:02,186 - INFO - [tax_case_90] Prolog code:
:- ['/Users/sophie/code/2025-mcm-llms-applied-in-law_context/data/sara_v3/statutes/prolog/utils.pl'].
:- ['/Users/sophie/code/2025-mcm-llms-applied-in-law_context/data/sara_v3/statutes/prolog/init.pl'].
:- [statutes/prolog/init].
bob_household_maintenance(Year,Event,Start_day,End_day) :-
    between(2015,2019,Year),
    atom_concat("furnished the costs ",Year,Event),
    first_day_year(Year,Start_day),
    last_day_year(Year,End_day).
payment_(span(Event,97,105)) :- bob_household_maintenance(_,Event,_,_).
agent_(span(Event,97,105),span("Bob",93,95)) :- bob_household_maintenance(_,Event,_,_).
amount_(span(Event,97,105),span(1,107,109)) :- bob_household_maintenance(_,Event,_,_).
purpose_(span(Event,97,105),span("home",136,139)) :- bob_household_maintenance(_,Event,_,_).
start_(span(Event,97,105),span(Start_day,79,82)) :- bob_household_maintenance(_,Event,Start_day,_).
end_(span(Event,97,105),span(End_day,87,90)) :- bob_household_maintenance(_,Event,_,End_day).
bob_income(Year,Event,Day) :-
    between(2015,2019,Year),
    atom_concat("bob_income_",Year,Event),
    last_day_year(Year,Day).
income_(span(Event,279,284)) :- bob_income(_,Event,_).
agent_(span(Event,279,284),span("Bob",275,277)) :- bob_income(_,Event,_).
amount_(span(Event,279,284),span(304598,287,292)) :- bob_income(_,Event,_).
start_(span(Event,279,284),span(Day,310,313)) :- bob_income(_,Event,Day).
marriage_(span("married",18,24)).
death_(span("died",50,53)).
residence_(span("lived",173,177)).
agent_(span("died",50,53),span("Alice",44,48)).
start_(span("died",50,53),span(20140709,58,71)).
agent_(span("married",18,24),span("Alice",0,4)).
agent_(span("married",18,24),span("Bob",10,12)).
start_(span("married",18,24),span(19920203,29,41)).
start_(span("lived",173,177),span(20150101,79,82)).
end_(span("lived",173,177),span(20191231,87,90)).
agent_(span("lived",173,177),span("Bob",93,95)).
patient_(span("lived",173,177),span("home",136,139)).
agent_(span("lived",173,177),span("Charlie",165,171)).
tax("Bob",2018,96641).
2025-06-15 00:25:02,322 - INFO - [tax_case_90] Query:
tax("Bob",2018,96641).
2025-06-15 00:25:02,323 - INFO - [tax_case_90] Query result: {'truth': True}
2025-06-15 00:25:02,323 - INFO - [tax_case_90] Result: correct
2025-06-15 00:25:02,324 - INFO - [tax_case_93] Prolog code:
:- ['/Users/sophie/code/2025-mcm-llms-applied-in-law_context/data/sara_v3/statutes/prolog/utils.pl'].
:- ['/Users/sophie/code/2025-mcm-llms-applied-in-law_context/data/sara_v3/statutes/prolog/init.pl'].
:- [statutes/prolog/init].
father_(span("father",15,20)).
income_(span("income",37,42)).
agent_(span("father",15,20),span("Bob",0,2)).
patient_(span("father",15,20),span("Alice",7,11)).
agent_(span("income",37,42),span("Alice",23,27)).
start_(span("income",37,42),span(20150101,47,50)).
amount_(span("income",37,42),span(311510,56,61)).
tax("Alice",2015,102150).
2025-06-15 00:25:02,463 - INFO - [tax_case_93] Query:
tax("Alice",2015,102150).
2025-06-15 00:25:02,463 - INFO - [tax_case_93] Query result: {'truth': True}
2025-06-15 00:25:02,463 - INFO - [tax_case_93] Result: correct
2025-06-15 00:28:00,690 - INFO - [s151_d_1_neg] Prolog code:
:- ['/Users/sophie/code/2025-mcm-llms-applied-in-law_context/data/sara_v3/statutes/prolog/section151.pl'].
:- ['/Users/sophie/code/2025-mcm-llms-applied-in-law_context/data/sara_v3/statutes/prolog/utils.pl'].
:- ['/Users/sophie/code/2025-mcm-llms-applied-in-law_context/data/sara_v3/statutes/prolog/init.pl'].
:- discontiguous s151_b_applies/2.
:- [statutes/prolog/init].
s151_b_applies("Alice",2015).
\+ s151_d_1(0).
2025-06-15 00:28:00,920 - INFO - [s151_d_1_neg] Query:
\+ s151_d_1(0).
2025-06-15 00:28:00,920 - INFO - [s151_d_1_neg] Query result: {'truth': True}
2025-06-15 00:28:00,920 - INFO - [s151_d_1_neg] Result: correct
2025-06-15 00:28:00,922 - INFO - [s151_d_1_pos] Prolog code:
:- ['/Users/sophie/code/2025-mcm-llms-applied-in-law_context/data/sara_v3/statutes/prolog/section151.pl'].
:- ['/Users/sophie/code/2025-mcm-llms-applied-in-law_context/data/sara_v3/statutes/prolog/utils.pl'].
:- ['/Users/sophie/code/2025-mcm-llms-applied-in-law_context/data/sara_v3/statutes/prolog/init.pl'].
:- discontiguous s151_b_applies/2.
:- [statutes/prolog/init].
s151_b_applies("Alice",2015).
s151_d_1(2000).
2025-06-15 00:28:01,055 - INFO - [s151_d_1_pos] Query:
s151_d_1(2000).
2025-06-15 00:28:01,055 - INFO - [s151_d_1_pos] Query result: {'truth': True}
2025-06-15 00:28:01,055 - INFO - [s151_d_1_pos] Result: correct
2025-06-15 00:28:01,057 - INFO - [s151_d_3_A_neg] Prolog code:
:- ['/Users/sophie/code/2025-mcm-llms-applied-in-law_context/data/sara_v3/statutes/prolog/section151.pl'].
:- ['/Users/sophie/code/2025-mcm-llms-applied-in-law_context/data/sara_v3/statutes/prolog/utils.pl'].
:- ['/Users/sophie/code/2025-mcm-llms-applied-in-law_context/data/sara_v3/statutes/prolog/init.pl'].
:- discontiguous s151_c/4.
:- [statutes/prolog/init].
s151_c("Alice",_,2000,2015).
income_(span("income",8,13)).
agent_(span("income",8,13),span("Alice",0,4)).
start_(span("income",8,13),span(20150101,18,21)).
amount_(span("income",8,13),span(260932,28,33)).
\+ s151_d_3_A("Alice",_,_,_,2000,1900,2015).
2025-06-15 00:28:01,299 - INFO - [s151_d_3_A_neg] Query:
\+ s151_d_3_A("Alice",_,_,_,2000,1900,2015).
2025-06-15 00:28:01,300 - INFO - [s151_d_3_A_neg] Query result: {'truth': True}
2025-06-15 00:28:01,300 - INFO - [s151_d_3_A_neg] Result: correct
2025-06-15 00:28:01,302 - INFO - [s151_d_3_A_pos] Prolog code:
:- ['/Users/sophie/code/2025-mcm-llms-applied-in-law_context/data/sara_v3/statutes/prolog/section151.pl'].
:- ['/Users/sophie/code/2025-mcm-llms-applied-in-law_context/data/sara_v3/statutes/prolog/utils.pl'].
:- ['/Users/sophie/code/2025-mcm-llms-applied-in-law_context/data/sara_v3/statutes/prolog/init.pl'].
:- discontiguous s151_c/4.
:- [statutes/prolog/init].
s151_c("Alice",_,2000,2015).
income_(span("income",8,13)).
agent_(span("income",8,13),span("Alice",0,4)).
start_(span("income",8,13),span(20150101,18,21)).
amount_(span("income",8,13),span(260932,28,33)).
s151_d_3_A("Alice",_,_,_,2000,1800,2015).
2025-06-15 00:28:01,441 - INFO - [s151_d_3_A_pos] Query:
s151_d_3_A("Alice",_,_,_,2000,1800,2015).
2025-06-15 00:28:01,441 - INFO - [s151_d_3_A_pos] Query result: {'truth': True}
2025-06-15 00:28:01,441 - INFO - [s151_d_3_A_pos] Result: correct
2025-06-15 00:28:01,443 - INFO - [s151_d_5_neg] Prolog code:
:- ['/Users/sophie/code/2025-mcm-llms-applied-in-law_context/data/sara_v3/statutes/prolog/section151.pl'].
:- ['/Users/sophie/code/2025-mcm-llms-applied-in-law_context/data/sara_v3/statutes/prolog/utils.pl'].
:- ['/Users/sophie/code/2025-mcm-llms-applied-in-law_context/data/sara_v3/statutes/prolog/init.pl'].
:- discontiguous s151_b_applies/2.
:- [statutes/prolog/init].
s151_b_applies("Alice",2018).
\+ s151_d_5(2000,2018).
2025-06-15 00:28:01,687 - INFO - [s151_d_5_neg] Query:
\+ s151_d_5(2000,2018).
2025-06-15 00:28:01,688 - INFO - [s151_d_5_neg] Query result: {'truth': True}
2025-06-15 00:28:01,688 - INFO - [s151_d_5_neg] Result: correct
2025-06-15 00:28:01,690 - INFO - [s151_d_5_pos] Prolog code:
:- ['/Users/sophie/code/2025-mcm-llms-applied-in-law_context/data/sara_v3/statutes/prolog/section151.pl'].
:- ['/Users/sophie/code/2025-mcm-llms-applied-in-law_context/data/sara_v3/statutes/prolog/utils.pl'].
:- ['/Users/sophie/code/2025-mcm-llms-applied-in-law_context/data/sara_v3/statutes/prolog/init.pl'].
:- discontiguous s151_b_applies/2.
:- [statutes/prolog/init].
s151_b_applies("Alice",2018).
s151_d_5(0,2018).
2025-06-15 00:28:01,830 - INFO - [s151_d_5_pos] Query:
s151_d_5(0,2018).
2025-06-15 00:28:01,831 - INFO - [s151_d_5_pos] Query result: {'truth': True}
2025-06-15 00:28:01,831 - INFO - [s151_d_5_pos] Result: correct
2025-06-15 00:28:01,832 - INFO - [s152_a_neg] Prolog code:
:- ['/Users/sophie/code/2025-mcm-llms-applied-in-law_context/data/sara_v3/statutes/prolog/section152.pl'].
:- ['/Users/sophie/code/2025-mcm-llms-applied-in-law_context/data/sara_v3/statutes/prolog/utils.pl'].
:- ['/Users/sophie/code/2025-mcm-llms-applied-in-law_context/data/sara_v3/statutes/prolog/init.pl'].
:- discontiguous s152_c_1/3.
:- [statutes/prolog/init].
s152_c_1("Bob","Charlie",2014).
brother_(span("brother",12,18)).
agent_(span("brother",12,18), span("Bob",21,23)).
patient_(span("brother",12,18), span("Alice",0,4)).
\+ s152_a("Bob","Alice",2014,_,_).
2025-06-15 00:28:02,077 - INFO - [s152_a_neg] Query:
\+ s152_a("Bob","Alice",2014,_,_).
2025-06-15 00:28:02,078 - INFO - [s152_a_neg] Query result: {'truth': True}
2025-06-15 00:28:02,079 - INFO - [s152_a_neg] Result: correct
2025-06-15 00:28:02,082 - INFO - [s152_a_pos] Prolog code:
:- ['/Users/sophie/code/2025-mcm-llms-applied-in-law_context/data/sara_v3/statutes/prolog/section152.pl'].
:- ['/Users/sophie/code/2025-mcm-llms-applied-in-law_context/data/sara_v3/statutes/prolog/utils.pl'].
:- ['/Users/sophie/code/2025-mcm-llms-applied-in-law_context/data/sara_v3/statutes/prolog/init.pl'].
:- discontiguous s152_c_1/3.
:- [statutes/prolog/init].
s152_c_1("Bob","Alice",2015).
son_(span("son", 12, 14)).
agent_(span("son", 12, 14), span("Bob", 17, 19)).
patient_(span("son", 12, 14), span("Alice", 0, 4)).
s152_a("Bob","Alice",2015,_,_).
2025-06-15 00:28:02,227 - INFO - [s152_a_pos] Query:
s152_a("Bob","Alice",2015,_,_).
2025-06-15 00:28:02,227 - INFO - [s152_a_pos] Query result: {'truth': True}
2025-06-15 00:28:02,227 - INFO - [s152_a_pos] Result: correct
2025-06-15 00:28:02,229 - INFO - [s152_c_2_A_neg] Prolog code:
:- ['/Users/sophie/code/2025-mcm-llms-applied-in-law_context/data/sara_v3/statutes/prolog/section152.pl'].
:- ['/Users/sophie/code/2025-mcm-llms-applied-in-law_context/data/sara_v3/statutes/prolog/utils.pl'].
:- ['/Users/sophie/code/2025-mcm-llms-applied-in-law_context/data/sara_v3/statutes/prolog/init.pl'].
:- [statutes/prolog/init].
brother_(span("brother",12,18)).
patient_(span("brother",12,18),span("Alice",0,4)).
agent_(span("brother",12,18),span("Bob",21,23)).
start_(span("brother",12,18),span(20140131,39,56)).
birth_(span("born",34,37)).
agent_(span("born",34,37),span("Bob",21,23)).
start_(span("born",34,37),span(20140131,39,56)).
\+ s152_c_2_A("Bob","Alice",_,_,_).
2025-06-15 00:28:02,476 - INFO - [s152_c_2_A_neg] Query:
\+ s152_c_2_A("Bob","Alice",_,_,_).
2025-06-15 00:28:02,477 - INFO - [s152_c_2_A_neg] Query result: {'truth': True}
2025-06-15 00:28:02,477 - INFO - [s152_c_2_A_neg] Result: correct
2025-06-15 00:28:02,480 - INFO - [s152_c_2_A_pos] Prolog code:
:- ['/Users/sophie/code/2025-mcm-llms-applied-in-law_context/data/sara_v3/statutes/prolog/section152.pl'].
:- ['/Users/sophie/code/2025-mcm-llms-applied-in-law_context/data/sara_v3/statutes/prolog/utils.pl'].
:- ['/Users/sophie/code/2025-mcm-llms-applied-in-law_context/data/sara_v3/statutes/prolog/init.pl'].
:- [statutes/prolog/init].
son_(span("son",12,14)).
patient_(span("son",12,14),span("Alice",0,4)).
agent_(span("son",12,14),span("Bob",17,19)).
start_(span("son",12,14),span(20140131,35,52)).
birth_(span("born",30,33)).
agent_(span("born",30,33),span("Bob",17,19)).
start_(span("born",30,33),span(20140131,35,52)).
s152_c_2_A("Bob","Alice",_,_,_).
2025-06-15 00:28:02,631 - INFO - [s152_c_2_A_pos] Query:
s152_c_2_A("Bob","Alice",_,_,_).
2025-06-15 00:28:02,631 - INFO - [s152_c_2_A_pos] Query result: {'truth': True}
2025-06-15 00:28:02,631 - INFO - [s152_c_2_A_pos] Result: correct
2025-06-15 00:28:02,632 - INFO - [s152_d_1_D_neg] Prolog code:
:- ['/Users/sophie/code/2025-mcm-llms-applied-in-law_context/data/sara_v3/statutes/prolog/section151.pl'].
:- ['/Users/sophie/code/2025-mcm-llms-applied-in-law_context/data/sara_v3/statutes/prolog/section152.pl'].
:- ['/Users/sophie/code/2025-mcm-llms-applied-in-law_context/data/sara_v3/statutes/prolog/utils.pl'].
:- ['/Users/sophie/code/2025-mcm-llms-applied-in-law_context/data/sara_v3/statutes/prolog/init.pl'].
:- discontiguous s152_c/3.
:- discontiguous s151_d/4.
:- [statutes/prolog/init].
s152_c("Bob","Alice",2015).
s151_d("Alice",_,2000,2015).
income_(span("income",17,22)).
mother_(span("mother",130,135)).
agent_(span("income",17,22),span("Alice",9,13)).
amount_(span("income",17,22),span(312,29,31)).
start_(span("income",17,22),span(20150101,3,6)).
agent_(span("mother",130,135),span("Alice",115,119)).
patient_(span("mother",130,135),span("Bob",124,126)).
\+ s152_d_1_D("Bob",2015).
2025-06-15 00:28:02,874 - INFO - [s152_d_1_D_neg] Query:
\+ s152_d_1_D("Bob",2015).
2025-06-15 00:28:02,875 - INFO - [s152_d_1_D_neg] Query result: {'truth': True}
2025-06-15 00:28:02,875 - INFO - [s152_d_1_D_neg] Result: correct
2025-06-15 00:28:02,876 - INFO - [s152_d_1_D_pos] Prolog code:
:- ['/Users/sophie/code/2025-mcm-llms-applied-in-law_context/data/sara_v3/statutes/prolog/section151.pl'].
:- ['/Users/sophie/code/2025-mcm-llms-applied-in-law_context/data/sara_v3/statutes/prolog/section152.pl'].
:- ['/Users/sophie/code/2025-mcm-llms-applied-in-law_context/data/sara_v3/statutes/prolog/utils.pl'].
:- ['/Users/sophie/code/2025-mcm-llms-applied-in-law_context/data/sara_v3/statutes/prolog/init.pl'].
:- discontiguous s151_d/4.
:- [statutes/prolog/init].
s151_d("Alice",_,2000,2015).
income_(span("income",17,22)).
father_(span("father",130,135)).
agent_(span("father",130,135),span("Bob",115,117)).
patient_(span("father",130,135),span("Alice",122,126)).
agent_(span("income",17,22),span("Alice",9,13)).
amount_(span("income",17,22),span(312,29,31)).
start_(span("income",17,22),span(20150101,3,6)).
s152_d_1_D("Bob",2015).
2025-06-15 00:28:03,018 - INFO - [s152_d_1_D_pos] Query:
s152_d_1_D("Bob",2015).
2025-06-15 00:28:03,018 - INFO - [s152_d_1_D_pos] Query result: {'truth': True}
2025-06-15 00:28:03,018 - INFO - [s152_d_1_D_pos] Result: correct
2025-06-15 00:28:03,020 - INFO - [s152_d_2_A_neg] Prolog code:
:- ['/Users/sophie/code/2025-mcm-llms-applied-in-law_context/data/sara_v3/statutes/prolog/section152.pl'].
:- ['/Users/sophie/code/2025-mcm-llms-applied-in-law_context/data/sara_v3/statutes/prolog/utils.pl'].
:- ['/Users/sophie/code/2025-mcm-llms-applied-in-law_context/data/sara_v3/statutes/prolog/init.pl'].
:- [statutes/prolog/init].
brother_(span("brother",15,21)).
agent_(span("brother",15,21),span("Bob",0,2)).
patient_(span("brother",15,21),span("Alice",7,11)).
start_(span("brother",15,21),span(20140415,29,44)).
\+ s152_d_2_A("Alice","Bob",_,_).
2025-06-15 00:28:03,256 - INFO - [s152_d_2_A_neg] Query:
\+ s152_d_2_A("Alice","Bob",_,_).
2025-06-15 00:28:03,257 - INFO - [s152_d_2_A_neg] Query result: {'truth': True}
2025-06-15 00:28:03,257 - INFO - [s152_d_2_A_neg] Result: correct
2025-06-15 00:28:03,258 - INFO - [s152_d_2_A_pos] Prolog code:
:- ['/Users/sophie/code/2025-mcm-llms-applied-in-law_context/data/sara_v3/statutes/prolog/section152.pl'].
:- ['/Users/sophie/code/2025-mcm-llms-applied-in-law_context/data/sara_v3/statutes/prolog/utils.pl'].
:- ['/Users/sophie/code/2025-mcm-llms-applied-in-law_context/data/sara_v3/statutes/prolog/init.pl'].
father_(span("father",15,20)).
agent_(span("father",15,20),span("Bob",0,2)).
patient_(span("father",15,20),span("Alice",7,11)).
start_(span("father",15,20),span(20140415,28,43)).
s152_d_2_A("Alice","Bob",_,_).
2025-06-15 00:28:03,289 - INFO - [s152_d_2_A_pos] Query:
s152_d_2_A("Alice","Bob",_,_).
2025-06-15 00:28:03,290 - INFO - [s152_d_2_A_pos] Query result: {'truth': True}
2025-06-15 00:28:03,290 - INFO - [s152_d_2_A_pos] Result: correct
2025-06-15 00:28:03,290 - INFO - [s152_d_2_C_neg] Prolog code:
:- ['/Users/sophie/code/2025-mcm-llms-applied-in-law_context/data/sara_v3/statutes/prolog/section152.pl'].
:- ['/Users/sophie/code/2025-mcm-llms-applied-in-law_context/data/sara_v3/statutes/prolog/utils.pl'].
:- ['/Users/sophie/code/2025-mcm-llms-applied-in-law_context/data/sara_v3/statutes/prolog/init.pl'].
:- [statutes/prolog/init].
father_(span("father",17,22)).
mother_(span("mother",65,70)).
marriage_(span("married",79,85)).
agent_(span("father",17,22),span("Charlie",0,6)).
patient_(span("father",17,22),span("Bob",11,13)).
start_(span("father",17,22),span(19950415,30,45)).
agent_(span("married",79,85),span("Alice",73,77)).
agent_(span("married",79,85),span("Charlie",87,93)).
start_(span("married",79,85),span(20180808,98,113)).
start_(span("mother",65,70),span(19950415,30,45)).
agent_(span("mother",65,70),span("Dorothy",48,54)).
patient_(span("mother",65,70),span("Bob",59,61)).
\+ s152_d_2_C("Alice","Bob",_,_).
2025-06-15 00:28:03,532 - INFO - [s152_d_2_C_neg] Query:
\+ s152_d_2_C("Alice","Bob",_,_).
2025-06-15 00:28:03,533 - INFO - [s152_d_2_C_neg] Query result: {'truth': True}
2025-06-15 00:28:03,533 - INFO - [s152_d_2_C_neg] Result: correct
2025-06-15 00:28:03,535 - INFO - [s152_d_2_C_pos] Prolog code:
:- ['/Users/sophie/code/2025-mcm-llms-applied-in-law_context/data/sara_v3/statutes/prolog/section152.pl'].
:- ['/Users/sophie/code/2025-mcm-llms-applied-in-law_context/data/sara_v3/statutes/prolog/utils.pl'].
:- ['/Users/sophie/code/2025-mcm-llms-applied-in-law_context/data/sara_v3/statutes/prolog/init.pl'].
:- [statutes/prolog/init].
son_(span("son",15,17)).
agent_(span("son",15,17),span("Bob",0,2)).
patient_(span("son",15,17),span("Alice",7,11)).
start_(span("son",15,17),span(20140415,25,40)).
s152_d_2_C("Alice","Bob",_,_).
2025-06-15 00:28:03,671 - INFO - [s152_d_2_C_pos] Query:
s152_d_2_C("Alice","Bob",_,_).
2025-06-15 00:28:03,671 - INFO - [s152_d_2_C_pos] Query result: {'truth': True}
2025-06-15 00:28:03,671 - INFO - [s152_d_2_C_pos] Result: correct
2025-06-15 00:28:03,673 - INFO - [s152_d_2_G_neg] Prolog code:
:- ['/Users/sophie/code/2025-mcm-llms-applied-in-law_context/data/sara_v3/statutes/prolog/section152.pl'].
:- ['/Users/sophie/code/2025-mcm-llms-applied-in-law_context/data/sara_v3/statutes/prolog/utils.pl'].
:- ['/Users/sophie/code/2025-mcm-llms-applied-in-law_context/data/sara_v3/statutes/prolog/init.pl'].
:- [statutes/prolog/init].
residence_(span("living",22,27)).
agent_(span("living",22,27),span("Alice",0,4)).
agent_(span("living",22,27),span("Bob",10,12)).
patient_(span("living",22,27),span("living",22,27)).
start_(span("living",22,27),span(20140415,41,56)).
\+ s152_d_2_G("Alice","Bob",_,_).
2025-06-15 00:28:03,910 - INFO - [s152_d_2_G_neg] Query:
\+ s152_d_2_G("Alice","Bob",_,_).
2025-06-15 00:28:03,911 - INFO - [s152_d_2_G_neg] Query result: {'truth': True}
2025-06-15 00:28:03,911 - INFO - [s152_d_2_G_neg] Result: correct
2025-06-15 00:28:03,913 - INFO - [s152_d_2_G_pos] Prolog code:
:- ['/Users/sophie/code/2025-mcm-llms-applied-in-law_context/data/sara_v3/statutes/prolog/section152.pl'].
:- ['/Users/sophie/code/2025-mcm-llms-applied-in-law_context/data/sara_v3/statutes/prolog/utils.pl'].
:- ['/Users/sophie/code/2025-mcm-llms-applied-in-law_context/data/sara_v3/statutes/prolog/init.pl'].
:- [statutes/prolog/init].
father_(span("father",17,22)).
marriage_(span("married",54,60)).
agent_(span("father",17,22),span("Charlie",0,6)).
patient_(span("father",17,22),span("Bob",11,13)).
start_(span("father",17,22),span(20140415,30,45)).
agent_(span("married",54,60),span("Alice",48,52)).
agent_(span("married",54,60),span("Bob",62,64)).
start_(span("married",54,60),span(19921012,69,86)).
s152_d_2_G("Alice","Charlie",Start_relationship,End_relationship), var(End_relationship), first_day_year(2018,First_day), is_before(Start_relationship,First_day).
2025-06-15 00:28:04,162 - INFO - [s152_d_2_G_pos] Query:
s152_d_2_G("Alice","Charlie",Start_relationship,End_relationship), var(End_relationship), first_day_year(2018,First_day), is_before(Start_relationship,First_day).
2025-06-15 00:28:04,165 - ERROR - Error processing case s152_d_2_G_pos: '$c_call_prolog'/0: Arguments are not sufficiently instantiated
2025-06-15 00:28:04,167 - INFO - [s152_d_2_H_neg] Prolog code:
:- ['/Users/sophie/code/2025-mcm-llms-applied-in-law_context/data/sara_v3/statutes/prolog/section152.pl'].
:- ['/Users/sophie/code/2025-mcm-llms-applied-in-law_context/data/sara_v3/statutes/prolog/utils.pl'].
:- ['/Users/sophie/code/2025-mcm-llms-applied-in-law_context/data/sara_v3/statutes/prolog/init.pl'].
:- [statutes/prolog/init].
father_(span("father",15,20)).
agent_(span("father",15,20),span("Bob",0,2)).
patient_(span("father",15,20),span("Alice",7,11)).
start_(span("father",15,20),span(19940415,28,43)).
\+ s152_d_2_H("Alice","Bob",2015,_,_,_).
2025-06-15 00:28:04,421 - INFO - [s152_d_2_H_neg] Query:
\+ s152_d_2_H("Alice","Bob",2015,_,_,_).
2025-06-15 00:28:04,422 - INFO - [s152_d_2_H_neg] Query result: {'truth': True}
2025-06-15 00:28:04,422 - INFO - [s152_d_2_H_neg] Result: correct
2025-06-15 00:28:04,424 - INFO - [s152_d_2_H_pos] Prolog code:
:- ['/Users/sophie/code/2025-mcm-llms-applied-in-law_context/data/sara_v3/statutes/prolog/section152.pl'].
:- ['/Users/sophie/code/2025-mcm-llms-applied-in-law_context/data/sara_v3/statutes/prolog/utils.pl'].
:- ['/Users/sophie/code/2025-mcm-llms-applied-in-law_context/data/sara_v3/statutes/prolog/init.pl'].
:- [statutes/prolog/init].
residence_(span("living",22,27)).
agent_(span("living",22,27),span("Alice",0,4)).
agent_(span("living",22,27),span("Bob",10,12)).
patient_(span("living",22,27),span("living",22,27)).
start_(span("living",22,27),span(20140415,41,56)).
s152_d_2_H("Alice","Bob",2018,_,_,_).
2025-06-15 00:28:04,573 - INFO - [s152_d_2_H_pos] Query:
s152_d_2_H("Alice","Bob",2018,_,_,_).
2025-06-15 00:28:04,573 - INFO - [s152_d_2_H_pos] Query result: {'truth': True}
2025-06-15 00:28:04,573 - INFO - [s152_d_2_H_pos] Result: correct
2025-06-15 00:28:04,575 - INFO - [s1_a_2_iv_neg] Prolog code:
:- ['/Users/sophie/code/2025-mcm-llms-applied-in-law_context/data/sara_v3/statutes/prolog/section1.pl'].
:- ['/Users/sophie/code/2025-mcm-llms-applied-in-law_context/data/sara_v3/statutes/prolog/section2.pl'].
:- ['/Users/sophie/code/2025-mcm-llms-applied-in-law_context/data/sara_v3/statutes/prolog/utils.pl'].
:- ['/Users/sophie/code/2025-mcm-llms-applied-in-law_context/data/sara_v3/statutes/prolog/init.pl'].
:- discontiguous s63/3.
:- discontiguous s2_a/3.
:- [statutes/prolog/init].
s2_a("Alice",_,2017).
s63("Alice",2017,615572).
\+ s1_a_iv(615572,220295).
2025-06-15 00:28:04,820 - INFO - [s1_a_2_iv_neg] Query:
\+ s1_a_iv(615572,220295).
2025-06-15 00:28:04,820 - INFO - [s1_a_2_iv_neg] Query result: {'truth': True}
2025-06-15 00:28:04,821 - INFO - [s1_a_2_iv_neg] Result: correct
2025-06-15 00:28:04,822 - INFO - [s1_a_2_iv_pos] Prolog code:
:- ['/Users/sophie/code/2025-mcm-llms-applied-in-law_context/data/sara_v3/statutes/prolog/section1.pl'].
:- ['/Users/sophie/code/2025-mcm-llms-applied-in-law_context/data/sara_v3/statutes/prolog/section2.pl'].
:- ['/Users/sophie/code/2025-mcm-llms-applied-in-law_context/data/sara_v3/statutes/prolog/utils.pl'].
:- ['/Users/sophie/code/2025-mcm-llms-applied-in-law_context/data/sara_v3/statutes/prolog/init.pl'].
:- discontiguous s63/3.
:- discontiguous s2_a/3.
:- [statutes/prolog/init].
s2_a("Alice",_,2017).
s63("Alice",2017,236422).
s1_a_iv(236422,70640).
2025-06-15 00:28:04,972 - INFO - [s1_a_2_iv_pos] Query:
s1_a_iv(236422,70640).
2025-06-15 00:28:04,972 - INFO - [s1_a_2_iv_pos] Query result: {'truth': True}
2025-06-15 00:28:04,972 - INFO - [s1_a_2_iv_pos] Result: correct
2025-06-15 00:28:04,974 - INFO - [s1_a_2_neg] Prolog code:
:- ['/Users/sophie/code/2025-mcm-llms-applied-in-law_context/data/sara_v3/statutes/prolog/section1.pl'].
:- ['/Users/sophie/code/2025-mcm-llms-applied-in-law_context/data/sara_v3/statutes/prolog/utils.pl'].
:- ['/Users/sophie/code/2025-mcm-llms-applied-in-law_context/data/sara_v3/statutes/prolog/init.pl'].
:- discontiguous s63/3.
:- [statutes/prolog/init].
s63("Alice",2017,2102047).
\+ s1_a("Alice",2017,_,65445).
2025-06-15 00:28:05,219 - INFO - [s1_a_2_neg] Query:
\+ s1_a("Alice",2017,_,65445).
2025-06-15 00:28:05,220 - INFO - [s1_a_2_neg] Query result: {'truth': True}
2025-06-15 00:28:05,221 - INFO - [s1_a_2_neg] Result: correct
2025-06-15 00:28:05,223 - INFO - [s1_a_2_pos] Prolog code:
:- ['/Users/sophie/code/2025-mcm-llms-applied-in-law_context/data/sara_v3/statutes/prolog/section1.pl'].
:- ['/Users/sophie/code/2025-mcm-llms-applied-in-law_context/data/sara_v3/statutes/prolog/section2.pl'].
:- ['/Users/sophie/code/2025-mcm-llms-applied-in-law_context/data/sara_v3/statutes/prolog/utils.pl'].
:- ['/Users/sophie/code/2025-mcm-llms-applied-in-law_context/data/sara_v3/statutes/prolog/init.pl'].
:- discontiguous s63/3.
:- discontiguous s2_a/3.
:- [statutes/prolog/init].
s2_a("Alice",_,2017).
s63("Alice",2017,70117).
s1_a("Alice",2017,_,14836).
2025-06-15 00:28:05,376 - INFO - [s1_a_2_pos] Query:
s1_a("Alice",2017,_,14836).
2025-06-15 00:28:05,376 - INFO - [s1_a_2_pos] Query result: {'truth': True}
2025-06-15 00:28:05,376 - INFO - [s1_a_2_pos] Result: correct
2025-06-15 00:28:05,377 - INFO - [s1_a_2_v_neg] Prolog code:
:- ['/Users/sophie/code/2025-mcm-llms-applied-in-law_context/data/sara_v3/statutes/prolog/section1.pl'].
:- ['/Users/sophie/code/2025-mcm-llms-applied-in-law_context/data/sara_v3/statutes/prolog/section2.pl'].
:- ['/Users/sophie/code/2025-mcm-llms-applied-in-law_context/data/sara_v3/statutes/prolog/utils.pl'].
:- ['/Users/sophie/code/2025-mcm-llms-applied-in-law_context/data/sara_v3/statutes/prolog/init.pl'].
:- discontiguous s63/3.
:- discontiguous s2_a/3.
s2_a("Alice",_,2017).
s63("Alice",2017,25561).
\+ s1_a_v(25561,3834).
2025-06-15 00:28:05,519 - INFO - [s1_a_2_v_neg] Query:
\+ s1_a_v(25561,3834).
2025-06-15 00:28:05,520 - INFO - [s1_a_2_v_neg] Query result: {'truth': True}
2025-06-15 00:28:05,520 - INFO - [s1_a_2_v_neg] Result: correct
2025-06-15 00:28:05,521 - INFO - [s1_a_2_v_pos] Prolog code:
:- ['/Users/sophie/code/2025-mcm-llms-applied-in-law_context/data/sara_v3/statutes/prolog/section1.pl'].
:- ['/Users/sophie/code/2025-mcm-llms-applied-in-law_context/data/sara_v3/statutes/prolog/section2.pl'].
:- ['/Users/sophie/code/2025-mcm-llms-applied-in-law_context/data/sara_v3/statutes/prolog/utils.pl'].
:- ['/Users/sophie/code/2025-mcm-llms-applied-in-law_context/data/sara_v3/statutes/prolog/init.pl'].
:- discontiguous s63/3.
:- discontiguous s2_a/3.
:- [statutes/prolog/init].
s2_a("Alice",_,2017).
s63("Alice",2017,615572).
s1_a_v(615572,220295).
2025-06-15 00:28:05,664 - INFO - [s1_a_2_v_pos] Query:
s1_a_v(615572,220295).
2025-06-15 00:28:05,665 - INFO - [s1_a_2_v_pos] Query result: {'truth': True}
2025-06-15 00:28:05,665 - INFO - [s1_a_2_v_pos] Result: correct
2025-06-15 00:28:05,666 - INFO - [s1_b_i_neg] Prolog code:
:- ['/Users/sophie/code/2025-mcm-llms-applied-in-law_context/data/sara_v3/statutes/prolog/section1.pl'].
:- ['/Users/sophie/code/2025-mcm-llms-applied-in-law_context/data/sara_v3/statutes/prolog/section2.pl'].
:- ['/Users/sophie/code/2025-mcm-llms-applied-in-law_context/data/sara_v3/statutes/prolog/utils.pl'].
:- ['/Users/sophie/code/2025-mcm-llms-applied-in-law_context/data/sara_v3/statutes/prolog/init.pl'].
:- discontiguous s63/3.
:- discontiguous s2_b/3.
:- [statutes/prolog/init].
s2_b("Alice",_,2017).
s63("Alice",2017,1172980).
\+ s1_b_i(1172980,442985).
2025-06-15 00:28:05,908 - INFO - [s1_b_i_neg] Query:
\+ s1_b_i(1172980,442985).
2025-06-15 00:28:05,909 - INFO - [s1_b_i_neg] Query result: {'truth': True}
2025-06-15 00:28:05,909 - INFO - [s1_b_i_neg] Result: correct
2025-06-15 00:28:05,910 - INFO - [s1_b_i_pos] Prolog code:
:- ['/Users/sophie/code/2025-mcm-llms-applied-in-law_context/data/sara_v3/statutes/prolog/section1.pl'].
:- ['/Users/sophie/code/2025-mcm-llms-applied-in-law_context/data/sara_v3/statutes/prolog/section2.pl'].
:- ['/Users/sophie/code/2025-mcm-llms-applied-in-law_context/data/sara_v3/statutes/prolog/utils.pl'].
:- ['/Users/sophie/code/2025-mcm-llms-applied-in-law_context/data/sara_v3/statutes/prolog/init.pl'].
:- discontiguous s63/3.
:- discontiguous s2_b/3.
:- [statutes/prolog/init].
s2_b("Alice",_,2017).
s63("Alice",2017,9560).
s1_b_i(9560,1434).
2025-06-15 00:28:06,070 - INFO - [s1_b_i_pos] Query:
s1_b_i(9560,1434).
2025-06-15 00:28:06,070 - INFO - [s1_b_i_pos] Query result: {'truth': True}
2025-06-15 00:28:06,070 - INFO - [s1_b_i_pos] Result: correct
2025-06-15 00:28:06,070 - INFO - [s1_b_neg] Prolog code:
:- ['/Users/sophie/code/2025-mcm-llms-applied-in-law_context/data/sara_v3/statutes/prolog/section1.pl'].
:- ['/Users/sophie/code/2025-mcm-llms-applied-in-law_context/data/sara_v3/statutes/prolog/utils.pl'].
:- ['/Users/sophie/code/2025-mcm-llms-applied-in-law_context/data/sara_v3/statutes/prolog/init.pl'].
:- discontiguous s7703/4.
:- discontiguous s63/3.
:- [statutes/prolog/init].
s7703("Alice","spouse",_,2017).
s63("Alice",2017,554313).
\+ s1_b("Alice",2017,_,207772).
2025-06-15 00:28:06,304 - INFO - [s1_b_neg] Query:
\+ s1_b("Alice",2017,_,207772).
2025-06-15 00:28:06,305 - INFO - [s1_b_neg] Query result: {'truth': True}
2025-06-15 00:28:06,305 - INFO - [s1_b_neg] Result: correct
2025-06-15 00:28:06,307 - INFO - [s1_b_pos] Prolog code:
:- ['/Users/sophie/code/2025-mcm-llms-applied-in-law_context/data/sara_v3/statutes/prolog/section1.pl'].
:- ['/Users/sophie/code/2025-mcm-llms-applied-in-law_context/data/sara_v3/statutes/prolog/section2.pl'].
:- ['/Users/sophie/code/2025-mcm-llms-applied-in-law_context/data/sara_v3/statutes/prolog/utils.pl'].
:- ['/Users/sophie/code/2025-mcm-llms-applied-in-law_context/data/sara_v3/statutes/prolog/init.pl'].
:- discontiguous s63/3.
:- discontiguous s2_b/3.
:- [statutes/prolog/init].
s2_b("Alice",_,2017).
s63("Alice",2017,97407).
s1_b("Alice",2017,_,24056).
2025-06-15 00:28:06,449 - INFO - [s1_b_pos] Query:
s1_b("Alice",2017,_,24056).
2025-06-15 00:28:06,449 - INFO - [s1_b_pos] Query result: {'truth': True}
2025-06-15 00:28:06,450 - INFO - [s1_b_pos] Result: correct
2025-06-15 00:28:06,450 - INFO - [s1_c_iii_neg] Prolog code:
:- ['/Users/sophie/code/2025-mcm-llms-applied-in-law_context/data/sara_v3/statutes/prolog/section1.pl'].
:- ['/Users/sophie/code/2025-mcm-llms-applied-in-law_context/data/sara_v3/statutes/prolog/utils.pl'].
:- ['/Users/sophie/code/2025-mcm-llms-applied-in-law_context/data/sara_v3/statutes/prolog/init.pl'].
:- discontiguous s63/3.
:- [statutes/prolog/init].
s63("Alice",2017,22895).
\+ s1_c_iii(22895,3538).
2025-06-15 00:28:06,684 - INFO - [s1_c_iii_neg] Query:
\+ s1_c_iii(22895,3538).
2025-06-15 00:28:06,685 - INFO - [s1_c_iii_neg] Query result: {'truth': True}
2025-06-15 00:28:06,685 - INFO - [s1_c_iii_neg] Result: correct
2025-06-15 00:28:06,687 - INFO - [s1_c_iii_pos] Prolog code:
:- ['/Users/sophie/code/2025-mcm-llms-applied-in-law_context/data/sara_v3/statutes/prolog/section1.pl'].
:- ['/Users/sophie/code/2025-mcm-llms-applied-in-law_context/data/sara_v3/statutes/prolog/utils.pl'].
:- ['/Users/sophie/code/2025-mcm-llms-applied-in-law_context/data/sara_v3/statutes/prolog/init.pl'].
:- discontiguous s63/3.
:- [statutes/prolog/init].
s63("Alice",2017,102268).
s1_c_iii(102268,27225).
2025-06-15 00:28:06,822 - INFO - [s1_c_iii_pos] Query:
s1_c_iii(102268,27225).
2025-06-15 00:28:06,822 - INFO - [s1_c_iii_pos] Query result: {'truth': True}
2025-06-15 00:28:06,822 - INFO - [s1_c_iii_pos] Result: correct
2025-06-15 00:28:06,824 - INFO - [s1_c_neg] Prolog code:
:- ['/Users/sophie/code/2025-mcm-llms-applied-in-law_context/data/sara_v3/statutes/prolog/section1.pl'].
:- ['/Users/sophie/code/2025-mcm-llms-applied-in-law_context/data/sara_v3/statutes/prolog/utils.pl'].
:- ['/Users/sophie/code/2025-mcm-llms-applied-in-law_context/data/sara_v3/statutes/prolog/init.pl'].
:- discontiguous s7703/4.
:- discontiguous s63/3.
:- [statutes/prolog/init].
s7703("Alice","spouse",_,2017).
s63("Alice",2017,17330).
joint_return_(span("joint return",69,80)).
agent_(span("joint return",69,80),span("Alice",55,59)).
agent_(span("joint return",69,80),span("spouse",91,96)).
start_(span("joint return",69,80),span(20170101,102,105)).
\+ s1_c("Alice",2017,_,2600).
2025-06-15 00:28:07,068 - INFO - [s1_c_neg] Query:
\+ s1_c("Alice",2017,_,2600).
2025-06-15 00:28:07,068 - INFO - [s1_c_neg] Query result: {'truth': True}
2025-06-15 00:28:07,068 - INFO - [s1_c_neg] Result: correct
2025-06-15 00:28:07,070 - INFO - [s1_c_pos] Prolog code:
:- ['/Users/sophie/code/2025-mcm-llms-applied-in-law_context/data/sara_v3/statutes/prolog/section1.pl'].
:- ['/Users/sophie/code/2025-mcm-llms-applied-in-law_context/data/sara_v3/statutes/prolog/utils.pl'].
:- ['/Users/sophie/code/2025-mcm-llms-applied-in-law_context/data/sara_v3/statutes/prolog/init.pl'].
:- discontiguous s63/3.
:- [statutes/prolog/init].
s63("Alice",2017,210204).
s1_c("Alice",2017,_,65445).
2025-06-15 00:28:07,206 - INFO - [s1_c_pos] Query:
s1_c("Alice",2017,_,65445).
2025-06-15 00:28:07,207 - INFO - [s1_c_pos] Query result: {'truth': True}
2025-06-15 00:28:07,207 - INFO - [s1_c_pos] Result: correct
2025-06-15 00:28:07,208 - INFO - [s1_d_i_neg] Prolog code:
:- ['/Users/sophie/code/2025-mcm-llms-applied-in-law_context/data/sara_v3/statutes/prolog/section1.pl'].
:- ['/Users/sophie/code/2025-mcm-llms-applied-in-law_context/data/sara_v3/statutes/prolog/utils.pl'].
:- ['/Users/sophie/code/2025-mcm-llms-applied-in-law_context/data/sara_v3/statutes/prolog/init.pl'].
:- discontiguous s7703/4.
:- discontiguous s63/3.
:- [statutes/prolog/init].
s7703("Alice",_,_,2017).
s63("Alice",2017,67285).
\+ s1_d_i(67285,17123).
2025-06-15 00:28:07,443 - INFO - [s1_d_i_neg] Query:
\+ s1_d_i(67285,17123).
2025-06-15 00:28:07,443 - INFO - [s1_d_i_neg] Query result: {'truth': True}
2025-06-15 00:28:07,443 - INFO - [s1_d_i_neg] Result: correct
2025-06-15 00:28:07,444 - INFO - [s1_d_i_pos] Prolog code:
:- ['/Users/sophie/code/2025-mcm-llms-applied-in-law_context/data/sara_v3/statutes/prolog/section1.pl'].
:- ['/Users/sophie/code/2025-mcm-llms-applied-in-law_context/data/sara_v3/statutes/prolog/utils.pl'].
:- ['/Users/sophie/code/2025-mcm-llms-applied-in-law_context/data/sara_v3/statutes/prolog/init.pl'].
:- discontiguous s7703/4.
:- discontiguous s63/3.
:- [statutes/prolog/init].
s7703("Alice",_,_,2017).
s63("Alice",2017,6662).
s1_d_i(6662,999).
2025-06-15 00:28:07,580 - INFO - [s1_d_i_pos] Query:
s1_d_i(6662,999).
2025-06-15 00:28:07,580 - INFO - [s1_d_i_pos] Query result: {'truth': True}
2025-06-15 00:28:07,581 - INFO - [s1_d_i_pos] Result: correct
2025-06-15 00:28:07,583 - INFO - [s1_d_ii_neg] Prolog code:
:- ['/Users/sophie/code/2025-mcm-llms-applied-in-law_context/data/sara_v3/statutes/prolog/section1.pl'].
:- ['/Users/sophie/code/2025-mcm-llms-applied-in-law_context/data/sara_v3/statutes/prolog/utils.pl'].
:- ['/Users/sophie/code/2025-mcm-llms-applied-in-law_context/data/sara_v3/statutes/prolog/init.pl'].
:- discontiguous s7703/4.
:- discontiguous s63/3.
:- [statutes/prolog/init].
s7703("Alice",_,_,2017).
s63("Alice",2017,113580).
\+ s1_d_ii(113580,33653).
2025-06-15 00:28:07,816 - INFO - [s1_d_ii_neg] Query:
\+ s1_d_ii(113580,33653).
2025-06-15 00:28:07,816 - INFO - [s1_d_ii_neg] Query result: {'truth': True}
2025-06-15 00:28:07,816 - INFO - [s1_d_ii_neg] Result: correct
2025-06-15 00:28:07,818 - INFO - [s1_d_ii_pos] Prolog code:
:- ['/Users/sophie/code/2025-mcm-llms-applied-in-law_context/data/sara_v3/statutes/prolog/section1.pl'].
:- ['/Users/sophie/code/2025-mcm-llms-applied-in-law_context/data/sara_v3/statutes/prolog/utils.pl'].
:- ['/Users/sophie/code/2025-mcm-llms-applied-in-law_context/data/sara_v3/statutes/prolog/init.pl'].
:- discontiguous s7703/4.
:- discontiguous s63/3.
:- [statutes/prolog/init].
s7703("Alice",_,_,2017).
s63("Alice",2017,28864).
s1_d_ii(28864,5683).
2025-06-15 00:28:07,945 - INFO - [s1_d_ii_pos] Query:
s1_d_ii(28864,5683).
2025-06-15 00:28:07,945 - INFO - [s1_d_ii_pos] Query result: {'truth': True}
2025-06-15 00:28:07,945 - INFO - [s1_d_ii_pos] Result: correct
2025-06-15 00:28:07,947 - INFO - [s1_d_neg] Prolog code:
:- ['/Users/sophie/code/2025-mcm-llms-applied-in-law_context/data/sara_v3/statutes/prolog/section1.pl'].
:- ['/Users/sophie/code/2025-mcm-llms-applied-in-law_context/data/sara_v3/statutes/prolog/section2.pl'].
:- ['/Users/sophie/code/2025-mcm-llms-applied-in-law_context/data/sara_v3/statutes/prolog/utils.pl'].
:- ['/Users/sophie/code/2025-mcm-llms-applied-in-law_context/data/sara_v3/statutes/prolog/init.pl'].
:- discontiguous s63/3.
:- discontiguous s2_a/3.
:- [statutes/prolog/init].
s2_a("Alice",_,2017).
s63("Alice",2017,70117).
\+ s1_d("Alice",_,2017,_,14836).
2025-06-15 00:28:08,180 - INFO - [s1_d_neg] Query:
\+ s1_d("Alice",_,2017,_,14836).
2025-06-15 00:28:08,181 - INFO - [s1_d_neg] Query result: {'truth': True}
2025-06-15 00:28:08,181 - INFO - [s1_d_neg] Result: correct
2025-06-15 00:28:08,183 - INFO - [s1_d_pos] Prolog code:
:- ['/Users/sophie/code/2025-mcm-llms-applied-in-law_context/data/sara_v3/statutes/prolog/section1.pl'].
:- ['/Users/sophie/code/2025-mcm-llms-applied-in-law_context/data/sara_v3/statutes/prolog/utils.pl'].
:- ['/Users/sophie/code/2025-mcm-llms-applied-in-law_context/data/sara_v3/statutes/prolog/init.pl'].
:- discontiguous s7703/4.
:- discontiguous s63/3.
:- [statutes/prolog/init].
s7703("Alice",_,_,2017).
s63("Alice",2017,554313).
s1_d("Alice",_,2017,_,207772).
2025-06-15 00:28:08,318 - INFO - [s1_d_pos] Query:
s1_d("Alice",_,2017,_,207772).
2025-06-15 00:28:08,318 - INFO - [s1_d_pos] Query result: {'truth': True}
2025-06-15 00:28:08,318 - INFO - [s1_d_pos] Result: correct
2025-06-15 00:28:08,319 - INFO - [s2_a_1_B_neg] Prolog code:
:- ['/Users/sophie/code/2025-mcm-llms-applied-in-law_context/data/sara_v3/statutes/prolog/section2.pl'].
:- ['/Users/sophie/code/2025-mcm-llms-applied-in-law_context/data/sara_v3/statutes/prolog/utils.pl'].
:- ['/Users/sophie/code/2025-mcm-llms-applied-in-law_context/data/sara_v3/statutes/prolog/init.pl'].
:- [statutes/prolog/init].
bob_household_maintenance(Year,Event,Start_day,End_day) :-
    between(2011,2024,Year),
    atom_concat("furnished the costs of maintaining the home ",Year,Event),
    first_day_year(Year,Start_day),
    last_day_year(Year,End_day).
payment_(span(Event,170,178)) :- bob_household_maintenance(_,Event,_,_).
agent_(span(Event,170,178),span("Bob",166,168)) :- bob_household_maintenance(_,Event,_,_).
amount_(span(Event,170,178),span(1,180,182)) :- bob_household_maintenance(_,Event,_,_).
purpose_(span(Event,170,178),span("home",209,212)) :- bob_household_maintenance(_,Event,_,_).
start_(span(Event,170,178),span(Start_day,152,155)) :- bob_household_maintenance(_,Event,Start_day,_).
end_(span(Event,170,178),span(End_day,160,163)) :- bob_household_maintenance(_,Event,_,End_day).
marriage_(span("married",19,25)).
son_(span("child",77,81)).
death_(span("died",123,126)).
residence_(span("lived",235,239)).
joint_return_(span("joint return",284,295)).
marriage_(span("married",321,327)).
income_(span("earned",355,360)).
agent_(span("died",123,126),span("Alice",117,121)).
start_(span("died",123,126),span(20210709,131,144)).
agent_(span("earned",355,360),span("Charlie",347,353)).
amount_(span("earned",355,360),span(312489,363,368)).
start_(span("earned",355,360),span(20200101,373,376)).
start_(span("joint return",284,295),span(20200101,262,265)).
agent_(span("joint return",284,295),span("Charlie",268,274)).
agent_(span("joint return",284,295),span("spouse",306,311)).
agent_(span("married",19,25),span("Alice",0,4)).
agent_(span("married",19,25),span("Bob",10,12)).
start_(span("married",19,25),span(19920203,32,44)).
end_(span("married",19,25),span(20200114,49,62)).
agent_(span("married",321,327),span("Charlie",268,274)).
agent_(span("married",321,327),span("spouse",306,311)).
start_(span("married",321,327),span(20201201,332,344)).
start_(span("lived",235,239),span(20110101,152,155)).
end_(span("lived",235,239),span(20241231,160,163)).
agent_(span("lived",235,239),span("Bob",166,168)).
patient_(span("lived",235,239),span("home",209,212)).
agent_(span("lived",235,239),span("Charlie",227,233)).
patient_(span("child",77,81),span("Alice",65,69)).
agent_(span("child",77,81),span("Charlie",84,90)).
start_(span("child",77,81),span(20001009,98,114)).
birth_(span("born",93,96)).
agent_(span("born",93,96),span("Charlie",84,90)).
start_(span("born",93,96),span(20001009,98,114)).
\+ s2_a_1_B("Bob",_,_,2020).
2025-06-15 00:28:08,563 - INFO - [s2_a_1_B_neg] Query:
\+ s2_a_1_B("Bob",_,_,2020).
2025-06-15 00:28:08,564 - INFO - [s2_a_1_B_neg] Query result: {'truth': True}
2025-06-15 00:28:08,564 - INFO - [s2_a_1_B_neg] Result: correct
2025-06-15 00:28:08,564 - INFO - [s2_a_1_B_pos] Prolog code:
:- ['/Users/sophie/code/2025-mcm-llms-applied-in-law_context/data/sara_v3/statutes/prolog/section2.pl'].
:- ['/Users/sophie/code/2025-mcm-llms-applied-in-law_context/data/sara_v3/statutes/prolog/utils.pl'].
:- ['/Users/sophie/code/2025-mcm-llms-applied-in-law_context/data/sara_v3/statutes/prolog/init.pl'].
:- discontiguous s151/5.
:- [statutes/prolog/init].
bob_household_maintenance(Year,Event,Start_day,End_day) :-
    between(2004,2017,Year),
    atom_concat("furnished the costs of maintaining the home ",Year,Event),
    first_day_year(Year,Start_day),
    last_day_year(Year,End_day).
payment_(span(Event,158,166)) :- bob_household_maintenance(_,Event,_,_).
agent_(span(Event,158,166),span("Bob",154,156)) :- bob_household_maintenance(_,Event,_,_).
amount_(span(Event,158,166),span(1,168,170)) :- bob_household_maintenance(_,Event,_,_).
purpose_(span(Event,158,166),span("home",197,200)) :- bob_household_maintenance(_,Event,_,_).
start_(span(Event,158,166),span(Start_day,140,143)) :- bob_household_maintenance(_,Event,Start_day,_).
end_(span(Event,158,166),span(End_day,148,151)) :- bob_household_maintenance(_,Event,_,End_day).
s151("Bob",_,["Charlie"],[0],Year) :- between(2014,2017,Year).
marriage_(span("married",18,24)).
son_(span("child",65,69)).
death_(span("died",111,114)).
residence_(span("lived",223,227)).
income_(span("income",335,340)).
agent_(span("died",111,114),span("Alice",105,109)).
start_(span("died",111,114),span(20140709,119,132)).
agent_(span("income",335,340),span("Bob",329,331)).
start_(span("income",335,340),span(20160101,345,348)).
amount_(span("income",335,340),span(553252,355,360)).
agent_(span("married",18,24),span("Alice",0,4)).
agent_(span("married",18,24),span("Bob",10,12)).
start_(span("married",18,24),span(19920203,29,41)).
start_(span("lived",223,227),span(20040101,140,143)).
agent_(span("lived",223,227),span("Bob",154,156)).
patient_(span("lived",223,227),span("home",197,200)).
agent_(span("lived",223,227),span("Charlie",215,221)).
end_(span("lived",223,227),span(20171231,148,151)).
patient_(span("child",65,69),span("Alice",44,48)).
patient_(span("child",65,69),span("Bob",54,56)).
agent_(span("child",65,69),span("Charlie",72,78)).
start_(span("child",65,69),span(20001009,86,102)).
birth_(span("born",81,84)).
agent_(span("born",81,84),span("Charlie",72,78)).
start_(span("born",81,84),span(20001009,86,102)).
s2_a_1_B("Bob",_,_,2016).
2025-06-15 00:28:08,692 - INFO - [s2_a_1_B_pos] Query:
s2_a_1_B("Bob",_,_,2016).
2025-06-15 00:28:08,693 - INFO - [s2_a_1_B_pos] Query result: {'truth': True}
2025-06-15 00:28:08,693 - INFO - [s2_a_1_B_pos] Result: correct
2025-06-15 00:28:08,694 - INFO - [s2_b_1_A_i_II_neg] Prolog code:
:- ['/Users/sophie/code/2025-mcm-llms-applied-in-law_context/data/sara_v3/statutes/prolog/section2.pl'].
:- ['/Users/sophie/code/2025-mcm-llms-applied-in-law_context/data/sara_v3/statutes/prolog/utils.pl'].
:- ['/Users/sophie/code/2025-mcm-llms-applied-in-law_context/data/sara_v3/statutes/prolog/init.pl'].
:- [statutes/prolog/init].
bob_household_maintenance(Year,Event,Start_day,End_day) :-
    between(2004,2019,Year),
    atom_concat("furnished the costs of maintaining the home ",Year,Event),
    first_day_year(Year,Start_day),
    last_day_year(Year,End_day).
payment_(span(Event,158,166)) :- bob_household_maintenance(_,Event,_,_).
agent_(span(Event,158,166),span("Bob",154,156)) :- bob_household_maintenance(_,Event,_,_).
amount_(span(Event,158,166),span(1,168,170)) :- bob_household_maintenance(_,Event,_,_).
purpose_(span(Event,158,166),span("home",197,200)) :- bob_household_maintenance(_,Event,_,_).
start_(span(Event,158,166),span(Start_day,140,143)) :- bob_household_maintenance(_,Event,Start_day,_).
end_(span(Event,158,166),span(End_day,148,151)) :- bob_household_maintenance(_,Event,_,End_day).
marriage_(span("married",18,24)).
son_(span("child",65,69)).
death_(span("died",111,114)).
residence_(span("lived",223,227)).
marriage_(span("married",255,261)).
agent_(span("died",111,114),span("Alice",105,109)).
start_(span("died",111,114),span(20140709,119,132)).
agent_(span("married",18,24),span("Alice",0,4)).
agent_(span("married",18,24),span("Bob",10,12)).
start_(span("married",18,24),span(19920203,29,41)).
agent_(span("married",255,261),span("Charlie",247,253)).
agent_(span("married",255,261),span("Dan",263,265)).
start_(span("married",255,261),span(20180214,270,283)).
start_(span("lived",223,227),span(20040101,140,143)).
end_(span("lived",223,227),span(20191231,148,151)).
agent_(span("lived",223,227),span("Bob",154,156)).
patient_(span("lived",223,227),span("home",197,200)).
agent_(span("lived",223,227),span("Charlie",215,221)).
patient_(span("child",65,69),span("Alice",44,48)).
patient_(span("child",65,69),span("Bob",54,56)).
agent_(span("child",65,69),span("Charlie",72,78)).
start_(span("child",65,69),span(20001009,86,102)).
birth_(span("born",81,84)).
agent_(span("born",81,84),span("Charlie",72,78)).
start_(span("born",81,84),span(20001009,86,102)).
\+ s2_b_1_A_i_II("Charlie","Bob",2018).
2025-06-15 00:28:08,930 - INFO - [s2_b_1_A_i_II_neg] Query:
\+ s2_b_1_A_i_II("Charlie","Bob",2018).
2025-06-15 00:28:08,931 - INFO - [s2_b_1_A_i_II_neg] Query result: {'truth': True}
2025-06-15 00:28:08,931 - INFO - [s2_b_1_A_i_II_neg] Result: correct
2025-06-15 00:28:08,933 - INFO - [s2_b_1_A_i_II_pos] Prolog code:
:- ['/Users/sophie/code/2025-mcm-llms-applied-in-law_context/data/sara_v3/statutes/prolog/section152.pl'].
:- ['/Users/sophie/code/2025-mcm-llms-applied-in-law_context/data/sara_v3/statutes/prolog/section2.pl'].
:- ['/Users/sophie/code/2025-mcm-llms-applied-in-law_context/data/sara_v3/statutes/prolog/utils.pl'].
:- ['/Users/sophie/code/2025-mcm-llms-applied-in-law_context/data/sara_v3/statutes/prolog/init.pl'].
:- discontiguous s152_b_2/4.
:- [statutes/prolog/init].
bob_household_maintenance(Year,Event,Start_day,End_day) :-
    between(2004,2019,Year),
    atom_concat("furnished the costs of maintaining the home ",Year,Event),
    first_day_year(Year,Start_day),
    last_day_year(Year,End_day).
payment_(span(Event,158,166)) :- bob_household_maintenance(_,Event,_,_).
agent_(span(Event,158,166),span("Bob",154,156)) :- bob_household_maintenance(_,Event,_,_).
amount_(span(Event,158,166),span(1,168,170)) :- bob_household_maintenance(_,Event,_,_).
purpose_(span(Event,158,166),span("home",197,200)) :- bob_household_maintenance(_,Event,_,_).
start_(span(Event,158,166),span(Start_day,140,143)) :- bob_household_maintenance(_,Event,Start_day,_).
end_(span(Event,158,166),span(End_day,148,151)) :- bob_household_maintenance(_,Event,_,End_day).
s152_b_2("Charlie",_,"Bob",2018).
marriage_(span("married",18,24)).
son_(span("child",65,69)).
death_(span("died",111,114)).
residence_(span("lived",223,227)).
marriage_(span("married",255,261)).
agent_(span("died",111,114),span("Alice",105,109)).
start_(span("died",111,114),span(20140709,119,132)).
agent_(span("married",18,24),span("Alice",0,4)).
agent_(span("married",18,24),span("Bob",10,12)).
start_(span("married",18,24),span(19920203,29,41)).
agent_(span("married",255,261),span("Charlie",247,253)).
agent_(span("married",255,261),span("Dan",263,265)).
start_(span("married",255,261),span(20180214,270,283)).
start_(span("lived",223,227),span(20040101,140,143)).
end_(span("lived",223,227),span(20191231,148,151)).
agent_(span("lived",223,227),span("Bob",154,156)).
patient_(span("lived",223,227),span("home",197,200)).
agent_(span("lived",223,227),span("Charlie",215,221)).
patient_(span("child",65,69),span("Alice",44,48)).
patient_(span("child",65,69),span("Bob",54,56)).
agent_(span("child",65,69),span("Charlie",72,78)).
start_(span("child",65,69),span(20001009,86,102)).
birth_(span("born",81,84)).
agent_(span("born",81,84),span("Charlie",72,78)).
start_(span("born",81,84),span(20001009,86,102)).
s2_b_1_A_i_II("Charlie","Bob",2018).
2025-06-15 00:28:09,070 - INFO - [s2_b_1_A_i_II_pos] Query:
s2_b_1_A_i_II("Charlie","Bob",2018).
2025-06-15 00:28:09,071 - INFO - [s2_b_1_A_i_II_pos] Query result: {'truth': True}
2025-06-15 00:28:09,071 - INFO - [s2_b_1_A_i_II_pos] Result: correct
2025-06-15 00:28:09,072 - INFO - [s2_b_1_A_i_I_neg] Prolog code:
:- ['/Users/sophie/code/2025-mcm-llms-applied-in-law_context/data/sara_v3/statutes/prolog/section2.pl'].
:- ['/Users/sophie/code/2025-mcm-llms-applied-in-law_context/data/sara_v3/statutes/prolog/utils.pl'].
:- ['/Users/sophie/code/2025-mcm-llms-applied-in-law_context/data/sara_v3/statutes/prolog/init.pl'].
bob_household_maintenance(Year,Event,Start_day,End_day) :-
    between(2004,2019,Year),
    atom_concat("furnished the costs of maintaining the home ",Year,Event),
    first_day_year(Year,Start_day),
    last_day_year(Year,End_day).
payment_(span(Event,158,166)) :- bob_household_maintenance(_,Event,_,_).
agent_(span(Event,158,166),span("Bob",154,156)) :- bob_household_maintenance(_,Event,_,_).
amount_(span(Event,158,166),span(1,168,170)) :- bob_household_maintenance(_,Event,_,_).
purpose_(span(Event,158,166),span("home",197,200)) :- bob_household_maintenance(_,Event,_,_).
start_(span(Event,158,166),span(Start_day,140,143)) :- bob_household_maintenance(_,Event,Start_day,_).
end_(span(Event,158,166),span(End_day,148,151)) :- bob_household_maintenance(_,Event,_,End_day).
marriage_(span("married",18,24)).
son_(span("child",65,69)).
death_(span("died",111,114)).
residence_(span("lived",223,227)).
marriage_(span("married",255,261)).
agent_(span("died",111,114),span("Alice",105,109)).
start_(span("died",111,114),span(20140709,119,132)).
agent_(span("married",18,24),span("Alice",0,4)).
agent_(span("married",18,24),span("Bob",10,12)).
start_(span("married",18,24),span(19920203,29,41)).
agent_(span("married",255,261),span("Charlie",247,253)).
agent_(span("married",255,261),span("Dan",263,265)).
start_(span("married",255,261),span(20180214,270,283)).
start_(span("lived",223,227),span(20040101,140,143)).
end_(span("lived",223,227),span(20191231,148,151)).
agent_(span("lived",223,227),span("Bob",154,156)).
patient_(span("lived",223,227),span("home",197,200)).
agent_(span("lived",223,227),span("Charlie",215,221)).
patient_(span("child",65,69),span("Alice",44,48)).
patient_(span("child",65,69),span("Bob",54,56)).
agent_(span("child",65,69),span("Charlie",72,78)).
start_(span("child",65,69),span(20001009,86,102)).
birth_(span("born",81,84)).
agent_(span("born",81,84),span("Charlie",72,78)).
start_(span("born",81,84),span(20001009,86,102)).
\+ s2_b_1_A_i_I("Charlie",2017).
2025-06-15 00:28:09,201 - INFO - [s2_b_1_A_i_I_neg] Query:
\+ s2_b_1_A_i_I("Charlie",2017).
2025-06-15 00:28:09,202 - INFO - [s2_b_1_A_i_I_neg] Query result: {'truth': True}
2025-06-15 00:28:09,202 - INFO - [s2_b_1_A_i_I_neg] Result: correct
2025-06-15 00:28:09,203 - INFO - [s2_b_1_A_i_I_pos] Prolog code:
:- ['/Users/sophie/code/2025-mcm-llms-applied-in-law_context/data/sara_v3/statutes/prolog/section2.pl'].
:- ['/Users/sophie/code/2025-mcm-llms-applied-in-law_context/data/sara_v3/statutes/prolog/utils.pl'].
:- ['/Users/sophie/code/2025-mcm-llms-applied-in-law_context/data/sara_v3/statutes/prolog/init.pl'].
:- [statutes/prolog/init].
bob_household_maintenance(Year,Event,Start_day,End_day) :-
    between(2004,2019,Year),
    atom_concat("furnished the costs of maintaining the home ",Year,Event),
    first_day_year(Year,Start_day),
    last_day_year(Year,End_day).
payment_(span(Event,158,166)) :- bob_household_maintenance(_,Event,_,_).
agent_(span(Event,158,166),span("Bob",154,156)) :- bob_household_maintenance(_,Event,_,_).
amount_(span(Event,158,166),span(1,168,170)) :- bob_household_maintenance(_,Event,_,_).
purpose_(span(Event,158,166),span("home",197,200)) :- bob_household_maintenance(_,Event,_,_).
start_(span(Event,158,166),span(Start_day,140,143)) :- bob_household_maintenance(_,Event,Start_day,_).
end_(span(Event,158,166),span(End_day,148,151)) :- bob_household_maintenance(_,Event,_,End_day).
marriage_(span("married",18,24)).
son_(span("child",65,69)).
death_(span("died",111,114)).
residence_(span("lived",223,227)).
marriage_(span("married",255,261)).
agent_(span("died",111,114),span("Alice",105,109)).
start_(span("died",111,114),span(20140709,119,132)).
agent_(span("married",18,24),span("Alice",0,4)).
agent_(span("married",18,24),span("Bob",10,12)).
start_(span("married",18,24),span(19920203,29,41)).
agent_(span("married",255,261),span("Charlie",247,253)).
agent_(span("married",255,261),span("Dan",263,265)).
start_(span("married",255,261),span(20170214,270,283)).
start_(span("lived",223,227),span(20040101,140,143)).
end_(span("lived",223,227),span(20191231,148,151)).
agent_(span("lived",223,227),span("Bob",154,156)).
patient_(span("lived",223,227),span("home",197,200)).
agent_(span("lived",223,227),span("Charlie",215,221)).
patient_(span("child",65,69),span("Alice",44,48)).
patient_(span("child",65,69),span("Bob",54,56)).
agent_(span("child",65,69),span("Charlie",72,78)).
start_(span("child",65,69),span(20001009,86,102)).
birth_(span("born",81,84)).
agent_(span("born",81,84),span("Charlie",72,78)).
start_(span("born",81,84),span(20001009,86,102)).
s2_b_1_A_i_I("Charlie",2017).
2025-06-15 00:28:09,337 - INFO - [s2_b_1_A_i_I_pos] Query:
s2_b_1_A_i_I("Charlie",2017).
2025-06-15 00:28:09,337 - INFO - [s2_b_1_A_i_I_pos] Query result: {'truth': True}
2025-06-15 00:28:09,338 - INFO - [s2_b_1_A_i_I_pos] Result: correct
2025-06-15 00:28:09,338 - INFO - [s2_b_1_A_i_neg] Prolog code:
:- ['/Users/sophie/code/2025-mcm-llms-applied-in-law_context/data/sara_v3/statutes/prolog/section152.pl'].
:- ['/Users/sophie/code/2025-mcm-llms-applied-in-law_context/data/sara_v3/statutes/prolog/section2.pl'].
:- ['/Users/sophie/code/2025-mcm-llms-applied-in-law_context/data/sara_v3/statutes/prolog/utils.pl'].
:- ['/Users/sophie/code/2025-mcm-llms-applied-in-law_context/data/sara_v3/statutes/prolog/init.pl'].
:- discontiguous s152_b_2/4.
:- [statutes/prolog/init].
bob_household_maintenance(Year,Event,Start_day,End_day) :-
    between(2004,2019,Year),
    atom_concat("furnished the costs of maintaining the home ",Year,Event),
    first_day_year(Year,Start_day),
    last_day_year(Year,End_day).
payment_(span(Event,158,166)) :- bob_household_maintenance(_,Event,_,_).
agent_(span(Event,158,166),span("Bob",154,156)) :- bob_household_maintenance(_,Event,_,_).
amount_(span(Event,158,166),span(1,168,170)) :- bob_household_maintenance(_,Event,_,_).
purpose_(span(Event,158,166),span("home",197,200)) :- bob_household_maintenance(_,Event,_,_).
start_(span(Event,158,166),span(Start_day,140,143)) :- bob_household_maintenance(_,Event,Start_day,_).
end_(span(Event,158,166),span(End_day,148,151)) :- bob_household_maintenance(_,Event,_,End_day).
s152_b_2("Bob",_,"Charlie",2018).
marriage_(span("married",18,24)).
son_(span("child",65,69)).
death_(span("died",111,114)).
residence_(span("lived",223,227)).
marriage_(span("married",255,261)).
agent_(span("died",111,114),span("Alice",105,109)).
start_(span("died",111,114),span(20140709,119,132)).
agent_(span("married",18,24),span("Alice",0,4)).
agent_(span("married",18,24),span("Bob",10,12)).
start_(span("married",18,24),span(19920203,29,41)).
agent_(span("married",255,261),span("Charlie",247,253)).
agent_(span("married",255,261),span("Dan",263,265)).
start_(span("married",255,261),span(20180214,270,283)).
start_(span("lived",223,227),span(20040101,140,143)).
end_(span("lived",223,227),span(20191231,148,151)).
agent_(span("lived",223,227),span("Bob",154,156)).
patient_(span("lived",223,227),span("home",197,200)).
agent_(span("lived",223,227),span("Charlie",215,221)).
patient_(span("child",65,69),span("Alice",44,48)).
patient_(span("child",65,69),span("Bob",54,56)).
agent_(span("child",65,69),span("Charlie",72,78)).
start_(span("child",65,69),span(20001009,86,102)).
birth_(span("born",81,84)).
agent_(span("born",81,84),span("Charlie",72,78)).
start_(span("born",81,84),span(20001009,86,102)).
\+ s2_b_1_A_i(_,"Bob",2018).
2025-06-15 00:28:09,577 - INFO - [s2_b_1_A_i_neg] Query:
\+ s2_b_1_A_i(_,"Bob",2018).
2025-06-15 00:28:09,578 - INFO - [s2_b_1_A_i_neg] Query result: {'truth': True}
2025-06-15 00:28:09,578 - INFO - [s2_b_1_A_i_neg] Result: correct
2025-06-15 00:28:09,578 - INFO - [s2_b_1_A_i_pos] Prolog code:
:- ['/Users/sophie/code/2025-mcm-llms-applied-in-law_context/data/sara_v3/statutes/prolog/section2.pl'].
:- ['/Users/sophie/code/2025-mcm-llms-applied-in-law_context/data/sara_v3/statutes/prolog/utils.pl'].
:- ['/Users/sophie/code/2025-mcm-llms-applied-in-law_context/data/sara_v3/statutes/prolog/init.pl'].
:- [statutes/prolog/init].
bob_household_maintenance(Year,Event,Start_day,End_day) :-
    between(2004,2019,Year),
    atom_concat("furnished the costs of maintaining the home ",Year,Event),
    first_day_year(Year,Start_day),
    last_day_year(Year,End_day).
payment_(span(Event,158,166)) :- bob_household_maintenance(_,Event,_,_).
agent_(span(Event,158,166),span("Bob",154,156)) :- bob_household_maintenance(_,Event,_,_).
amount_(span(Event,158,166),span(1,168,170)) :- bob_household_maintenance(_,Event,_,_).
purpose_(span(Event,158,166),span("home",197,200)) :- bob_household_maintenance(_,Event,_,_).
start_(span(Event,158,166),span(Start_day,140,143)) :- bob_household_maintenance(_,Event,Start_day,_).
end_(span(Event,158,166),span(End_day,148,151)) :- bob_household_maintenance(_,Event,_,End_day).
marriage_(span("married",18,24)).
son_(span("child",65,69)).
death_(span("died",111,114)).
residence_(span("lived",223,227)).
agent_(span("died",111,114),span("Alice",105,109)).
start_(span("died",111,114),span(20140709,119,132)).
agent_(span("married",18,24),span("Alice",0,4)).
agent_(span("married",18,24),span("Bob",10,12)).
start_(span("married",18,24),span(19920203,29,41)).
start_(span("lived",223,227),span(20040101,140,143)).
end_(span("lived",223,227),span(20191231,148,151)).
agent_(span("lived",223,227),span("Bob",154,156)).
patient_(span("lived",223,227),span("home",197,200)).
agent_(span("lived",223,227),span("Charlie",215,221)).
patient_(span("child",65,69),span("Alice",44,48)).
patient_(span("child",65,69),span("Bob",54,56)).
agent_(span("child",65,69),span("Charlie",72,78)).
start_(span("child",65,69),span(20001009,86,102)).
birth_(span("born",81,84)).
agent_(span("born",81,84),span("Charlie",72,78)).
start_(span("born",81,84),span(20001009,86,102)).
s2_b_1_A_i(_,"Charlie",2018).
2025-06-15 00:28:09,706 - INFO - [s2_b_1_A_i_pos] Query:
s2_b_1_A_i(_,"Charlie",2018).
2025-06-15 00:28:09,707 - INFO - [s2_b_1_A_i_pos] Query result: {'truth': True}
2025-06-15 00:28:09,707 - INFO - [s2_b_1_A_i_pos] Result: correct
2025-06-15 00:28:09,708 - INFO - [s2_b_1_A_ii_neg] Prolog code:
:- ['/Users/sophie/code/2025-mcm-llms-applied-in-law_context/data/sara_v3/statutes/prolog/section2.pl'].
:- ['/Users/sophie/code/2025-mcm-llms-applied-in-law_context/data/sara_v3/statutes/prolog/utils.pl'].
:- ['/Users/sophie/code/2025-mcm-llms-applied-in-law_context/data/sara_v3/statutes/prolog/init.pl'].
:- [statutes/prolog/init].
bob_household_maintenance(Year,Event,Start_day,End_day) :-
    between(2004,2019,Year),
    atom_concat("furnished the costs of maintaining the home ",Year,Event),
    first_day_year(Year,Start_day),
    last_day_year(Year,End_day).
payment_(span(Event,149,157)) :- bob_household_maintenance(_,Event,_,_).
agent_(span(Event,149,157),span("Bob",145,147)) :- bob_household_maintenance(_,Event,_,_).
amount_(span(Event,149,157),span(1,159,161)) :- bob_household_maintenance(_,Event,_,_).
purpose_(span(Event,149,157),span("home",188,191)) :- bob_household_maintenance(_,Event,_,_).
start_(span(Event,149,157),span(Start_day,131,134)) :- bob_household_maintenance(_,Event,Start_day,_).
end_(span(Event,149,157),span(End_day,139,142)) :- bob_household_maintenance(_,Event,_,End_day).
marriage_(span("married",18,24)).
brother_(span("brother",54,60)).
death_(span("died",102,105)).
residence_(span("lived",214,218)).
income_(span("earned",255,260)).
joint_return_(span("joint return",296,307)).
marriage_(span("married",333,339)).
agent_(span("died",102,105),span("Alice",96,100)).
start_(span("died",102,105),span(20140709,110,123)).
agent_(span("earned",255,260),span("Charlie",247,253)).
amount_(span("earned",255,260),span(312489,263,268)).
start_(span("earned",255,260),span(20170101,241,244)).
start_(span("joint return",296,307),span(20170101,274,277)).
agent_(span("joint return",296,307),span("Charlie",280,286)).
agent_(span("joint return",296,307),span("spouse",318,323)).
agent_(span("married",18,24),span("Alice",0,4)).
agent_(span("married",18,24),span("Bob",10,12)).
start_(span("married",18,24),span(19920203,29,41)).
agent_(span("married",333,339),span("Charlie",280,286)).
agent_(span("married",333,339),span("spouse",318,323)).
start_(span("married",333,339),span(20161201,344,356)).
start_(span("lived",214,218),span(20040101,131,134)).
end_(span("lived",214,218),span(20191231,139,142)).
agent_(span("lived",214,218),span("Bob",145,147)).
patient_(span("lived",214,218),span("home",188,191)).
agent_(span("lived",214,218),span("Charlie",206,212)).
patient_(span("brother",54,60),span("Bob",44,46)).
agent_(span("brother",54,60),span("Charlie",63,69)).
start_(span("brother",54,60),span(20001009,77,93)).
birth_(span("born",72,75)).
agent_(span("born",72,75),span("Charlie",63,69)).
start_(span("born",72,75),span(20001009,77,93)).
\+ s2_b_1_A_ii(_,"Charlie",2017).
2025-06-15 00:28:09,946 - INFO - [s2_b_1_A_ii_neg] Query:
\+ s2_b_1_A_ii(_,"Charlie",2017).
2025-06-15 00:28:09,948 - INFO - [s2_b_1_A_ii_neg] Query result: {'truth': True}
2025-06-15 00:28:09,948 - INFO - [s2_b_1_A_ii_neg] Result: correct
2025-06-15 00:28:09,949 - INFO - [s2_b_1_A_ii_pos] Prolog code:
:- ['/Users/sophie/code/2025-mcm-llms-applied-in-law_context/data/sara_v3/statutes/prolog/section151.pl'].
:- ['/Users/sophie/code/2025-mcm-llms-applied-in-law_context/data/sara_v3/statutes/prolog/section2.pl'].
:- ['/Users/sophie/code/2025-mcm-llms-applied-in-law_context/data/sara_v3/statutes/prolog/utils.pl'].
:- ['/Users/sophie/code/2025-mcm-llms-applied-in-law_context/data/sara_v3/statutes/prolog/init.pl'].
:- discontiguous s151_c_applies/3.
:- [statutes/prolog/init].
bob_household_maintenance(Year,Event,Start_day,End_day) :-
    between(2004,2019,Year),
    atom_concat("furnished the costs of maintaining the home ",Year,Event),
    first_day_year(Year,Start_day),
    last_day_year(Year,End_day).
payment_(span(Event,149,157)) :- bob_household_maintenance(_,Event,_,_).
agent_(span(Event,149,157),span("Bob",145,147)) :- bob_household_maintenance(_,Event,_,_).
amount_(span(Event,149,157),span(1,159,161)) :- bob_household_maintenance(_,Event,_,_).
purpose_(span(Event,149,157),span("home",188,191)) :- bob_household_maintenance(_,Event,_,_).
start_(span(Event,149,157),span(Start_day,131,134)) :- bob_household_maintenance(_,Event,Start_day,_).
end_(span(Event,149,157),span(End_day,139,142)) :- bob_household_maintenance(_,Event,_,End_day).
s151_c_applies("Bob","Charlie",Year) :- between(2015,2019,Year).
marriage_(span("married",18,24)).
brother_(span("brother",54,60)).
death_(span("died",102,105)).
residence_(span("lived",214,218)).
income_(span("earned",336,341)).
patient_(span("brother",54,60),span("Bob",44,46)).
agent_(span("brother",54,60),span("Charlie",63,69)).
start_(span("brother",54,60),span(20001009,77,93)).
birth_(span("born",72,75)).
agent_(span("born",72,75),span("Charlie",63,69)).
start_(span("born",72,75),span(20001009,77,93)).
agent_(span("died",102,105),span("Alice",96,100)).
start_(span("died",102,105),span(20140709,110,123)).
start_(span("earned",336,341),span(20170101,326,329)).
agent_(span("earned",336,341),span("Bob",332,334)).
amount_(span("earned",336,341),span(5254312,344,350)).
agent_(span("married",18,24),span("Alice",0,4)).
agent_(span("married",18,24),span("Bob",10,12)).
start_(span("married",18,24),span(19920203,29,41)).
start_(span("lived",214,218),span(20040101,131,134)).
agent_(span("lived",214,218),span("Bob",145,147)).
patient_(span("lived",214,218),span("home",188,191)).
agent_(span("lived",214,218),span("Charlie",206,212)).
end_(span("lived",214,218),span(20191231,139,142)).
s2_b_1_A_ii(_,"Charlie",2017).
2025-06-15 00:28:10,091 - INFO - [s2_b_1_A_ii_pos] Query:
s2_b_1_A_ii(_,"Charlie",2017).
2025-06-15 00:28:10,091 - INFO - [s2_b_1_A_ii_pos] Query result: {'truth': True}
2025-06-15 00:28:10,091 - INFO - [s2_b_1_A_ii_pos] Result: correct
2025-06-15 00:28:10,092 - INFO - [s2_b_3_A_neg] Prolog code:
:- ['/Users/sophie/code/2025-mcm-llms-applied-in-law_context/data/sara_v3/statutes/prolog/section151.pl'].
:- ['/Users/sophie/code/2025-mcm-llms-applied-in-law_context/data/sara_v3/statutes/prolog/section2.pl'].
:- ['/Users/sophie/code/2025-mcm-llms-applied-in-law_context/data/sara_v3/statutes/prolog/utils.pl'].
:- ['/Users/sophie/code/2025-mcm-llms-applied-in-law_context/data/sara_v3/statutes/prolog/init.pl'].
:- discontiguous s151_c_applies/3.
:- [statutes/prolog/init].
bob_household_maintenance(Year,Event,Start_day,End_day) :-
    between(2004,2019,Year),
    atom_concat("furnished the costs of maintaining the home ",Year,Event),
    first_day_year(Year,Start_day),
    last_day_year(Year,End_day).
payment_(span(Event,97,105)) :- bob_household_maintenance(_,Event,_,_).
agent_(span(Event,97,105),span("Bob",93,95)) :- bob_household_maintenance(_,Event,_,_).
amount_(span(Event,97,105),span(1,107,109)) :- bob_household_maintenance(_,Event,_,_).
purpose_(span(Event,97,105),span("home",136,139)) :- bob_household_maintenance(_,Event,_,_).
start_(span(Event,97,105),span(Start_day,79,82)) :- bob_household_maintenance(_,Event,Start_day,_).
end_(span(Event,97,105),span(End_day,87,90)) :- bob_household_maintenance(_,Event,_,End_day).
s151_c_applies("Bob","Charlie",Year) :- between(2015,2019,Year).
marriage_(span("married",18,24)).
death_(span("died",50,53)).
father_(span("father",158,163)).
residence_(span("lived",173,177)).
nonresident_alien_(span("nonresident alien",299,315)).
agent_(span("died",50,53),span("Alice",44,48)).
start_(span("died",50,53),span(20140709,58,71)).
agent_(span("married",18,24),span("Alice",0,4)).
agent_(span("married",18,24),span("Bob",10,12)).
start_(span("married",18,24),span(19920203,29,41)).
agent_(span("nonresident alien",299,315),span("Bob",289,291)).
end_(span("nonresident alien",299,315),span(20180212,323,334)).
start_(span("lived",173,177),span(20040101,79,82)).
agent_(span("lived",173,177),span("Bob",93,95)).
patient_(span("lived",173,177),span("home",136,139)).
agent_(span("lived",173,177),span("Charlie",165,171)).
end_(span("lived",173,177),span(20191231,87,90)).
patient_(span("father",158,163),span("Bob",93,95)).
agent_(span("father",158,163),span("Charlie",165,171)).
\+ s2_b_3_A("Bob",2019,_).
2025-06-15 00:28:10,329 - INFO - [s2_b_3_A_neg] Query:
\+ s2_b_3_A("Bob",2019,_).
2025-06-15 00:28:10,329 - INFO - [s2_b_3_A_neg] Query result: {'truth': True}
2025-06-15 00:28:10,329 - INFO - [s2_b_3_A_neg] Result: correct
2025-06-15 00:28:10,332 - INFO - [s2_b_3_A_pos] Prolog code:
:- ['/Users/sophie/code/2025-mcm-llms-applied-in-law_context/data/sara_v3/statutes/prolog/section151.pl'].
:- ['/Users/sophie/code/2025-mcm-llms-applied-in-law_context/data/sara_v3/statutes/prolog/section2.pl'].
:- ['/Users/sophie/code/2025-mcm-llms-applied-in-law_context/data/sara_v3/statutes/prolog/utils.pl'].
:- ['/Users/sophie/code/2025-mcm-llms-applied-in-law_context/data/sara_v3/statutes/prolog/init.pl'].
:- discontiguous s151_c_applies/3.
:- [statutes/prolog/init].
bob_household_maintenance(Year,Event,Start_day,End_day) :-
    between(2004,2019,Year),
    atom_concat("furnished the costs of maintaining the home ",Year,Event),
    first_day_year(Year,Start_day),
    last_day_year(Year,End_day).
payment_(span(Event,97,105)) :- bob_household_maintenance(_,Event,_,_).
agent_(span(Event,97,105),span("Bob",93,95)) :- bob_household_maintenance(_,Event,_,_).
amount_(span(Event,97,105),span(1,107,109)) :- bob_household_maintenance(_,Event,_,_).
purpose_(span(Event,97,105),span("home",136,139)) :- bob_household_maintenance(_,Event,_,_).
start_(span(Event,97,105),span(Start_day,79,82)) :- bob_household_maintenance(_,Event,Start_day,_).
end_(span(Event,97,105),span(End_day,87,90)) :- bob_household_maintenance(_,Event,_,End_day).
s151_c_applies("Bob","Charlie",Year) :- between(2015,2019,Year).
marriage_(span("married",18,24)).
death_(span("died",50,53)).
father_(span("father",158,163)).
residence_(span("lived",173,177)).
nonresident_alien_(span("nonresident alien",299,315)).
agent_(span("died",50,53),span("Alice",44,48)).
start_(span("died",50,53),span(20140709,58,71)).
patient_(span("father",158,163),span("Bob",93,95)).
agent_(span("father",158,163),span("Charlie",165,171)).
agent_(span("married",18,24),span("Alice",0,4)).
agent_(span("married",18,24),span("Bob",10,12)).
start_(span("married",18,24),span(19920203,29,41)).
agent_(span("nonresident alien",299,315),span("Bob",289,291)).
end_(span("nonresident alien",299,315),span(20180212,323,334)).
start_(span("lived",173,177),span(20040101,79,82)).
agent_(span("lived",173,177),span("Bob",93,95)).
patient_(span("lived",173,177),span("home",136,139)).
agent_(span("lived",173,177),span("Charlie",165,171)).
end_(span("lived",173,177),span(20191231,87,90)).
s2_b_3_A("Bob",2018,_).
2025-06-15 00:28:10,470 - INFO - [s2_b_3_A_pos] Query:
s2_b_3_A("Bob",2018,_).
2025-06-15 00:28:10,470 - INFO - [s2_b_3_A_pos] Query result: {'truth': True}
2025-06-15 00:28:10,470 - INFO - [s2_b_3_A_pos] Result: correct
2025-06-15 00:28:10,471 - INFO - [s3301_neg] Prolog code:
:- ['/Users/sophie/code/2025-mcm-llms-applied-in-law_context/data/sara_v3/statutes/prolog/section3306.pl'].
:- ['/Users/sophie/code/2025-mcm-llms-applied-in-law_context/data/sara_v3/statutes/prolog/utils.pl'].
:- ['/Users/sophie/code/2025-mcm-llms-applied-in-law_context/data/sara_v3/statutes/prolog/init.pl'].
:- discontiguous total_wages_employer/6.
:- discontiguous s3306_a/2.
:- [statutes/prolog/init].
s3306_a("Alice",Year) :- between(2015,2016,Year).
total_wages_employer("Alice",453009,_,_,20150101,20151231).
total_wages_employer("Alice",443870,_,_,20160101,20161231).
\+ s3301("Alice",2016,_,_,_,26362).
2025-06-15 00:28:10,709 - INFO - [s3301_neg] Query:
\+ s3301("Alice",2016,_,_,_,26362).
2025-06-15 00:28:10,709 - INFO - [s3301_neg] Query result: {'truth': True}
2025-06-15 00:28:10,710 - INFO - [s3301_neg] Result: correct
2025-06-15 00:28:10,711 - INFO - [s3301_pos] Prolog code:
:- ['/Users/sophie/code/2025-mcm-llms-applied-in-law_context/data/sara_v3/statutes/prolog/section3306.pl'].
:- ['/Users/sophie/code/2025-mcm-llms-applied-in-law_context/data/sara_v3/statutes/prolog/utils.pl'].
:- ['/Users/sophie/code/2025-mcm-llms-applied-in-law_context/data/sara_v3/statutes/prolog/init.pl'].
:- discontiguous total_wages_employer/6.
:- discontiguous s3306_a/2.
:- [statutes/prolog/init].
s3306_a("Alice",2015).
s3306_a("Alice",2016).
total_wages_employer("Alice",453009,_,_,20150101,20151231).
total_wages_employer("Alice",443870,_,_,20160101,20161231).
s3301("Alice",2015,_,_,_,27181).
2025-06-15 00:28:10,848 - INFO - [s3301_pos] Query:
s3301("Alice",2015,_,_,_,27181).
2025-06-15 00:28:10,848 - INFO - [s3301_pos] Query result: {'truth': True}
2025-06-15 00:28:10,848 - INFO - [s3301_pos] Result: correct
2025-06-15 00:28:10,850 - INFO - [s3306_a_1_B_neg] Prolog code:
:- ['/Users/sophie/code/2025-mcm-llms-applied-in-law_context/data/sara_v3/statutes/prolog/section3306.pl'].
:- ['/Users/sophie/code/2025-mcm-llms-applied-in-law_context/data/sara_v3/statutes/prolog/utils.pl'].
:- ['/Users/sophie/code/2025-mcm-llms-applied-in-law_context/data/sara_v3/statutes/prolog/init.pl'].
:- discontiguous s3306_c/5.
:- [statutes/prolog/init].
s3306_c(span("employed",10,17),"Alice","Bob",20170124,_).
s3306_c(span("employed",10,17),"Alice","Bob",20170204,_).
s3306_c(span("employed",10,17),"Alice","Bob",20170303,_).
s3306_c(span("employed",10,17),"Alice","Bob",20170318,_).
s3306_c(span("employed",10,17),"Alice","Bob",20170401,_).
s3306_c(span("employed",10,17),"Alice","Bob",20171025,_).
s3306_c(span("employed",10,17),"Alice","Bob",20171108,_).
s3306_c(span("employed",10,17),"Alice","Bob",20171122,_).
s3306_c(span("employed",10,17),"Alice","Bob",20171201,_).
s3306_c(span("employed",10,17),"Alice","Bob",20171202,_).
\+ s3306_a_1_B("Alice",_,_,2017).
2025-06-15 00:28:11,094 - INFO - [s3306_a_1_B_neg] Query:
\+ s3306_a_1_B("Alice",_,_,2017).
2025-06-15 00:28:11,104 - INFO - [s3306_a_1_B_neg] Query result: {'truth': True}
2025-06-15 00:28:11,105 - INFO - [s3306_a_1_B_neg] Result: correct
2025-06-15 00:28:11,105 - INFO - [s3306_a_1_B_pos] Prolog code:
:- ['/Users/sophie/code/2025-mcm-llms-applied-in-law_context/data/sara_v3/statutes/prolog/section3306.pl'].
:- ['/Users/sophie/code/2025-mcm-llms-applied-in-law_context/data/sara_v3/statutes/prolog/utils.pl'].
:- ['/Users/sophie/code/2025-mcm-llms-applied-in-law_context/data/sara_v3/statutes/prolog/init.pl'].
:- discontiguous s3306_c/5.
:- [statutes/prolog/init].
s3306_c(span("employed",10,17),"Alice","Bob",20170124,_).
s3306_c(span("employed",10,17),"Alice","Bob",20170204,_).
s3306_c(span("employed",10,17),"Alice","Bob",20170303,_).
s3306_c(span("employed",10,17),"Alice","Bob",20170318,_).
s3306_c(span("employed",10,17),"Alice","Bob",20170401,_).
s3306_c(span("employed",10,17),"Alice","Bob",20170509,_).
s3306_c(span("employed",10,17),"Alice","Bob",20171014,_).
s3306_c(span("employed",10,17),"Alice","Bob",20171025,_).
s3306_c(span("employed",10,17),"Alice","Bob",20171108,_).
s3306_c(span("employed",10,17),"Alice","Bob",20171122,_).
s3306_c(span("employed",10,17),"Alice","Bob",20171201,_).
s3306_c(span("employed",10,17),"Alice","Bob",20171202,_).
s3306_a_1_B("Alice",_,_,2017).
2025-06-15 00:28:11,230 - INFO - [s3306_a_1_B_pos] Query:
s3306_a_1_B("Alice",_,_,2017).
2025-06-15 00:28:11,231 - INFO - [s3306_a_1_B_pos] Query result: {'truth': True}
2025-06-15 00:28:11,231 - INFO - [s3306_a_1_B_pos] Result: correct
2025-06-15 00:28:11,232 - INFO - [s3306_a_3_neg] Prolog code:
:- ['/Users/sophie/code/2025-mcm-llms-applied-in-law_context/data/sara_v3/statutes/prolog/section3306.pl'].
:- ['/Users/sophie/code/2025-mcm-llms-applied-in-law_context/data/sara_v3/statutes/prolog/utils.pl'].
:- ['/Users/sophie/code/2025-mcm-llms-applied-in-law_context/data/sara_v3/statutes/prolog/init.pl'].
:- discontiguous s3306_b/8.
:- [statutes/prolog/init].
s3306_b(3200,span("paid",10,13),span("labor",53,57),"Alice","Bob","Alice","Bob",_).
s3306_b(4200,span("paid",109,112),span("service",150,156),"Bob","Alice","Bob","Alice",_).
payment_(span("paid",10,13)).
service_(span("labor",53,57)).
payment_(span("paid",109,112)).
service_(span("service",150,156)).
agent_(span("paid",10,13),span("Alice",0,4)).
amount_(span("paid",10,13),span(3200,16,19)).
means_(span("paid",10,13),span("cash",24,27)).
patient_(span("paid",10,13),span("Bob",32,34)).
purpose_(span("paid",10,13),span("labor",53,57)).
start_(span("paid",10,13),span(20170902,86,98)).
agent_(span("paid",109,112),span("Bob",101,103)).
amount_(span("paid",109,112),span(4200,115,118)).
means_(span("paid",109,112),span("cash",123,126)).
patient_(span("paid",109,112),span("Alice",131,135)).
purpose_(span("paid",109,112),span("service",150,156)).
start_(span("paid",109,112),span(20180901,185,197)).
patient_(span("labor",53,57),span("Alice",0,4)).
agent_(span("labor",53,57),span("Bob",32,34)).
purpose_(span("labor",53,57),span("agricultural labor",40,57)).
start_(span("labor",53,57),span(20170201,69,81)).
end_(span("labor",53,57),span(20170902,86,98)).
patient_(span("service",150,156),span("Bob",101,103)).
agent_(span("service",150,156),span("Alice",131,135)).
purpose_(span("service",150,156),span("domestic service",141,156)).
start_(span("service",150,156),span(20170401,168,180)).
end_(span("service",150,156),span(20180901,185,197)).
location_(span("service",150,156),span("home",206,209)).
\+ s3306_a_3("Alice",_,_,2017).
2025-06-15 00:28:11,477 - INFO - [s3306_a_3_neg] Query:
\+ s3306_a_3("Alice",_,_,2017).
2025-06-15 00:28:11,477 - INFO - [s3306_a_3_neg] Query result: {'truth': True}
2025-06-15 00:28:11,477 - INFO - [s3306_a_3_neg] Result: correct
2025-06-15 00:28:11,479 - INFO - [s3306_a_3_pos] Prolog code:
:- ['/Users/sophie/code/2025-mcm-llms-applied-in-law_context/data/sara_v3/statutes/prolog/section3306.pl'].
:- ['/Users/sophie/code/2025-mcm-llms-applied-in-law_context/data/sara_v3/statutes/prolog/utils.pl'].
:- ['/Users/sophie/code/2025-mcm-llms-applied-in-law_context/data/sara_v3/statutes/prolog/init.pl'].
:- discontiguous s3306_b/8.
:- [statutes/prolog/init].
s3306_b(3200,span("paid",10,13),span("labor",53,57),"Alice","Bob","Alice","Bob",_).
s3306_b(4200,span("paid",109,112),span("service",150,156),"Bob","Alice","Bob","Alice",_).
payment_(span("paid",10,13)).
service_(span("labor",53,57)).
payment_(span("paid",109,112)).
service_(span("service",150,156)).
agent_(span("paid",10,13),span("Alice",0,4)).
amount_(span("paid",10,13),span(3200,16,19)).
means_(span("paid",10,13),span("cash",24,27)).
patient_(span("paid",10,13),span("Bob",32,34)).
purpose_(span("paid",10,13),span("labor",53,57)).
start_(span("paid",10,13),span(20170902,86,98)).
agent_(span("paid",109,112),span("Bob",101,103)).
amount_(span("paid",109,112),span(4200,115,118)).
means_(span("paid",109,112),span("cash",123,126)).
patient_(span("paid",109,112),span("Alice",131,135)).
purpose_(span("paid",109,112),span("service",150,156)).
start_(span("paid",109,112),span(20180901,198,210)).
patient_(span("labor",53,57),span("Alice",0,4)).
agent_(span("labor",53,57),span("Bob",32,34)).
purpose_(span("labor",53,57),span("agricultural labor",40,57)).
start_(span("labor",53,57),span(20170201,69,81)).
end_(span("labor",53,57),span(20170902,86,98)).
patient_(span("service",150,156),span("Bob",101,103)).
agent_(span("service",150,156),span("Alice",131,135)).
purpose_(span("service",150,156),span("domestic service",141,156)).
location_(span("service",150,156),span("home",165,168)).
start_(span("service",150,156),span(20170401,181,193)).
end_(span("service",150,156),span(20180901,198,210)).
s3306_a_3("Bob",_,_,2018).
2025-06-15 00:28:11,616 - INFO - [s3306_a_3_pos] Query:
s3306_a_3("Bob",_,_,2018).
2025-06-15 00:28:11,616 - INFO - [s3306_a_3_pos] Query result: {'truth': True}
2025-06-15 00:28:11,616 - INFO - [s3306_a_3_pos] Result: correct
2025-06-15 00:28:11,617 - INFO - [s3306_b_2_C_neg] Prolog code:
:- ['/Users/sophie/code/2025-mcm-llms-applied-in-law_context/data/sara_v3/statutes/prolog/section3306.pl'].
:- ['/Users/sophie/code/2025-mcm-llms-applied-in-law_context/data/sara_v3/statutes/prolog/utils.pl'].
:- ['/Users/sophie/code/2025-mcm-llms-applied-in-law_context/data/sara_v3/statutes/prolog/init.pl'].
:- [statutes/prolog/init].
plan_(span("retirement fund",103,117)).
plan_(span("life insurance",148,161)).
purpose_(span("retirement fund",103,117),span("make provisions for employees in case of retirement",103,117)).
purpose_(span("life insurance",148,161),span("make provisions for employees in case of death",148,161)). 
payment_(span("paid",10,13)).
service_(span("work",33,36)).
payment_(span("paid",85,88)).
payment_(span("paid",132,135)).
father_(span("father",191,196)).
retirement_(span("retired",206,212)).
agent_(span("father",191,196),span("Charlie",167,173)).
patient_(span("father",191,196),span("Alice",183,187)).
start_(span("paid",132,135),span(20170101,64,67)).
amount_(span("paid",132,135),span(5322,138,141)).
patient_(span("paid",132,135),span("life insurance",148,161)).
beneficiary_(span("paid",132,135),span("Charlie",167,173)).
agent_(span("paid",132,135),span("Alice",70,74)).
start_(span("paid",85,88),span(20170101,64,67)).
agent_(span("paid",85,88),span("Alice",70,74)).
amount_(span("paid",85,88),span(9832,91,94)).
patient_(span("paid",85,88),span("retirement fund",103,117)).
beneficiary_(span("paid",85,88),span("Bob",123,125)).
agent_(span("paid",10,13),span("Alice",0,4)).
amount_(span("paid",10,13),span(45252,16,20)).
patient_(span("paid",10,13),span("Bob",25,27)).
purpose_(span("paid",10,13),span("work",33,36)).
start_(span("paid",10,13),span(20170101,55,58)).
agent_(span("retired",206,212),span("Charlie",167,173)).
start_(span("retired",206,212),span(20160101,217,220)).
patient_(span("work",33,36),span("Alice",0,4)).
agent_(span("work",33,36),span("Bob",25,27)).
end_(span("work",33,36),span(20171231,55,58)).
start_(span("work",33,36),span(20170101,55,58)).
\+ s3306_b_2_C(span("retirement fund",103,117)).
2025-06-15 00:28:11,849 - INFO - [s3306_b_2_C_neg] Query:
\+ s3306_b_2_C(span("retirement fund",103,117)).
2025-06-15 00:28:11,850 - INFO - [s3306_b_2_C_neg] Query result: {'truth': True}
2025-06-15 00:28:11,850 - INFO - [s3306_b_2_C_neg] Result: correct
2025-06-15 00:28:11,852 - INFO - [s3306_b_2_C_pos] Prolog code:
:- ['/Users/sophie/code/2025-mcm-llms-applied-in-law_context/data/sara_v3/statutes/prolog/section3306.pl'].
:- ['/Users/sophie/code/2025-mcm-llms-applied-in-law_context/data/sara_v3/statutes/prolog/utils.pl'].
:- ['/Users/sophie/code/2025-mcm-llms-applied-in-law_context/data/sara_v3/statutes/prolog/init.pl'].
:- [statutes/prolog/init].
purpose_(span("retirement fund",103,117),span("make provisions for employees in case of retirement",103,117)).
purpose_(span("life insurance",148,161),span("make provisions for employees in case of death",148,161)).
payment_(span("paid",10,13)).
service_(span("work",33,36)).
payment_(span("paid",85,88)).
plan_(span("retirement fund",103,117)).
payment_(span("paid",132,135)).
plan_(span("life insurance",148,161)).
start_(span("paid",132,135),span(20170101,64,67)).
agent_(span("paid",132,135),span("Alice",70,74)).
amount_(span("paid",132,135),span(5322,138,141)).
patient_(span("paid",132,135),span("life insurance",148,161)).
start_(span("paid",85,88),span(20170101,64,67)).
agent_(span("paid",85,88),span("Alice",70,74)).
amount_(span("paid",85,88),span(9832,91,94)).
patient_(span("paid",85,88),span("retirement fund",103,117)).
agent_(span("paid",10,13),span("Alice",0,4)).
amount_(span("paid",10,13),span(45252,16,20)).
patient_(span("paid",10,13),span("Bob",25,27)).
purpose_(span("paid",10,13),span("work",33,36)).
start_(span("paid",10,13),span(20170101,55,58)).
beneficiary_(span("life insurance",148,161),span("Bob",167,169)).
beneficiary_(span("retirement fund",103,117),span("Bob",123,125)).
patient_(span("work",33,36),span("Alice",0,4)).
agent_(span("work",33,36),span("Bob",25,27)).
end_(span("work",33,36),span(20171231,55,58)).
start_(span("work",33,36),span(20170101,55,58)).
s3306_b_2_C(span("life insurance",148,161)).
2025-06-15 00:28:12,000 - INFO - [s3306_b_2_C_pos] Query:
s3306_b_2_C(span("life insurance",148,161)).
2025-06-15 00:28:12,000 - INFO - [s3306_b_2_C_pos] Query result: {'truth': True}
2025-06-15 00:28:12,000 - INFO - [s3306_b_2_C_pos] Result: correct
2025-06-15 00:28:12,002 - INFO - [s3306_c_10_B_neg] Prolog code:
:- ['/Users/sophie/code/2025-mcm-llms-applied-in-law_context/data/sara_v3/statutes/prolog/section3306.pl'].
:- ['/Users/sophie/code/2025-mcm-llms-applied-in-law_context/data/sara_v3/statutes/prolog/utils.pl'].
:- ['/Users/sophie/code/2025-mcm-llms-applied-in-law_context/data/sara_v3/statutes/prolog/init.pl'].
:- [statutes/prolog/init].
payment_(span("paid",10,13)).
service_(span("services",38,45)).
hospital_(span("Hospital",74,81)).
medical_patient_(span("patient",110,116)).
agent_(span("Hospital",74,81),span("Johns Hopkins Hospital",60,81)).
agent_(span("patient",110,116),span("Alice",98,102)).
patient_(span("patient",110,116),span("Johns Hopkins Hospital",121,142)).
start_(span("patient",110,116),span(20170112,149,166)).
end_(span("patient",110,116),span(20170220,171,189)).
patient_(span("paid",10,13),span("Alice",0,4)).
amount_(span("paid",10,13),span(200,16,18)).
start_(span("paid",10,13),span(20170301,23,32)).
purpose_(span("paid",10,13),span("services",38,45)).
agent_(span("paid",10,13),span("Johns Hopkins Hospital",60,81)).
agent_(span("services",38,45),span("Alice",0,4)).
end_(span("services",38,45),span(20170331,86,95)).
start_(span("services",38,45),span(20170301,86,95)).
patient_(span("services",38,45),span("Johns Hopkins Hospital",60,81)).
\+ s3306_c_10_B(span("services",38,45),_,"Alice",20170301).
2025-06-15 00:28:12,251 - INFO - [s3306_c_10_B_neg] Query:
\+ s3306_c_10_B(span("services",38,45),_,"Alice",20170301).
2025-06-15 00:28:12,252 - INFO - [s3306_c_10_B_neg] Query result: {'truth': True}
2025-06-15 00:28:12,252 - INFO - [s3306_c_10_B_neg] Result: correct
2025-06-15 00:28:12,254 - INFO - [s3306_c_10_B_pos] Prolog code:
:- ['/Users/sophie/code/2025-mcm-llms-applied-in-law_context/data/sara_v3/statutes/prolog/section3306.pl'].
:- ['/Users/sophie/code/2025-mcm-llms-applied-in-law_context/data/sara_v3/statutes/prolog/utils.pl'].
:- ['/Users/sophie/code/2025-mcm-llms-applied-in-law_context/data/sara_v3/statutes/prolog/init.pl'].
:- [statutes/prolog/init].
payment_(span("paid",10,13)).
service_(span("services",38,45)).
hospital_(span("Hospital",74,81)).
medical_patient_(span("patient",110,116)).
agent_(span("Hospital",74,81),span("Johns Hopkins Hospital",60,81)).
agent_(span("patient",110,116),span("Alice",98,102)).
patient_(span("patient",110,116),span("Johns Hopkins Hospital",121,142)).
start_(span("patient",110,116),span(20170315,149,164)).
end_(span("patient",110,116),span(20170402,169,183)).
patient_(span("paid",10,13),span("Alice",0,4)).
amount_(span("paid",10,13),span(200,16,18)).
start_(span("paid",10,13),span(20170301,23,32)).
purpose_(span("paid",10,13),span("services",38,45)).
agent_(span("paid",10,13),span("Johns Hopkins Hospital",60,81)).
agent_(span("services",38,45),span("Alice",0,4)).
end_(span("services",38,45),span(20170331,86,95)).
patient_(span("services",38,45),span("Johns Hopkins Hospital",60,81)).
start_(span("services",38,45),span(20170301,86,95)).
s3306_c_10_B(span("services",38,45),_,"Alice",20170315).
2025-06-15 00:28:12,401 - INFO - [s3306_c_10_B_pos] Query:
s3306_c_10_B(span("services",38,45),_,"Alice",20170315).
2025-06-15 00:28:12,402 - INFO - [s3306_c_10_B_pos] Query result: {'truth': True}
2025-06-15 00:28:12,402 - INFO - [s3306_c_10_B_pos] Result: correct
2025-06-15 00:28:12,402 - INFO - [s3306_c_11_neg] Prolog code:
:- ['/Users/sophie/code/2025-mcm-llms-applied-in-law_context/data/sara_v3/statutes/prolog/section3306.pl'].
:- ['/Users/sophie/code/2025-mcm-llms-applied-in-law_context/data/sara_v3/statutes/prolog/utils.pl'].
:- ['/Users/sophie/code/2025-mcm-llms-applied-in-law_context/data/sara_v3/statutes/prolog/init.pl'].
:- [statutes/prolog/init].
payment_(span("paid",10,13)).
service_(span("employee",36,43)).
patient_(span("paid",10,13),span("Alice",0,4)).
amount_(span("paid",10,13),span(73200,16,20)).
start_(span("paid",10,13),span(20170101,25,28)).
purpose_(span("paid",10,13),span("employee",36,43)).
agent_(span("paid",10,13),span("State of Maryland",52,68)).
agent_(span("employee",36,43),span("Alice",0,4)).
end_(span("employee",36,43),span(20171231,25,28)).
start_(span("employee",36,43),span(20170101,25,28)).
patient_(span("employee",36,43),span("State of Maryland",52,68)).
location_(span("employee",36,43),span("Maryland",84,91)).
location_(span("employee",36,43),span("Baltimore",73,81)).
location_(span("employee",36,43),span("USA",94,96)).
\+ s3306_c_11(span("employee",36,43),_).
2025-06-15 00:28:12,650 - INFO - [s3306_c_11_neg] Query:
\+ s3306_c_11(span("employee",36,43),_).
2025-06-15 00:28:12,651 - INFO - [s3306_c_11_neg] Query result: {'truth': True}
2025-06-15 00:28:12,651 - INFO - [s3306_c_11_neg] Result: correct
2025-06-15 00:28:12,653 - INFO - [s3306_c_11_pos] Prolog code:
:- ['/Users/sophie/code/2025-mcm-llms-applied-in-law_context/data/sara_v3/statutes/prolog/section3306.pl'].
:- ['/Users/sophie/code/2025-mcm-llms-applied-in-law_context/data/sara_v3/statutes/prolog/utils.pl'].
:- ['/Users/sophie/code/2025-mcm-llms-applied-in-law_context/data/sara_v3/statutes/prolog/init.pl'].
:- [statutes/prolog/init].
payment_(span("paid",10,13)).
service_(span("employee",36,43)).
patient_(span("paid",10,13),span("Alice",0,4)).
amount_(span("paid",10,13),span(73200,16,20)).
start_(span("paid",10,13),span(20170101,25,28)).
purpose_(span("paid",10,13),span("employee",36,43)).
agent_(span("paid",10,13),span("Canadian Government",52,70)).
agent_(span("employee",36,43),span("Alice",0,4)).
end_(span("employee",36,43),span(20171231,25,28)).
start_(span("employee",36,43),span(20170101,25,28)).
patient_(span("employee",36,43),span("Canadian Government",52,70)).
location_(span("employee",36,43),span("Toronto",76,82)).
location_(span("employee",36,43),span("Ontario",85,91)).
location_(span("employee",36,43),span("Canada",94,99)).
s3306_c_11(span("employee",36,43),_).
2025-06-15 00:28:12,802 - INFO - [s3306_c_11_pos] Query:
s3306_c_11(span("employee",36,43),_).
2025-06-15 00:28:12,802 - INFO - [s3306_c_11_pos] Query result: {'truth': True}
2025-06-15 00:28:12,802 - INFO - [s3306_c_11_pos] Result: correct
2025-06-15 00:28:12,804 - INFO - [s3306_c_16_neg] Prolog code:
:- ['/Users/sophie/code/2025-mcm-llms-applied-in-law_context/data/sara_v3/statutes/prolog/section3306.pl'].
:- ['/Users/sophie/code/2025-mcm-llms-applied-in-law_context/data/sara_v3/statutes/prolog/utils.pl'].
:- ['/Users/sophie/code/2025-mcm-llms-applied-in-law_context/data/sara_v3/statutes/prolog/init.pl'].
:- [statutes/prolog/init].
payment_(span("paid",10,13)).
service_(span("employee",36,43)).
patient_(span("paid",10,13),span("Alice",0,4)).
amount_(span("paid",10,13),span(73200,16,20)).
start_(span("paid",10,13),span(20170101,25,28)).
purpose_(span("paid",10,13),span("employee",36,43)).
agent_(span("paid",10,13),span("United States Government",52,75)).
agent_(span("employee",36,43),span("Alice",0,4)).
end_(span("employee",36,43),span(20171231,25,28)).
start_(span("employee",36,43),span(20170101,25,28)).
patient_(span("employee",36,43),span("United States Government",52,75)).
location_(span("employee",36,43),span("Arlington",80,88)).
location_(span("employee",36,43),span("Virginia",91,98)).
location_(span("employee",36,43),span("USA",101,103)).
\+ s3306_c_16(span("employee",36,43),_).
2025-06-15 00:28:13,043 - INFO - [s3306_c_16_neg] Query:
\+ s3306_c_16(span("employee",36,43),_).
2025-06-15 00:28:13,043 - INFO - [s3306_c_16_neg] Query result: {'truth': True}
2025-06-15 00:28:13,043 - INFO - [s3306_c_16_neg] Result: correct
2025-06-15 00:28:13,046 - INFO - [s3306_c_16_pos] Prolog code:
:- ['/Users/sophie/code/2025-mcm-llms-applied-in-law_context/data/sara_v3/statutes/prolog/section3306.pl'].
:- ['/Users/sophie/code/2025-mcm-llms-applied-in-law_context/data/sara_v3/statutes/prolog/utils.pl'].
:- ['/Users/sophie/code/2025-mcm-llms-applied-in-law_context/data/sara_v3/statutes/prolog/init.pl'].
:- [statutes/prolog/init].
payment_(span("paid",10,13)).
service_(span("employee",36,43)).
international_organization_(span("International Monetary Fund",52,78)).
agent_(span("International Monetary Fund",52,78),span("International Monetary Fund",52,78)).
patient_(span("paid",10,13),span("Alice",0,4)).
amount_(span("paid",10,13),span(73200,16,20)).
start_(span("paid",10,13),span(20170101,25,28)).
purpose_(span("paid",10,13),span("employee",36,43)).
agent_(span("paid",10,13),span("International Monetary Fund",52,78)).
agent_(span("employee",36,43),span("Alice",0,4)).
end_(span("employee",36,43),span(20171231,25,28)).
start_(span("employee",36,43),span(20170101,25,28)).
patient_(span("employee",36,43),span("International Monetary Fund",52,78)).
location_(span("employee",36,43),span("Washington, D.C.,",83,99)).
location_(span("employee",36,43),span("USA",101,103)).
s3306_c_16(span("employee",36,43),_).
2025-06-15 00:28:13,194 - INFO - [s3306_c_16_pos] Query:
s3306_c_16(span("employee",36,43),_).
2025-06-15 00:28:13,194 - INFO - [s3306_c_16_pos] Query result: {'truth': True}
2025-06-15 00:28:13,194 - INFO - [s3306_c_16_pos] Result: correct
2025-06-15 00:28:13,196 - INFO - [s3306_c_1_B_neg] Prolog code:
:- ['/Users/sophie/code/2025-mcm-llms-applied-in-law_context/data/sara_v3/statutes/prolog/section3306.pl'].
:- ['/Users/sophie/code/2025-mcm-llms-applied-in-law_context/data/sara_v3/statutes/prolog/utils.pl'].
:- ['/Users/sophie/code/2025-mcm-llms-applied-in-law_context/data/sara_v3/statutes/prolog/init.pl'].
:- [statutes/prolog/init].
payment_(span("paid",10,13)).
service_(span("labor",45,49)).
citizenship_(span("citizen",142,148)).
citizenship_(span("citizen",172,178)).
migration_(span("admitted",188,195)).
agent_(span("citizen",142,148),span("Alice",121,125)).
patient_(span("citizen",142,148),span("American",133,140)).
agent_(span("citizen",172,178),span("Bob",155,157)).
patient_(span("citizen",172,178),span("Mexican",164,170)).
agent_(span("admitted",188,195),span("Bob",155,157)).
destination_(span("admitted",188,195),span("USA",204,206)).
purpose_(span("admitted",188,195),span("agricultural labor",219,236)).
agent_(span("paid",10,13),span("Alice",0,4)).
amount_(span("paid",10,13),span(3200,16,19)).
patient_(span("paid",10,13),span("Bob",24,26)).
purpose_(span("paid",10,13),span("labor",45,49)).
start_(span("paid",10,13),span(20170902,78,90)).
patient_(span("labor",45,49),span("Alice",0,4)).
agent_(span("labor",45,49),span("Bob",24,26)).
purpose_(span("labor",45,49),span("agricultural labor",32,49)).
start_(span("labor",45,49),span(20170201,61,73)).
end_(span("labor",45,49),span(20170902,78,90)).
location_(span("labor",45,49),span("Stanley, Wisconsin, USA",96,118)).
country_(span("Stanley, Wisconsin, USA",96,118),span("USA",116,118)).
\+ s3306_c_1_B(span("labor",45,49),"Bob").
2025-06-15 00:28:13,445 - INFO - [s3306_c_1_B_neg] Query:
\+ s3306_c_1_B(span("labor",45,49),"Bob").
2025-06-15 00:28:13,446 - INFO - [s3306_c_1_B_neg] Query result: {'truth': True}
2025-06-15 00:28:13,447 - INFO - [s3306_c_1_B_neg] Result: correct
2025-06-15 00:28:13,449 - INFO - [s3306_c_1_B_pos] Prolog code:
:- ['/Users/sophie/code/2025-mcm-llms-applied-in-law_context/data/sara_v3/statutes/prolog/section3306.pl'].
:- ['/Users/sophie/code/2025-mcm-llms-applied-in-law_context/data/sara_v3/statutes/prolog/utils.pl'].
:- ['/Users/sophie/code/2025-mcm-llms-applied-in-law_context/data/sara_v3/statutes/prolog/init.pl'].
payment_(span("paid",10,13)).
service_(span("labor",45,49)).
citizenship_(span("citizen",135,141)).
american_employer_(span("American employer",156,172)).
agent_(span("American employer",156,172),span("Alice",144,148)).
agent_(span("citizen",135,141),span("Bob",116,118)).
patient_(span("citizen",135,141),span("American",126,133)).
agent_(span("paid",10,13),span("Alice",0,4)).
amount_(span("paid",10,13),span(3200,16,19)).
patient_(span("paid",10,13),span("Bob",24,26)).
purpose_(span("paid",10,13),span("labor",45,49)).
start_(span("paid",10,13),span(20170902,78,90)).
patient_(span("labor",45,49),span("Alice",0,4)).
agent_(span("labor",45,49),span("Bob",24,26)).
purpose_(span("labor",45,49),span("agricultural labor",32,49)).
start_(span("labor",45,49),span(20170201,61,73)).
end_(span("labor",45,49),span(20170902,78,90)).
location_(span("labor",45,49),span("Caracas, Venezuela",96,113)).
country_(span("Caracas, Venezuela",96,113),span("Venezuela",105,113)).
s3306_c_1_B(span("labor",45,49),"Bob").
2025-06-15 00:28:13,493 - INFO - [s3306_c_1_B_pos] Query:
s3306_c_1_B(span("labor",45,49),"Bob").
2025-06-15 00:28:13,493 - INFO - [s3306_c_1_B_pos] Query result: {'truth': True}
2025-06-15 00:28:13,493 - INFO - [s3306_c_1_B_pos] Result: correct
2025-06-15 00:28:13,493 - INFO - [s3306_c_6_neg] Prolog code:
:- ['/Users/sophie/code/2025-mcm-llms-applied-in-law_context/data/sara_v3/statutes/prolog/section3306.pl'].
:- ['/Users/sophie/code/2025-mcm-llms-applied-in-law_context/data/sara_v3/statutes/prolog/utils.pl'].
:- ['/Users/sophie/code/2025-mcm-llms-applied-in-law_context/data/sara_v3/statutes/prolog/init.pl'].
:- [statutes/prolog/init].
payment_(span("paid",10,13)).
service_(span("employee",36,43)).
patient_(span("paid",10,13),span("Alice",0,4)).
amount_(span("paid",10,13),span(73200,16,20)).
start_(span("paid",10,13),span(20170101,25,28)).
purpose_(span("paid",10,13),span("employee",36,43)).
agent_(span("paid",10,13),span("Nando's Chicken",48,62)).
agent_(span("employee",36,43),span("Alice",0,4)).
end_(span("employee",36,43),span(20171231,25,28)).
start_(span("employee",36,43),span(20170101,25,28)).
patient_(span("employee",36,43),span("Nando's Chicken",48,62)).
location_(span("employee",36,43),span("Arlington",67,75)).
location_(span("employee",36,43),span("Virginia",78,85)).
location_(span("employee",36,43),span("USA",88,90)).
\+ s3306_c_6(span("employee",36,43)).
2025-06-15 00:28:13,729 - INFO - [s3306_c_6_neg] Query:
\+ s3306_c_6(span("employee",36,43)).
2025-06-15 00:28:13,729 - INFO - [s3306_c_6_neg] Query result: {'truth': True}
2025-06-15 00:28:13,729 - INFO - [s3306_c_6_neg] Result: correct
2025-06-15 00:28:13,731 - INFO - [s3306_c_6_pos] Prolog code:
:- ['/Users/sophie/code/2025-mcm-llms-applied-in-law_context/data/sara_v3/statutes/prolog/section3306.pl'].
:- ['/Users/sophie/code/2025-mcm-llms-applied-in-law_context/data/sara_v3/statutes/prolog/utils.pl'].
:- ['/Users/sophie/code/2025-mcm-llms-applied-in-law_context/data/sara_v3/statutes/prolog/init.pl'].
:- [statutes/prolog/init].
payment_(span("paid",10,13)).
service_(span("employee",36,43)).
patient_(span("paid",10,13),span("Alice",0,4)).
amount_(span("paid",10,13),span(73200,16,20)).
start_(span("paid",10,13),span(20170101,25,28)).
purpose_(span("paid",10,13),span("employee",36,43)).
agent_(span("paid",10,13),span("United States Government",52,75)).
agent_(span("employee",36,43),span("Alice",0,4)).
end_(span("employee",36,43),span(20171231,25,28)).
start_(span("employee",36,43),span(20170101,25,28)).
patient_(span("employee",36,43),span("United States Government",52,75)).
location_(span("employee",36,43),span("Arlington",80,88)).
location_(span("employee",36,43),span("Virginia",91,98)).
location_(span("employee",36,43),span("USA",101,103)).
s3306_c_6(span("employee",36,43)).
2025-06-15 00:28:13,873 - INFO - [s3306_c_6_pos] Query:
s3306_c_6(span("employee",36,43)).
2025-06-15 00:28:13,873 - INFO - [s3306_c_6_pos] Query result: {'truth': True}
2025-06-15 00:28:13,873 - INFO - [s3306_c_6_pos] Result: correct
2025-06-15 00:28:13,875 - INFO - [s3306_c_7_neg] Prolog code:
:- ['/Users/sophie/code/2025-mcm-llms-applied-in-law_context/data/sara_v3/statutes/prolog/section3306.pl'].
:- ['/Users/sophie/code/2025-mcm-llms-applied-in-law_context/data/sara_v3/statutes/prolog/utils.pl'].
:- ['/Users/sophie/code/2025-mcm-llms-applied-in-law_context/data/sara_v3/statutes/prolog/init.pl'].
:- [statutes/prolog/init].
payment_(span("paid",10,13)).
service_(span("employee",36,43)).
patient_(span("paid",10,13),span("Alice",0,4)).
amount_(span("paid",10,13),span(73200,16,20)).
start_(span("paid",10,13),span(20170101,25,28)).
purpose_(span("paid",10,13),span("employee",36,43)).
agent_(span("paid",10,13),span("Bertha's Mussels",48,63)).
agent_(span("employee",36,43),span("Alice",0,4)).
end_(span("employee",36,43),span(20171231,25,28)).
start_(span("employee",36,43),span(20170101,25,28)).
patient_(span("employee",36,43),span("Bertha's Mussels",48,63)).
location_(span("employee",36,43),span("Baltimore",68,76)).
location_(span("employee",36,43),span("Maryland",79,86)).
location_(span("employee",36,43),span("USA",89,91)).
\+ s3306_c_7(span("employee",36,43),_).
2025-06-15 00:28:14,123 - INFO - [s3306_c_7_neg] Query:
\+ s3306_c_7(span("employee",36,43),_).
2025-06-15 00:28:14,124 - INFO - [s3306_c_7_neg] Query result: {'truth': True}
2025-06-15 00:28:14,124 - INFO - [s3306_c_7_neg] Result: correct
2025-06-15 00:28:14,126 - INFO - [s3306_c_7_pos] Prolog code:
:- ['/Users/sophie/code/2025-mcm-llms-applied-in-law_context/data/sara_v3/statutes/prolog/section3306.pl'].
:- ['/Users/sophie/code/2025-mcm-llms-applied-in-law_context/data/sara_v3/statutes/prolog/utils.pl'].
:- ['/Users/sophie/code/2025-mcm-llms-applied-in-law_context/data/sara_v3/statutes/prolog/init.pl'].
:- [statutes/prolog/init].
payment_(span("paid",10,13)).
service_(span("employee",36,43)).
patient_(span("paid",10,13),span("Alice",0,4)).
amount_(span("paid",10,13),span(73200,16,20)).
start_(span("paid",10,13),span(20170101,25,28)).
purpose_(span("paid",10,13),span("employee",36,43)).
agent_(span("paid",10,13),span("State of Maryland",52,68)).
agent_(span("employee",36,43),span("Alice",0,4)).
end_(span("employee",36,43),span(20171231,25,28)).
start_(span("employee",36,43),span(20170101,25,28)).
patient_(span("employee",36,43),span("State of Maryland",52,68)).
location_(span("employee",36,43),span("Maryland",84,91)).
location_(span("employee",36,43),span("Baltimore",73,81)).
location_(span("employee",36,43),span("USA",94,96)).
s3306_c_7(span("employee",36,43),_).
2025-06-15 00:28:14,278 - INFO - [s3306_c_7_pos] Query:
s3306_c_7(span("employee",36,43),_).
2025-06-15 00:28:14,278 - INFO - [s3306_c_7_pos] Query result: {'truth': True}
2025-06-15 00:28:14,278 - INFO - [s3306_c_7_pos] Result: correct
2025-06-15 00:28:14,279 - INFO - [s3306_c_B_neg] Prolog code:
:- ['/Users/sophie/code/2025-mcm-llms-applied-in-law_context/data/sara_v3/statutes/prolog/section3306.pl'].
:- ['/Users/sophie/code/2025-mcm-llms-applied-in-law_context/data/sara_v3/statutes/prolog/utils.pl'].
:- ['/Users/sophie/code/2025-mcm-llms-applied-in-law_context/data/sara_v3/statutes/prolog/init.pl'].
:- [statutes/prolog/init].
payment_(span("paid",10,13)).
service_(span("work",32,35)).
citizenship_(span("citizen",113,119)).
citizenship_(span("citizen",158,164)).
agent_(span("citizen",113,119),span("Alice",102,106)).
patient_(span("citizen",113,119),span("Venezuela",124,132)).
agent_(span("citizen",158,164),span("Bob",139,141)).
patient_(span("citizen",158,164),span("American",149,156)).
agent_(span("paid",10,13),span("Alice",0,4)).
amount_(span("paid",10,13),span(3200,16,19)).
patient_(span("paid",10,13),span("Bob",24,26)).
purpose_(span("paid",10,13),span("work",32,35)).
start_(span("paid",10,13),span(20170902,64,76)).
patient_(span("work",32,35),span("Alice",0,4)).
agent_(span("work",32,35),span("Bob",24,26)).
start_(span("work",32,35),span(20170201,47,59)).
end_(span("work",32,35),span(20170902,64,76)).
location_(span("work",32,35),span("Caracas, Venezuela",82,99)).
country_(span("Caracas, Venezuela",82,99),span("Venezuela",91,99)).
\+ s3306_c_B(span("work",32,35),"Alice","Bob",_).
2025-06-15 00:28:14,529 - INFO - [s3306_c_B_neg] Query:
\+ s3306_c_B(span("work",32,35),"Alice","Bob",_).
2025-06-15 00:28:14,529 - INFO - [s3306_c_B_neg] Query result: {'truth': True}
2025-06-15 00:28:14,530 - INFO - [s3306_c_B_neg] Result: correct
2025-06-15 00:28:14,532 - INFO - [s3306_c_B_pos] Prolog code:
:- ['/Users/sophie/code/2025-mcm-llms-applied-in-law_context/data/sara_v3/statutes/prolog/section3306.pl'].
:- ['/Users/sophie/code/2025-mcm-llms-applied-in-law_context/data/sara_v3/statutes/prolog/utils.pl'].
:- ['/Users/sophie/code/2025-mcm-llms-applied-in-law_context/data/sara_v3/statutes/prolog/init.pl'].
payment_(span("paid",10,13)).
service_(span("work",32,35)).
citizenship_(span("citizen",121,127)).
american_employer_(span("American employer",145,161)).
agent_(span("American employer",145,161),span("Alice",133,137)).
agent_(span("citizen",121,127),span("Bob",102,104)).
patient_(span("citizen",121,127),span("American",112,119)).
agent_(span("paid",10,13),span("Alice",0,4)).
amount_(span("paid",10,13),span(3200,16,19)).
patient_(span("paid",10,13),span("Bob",24,26)).
purpose_(span("paid",10,13),span("work",32,35)).
start_(span("paid",10,13),span(20170902,64,76)).
patient_(span("work",32,35),span("Alice",0,4)).
agent_(span("work",32,35),span("Bob",24,26)).
start_(span("work",32,35),span(20170201,47,59)).
end_(span("work",32,35),span(20170902,64,76)).
location_(span("work",32,35),span("Caracas, Venezuela",82,99)).
country_(span("Caracas, Venezuela",82,99),span("Venezuela",91,99)).
s3306_c_B(span("work",32,35),"Alice","Bob",_).
2025-06-15 00:28:14,575 - INFO - [s3306_c_B_pos] Query:
s3306_c_B(span("work",32,35),"Alice","Bob",_).
2025-06-15 00:28:14,575 - INFO - [s3306_c_B_pos] Query result: {'truth': True}
2025-06-15 00:28:14,575 - INFO - [s3306_c_B_pos] Result: correct
2025-06-15 00:28:14,576 - INFO - [s63_b_neg] Prolog code:
:- ['/Users/sophie/code/2025-mcm-llms-applied-in-law_context/data/sara_v3/statutes/prolog/section63.pl'].
:- ['/Users/sophie/code/2025-mcm-llms-applied-in-law_context/data/sara_v3/statutes/prolog/utils.pl'].
:- ['/Users/sophie/code/2025-mcm-llms-applied-in-law_context/data/sara_v3/statutes/prolog/init.pl'].
:- discontiguous s63_c_1/3.
:- discontiguous s151/5.
:- [statutes/prolog/init].
s63_c_1("Alice",2017,2000).
s151("Alice",0,_,_,2017).
payment_(span("paid",19,22)).
patient_(span("paid",19,22),span("Alice",9,13)).
amount_(span("paid",19,22),span(33200,25,29)).
start_(span("paid",19,22),span(20170101,3,6)).
\+ s63_b("Alice",2017,31400,_).
2025-06-15 00:28:14,812 - INFO - [s63_b_neg] Query:
\+ s63_b("Alice",2017,31400,_).
2025-06-15 00:28:14,812 - INFO - [s63_b_neg] Query result: {'truth': True}
2025-06-15 00:28:14,813 - INFO - [s63_b_neg] Result: correct
2025-06-15 00:28:14,815 - INFO - [s63_b_pos] Prolog code:
:- ['/Users/sophie/code/2025-mcm-llms-applied-in-law_context/data/sara_v3/statutes/prolog/section63.pl'].
:- ['/Users/sophie/code/2025-mcm-llms-applied-in-law_context/data/sara_v3/statutes/prolog/utils.pl'].
:- ['/Users/sophie/code/2025-mcm-llms-applied-in-law_context/data/sara_v3/statutes/prolog/init.pl'].
:- discontiguous s151/5.
:- discontiguous s63_c_1/3.
:- [statutes/prolog/init].
s63_c_1("Alice",2017,2000).
s151("Alice",0,_,_,2017).
payment_(span("paid",19,22)).
patient_(span("paid",19,22),span("Alice",9,13)).
amount_(span("paid",19,22),span(33200,25,29)).
start_(span("paid",19,22),span(20170101,3,6)).
s63_b("Alice",2017,31200,_).
2025-06-15 00:28:14,963 - INFO - [s63_b_pos] Query:
s63_b("Alice",2017,31200,_).
2025-06-15 00:28:14,963 - INFO - [s63_b_pos] Query result: {'truth': True}
2025-06-15 00:28:14,964 - INFO - [s63_b_pos] Result: correct
2025-06-15 00:28:14,965 - INFO - [s63_c_2_A_i_neg] Prolog code:
:- ['/Users/sophie/code/2025-mcm-llms-applied-in-law_context/data/sara_v3/statutes/prolog/section63.pl'].
:- ['/Users/sophie/code/2025-mcm-llms-applied-in-law_context/data/sara_v3/statutes/prolog/utils.pl'].
:- ['/Users/sophie/code/2025-mcm-llms-applied-in-law_context/data/sara_v3/statutes/prolog/init.pl'].
:- [statutes/prolog/init].
payment_(span("paid",19,22)).
marriage_(span("married",72,78)).
agent_(span("married",72,78),span("Alice",48,52)).
agent_(span("married",72,78),span("Bob",58,60)).
start_(span("married",72,78),span(20170203,86,98)).
start_(span("paid",19,22),span(20170101,3,6)).
patient_(span("paid",19,22),span("Alice",9,13)).
amount_(span("paid",19,22),span(33200,25,29)).
\+ s63_c_2_A_i("Alice",_,2017).
2025-06-15 00:28:15,212 - INFO - [s63_c_2_A_i_neg] Query:
\+ s63_c_2_A_i("Alice",_,2017).
2025-06-15 00:28:15,213 - INFO - [s63_c_2_A_i_neg] Query result: {'truth': True}
2025-06-15 00:28:15,213 - INFO - [s63_c_2_A_i_neg] Result: correct
2025-06-15 00:28:15,215 - INFO - [s63_c_2_A_i_pos] Prolog code:
:- ['/Users/sophie/code/2025-mcm-llms-applied-in-law_context/data/sara_v3/statutes/prolog/section63.pl'].
:- ['/Users/sophie/code/2025-mcm-llms-applied-in-law_context/data/sara_v3/statutes/prolog/utils.pl'].
:- ['/Users/sophie/code/2025-mcm-llms-applied-in-law_context/data/sara_v3/statutes/prolog/init.pl'].
payment_(span("paid",19,22)).
marriage_(span("married",72,78)).
joint_return_(span("joint return",117,128)).
agent_(span("joint return",117,128),span("Alice",48,52)).
agent_(span("joint return",117,128),span("Bob",58,60)).
start_(span("joint return",117,128),span(20170101,134,137)).
agent_(span("married",72,78),span("Alice",48,52)).
agent_(span("married",72,78),span("Bob",58,60)).
start_(span("married",72,78),span(20170203,86,98)).
start_(span("paid",19,22),span(20170101,3,6)).
patient_(span("paid",19,22),span("Alice",9,13)).
amount_(span("paid",19,22),span(33200,25,29)).
s63_c_2_A_i("Alice",_,2017).
2025-06-15 00:28:15,259 - INFO - [s63_c_2_A_i_pos] Query:
s63_c_2_A_i("Alice",_,2017).
2025-06-15 00:28:15,259 - INFO - [s63_c_2_A_i_pos] Query result: {'truth': True}
2025-06-15 00:28:15,259 - INFO - [s63_c_2_A_i_pos] Result: correct
2025-06-15 00:28:15,260 - INFO - [s63_c_2_A_ii_neg] Prolog code:
:- ['/Users/sophie/code/2025-mcm-llms-applied-in-law_context/data/sara_v3/statutes/prolog/section63.pl'].
:- ['/Users/sophie/code/2025-mcm-llms-applied-in-law_context/data/sara_v3/statutes/prolog/utils.pl'].
:- ['/Users/sophie/code/2025-mcm-llms-applied-in-law_context/data/sara_v3/statutes/prolog/init.pl'].
:- [statutes/prolog/init].
payment_(span("paid",19,22)).
marriage_(span("married",56,62)).
joint_return_(span("joint return",101,112)).
agent_(span("joint return",101,112),span("Alice",32,36)).
agent_(span("joint return",101,112),span("Bob",42,44)).
start_(span("joint return",101,112),span(20170101,118,121)).
agent_(span("married",56,62),span("Alice",32,36)).
agent_(span("married",56,62),span("Bob",42,44)).
start_(span("married",56,62),span(20170203,70,82)).
start_(span("paid",19,22),span(20170101,3,6)).
patient_(span("paid",19,22),span("Alice",9,13)).
amount_(span("paid",19,22),span(33200,25,29)).
\+ s63_c_2_A_ii("Alice",2017).
2025-06-15 00:28:15,490 - INFO - [s63_c_2_A_ii_neg] Query:
\+ s63_c_2_A_ii("Alice",2017).
2025-06-15 00:28:15,491 - INFO - [s63_c_2_A_ii_neg] Query result: {'truth': True}
2025-06-15 00:28:15,491 - INFO - [s63_c_2_A_ii_neg] Result: correct
2025-06-15 00:28:15,493 - INFO - [s63_c_2_A_ii_pos] Prolog code:
:- ['/Users/sophie/code/2025-mcm-llms-applied-in-law_context/data/sara_v3/statutes/prolog/section2.pl'].
:- ['/Users/sophie/code/2025-mcm-llms-applied-in-law_context/data/sara_v3/statutes/prolog/section63.pl'].
:- ['/Users/sophie/code/2025-mcm-llms-applied-in-law_context/data/sara_v3/statutes/prolog/utils.pl'].
:- ['/Users/sophie/code/2025-mcm-llms-applied-in-law_context/data/sara_v3/statutes/prolog/init.pl'].
:- discontiguous s2_a/3.
:- [statutes/prolog/init].
s2_a("Alice",_,2017).
payment_(span("paid",19,22)).
patient_(span("paid",19,22),span("Alice",9,13)).
amount_(span("paid",19,22),span(33200,25,29)).
start_(span("paid",19,22),span(20170101,3,6)).
s63_c_2_A_ii("Alice",2017).
2025-06-15 00:28:15,639 - INFO - [s63_c_2_A_ii_pos] Query:
s63_c_2_A_ii("Alice",2017).
2025-06-15 00:28:15,639 - INFO - [s63_c_2_A_ii_pos] Query result: {'truth': True}
2025-06-15 00:28:15,639 - INFO - [s63_c_2_A_ii_pos] Result: correct
2025-06-15 00:28:15,640 - INFO - [s63_c_6_B_neg] Prolog code:
:- ['/Users/sophie/code/2025-mcm-llms-applied-in-law_context/data/sara_v3/statutes/prolog/section63.pl'].
:- ['/Users/sophie/code/2025-mcm-llms-applied-in-law_context/data/sara_v3/statutes/prolog/utils.pl'].
:- ['/Users/sophie/code/2025-mcm-llms-applied-in-law_context/data/sara_v3/statutes/prolog/init.pl'].
:- [statutes/prolog/init].
payment_(span("paid",19,22)).
marriage_(span("married",50,56)).
nonresident_alien_(span("nonresident alien",88,104)).
agent_(span("married",50,56),span("Alice",32,36)).
agent_(span("married",50,56),span("Bob",42,44)).
start_(span("married",50,56),span(20170203,61,73)).
agent_(span("nonresident alien",88,104),span("Alice",76,80)).
start_(span("nonresident alien",88,104),span(20150823,111,127)).
end_(span("nonresident alien",88,104),span(20160915,132,151)).
start_(span("paid",19,22),span(20170101,3,6)).
patient_(span("paid",19,22),span("Alice",9,13)).
amount_(span("paid",19,22),span(33200,25,29)).
\+ s63_c_6_B("Alice",2017).
2025-06-15 00:28:15,879 - INFO - [s63_c_6_B_neg] Query:
\+ s63_c_6_B("Alice",2017).
2025-06-15 00:28:15,879 - INFO - [s63_c_6_B_neg] Query result: {'truth': True}
2025-06-15 00:28:15,879 - INFO - [s63_c_6_B_neg] Result: correct
2025-06-15 00:28:15,881 - INFO - [s63_c_6_B_pos] Prolog code:
:- ['/Users/sophie/code/2025-mcm-llms-applied-in-law_context/data/sara_v3/statutes/prolog/section63.pl'].
:- ['/Users/sophie/code/2025-mcm-llms-applied-in-law_context/data/sara_v3/statutes/prolog/utils.pl'].
:- ['/Users/sophie/code/2025-mcm-llms-applied-in-law_context/data/sara_v3/statutes/prolog/init.pl'].
:- [statutes/prolog/init].
payment_(span("paid",19,22)).
marriage_(span("married",50,56)).
nonresident_alien_(span("nonresident alien",88,104)).
agent_(span("married",50,56),span("Alice",32,36)).
agent_(span("married",50,56),span("Bob",42,44)).
start_(span("married",50,56),span(20170203,61,73)).
agent_(span("nonresident alien",88,104),span("Alice",76,80)).
start_(span("nonresident alien",88,104),span(20160823,111,127)).
end_(span("nonresident alien",88,104),span(20180915,132,151)).
start_(span("paid",19,22),span(20170101,3,6)).
patient_(span("paid",19,22),span("Alice",9,13)).
amount_(span("paid",19,22),span(33200,25,29)).
s63_c_6_B("Alice",2017).
2025-06-15 00:28:16,032 - INFO - [s63_c_6_B_pos] Query:
s63_c_6_B("Alice",2017).
2025-06-15 00:28:16,032 - INFO - [s63_c_6_B_pos] Query result: {'truth': True}
2025-06-15 00:28:16,032 - INFO - [s63_c_6_B_pos] Result: correct
2025-06-15 00:28:16,033 - INFO - [s63_c_6_D_neg] Prolog code:
:- ['/Users/sophie/code/2025-mcm-llms-applied-in-law_context/data/sara_v3/statutes/prolog/section63.pl'].
:- ['/Users/sophie/code/2025-mcm-llms-applied-in-law_context/data/sara_v3/statutes/prolog/utils.pl'].
:- ['/Users/sophie/code/2025-mcm-llms-applied-in-law_context/data/sara_v3/statutes/prolog/init.pl'].
:- [statutes/prolog/init].
business_trust_(span("business trust",75,88)).
start_(span("business trust",75,88),span(19730101,5,8)).
end_(span("business trust",75,88),span(20191231,13,16)).
agent_(span("business trust",75,88),span("Walter Brown Family Trust II",23,50)).
\+ s63_c_6_D("Walter Brown Family Trust II",2021).
2025-06-15 00:28:16,277 - INFO - [s63_c_6_D_neg] Query:
\+ s63_c_6_D("Walter Brown Family Trust II",2021).
2025-06-15 00:28:16,278 - INFO - [s63_c_6_D_neg] Query result: {'truth': True}
2025-06-15 00:28:16,279 - INFO - [s63_c_6_D_neg] Result: correct
2025-06-15 00:28:16,281 - INFO - [s63_c_6_D_pos] Prolog code:
:- ['/Users/sophie/code/2025-mcm-llms-applied-in-law_context/data/sara_v3/statutes/prolog/section63.pl'].
:- ['/Users/sophie/code/2025-mcm-llms-applied-in-law_context/data/sara_v3/statutes/prolog/utils.pl'].
:- ['/Users/sophie/code/2025-mcm-llms-applied-in-law_context/data/sara_v3/statutes/prolog/init.pl'].
business_trust_(span("business trust",75,88)).
start_(span("business trust",75,88),span(19730101,5,8)).
end_(span("business trust",75,88),span(20191231,13,16)).
agent_(span("business trust",75,88),span("Walter Brown Family Trust II",23,50)).
s63_c_6_D("Walter Brown Family Trust II",1999).
2025-06-15 00:28:16,323 - INFO - [s63_c_6_D_pos] Query:
s63_c_6_D("Walter Brown Family Trust II",1999).
2025-06-15 00:28:16,323 - INFO - [s63_c_6_D_pos] Query result: {'truth': True}
2025-06-15 00:28:16,323 - INFO - [s63_c_6_D_pos] Result: correct
2025-06-15 00:28:16,324 - INFO - [s63_c_7_i_neg] Prolog code:
:- ['/Users/sophie/code/2025-mcm-llms-applied-in-law_context/data/sara_v3/statutes/prolog/section2.pl'].
:- ['/Users/sophie/code/2025-mcm-llms-applied-in-law_context/data/sara_v3/statutes/prolog/section63.pl'].
:- ['/Users/sophie/code/2025-mcm-llms-applied-in-law_context/data/sara_v3/statutes/prolog/utils.pl'].
:- ['/Users/sophie/code/2025-mcm-llms-applied-in-law_context/data/sara_v3/statutes/prolog/init.pl'].
:- discontiguous s2_b/3.
:- [statutes/prolog/init].
s2_b("Alice",_,2019).
payment_(span("paid",19,22)).
patient_(span("paid",19,22),span("Alice",9,13)).
amount_(span("paid",19,22),span(33200,25,29)).
start_(span("paid",19,22),span(20190101,3,6)).
\+ s63_c_7_i(2019,4400).
2025-06-15 00:28:16,561 - INFO - [s63_c_7_i_neg] Query:
\+ s63_c_7_i(2019,4400).
2025-06-15 00:28:16,562 - INFO - [s63_c_7_i_neg] Query result: {'truth': True}
2025-06-15 00:28:16,562 - INFO - [s63_c_7_i_neg] Result: correct
2025-06-15 00:28:16,565 - INFO - [s63_c_7_i_pos] Prolog code:
:- ['/Users/sophie/code/2025-mcm-llms-applied-in-law_context/data/sara_v3/statutes/prolog/section2.pl'].
:- ['/Users/sophie/code/2025-mcm-llms-applied-in-law_context/data/sara_v3/statutes/prolog/section63.pl'].
:- ['/Users/sophie/code/2025-mcm-llms-applied-in-law_context/data/sara_v3/statutes/prolog/utils.pl'].
:- ['/Users/sophie/code/2025-mcm-llms-applied-in-law_context/data/sara_v3/statutes/prolog/init.pl'].
:- discontiguous s2_b/3.
:- [statutes/prolog/init].
s2_b("Alice",_,2019).
payment_(span("paid",19,22)).
patient_(span("paid",19,22),span("Alice",9,13)).
amount_(span("paid",19,22),span(33200,25,29)).
start_(span("paid",19,22),span(20190101,3,6)).
s63_c_7_i(2019,18000).
2025-06-15 00:28:16,717 - INFO - [s63_c_7_i_pos] Query:
s63_c_7_i(2019,18000).
2025-06-15 00:28:16,717 - INFO - [s63_c_7_i_pos] Query result: {'truth': True}
2025-06-15 00:28:16,717 - INFO - [s63_c_7_i_pos] Result: correct
2025-06-15 00:28:16,719 - INFO - [s63_f_1_A_neg] Prolog code:
:- ['/Users/sophie/code/2025-mcm-llms-applied-in-law_context/data/sara_v3/statutes/prolog/section63.pl'].
:- ['/Users/sophie/code/2025-mcm-llms-applied-in-law_context/data/sara_v3/statutes/prolog/utils.pl'].
:- ['/Users/sophie/code/2025-mcm-llms-applied-in-law_context/data/sara_v3/statutes/prolog/init.pl'].
:- [statutes/prolog/init].
payment_(span("paid",19,22)).
marriage_(span("married",56,62)).
birth_(span("born",95,98)).
birth_(span("born",128,131)).
agent_(span("born",95,98),span("Alice",85,89)).
start_(span("born",95,98),span(19500302,100,114)).
agent_(span("born",128,131),span("Bob",120,122)).
start_(span("born",128,131),span(19550303,133,147)).
agent_(span("married",56,62),span("Alice",32,36)).
agent_(span("married",56,62),span("Bob",42,44)).
start_(span("married",56,62),span(20170203,70,82)).
start_(span("paid",19,22),span(20170101,3,6)).
patient_(span("paid",19,22),span("Alice",9,13)).
amount_(span("paid",19,22),span(33200,25,29)).
\+ s63_f_1_A("Bob",2017).
2025-06-15 00:28:16,966 - INFO - [s63_f_1_A_neg] Query:
\+ s63_f_1_A("Bob",2017).
2025-06-15 00:28:16,967 - INFO - [s63_f_1_A_neg] Query result: {'truth': True}
2025-06-15 00:28:16,967 - INFO - [s63_f_1_A_neg] Result: correct
2025-06-15 00:28:16,969 - INFO - [s63_f_1_A_pos] Prolog code:
:- ['/Users/sophie/code/2025-mcm-llms-applied-in-law_context/data/sara_v3/statutes/prolog/section63.pl'].
:- ['/Users/sophie/code/2025-mcm-llms-applied-in-law_context/data/sara_v3/statutes/prolog/utils.pl'].
:- ['/Users/sophie/code/2025-mcm-llms-applied-in-law_context/data/sara_v3/statutes/prolog/init.pl'].
:- [statutes/prolog/init].
payment_(span("paid",19,22)).
marriage_(span("married",56,62)).
birth_(span("born",95,98)).
birth_(span("born",128,131)).
agent_(span("born",95,98),span("Alice",85,89)).
start_(span("born",95,98),span(19500302,100,114)).
agent_(span("born",128,131),span("Bob",120,122)).
start_(span("born",128,131),span(19550303,133,147)).
agent_(span("married",56,62),span("Alice",32,36)).
agent_(span("married",56,62),span("Bob",42,44)).
start_(span("married",56,62),span(20170203,70,82)).
start_(span("paid",19,22),span(20170101,3,6)).
patient_(span("paid",19,22),span("Alice",9,13)).
amount_(span("paid",19,22),span(33200,25,29)).
s63_f_1_A("Alice",2017).
2025-06-15 00:28:17,113 - INFO - [s63_f_1_A_pos] Query:
s63_f_1_A("Alice",2017).
2025-06-15 00:28:17,114 - INFO - [s63_f_1_A_pos] Query result: {'truth': True}
2025-06-15 00:28:17,114 - INFO - [s63_f_1_A_pos] Result: correct
2025-06-15 00:28:17,115 - INFO - [s63_f_2_B_neg] Prolog code:
:- ['/Users/sophie/code/2025-mcm-llms-applied-in-law_context/data/sara_v3/statutes/prolog/section151.pl'].
:- ['/Users/sophie/code/2025-mcm-llms-applied-in-law_context/data/sara_v3/statutes/prolog/section63.pl'].
:- ['/Users/sophie/code/2025-mcm-llms-applied-in-law_context/data/sara_v3/statutes/prolog/utils.pl'].
:- ['/Users/sophie/code/2025-mcm-llms-applied-in-law_context/data/sara_v3/statutes/prolog/init.pl'].
:- discontiguous s151_b_applies/3.
:- [statutes/prolog/init].
s151_b_applies("Alice","Bob",2017).
payment_(span("paid",19,22)).
marriage_(span("married",56,62)).
blindness_(span("blind",100,104)).
agent_(span("blind",100,104),span("Alice",85,89)).
start_(span("blind",100,104),span(20131004,112,126)).
agent_(span("married",56,62),span("Alice",32,36)).
agent_(span("married",56,62),span("Bob",42,44)).
start_(span("married",56,62),span(20170203,70,82)).
start_(span("paid",19,22),span(20170101,3,6)).
patient_(span("paid",19,22),span("Alice",9,13)).
amount_(span("paid",19,22),span(33200,25,29)).
\+ s63_f_2_B("Alice","Bob",2017).
2025-06-15 00:28:17,361 - INFO - [s63_f_2_B_neg] Query:
\+ s63_f_2_B("Alice","Bob",2017).
2025-06-15 00:28:17,362 - INFO - [s63_f_2_B_neg] Query result: {'truth': True}
2025-06-15 00:28:17,362 - INFO - [s63_f_2_B_neg] Result: correct
2025-06-15 00:28:17,364 - INFO - [s63_f_2_B_pos] Prolog code:
:- ['/Users/sophie/code/2025-mcm-llms-applied-in-law_context/data/sara_v3/statutes/prolog/section151.pl'].
:- ['/Users/sophie/code/2025-mcm-llms-applied-in-law_context/data/sara_v3/statutes/prolog/section63.pl'].
:- ['/Users/sophie/code/2025-mcm-llms-applied-in-law_context/data/sara_v3/statutes/prolog/utils.pl'].
:- ['/Users/sophie/code/2025-mcm-llms-applied-in-law_context/data/sara_v3/statutes/prolog/init.pl'].
:- discontiguous s151_b_applies/3.
:- [statutes/prolog/init].
s151_b_applies("Bob","Alice",2017).
payment_(span("paid",19,22)).
marriage_(span("married",56,62)).
blindness_(span("blind",100,104)).
agent_(span("blind",100,104),span("Alice",85,89)).
start_(span("blind",100,104),span(20140228,112,123)).
agent_(span("married",56,62),span("Alice",32,36)).
agent_(span("married",56,62),span("Bob",42,44)).
start_(span("married",56,62),span(20170203,70,82)).
start_(span("paid",19,22),span(20170101,3,6)).
patient_(span("paid",19,22),span("Alice",9,13)).
amount_(span("paid",19,22),span(33200,25,29)).
s63_f_2_B("Bob","Alice",2017).
2025-06-15 00:28:17,516 - INFO - [s63_f_2_B_pos] Query:
s63_f_2_B("Bob","Alice",2017).
2025-06-15 00:28:17,516 - INFO - [s63_f_2_B_pos] Query result: {'truth': True}
2025-06-15 00:28:17,516 - INFO - [s63_f_2_B_pos] Result: correct
2025-06-15 00:28:17,518 - INFO - [s68_a_2_neg] Prolog code:
:- ['/Users/sophie/code/2025-mcm-llms-applied-in-law_context/data/sara_v3/statutes/prolog/section2.pl'].
:- ['/Users/sophie/code/2025-mcm-llms-applied-in-law_context/data/sara_v3/statutes/prolog/section63.pl'].
:- ['/Users/sophie/code/2025-mcm-llms-applied-in-law_context/data/sara_v3/statutes/prolog/section68.pl'].
:- ['/Users/sophie/code/2025-mcm-llms-applied-in-law_context/data/sara_v3/statutes/prolog/utils.pl'].
:- ['/Users/sophie/code/2025-mcm-llms-applied-in-law_context/data/sara_v3/statutes/prolog/init.pl'].
:- discontiguous s63_d/4.
:- discontiguous s2_a/3.
:- [statutes/prolog/init].
s63_d("Alice",_,60000,2016).
s2_a("Alice",_,2016).
income_(span("income",17,22)).
agent_(span("income",17,22),span("Alice",9,13)).
amount_(span("income",17,22),span(295192,29,34)).
start_(span("income",17,22),span(20160101,3,6)).
\+ s68_a_2("Alice",_,47000,2016).
2025-06-15 00:28:17,769 - INFO - [s68_a_2_neg] Query:
\+ s68_a_2("Alice",_,47000,2016).
2025-06-15 00:28:17,770 - INFO - [s68_a_2_neg] Query result: {'truth': True}
2025-06-15 00:28:17,770 - INFO - [s68_a_2_neg] Result: correct
2025-06-15 00:28:17,770 - INFO - [s68_a_2_pos] Prolog code:
:- ['/Users/sophie/code/2025-mcm-llms-applied-in-law_context/data/sara_v3/statutes/prolog/section2.pl'].
:- ['/Users/sophie/code/2025-mcm-llms-applied-in-law_context/data/sara_v3/statutes/prolog/section63.pl'].
:- ['/Users/sophie/code/2025-mcm-llms-applied-in-law_context/data/sara_v3/statutes/prolog/section68.pl'].
:- ['/Users/sophie/code/2025-mcm-llms-applied-in-law_context/data/sara_v3/statutes/prolog/utils.pl'].
:- ['/Users/sophie/code/2025-mcm-llms-applied-in-law_context/data/sara_v3/statutes/prolog/init.pl'].
:- discontiguous s63_d/4.
:- discontiguous s2_b/3.
:- [statutes/prolog/init].
s63_d("Alice",_,60000,2016).
s2_b("Alice",_,2016).
income_(span("income",17,22)).
agent_(span("income",17,22),span("Alice",9,13)).
amount_(span("income",17,22),span(277192,29,34)).
start_(span("income",17,22),span(20160101,3,6)).
s68_a_2("Alice",_,48000,2016).
2025-06-15 00:28:17,901 - INFO - [s68_a_2_pos] Query:
s68_a_2("Alice",_,48000,2016).
2025-06-15 00:28:17,901 - INFO - [s68_a_2_pos] Query result: {'truth': True}
2025-06-15 00:28:17,901 - INFO - [s68_a_2_pos] Result: correct
2025-06-15 00:28:17,902 - INFO - [s68_b_1_B_neg] Prolog code:
:- ['/Users/sophie/code/2025-mcm-llms-applied-in-law_context/data/sara_v3/statutes/prolog/section2.pl'].
:- ['/Users/sophie/code/2025-mcm-llms-applied-in-law_context/data/sara_v3/statutes/prolog/section68.pl'].
:- ['/Users/sophie/code/2025-mcm-llms-applied-in-law_context/data/sara_v3/statutes/prolog/utils.pl'].
:- ['/Users/sophie/code/2025-mcm-llms-applied-in-law_context/data/sara_v3/statutes/prolog/init.pl'].
:- discontiguous s2_a/3.
:- [statutes/prolog/init].
s2_a("Alice",_,2016).
income_(span("income",17,22)).
agent_(span("income",17,22),span("Alice",9,13)).
amount_(span("income",17,22),span(567192,29,34)).
start_(span("income",17,22),span(20160101,3,6)).
\+ s68_b_1_B("Alice",275000,2016).
2025-06-15 00:28:18,144 - INFO - [s68_b_1_B_neg] Query:
\+ s68_b_1_B("Alice",275000,2016).
2025-06-15 00:28:18,145 - INFO - [s68_b_1_B_neg] Query result: {'truth': True}
2025-06-15 00:28:18,145 - INFO - [s68_b_1_B_neg] Result: correct
2025-06-15 00:28:18,146 - INFO - [s68_b_1_B_pos] Prolog code:
:- ['/Users/sophie/code/2025-mcm-llms-applied-in-law_context/data/sara_v3/statutes/prolog/section2.pl'].
:- ['/Users/sophie/code/2025-mcm-llms-applied-in-law_context/data/sara_v3/statutes/prolog/section68.pl'].
:- ['/Users/sophie/code/2025-mcm-llms-applied-in-law_context/data/sara_v3/statutes/prolog/utils.pl'].
:- ['/Users/sophie/code/2025-mcm-llms-applied-in-law_context/data/sara_v3/statutes/prolog/init.pl'].
:- discontiguous s2_b/3.
:- [statutes/prolog/init].
s2_b("Alice",_,2016).
income_(span("income",17,22)).
agent_(span("income",17,22),span("Alice",9,13)).
amount_(span("income",17,22),span(567192,29,34)).
start_(span("income",17,22),span(20160101,3,6)).
s68_b_1_B("Alice",275000,2016).
2025-06-15 00:28:18,287 - INFO - [s68_b_1_B_pos] Query:
s68_b_1_B("Alice",275000,2016).
2025-06-15 00:28:18,287 - INFO - [s68_b_1_B_pos] Query result: {'truth': True}
2025-06-15 00:28:18,287 - INFO - [s68_b_1_B_pos] Result: correct
2025-06-15 00:28:18,289 - INFO - [s68_b_1_C_neg] Prolog code:
:- ['/Users/sophie/code/2025-mcm-llms-applied-in-law_context/data/sara_v3/statutes/prolog/section2.pl'].
:- ['/Users/sophie/code/2025-mcm-llms-applied-in-law_context/data/sara_v3/statutes/prolog/section68.pl'].
:- ['/Users/sophie/code/2025-mcm-llms-applied-in-law_context/data/sara_v3/statutes/prolog/utils.pl'].
:- ['/Users/sophie/code/2025-mcm-llms-applied-in-law_context/data/sara_v3/statutes/prolog/init.pl'].
:- discontiguous s2_b/3.
:- [statutes/prolog/init].
s2_b("Alice",_,2016).
income_(span("income",17,22)).
agent_(span("income",17,22),span("Alice",9,13)).
amount_(span("income",17,22),span(567192,29,34)).
start_(span("income",17,22),span(20160101,3,6)).
\+ s68_b_1_C("Alice",_,2016).
2025-06-15 00:28:18,533 - INFO - [s68_b_1_C_neg] Query:
\+ s68_b_1_C("Alice",_,2016).
2025-06-15 00:28:18,533 - INFO - [s68_b_1_C_neg] Query result: {'truth': True}
2025-06-15 00:28:18,533 - INFO - [s68_b_1_C_neg] Result: correct
2025-06-15 00:28:18,535 - INFO - [s68_b_1_C_pos] Prolog code:
:- ['/Users/sophie/code/2025-mcm-llms-applied-in-law_context/data/sara_v3/statutes/prolog/section68.pl'].
:- ['/Users/sophie/code/2025-mcm-llms-applied-in-law_context/data/sara_v3/statutes/prolog/utils.pl'].
:- ['/Users/sophie/code/2025-mcm-llms-applied-in-law_context/data/sara_v3/statutes/prolog/init.pl'].
:- [statutes/prolog/init].
income_(span("income",17,22)).
start_(span("income",17,22),span(20160101,3,6)).
agent_(span("income",17,22),span("Alice",9,13)).
amount_(span("income",17,22),span(567192,29,34)).
s68_b_1_C("Alice",250000,2016).
2025-06-15 00:28:18,677 - INFO - [s68_b_1_C_pos] Query:
s68_b_1_C("Alice",250000,2016).
2025-06-15 00:28:18,677 - INFO - [s68_b_1_C_pos] Query result: {'truth': True}
2025-06-15 00:28:18,677 - INFO - [s68_b_1_C_pos] Result: correct
2025-06-15 00:28:18,678 - INFO - [s7703_a_1_neg] Prolog code:
:- ['/Users/sophie/code/2025-mcm-llms-applied-in-law_context/data/sara_v3/statutes/prolog/section7703.pl'].
:- ['/Users/sophie/code/2025-mcm-llms-applied-in-law_context/data/sara_v3/statutes/prolog/utils.pl'].
:- ['/Users/sophie/code/2025-mcm-llms-applied-in-law_context/data/sara_v3/statutes/prolog/init.pl'].
:- [statutes/prolog/init].
marriage_(span("married",18,24)).
death_(span("died",50,53)).
agent_(span("died",50,53),span("Bob",46,48)).
start_(span("died",50,53),span(20170916,55,74)).
agent_(span("married",18,24),span("Alice",0,4)).
agent_(span("married",18,24),span("Bob",10,12)).
start_(span("married",18,24),span(20120405,29,43)).
\+ s7703_a_1("Alice",_,_,_,2018).
2025-06-15 00:28:18,923 - INFO - [s7703_a_1_neg] Query:
\+ s7703_a_1("Alice",_,_,_,2018).
2025-06-15 00:28:18,924 - INFO - [s7703_a_1_neg] Query result: {'truth': True}
2025-06-15 00:28:18,924 - INFO - [s7703_a_1_neg] Result: correct
2025-06-15 00:28:18,927 - INFO - [s7703_a_1_pos] Prolog code:
:- ['/Users/sophie/code/2025-mcm-llms-applied-in-law_context/data/sara_v3/statutes/prolog/section7703.pl'].
:- ['/Users/sophie/code/2025-mcm-llms-applied-in-law_context/data/sara_v3/statutes/prolog/utils.pl'].
:- ['/Users/sophie/code/2025-mcm-llms-applied-in-law_context/data/sara_v3/statutes/prolog/init.pl'].
:- [statutes/prolog/init].
marriage_(span("married",18,24)).
death_(span("died",50,53)).
agent_(span("died",50,53),span("Bob",46,48)).
start_(span("died",50,53),span(20170916,55,74)).
agent_(span("married",18,24),span("Alice",0,4)).
agent_(span("married",18,24),span("Bob",10,12)).
start_(span("married",18,24),span(20120405,29,43)).
s7703_a_1("Alice",_,_,_,2012).
2025-06-15 00:28:19,072 - INFO - [s7703_a_1_pos] Query:
s7703_a_1("Alice",_,_,_,2012).
2025-06-15 00:28:19,072 - INFO - [s7703_a_1_pos] Query result: {'truth': True}
2025-06-15 00:28:19,072 - INFO - [s7703_a_1_pos] Result: correct
2025-06-15 00:28:19,074 - INFO - [s7703_b_2_neg] Prolog code:
:- ['/Users/sophie/code/2025-mcm-llms-applied-in-law_context/data/sara_v3/statutes/prolog/section151.pl'].
:- ['/Users/sophie/code/2025-mcm-llms-applied-in-law_context/data/sara_v3/statutes/prolog/section7703.pl'].
:- ['/Users/sophie/code/2025-mcm-llms-applied-in-law_context/data/sara_v3/statutes/prolog/utils.pl'].
:- ['/Users/sophie/code/2025-mcm-llms-applied-in-law_context/data/sara_v3/statutes/prolog/init.pl'].
:- discontiguous s151_c_applies/3.
:- [statutes/prolog/init].
someone_household_maintenance(Year,Event,Start_day,End_day) :-
    between(2017,2027,Year),
    atom_concat("maintenance costs ",Year,Event),
    (
        (
            double_equal(Year, 2017),
            Start_day=20170916
        )
    ;
        (
            \+ double_equal(Year, 2017),
            first_day_year(Year,Start_day)
        )
    ),
    last_day_year(Year,End_day).
payment_(span(Event,189,199)) :- someone_household_maintenance(_,Event,_,_).
agent_(span(Event,189,199),span("someone",162,166)) :- someone_household_maintenance(_,Event,_,_).
amount_(span(Event,189,199),span(60,178,180)) :- someone_household_maintenance(_,Event,_,_).
purpose_(span(Event,189,199),span("home",147,150)) :- someone_household_maintenance(_,Event,_,_).
start_(span(Event,189,199),span(Start_day,214,233)) :- someone_household_maintenance(_,Event,Start_day,_).
alice_household_maintenance(Year,Event,Start_day,End_day) :-
    between(2017,2027,Year),
    atom_concat("furnished ",Year,Event),
    (
        (
            double_equal(Year, 2017), 
            Start_day=20170916
        )
    ;
        (
            \+ double_equal(Year, 2017),
            first_day_year(Year,Start_day)
        )
    ),
    last_day_year(Year,End_day).
payment_(span(Event,168,176)) :- alice_household_maintenance(_,Event,_,_).
agent_(span(Event,168,176),span("Alice",162,166)) :- alice_household_maintenance(_,Event,_,_).
amount_(span(Event,168,176),span(40,178,179)) :- alice_household_maintenance(_,Event,_,_).
purpose_(span(Event,168,176),span("home",147,150)) :- alice_household_maintenance(_,Event,_,_).
start_(span(Event,168,176),span(Start_day,214,233)) :- alice_household_maintenance(_,Event,Start_day,_).
s151_c_applies("Alice","Charlie",Year) :- between(2017,2019,Year).
marriage_(span("married",18,24)).
son_(span("son",67,69)).
residence_(span("live",137,140)).
agent_(span("married",18,24),span("Alice",0,4)).
agent_(span("married",18,24),span("Bob",10,12)).
start_(span("married",18,24),span(20120405,29,43)).
agent_(span("live",137,140),span("Alice",119,123)).
agent_(span("live",137,140),span("Charlie",129,135)).
patient_(span("live",137,140),span("home",147,150)).
start_(span("live",137,140),span(20170916,214,233)).
patient_(span("son",67,69),span("Alice",46,50)).
patient_(span("son",67,69),span("Bob",56,58)).
agent_(span("son",67,69),span("Charlie",72,78)).
start_(span("son",67,69),span(20170916,97,116)).
birth_(span("born",89,92)).
agent_(span("born",89,92),span("Charlie",72,78)).
start_(span("born",89,92),span(20170916,97,116)).
\+ s7703_b_2("Alice","home",_,2018).
2025-06-15 00:28:19,322 - INFO - [s7703_b_2_neg] Query:
\+ s7703_b_2("Alice","home",_,2018).
2025-06-15 00:28:19,323 - INFO - [s7703_b_2_neg] Query result: {'truth': True}
2025-06-15 00:28:19,323 - INFO - [s7703_b_2_neg] Result: correct
2025-06-15 00:28:19,326 - INFO - [s7703_b_2_pos] Prolog code:
:- ['/Users/sophie/code/2025-mcm-llms-applied-in-law_context/data/sara_v3/statutes/prolog/section151.pl'].
:- ['/Users/sophie/code/2025-mcm-llms-applied-in-law_context/data/sara_v3/statutes/prolog/section7703.pl'].
:- ['/Users/sophie/code/2025-mcm-llms-applied-in-law_context/data/sara_v3/statutes/prolog/utils.pl'].
:- ['/Users/sophie/code/2025-mcm-llms-applied-in-law_context/data/sara_v3/statutes/prolog/init.pl'].
:- discontiguous s151_c_applies/3.
:- [statutes/prolog/init].
alice_household_maintenance(Year,Event,Start_day,End_day) :-
    between(2017,2027,Year),
    atom_concat("maintained ",Year,Event),
    (
        (
            double_equal(Year, 2017),
            Start_day=20170916
        )
    ;
        (
            \+ double_equal(Year, 2017),
            first_day_year(Year,Start_day)
        )
    ),
    last_day_year(Year,End_day).
payment_(span(Event,152,161)) :- alice_household_maintenance(_,Event,_,_).
agent_(span(Event,152,161),span("Alice",166,170)) :- alice_household_maintenance(_,Event,_,_).
amount_(span(Event,152,161),span(1,152,161)) :- alice_household_maintenance(_,Event,_,_).
purpose_(span(Event,152,161),span("live",137,140)) :- alice_household_maintenance(_,Event,_,_).
start_(span(Event,152,161),span(Start_day,178,197)) :- alice_household_maintenance(_,Event,Start_day,_).
s151_c_applies("Alice","Charlie",Year) :- between(2017,2019,Year).
marriage_(span("married",18,24)).
son_(span("son",67,69)).
residence_(span("live",137,140)).
joint_return_(span("joint return",315,326)).
agent_(span("joint return",315,326),span("Alice",294,298)).
agent_(span("joint return",315,326),span("Bob",304,306)).
start_(span("joint return",315,326),span(20170101,342,345)).
start_(span("joint return",315,326),span(20180101,347,348)).
start_(span("joint return",315,326),span(20190101,350,353)).
agent_(span("married",18,24),span("Alice",0,4)).
agent_(span("married",18,24),span("Bob",10,12)).
start_(span("married",18,24),span(20120405,29,43)).
agent_(span("live",137,140),span("Alice",119,123)).
agent_(span("live",137,140),span("Charlie",129,135)).
patient_(span("live",137,140),span("home",147,150)).
start_(span("live",137,140),span(20170916,178,197)).
patient_(span("son",67,69),span("Alice",46,50)).
patient_(span("son",67,69),span("Bob",56,58)).
agent_(span("son",67,69),span("Charlie",72,78)).
start_(span("son",67,69),span(20170916,97,116)).
birth_(span("born",89,92)).
agent_(span("born",89,92),span("Charlie",72,78)).
start_(span("born",89,92),span(20170916,97,116)).
s7703_b_2("Alice","home",_,2018).
2025-06-15 00:28:19,472 - INFO - [s7703_b_2_pos] Query:
s7703_b_2("Alice","home",_,2018).
2025-06-15 00:28:19,472 - INFO - [s7703_b_2_pos] Query result: {'truth': True}
2025-06-15 00:28:19,472 - INFO - [s7703_b_2_pos] Result: correct
2025-06-15 00:28:19,474 - INFO - [tax_case_28] Prolog code:
:- ['/Users/sophie/code/2025-mcm-llms-applied-in-law_context/data/sara_v3/statutes/prolog/utils.pl'].
:- ['/Users/sophie/code/2025-mcm-llms-applied-in-law_context/data/sara_v3/statutes/prolog/init.pl'].
:- [statutes/prolog/init].
payment_(span("paid",10,13)).
service_(span("service",51,57)).
income_(span("income",115,120)).
agent_(span("income",115,120),span("Alice",101,105)).
start_(span("income",115,120),span(20170101,125,128)).
amount_(span("income",115,120),span(921324,135,140)).
agent_(span("paid",10,13),span("Alice",0,4)).
amount_(span("paid",10,13),span(53200,25,29)).
patient_(span("paid",10,13),span("Bob",34,36)).
purpose_(span("paid",10,13),span("service",51,57)).
start_(span("paid",10,13),span(20170902,86,98)).
patient_(span("service",51,57),span("Alice",0,4)).
agent_(span("service",51,57),span("Bob",34,36)).
purpose_(span("service",51,57),span("domestic service",42,57)).
start_(span("service",51,57),span(20170201,69,81)).
end_(span("service",51,57),span(20170902,86,98)).
tax("Alice",2017,344848).
2025-06-15 00:28:19,614 - INFO - [tax_case_28] Query:
tax("Alice",2017,344848).
2025-06-15 00:28:19,614 - INFO - [tax_case_28] Query result: {'truth': True}
2025-06-15 00:28:19,614 - INFO - [tax_case_28] Result: correct
2025-06-15 00:28:19,615 - INFO - [tax_case_30] Prolog code:
:- ['/Users/sophie/code/2025-mcm-llms-applied-in-law_context/data/sara_v3/statutes/prolog/utils.pl'].
:- ['/Users/sophie/code/2025-mcm-llms-applied-in-law_context/data/sara_v3/statutes/prolog/init.pl'].
:- [statutes/prolog/init].
bob_household_maintenance(Year,Event,Start_day,End_day) :-
    between(2015,2019,Year),
    atom_concat("furnished ",Year,Event),
    first_day_year(Year,Start_day),
    last_day_year(Year,End_day).
payment_(span(Event,146,154)) :-
    bob_household_maintenance(_,Event,_,_).
agent_(span(Event,146,154),span("Bob",142,144)) :-
    bob_household_maintenance(_,Event,_,_).
amount_(span(Event,146,154),span(1,156,158)) :-
    bob_household_maintenance(_,Event,_,_).
purpose_(span(Event,146,154),span("home",185,188)) :-
    bob_household_maintenance(_,Event,_,_).
start_(span(Event,146,154),span(Start_day,128,131)) :-
    bob_household_maintenance(_,Event,Start_day,_).
end_(span(Event,146,154),span(End_day,136,139)) :-
    bob_household_maintenance(_,Event,_,End_day).
income_(span("income",14,19)).
income_(span("income",61,66)).
marriage_(span("married",97,103)).
residence_(span("lived",209,213)).
agent_(span("income",14,19),span("Alice",0,4)).
start_(span("income",14,19),span(20170101,34,37)).
amount_(span("income",14,19),span(6662,43,46)).
start_(span("income",61,66),span(20170101,34,37)).
agent_(span("income",61,66),span("Bob",49,51)).
amount_(span("income",61,66),span(17896,72,76)).
agent_(span("married",97,103),span("Alice",79,83)).
agent_(span("married",97,103),span("Bob",89,91)).
start_(span("married",97,103),span(19920203,108,120)).
start_(span("lived",209,213),span(20040101,128,131)).
end_(span("lived",209,213),span(20191231,136,139)).
agent_(span("lived",209,213),span("Bob",142,144)).
patient_(span("lived",209,213),span("home",185,188)).
agent_(span("lived",209,213),span("Alice",203,207)).
tax("Alice",2017,249).
2025-06-15 00:28:19,752 - INFO - [tax_case_30] Query:
tax("Alice",2017,249).
2025-06-15 00:28:19,752 - INFO - [tax_case_30] Query result: {'truth': True}
2025-06-15 00:28:19,752 - INFO - [tax_case_30] Result: correct
2025-06-15 00:28:19,754 - INFO - [tax_case_31] Prolog code:
:- ['/Users/sophie/code/2025-mcm-llms-applied-in-law_context/data/sara_v3/statutes/prolog/utils.pl'].
:- ['/Users/sophie/code/2025-mcm-llms-applied-in-law_context/data/sara_v3/statutes/prolog/init.pl'].
:- [statutes/prolog/init].
payment_(span("paid",19,22)).
marriage_(span("married",79,85)).
agent_(span("married",79,85),span("Alice",55,59)).
agent_(span("married",79,85),span("Bob",65,67)).
start_(span("married",79,85),span(20170203,93,105)).
start_(span("paid",19,22),span(20170101,3,6)).
patient_(span("paid",19,22),span("Alice",9,13)).
amount_(span("paid",19,22),span(39212,25,29)).
tax("Alice",2017,6621).
2025-06-15 00:28:19,891 - INFO - [tax_case_31] Query:
tax("Alice",2017,6621).
2025-06-15 00:28:19,891 - INFO - [tax_case_31] Query result: {'truth': True}
2025-06-15 00:28:19,891 - INFO - [tax_case_31] Result: correct
2025-06-15 00:28:19,892 - INFO - [tax_case_34] Prolog code:
:- ['/Users/sophie/code/2025-mcm-llms-applied-in-law_context/data/sara_v3/statutes/prolog/utils.pl'].
:- ['/Users/sophie/code/2025-mcm-llms-applied-in-law_context/data/sara_v3/statutes/prolog/init.pl'].
:- [statutes/prolog/init].
income_(span("income",14,19)).
agent_(span("income",14,19),span("Alice",0,4)).
start_(span("income",14,19),span(20170101,34,37)).
amount_(span("income",14,19),span(22895,43,47)).
tax("Alice",2017,2684).
2025-06-15 00:28:20,032 - INFO - [tax_case_34] Query:
tax("Alice",2017,2684).
2025-06-15 00:28:20,032 - INFO - [tax_case_34] Query result: {'truth': True}
2025-06-15 00:28:20,032 - INFO - [tax_case_34] Result: correct
2025-06-15 00:28:20,033 - INFO - [tax_case_43] Prolog code:
:- ['/Users/sophie/code/2025-mcm-llms-applied-in-law_context/data/sara_v3/statutes/prolog/utils.pl'].
:- ['/Users/sophie/code/2025-mcm-llms-applied-in-law_context/data/sara_v3/statutes/prolog/init.pl'].
:- [statutes/prolog/init].
payment_(span("paid",19,22)).
marriage_(span("married",50,56)).
nonresident_alien_(span("nonresident alien",88,104)).
income_(span("earned",132,137)).
joint_return_(span("file jointly",169,180)).
agent_(span("earned",132,137),span("Bob",128,130)).
amount_(span("earned",132,137),span(34081,140,144)).
start_(span("earned",132,137),span(20170101,149,152)).
agent_(span("file jointly",169,180),span("Alice",155,159)).
agent_(span("file jointly",169,180),span("Bob",165,167)).
start_(span("file jointly",169,180),span(20170101,185,188)).
agent_(span("married",50,56),span("Alice",32,36)).
agent_(span("married",50,56),span("Bob",42,44)).
start_(span("married",50,56),span(19920203,61,73)).
agent_(span("nonresident alien",88,104),span("Alice",76,80)).
end_(span("nonresident alien",88,104),span(20140709,112,125)).
start_(span("paid",19,22),span(20170101,3,6)).
patient_(span("paid",19,22),span("Alice",9,13)).
amount_(span("paid",19,22),span(23191,25,29)).
tax("Alice",2017,8439).
2025-06-15 00:28:20,173 - INFO - [tax_case_43] Query:
tax("Alice",2017,8439).
2025-06-15 00:28:20,173 - INFO - [tax_case_43] Query result: {'truth': True}
2025-06-15 00:28:20,173 - INFO - [tax_case_43] Result: correct
2025-06-15 00:28:20,175 - INFO - [tax_case_46] Prolog code:
:- ['/Users/sophie/code/2025-mcm-llms-applied-in-law_context/data/sara_v3/statutes/prolog/utils.pl'].
:- ['/Users/sophie/code/2025-mcm-llms-applied-in-law_context/data/sara_v3/statutes/prolog/init.pl'].
:- [statutes/prolog/init].
payment_(span("paid",10,13)).
service_(span("labor",45,49)).
marriage_(span("married",150,156)).
joint_return_(span("joint return",184,195)).
income_(span("income",254,259)).
agent_(span("income",254,259),span("Alice",223,227)).
start_(span("income",254,259),span(20200101,274,277)).
amount_(span("income",254,259),span(103272,283,288)).
agent_(span("joint return",184,195),span("Alice",170,174)).
agent_(span("joint return",184,195),span("spouse",206,211)).
start_(span("joint return",184,195),span(20200101,217,220)).
agent_(span("married",150,156),span("Alice",135,139)).
start_(span("married",150,156),span(19990101,164,167)).
agent_(span("married",150,156),span("spouse",206,211)).
agent_(span("paid",10,13),span("Alice",0,4)).
amount_(span("paid",10,13),span(3200,16,19)).
patient_(span("paid",10,13),span("Bob",24,26)).
purpose_(span("paid",10,13),span("labor",45,49)).
start_(span("paid",10,13),span(20200902,78,90)).
means_(span("paid",10,13),span("eggs, grapes and hay",113,132)).
patient_(span("labor",45,49),span("Alice",0,4)).
agent_(span("labor",45,49),span("Bob",24,26)).
purpose_(span("labor",45,49),span("agricultural labor",32,49)).
start_(span("labor",45,49),span(20200201,61,73)).
end_(span("labor",45,49),span(20200902,78,90)).
tax("Alice",2020,17399).
2025-06-15 00:28:20,313 - INFO - [tax_case_46] Query:
tax("Alice",2020,17399).
2025-06-15 00:28:20,313 - INFO - [tax_case_46] Query result: {'truth': True}
2025-06-15 00:28:20,313 - INFO - [tax_case_46] Result: correct
2025-06-15 00:28:20,314 - INFO - [tax_case_48] Prolog code:
:- ['/Users/sophie/code/2025-mcm-llms-applied-in-law_context/data/sara_v3/statutes/prolog/utils.pl'].
:- ['/Users/sophie/code/2025-mcm-llms-applied-in-law_context/data/sara_v3/statutes/prolog/init.pl'].
:- [statutes/prolog/init].
bob_household_maintenance(Year,Event,Start_day,End_day) :-
    between(2004,2018,Year),
    atom_concat("furnished the costs ",Year,Event),
    first_day_year(Year,Start_day),
    last_day_year(Year,End_day).
payment_(span(Event,181,191)) :- bob_household_maintenance(_,Event,_,_).
agent_(span(Event,181,191),span("Bob",154,156)) :- bob_household_maintenance(_,Event,_,_).
amount_(span(Event,181,191),span(1,181,191)) :- bob_household_maintenance(_,Event,_,_).
purpose_(span(Event,181,191),span("home",197,200)) :- bob_household_maintenance(_,Event,_,_).
start_(span(Event,181,191),span(Start_day,140,143)) :- bob_household_maintenance(_,Event,Start_day,_).
end_(span(Event,181,191),span(End_day,148,151)) :- bob_household_maintenance(_,Event,_,End_day).
marriage_(span("married",18,24)).
son_(span("child",65,69)).
death_(span("died",111,114)).
residence_(span("lived",223,227)).
marriage_(span("married",255,261)).
joint_return_(span("joint return",302,313)).
income_(span("income",343,348)).
agent_(span("died",111,114),span("Alice",105,109)).
start_(span("died",111,114),span(20140709,119,132)).
agent_(span("income",343,348),span("Bob",331,333)).
start_(span("income",343,348),span(20180101,353,356)).
amount_(span("income",343,348),span(132268,363,368)).
agent_(span("joint return",302,313),span("Charlie",247,253)).
agent_(span("joint return",302,313),span("Dan",263,265)).
start_(span("joint return",302,313),span(20180101,280,283)).
agent_(span("married",18,24),span("Alice",0,4)).
agent_(span("married",18,24),span("Bob",10,12)).
start_(span("married",18,24),span(19920203,29,41)).
agent_(span("married",255,261),span("Charlie",247,253)).
agent_(span("married",255,261),span("Dan",263,265)).
start_(span("married",255,261),span(20180214,270,283)).
start_(span("lived",223,227),span(20040101,140,143)).
end_(span("lived",223,227),span(20181231,148,151)).
agent_(span("lived",223,227),span("Bob",154,156)).
patient_(span("lived",223,227),span("home",197,200)).
agent_(span("lived",223,227),span("Charlie",215,221)).
patient_(span("child",65,69),span("Alice",44,48)).
patient_(span("child",65,69),span("Bob",54,56)).
agent_(span("child",65,69),span("Charlie",72,78)).
start_(span("child",65,69),span(20001009,86,102)).
birth_(span("born",81,84)).
agent_(span("born",81,84),span("Charlie",72,78)).
start_(span("born",81,84),span(20001009,86,102)).
tax("Bob",2018,33068).
2025-06-15 00:28:20,456 - INFO - [tax_case_48] Query:
tax("Bob",2018,33068).
2025-06-15 00:28:20,456 - INFO - [tax_case_48] Query result: {'truth': True}
2025-06-15 00:28:20,456 - INFO - [tax_case_48] Result: correct
2025-06-15 00:28:20,457 - INFO - [tax_case_49] Prolog code:
:- ['/Users/sophie/code/2025-mcm-llms-applied-in-law_context/data/sara_v3/statutes/prolog/utils.pl'].
:- ['/Users/sophie/code/2025-mcm-llms-applied-in-law_context/data/sara_v3/statutes/prolog/init.pl'].
:- [statutes/prolog/init].
father_(span("father",27,32)).
income_(span("income",76,81)).
agent_(span("father",27,32),span("Bob",0,2)).
patient_(span("father",27,32),span("Alice",7,11)).
patient_(span("father",27,32),span("Charlie",17,23)).
agent_(span("income",76,81),span("Alice",62,66)).
start_(span("income",76,81),span(20150101,86,89)).
amount_(span("income",76,81),span(264215,95,100)).
tax("Alice",2015,82819).
2025-06-15 00:28:20,596 - INFO - [tax_case_49] Query:
tax("Alice",2015,82819).
2025-06-15 00:28:20,596 - INFO - [tax_case_49] Query result: {'truth': True}
2025-06-15 00:28:20,597 - INFO - [tax_case_49] Result: correct
2025-06-15 00:28:20,598 - INFO - [tax_case_53] Prolog code:
:- ['/Users/sophie/code/2025-mcm-llms-applied-in-law_context/data/sara_v3/statutes/prolog/utils.pl'].
:- ['/Users/sophie/code/2025-mcm-llms-applied-in-law_context/data/sara_v3/statutes/prolog/init.pl'].
:- [statutes/prolog/init].
brother_(span("brother",12,18)).
patient_(span("brother",12,18),span("Alice",0,4)).
agent_(span("brother",12,18),span("Bob",21,23)).
start_(span("brother",12,18),span(20140131,39,56)).
income_(span("income",73,78)).
agent_(span("income",73,78),span("Alice",59,63)).
start_(span("income",73,78),span(20200101,83,86)).
amount_(span("income",73,78),span(604312,93,98)).
marriage_(span("married",107,113)).
agent_(span("married",107,113),span("Alice",101,105)).
agent_(span("married",107,113),span("Charlie",115,121)).
start_(span("married",107,113),span(19921012,126,143)).
joint_return_(span("file jointly",195,206)).
start_(span("file jointly",195,206),span(20200101,171,174)).
agent_(span("file jointly",195,206),span("Alice",177,181)).
agent_(span("file jointly",195,206),span("Charlie",187,193)).
birth_(span("born",34,37)).
agent_(span("born",34,37),span("Bob",21,23)).
start_(span("born",34,37),span(20140131,39,56)).
tax("Alice",2020,206332).
2025-06-15 00:28:20,735 - INFO - [tax_case_53] Query:
tax("Alice",2020,206332).
2025-06-15 00:28:20,736 - INFO - [tax_case_53] Query result: {'truth': True}
2025-06-15 00:28:20,736 - INFO - [tax_case_53] Result: correct
2025-06-15 00:28:20,737 - INFO - [tax_case_57] Prolog code:
:- ['/Users/sophie/code/2025-mcm-llms-applied-in-law_context/data/sara_v3/statutes/prolog/utils.pl'].
:- ['/Users/sophie/code/2025-mcm-llms-applied-in-law_context/data/sara_v3/statutes/prolog/init.pl'].
:- [statutes/prolog/init].
marriage_(span("married",10,16)).
joint_return_(span("joint return",49,60)).
income_(span("income",102,107)).
income_(span("income",155,160)).
agent_(span("income",102,107),span("Alice",88,92)).
start_(span("income",102,107),span(20170101,122,125)).
amount_(span("income",102,107),span(22895,131,135)).
start_(span("income",155,160),span(20170101,122,125)).
agent_(span("income",155,160),span("spouse",146,151)).
amount_(span("income",155,160),span(14257,166,170)).
agent_(span("joint return",49,60),span("Alice",35,39)).
agent_(span("joint return",49,60),span("spouse",71,76)).
start_(span("joint return",49,60),span(20170101,82,85)).
agent_(span("married",10,16),span("Alice",0,4)).
start_(span("married",10,16),span(20000229,21,32)).
agent_(span("married",10,16),span("spouse",71,76)).
tax("Alice",2017,4073).
2025-06-15 00:28:20,872 - INFO - [tax_case_57] Query:
tax("Alice",2017,4073).
2025-06-15 00:28:20,873 - INFO - [tax_case_57] Query result: {'truth': True}
2025-06-15 00:28:20,873 - INFO - [tax_case_57] Result: correct
2025-06-15 00:28:20,874 - INFO - [tax_case_68] Prolog code:
:- ['/Users/sophie/code/2025-mcm-llms-applied-in-law_context/data/sara_v3/statutes/prolog/utils.pl'].
:- ['/Users/sophie/code/2025-mcm-llms-applied-in-law_context/data/sara_v3/statutes/prolog/init.pl'].
:- [statutes/prolog/init].
payment_(span("paid",10,13)).
service_(span("service",41,47)).
payment_(span("paid",108,111)).
service_(span("work",132,135)).
payment_(span("paid",199,202)).
agent_(span("paid",10,13),span("Alice",0,4)).
amount_(span("paid",10,13),span(3200,16,19)).
patient_(span("paid",10,13),span("Bob",24,26)).
purpose_(span("paid",10,13),span("service",41,47)).
start_(span("paid",10,13),span(20170902,76,88)).
patient_(span("paid",199,202),span("Alice",179,183)).
amount_(span("paid",199,202),span(113209,205,210)).
start_(span("paid",199,202),span(20180101,215,218)).
agent_(span("paid",108,111),span("Bob",100,102)).
amount_(span("paid",108,111),span(4500,114,117)).
patient_(span("paid",108,111),span("Alice",122,126)).
purpose_(span("paid",108,111),span("work",132,135)).
start_(span("paid",108,111),span(20180101,94,97)).
patient_(span("service",41,47),span("Alice",0,4)).
agent_(span("service",41,47),span("Bob",24,26)).
purpose_(span("service",41,47),span("domestic service",32,47)).
start_(span("service",41,47),span(20170201,59,71)).
end_(span("service",41,47),span(20170902,76,88)).
start_(span("work",132,135),span(20170401,147,159)).
end_(span("work",132,135),span(20180901,164,176)).
patient_(span("work",132,135),span("Bob",100,102)).
agent_(span("work",132,135),span("Alice",122,126)).
tax("Alice",2018,28292).
2025-06-15 00:28:21,015 - INFO - [tax_case_68] Query:
tax("Alice",2018,28292).
2025-06-15 00:28:21,015 - INFO - [tax_case_68] Query result: {'truth': True}
2025-06-15 00:28:21,015 - INFO - [tax_case_68] Result: correct
2025-06-15 00:28:21,017 - INFO - [tax_case_69] Prolog code:
:- ['/Users/sophie/code/2025-mcm-llms-applied-in-law_context/data/sara_v3/statutes/prolog/utils.pl'].
:- ['/Users/sophie/code/2025-mcm-llms-applied-in-law_context/data/sara_v3/statutes/prolog/init.pl'].
:- [statutes/prolog/init].
marriage_(span("married",19,25)).
income_(span("income",79,84)).
agent_(span("income",79,84),span("Alice",65,69)).
start_(span("income",79,84),span(20140101,99,102)).
amount_(span("income",79,84),span(718791,108,113)).
agent_(span("married",19,25),span("Alice",0,4)).
agent_(span("married",19,25),span("Bob",10,12)).
start_(span("married",19,25),span(19970203,32,44)).
end_(span("married",19,25),span(20011030,49,62)).
tax("Alice",2014,264225).
2025-06-15 00:28:21,156 - INFO - [tax_case_69] Query:
tax("Alice",2014,264225).
2025-06-15 00:28:21,156 - INFO - [tax_case_69] Query result: {'truth': True}
2025-06-15 00:28:21,157 - INFO - [tax_case_69] Result: correct
2025-06-15 00:28:21,158 - INFO - [tax_case_75] Prolog code:
:- ['/Users/sophie/code/2025-mcm-llms-applied-in-law_context/data/sara_v3/statutes/prolog/utils.pl'].
:- ['/Users/sophie/code/2025-mcm-llms-applied-in-law_context/data/sara_v3/statutes/prolog/init.pl'].
:- [statutes/prolog/init].
start_(span("pays",59,62),span(Day,47,50)) :- between(2007,2017,Year),
    first_day_year(Year,Day).
start_(span("pays",127,130),span(Day,47,50)) :- between(2007,2017,Year),
    first_day_year(Year,Day).
residence_(span("house",15,19)).
father_(span("father",30,35)).
payment_(span("pays",59,62)).
brother_(span("brother",118,124)).
payment_(span("pays",127,130)).
income_(span("income",169,174)).
income_(span("income",219,224)).
deduction_(span("deductions",264,273)).
agent_(span("brother",118,124),span("Charlie",105,111)).
patient_(span("brother",118,124),span("Alice",53,57)).
start_(span("deductions",264,273),span(20120101,189,192)).
agent_(span("deductions",264,273),span("Alice",238,242)).
amount_(span("deductions",264,273),span(17817,279,283)).
patient_(span("father",30,35),span("Alice",0,4)).
agent_(span("father",30,35),span("Bob",37,39)).
agent_(span("income",169,174),span("Alice",155,159)).
start_(span("income",169,174),span(20120101,189,192)).
amount_(span("income",169,174),span(67285,199,203)).
start_(span("income",219,224),span(20120101,189,192)).
agent_(span("income",219,224),span("Charlie",209,215)).
amount_(span("income",219,224),span(56174,231,235)).
purpose_(span("pays",59,62),span("house",15,19)).
agent_(span("pays",59,62),span("Alice",53,57)).
amount_(span("pays",59,62),span(75,68,69)).
purpose_(span("pays",127,130),span("house",15,19)).
amount_(span("pays",127,130),span(25,150,151)).
agent_(span("pays",127,130),span("Charlie",105,111)).
agent_(span("house",15,19),span("Alice",0,4)).
patient_(span("house",15,19),span("house",15,19)).
agent_(span("house",15,19),span("Bob",37,39)).
start_(span("house",15,19),span(20070101,47,50)).
tax("Alice",2012,8883).
2025-06-15 00:28:21,298 - INFO - [tax_case_75] Query:
tax("Alice",2012,8883).
2025-06-15 00:28:21,298 - INFO - [tax_case_75] Query result: {'truth': True}
2025-06-15 00:28:21,298 - INFO - [tax_case_75] Result: correct
2025-06-15 00:28:21,300 - INFO - [tax_case_77] Prolog code:
:- ['/Users/sophie/code/2025-mcm-llms-applied-in-law_context/data/sara_v3/statutes/prolog/utils.pl'].
:- ['/Users/sophie/code/2025-mcm-llms-applied-in-law_context/data/sara_v3/statutes/prolog/init.pl'].
:- [statutes/prolog/init].
income_(span("income",14,19)).
son_(span("son",68,70)).
son_(span("son",79,81)).
residence_(span("lives",92,96)).
residence_(span("place",105,109)).
payment_(span("maintains",129,137)).
agent_(span("income",14,19),span("Alice",0,4)).
start_(span("income",14,19),span(20230101,34,37)).
amount_(span("income",14,19),span(54775,43,47)).
purpose_(span("maintains",129,137),span("house",114,118)).
amount_(span("maintains",129,137),span(1,129,137)).
start_(span("maintains",129,137),span(20230101,53,56)).
agent_(span("maintains",129,137),span("Alice",0,4)).
patient_(span("place",105,109),span("house",114,118)).
end_(span("place",105,109),span(20231231,53,56)).
start_(span("place",105,109),span(20230101,53,56)).
agent_(span("place",105,109),span("Alice",0,4)).
patient_(span("lives",92,96),span("house",114,118)).
agent_(span("lives",92,96),span("Bob",59,61)).
end_(span("lives",92,96),span(20231231,53,56)).
start_(span("lives",92,96),span(20230101,53,56)).
agent_(span("son",68,70),span("Bob",59,61)).
patient_(span("son",68,70),span("Charlie",83,89)).
patient_(span("son",79,81),span("Alice",0,4)).
agent_(span("son",79,81),span("Charlie",83,89)).
tax("Alice",2023,6449).
2025-06-15 00:28:21,439 - INFO - [tax_case_77] Query:
tax("Alice",2023,6449).
2025-06-15 00:28:21,439 - INFO - [tax_case_77] Query result: {'truth': True}
2025-06-15 00:28:21,439 - INFO - [tax_case_77] Result: correct
2025-06-15 00:28:21,441 - INFO - [tax_case_78] Prolog code:
:- ['/Users/sophie/code/2025-mcm-llms-applied-in-law_context/data/sara_v3/statutes/prolog/utils.pl'].
:- ['/Users/sophie/code/2025-mcm-llms-applied-in-law_context/data/sara_v3/statutes/prolog/init.pl'].
marriage_(span("married",18,24)).
agent_(span("married",18,24),span("Alice",0,4)).
agent_(span("married",18,24),span("Bob",10,12)).
start_(span("married",18,24),span(20120405,29,43)).
son_(span("son",67,69)).
patient_(span("son",67,69),span("Alice",46,50)).
patient_(span("son",67,69),span("Bob",56,58)).
agent_(span("son",67,69),span("Charlie",72,78)).
start_(span("son",67,69),span(20170916,97,116)).
residence_(span("live",137,140)).
agent_(span("live",137,140),span("Alice",119,123)).
agent_(span("live",137,140),span("Charlie",129,135)).
patient_(span("live",137,140),span("home",147,150)).
start_(span("live",137,140),span(20170916,178,197)).
alice_household_maintenance(Year,Event,Start_day,End_day) :-
    between(2017,2027,Year),
    atom_concat("maintained ",Year,Event),
    (
        (
            double_equal(Year, 2017),
            Start_day=20170916
        )
    ;
        (
            \+ double_equal(Year, 2017),
            first_day_year(Year,Start_day)
        )
    ),
    last_day_year(Year,End_day).
payment_(span(Event,152,161)) :- alice_household_maintenance(_,Event,_,_).
agent_(span(Event,152,161),span("Alice",166,170)) :- alice_household_maintenance(_,Event,_,_).
amount_(span(Event,152,161),span(1,152,161)) :- alice_household_maintenance(_,Event,_,_).
purpose_(span(Event,152,161),span("home",147,150)) :- alice_household_maintenance(_,Event,_,_).
start_(span(Event,152,161),span(Start_day,178,197)) :- alice_household_maintenance(_,Event,Start_day,_).
end_(span(Event,152,161),span(End_day,178,197)) :- alice_household_maintenance(_,Event,_,End_day).
income_(span("income",214,219)).
agent_(span("income",214,219),span("Alice",200,204)).
start_(span("income",214,219),span(20190101,224,227)).
amount_(span("income",214,219),span(73124,233,237)).
residence_(span("abode",361,365)).
end_(span("abode",361,365),span(20191231,316,319)).
start_(span("abode",361,365),span(20190101,316,319)).
agent_(span("abode",361,365),span("Bob",322,324)).
patient_(span("abode",361,365),span("place",352,356)).
birth_(span("born",89,92)).
agent_(span("born",89,92),span("Charlie",72,78)).
start_(span("born",89,92),span(20170916,97,116)).
tax("Alice",2019,14470).
2025-06-15 00:28:21,472 - INFO - [tax_case_78] Query:
tax("Alice",2019,14470).
2025-06-15 00:28:21,472 - INFO - [tax_case_78] Query result: {'truth': True}
2025-06-15 00:28:21,472 - INFO - [tax_case_78] Result: correct
2025-06-15 00:28:21,473 - INFO - [tax_case_82] Prolog code:
:- ['/Users/sophie/code/2025-mcm-llms-applied-in-law_context/data/sara_v3/statutes/prolog/utils.pl'].
:- ['/Users/sophie/code/2025-mcm-llms-applied-in-law_context/data/sara_v3/statutes/prolog/init.pl'].
:- [statutes/prolog/init].
payment_(span("paid",19,22)).
payment_(span("paid",71,74)).
service_(span("work",94,97)).
american_employer_(span("American employer",176,192)).
citizenship_(span("citizen",218,224)).
agent_(span("American employer",176,192),span("Alice",164,168)).
agent_(span("citizen",218,224),span("Bob",199,201)).
agent_(span("paid",71,74),span("Alice",61,65)).
amount_(span("paid",71,74),span(11571,77,81)).
patient_(span("paid",71,74),span("Bob",86,88)).
purpose_(span("paid",71,74),span("work",94,97)).
start_(span("paid",71,74),span(20120901,126,138)).
start_(span("paid",19,22),span(20120101,3,6)).
patient_(span("paid",19,22),span("Alice",9,13)).
amount_(span("paid",19,22),span(54268,25,29)).
patient_(span("work",94,97),span("Alice",61,65)).
agent_(span("work",94,97),span("Bob",86,88)).
start_(span("work",94,97),span(20120201,109,121)).
end_(span("work",94,97),span(20120901,126,138)).
location_(span("work",94,97),span("Caracas, Venezuela",144,161)).
country_(span("Caracas, Venezuela",144,161),span("Venezuela",153,161)).
patient_(span("citizen",218,224),span("American",209,216)).
tax("Bob",2012,986).
2025-06-15 00:28:21,601 - INFO - [tax_case_82] Query:
tax("Bob",2012,986).
2025-06-15 00:28:21,601 - INFO - [tax_case_82] Query result: {'truth': True}
2025-06-15 00:28:21,601 - INFO - [tax_case_82] Result: correct
2025-06-15 00:28:21,602 - INFO - [tax_case_85] Prolog code:
:- ['/Users/sophie/code/2025-mcm-llms-applied-in-law_context/data/sara_v3/statutes/prolog/utils.pl'].
:- ['/Users/sophie/code/2025-mcm-llms-applied-in-law_context/data/sara_v3/statutes/prolog/init.pl'].
:- [statutes/prolog/init].
payment_(span("paid",19,22)).
brother_(span("brother",44,50)).
son_(span("son",68,70)).
residence_(span("lived",76,80)).
residence_(span("place",93,97)).
payment_(span("maintains",125,133)).
residence_(span("abode",188,192)).
patient_(span("brother",44,50),span("Alice",32,36)).
agent_(span("brother",44,50),span("Charlie",53,59)).
agent_(span("maintains",125,133),span("Alice",85,89)).
purpose_(span("maintains",125,133),span("house",110,114)).
amount_(span("maintains",125,133),span(1,125,133)).
start_(span("maintains",125,133),span(20190101,102,105)).
start_(span("paid",19,22),span(20190101,3,6)).
patient_(span("paid",19,22),span("Alice",9,13)).
amount_(span("paid",19,22),span(34510,25,29)).
agent_(span("place",93,97),span("Alice",85,89)).
patient_(span("place",93,97),span("house",110,114)).
end_(span("place",93,97),span(20191231,102,105)).
start_(span("place",93,97),span(20190101,102,105)).
agent_(span("lived",76,80),span("Bob",72,74)).
patient_(span("lived",76,80),span("house",110,114)).
end_(span("lived",76,80),span(20191231,102,105)).
start_(span("lived",76,80),span(20190101,102,105)).
end_(span("abode",188,192),span(20191231,139,142)).
start_(span("abode",188,192),span(20190101,139,142)).
agent_(span("abode",188,192),span("Charlie",145,151)).
patient_(span("abode",188,192),span("place",179,183)).
patient_(span("son",68,70),span("Charlie",53,59)).
agent_(span("son",68,70),span("Bob",72,74)).
tax("Alice",2019,2477).
2025-06-15 00:28:21,736 - INFO - [tax_case_85] Query:
tax("Alice",2019,2477).
2025-06-15 00:28:21,736 - INFO - [tax_case_85] Query result: {'truth': True}
2025-06-15 00:28:21,736 - INFO - [tax_case_85] Result: correct
2025-06-15 00:28:21,738 - INFO - [tax_case_9] Prolog code:
:- ['/Users/sophie/code/2025-mcm-llms-applied-in-law_context/data/sara_v3/statutes/prolog/utils.pl'].
:- ['/Users/sophie/code/2025-mcm-llms-applied-in-law_context/data/sara_v3/statutes/prolog/init.pl'].
:- [statutes/prolog/init].
bob_household_maintenance(Year,Event,Start_day,End_day) :-
    between(2017,2027,Year),
    atom_concat("Bob the remaining 60% ",Year,Event),
    (
        (
            double_equal(Year, 2017),
            Start_day=20170916
        )
    ;
        (
            \+ double_equal(Year, 2017),
            first_day_year(Year,Start_day)
        )
    ),
    last_day_year(Year,End_day).
payment_(span(Event,220,228)) :- bob_household_maintenance(_,Event,_,_).
agent_(span(Event,220,228),span("Bob",212,214)) :- bob_household_maintenance(_,Event,_,_).
amount_(span(Event,220,228),span(60,230,231)) :- bob_household_maintenance(_,Event,_,_).
purpose_(span(Event,220,228),span("live",137,140)) :- bob_household_maintenance(_,Event,_,_).
start_(span(Event,220,228),span(Start_day,241,260)) :- bob_household_maintenance(_,Event,Start_day,_).
end_(span(Event,220,228),span(End_day,241,260)) :- bob_household_maintenance(_,Event,_,End_day).
alice_household_maintenance(Year,Event,Start_day,End_day) :-
    between(2017,2027,Year),
    atom_concat("Alice furnished 40% of the maintenance costs ",Year,Event),
    (
        (
            double_equal(Year, 2017),
            Start_day=20170916
        )
    ;
        (
            \+ double_equal(Year, 2017),
            first_day_year(Year,Start_day)
        )
    ),
    last_day_year(Year,End_day).
payment_(span(Event,168,176)) :- alice_household_maintenance(_,Event,_,_).
agent_(span(Event,168,176),span("Alice",162,166)) :- alice_household_maintenance(_,Event,_,_).
amount_(span(Event,168,176),span(40,178,179)) :- alice_household_maintenance(_,Event,_,_).
purpose_(span(Event,168,176),span("live",137,140)) :- alice_household_maintenance(_,Event,_,_).
start_(span(Event,168,176),span(Start_day,241,260)) :- alice_household_maintenance(_,Event,Start_day,_).
end_(span(Event,168,176),span(End_day,241,260)) :- alice_household_maintenance(_,Event,_,End_day).
joint_return_alice_and_bob(Year,Event,Start_day,End_day) :-
    between(2017,2019,Year),
    atom_concat("file jointly ",Year,Event),
    first_day_year(Year,Start_day),
    last_day_year(Year,End_day).
joint_return_(span(Event,277,288)) :- joint_return_alice_and_bob(_,Event,_,_).
agent_(span(Event,277,288),span("Alice",263,267)) :- joint_return_alice_and_bob(_,Event,_,_).
agent_(span(Event,277,288),span("Bob",273,275)) :- joint_return_alice_and_bob(_,Event,_,_).
start_(span(Event,277,288),span(Day,295,298)) :- joint_return_alice_and_bob(_,Event,Day,_).
end_(span(Event,277,288),span(Day,303,306)) :- joint_return_alice_and_bob(_,Event,_,Day).
income_(span("Alice",309,313)).
agent_(span("Alice",309,313),span("Alice",309,313)).
amount_(span("Alice",309,313),span(36991,353,357)).
start_(span("Alice",309,313),span(20180101,342,345)).
marriage_(span("married",18,24)).
son_(span("son",67,69)).
residence_(span("live",137,140)).
agent_(span("live",137,140),span("Alice",119,123)).
agent_(span("live",137,140),span("Charlie",129,135)).
patient_(span("live",137,140),span("home",147,150)).
start_(span("live",137,140),span(20170916,241,260)).
income_(span("Bob",319,321)).
residence_(span("lived",450,454)).
agent_(span("Bob",319,321),span("Bob",319,321)).
start_(span("Bob",319,321),span(20180101,342,345)).
amount_(span("Bob",319,321),span(41990,364,368)).
agent_(span("married",18,24),span("Alice",0,4)).
agent_(span("married",18,24),span("Bob",10,12)).
start_(span("married",18,24),span(20120405,29,43)).
start_(span("lived",450,454),span(20170101,432,435)).
end_(span("lived",450,454),span(20191231,440,443)).
agent_(span("lived",450,454),span("Bob",446,448)).
patient_(span("lived",450,454),span("separately",456,465)).
patient_(span("son",67,69),span("Alice",46,50)).
patient_(span("son",67,69),span("Bob",56,58)).
agent_(span("son",67,69),span("Charlie",72,78)).
start_(span("son",67,69),span(20170916,97,116)).
birth_(span("born",89,92)).
agent_(span("born",89,92),span("Charlie",72,78)).
start_(span("born",89,92),span(20170916,97,116)).
tax("Alice",2018,10598).
2025-06-15 00:28:21,878 - INFO - [tax_case_9] Query:
tax("Alice",2018,10598).
2025-06-15 00:28:21,878 - INFO - [tax_case_9] Query result: {'truth': True}
2025-06-15 00:28:21,878 - INFO - [tax_case_9] Result: correct
2025-06-15 00:28:21,880 - INFO - [tax_case_90] Prolog code:
:- ['/Users/sophie/code/2025-mcm-llms-applied-in-law_context/data/sara_v3/statutes/prolog/utils.pl'].
:- ['/Users/sophie/code/2025-mcm-llms-applied-in-law_context/data/sara_v3/statutes/prolog/init.pl'].
:- [statutes/prolog/init].
bob_household_maintenance(Year,Event,Start_day,End_day) :-
    between(2015,2019,Year),
    atom_concat("furnished the costs ",Year,Event),
    first_day_year(Year,Start_day),
    last_day_year(Year,End_day).
payment_(span(Event,97,105)) :- bob_household_maintenance(_,Event,_,_).
agent_(span(Event,97,105),span("Bob",93,95)) :- bob_household_maintenance(_,Event,_,_).
amount_(span(Event,97,105),span(1,107,109)) :- bob_household_maintenance(_,Event,_,_).
purpose_(span(Event,97,105),span("home",136,139)) :- bob_household_maintenance(_,Event,_,_).
start_(span(Event,97,105),span(Start_day,79,82)) :- bob_household_maintenance(_,Event,Start_day,_).
end_(span(Event,97,105),span(End_day,87,90)) :- bob_household_maintenance(_,Event,_,End_day).
bob_income(Year,Event,Day) :-
    between(2015,2019,Year),
    atom_concat("bob_income_",Year,Event),
    last_day_year(Year,Day).
income_(span(Event,279,284)) :- bob_income(_,Event,_).
agent_(span(Event,279,284),span("Bob",275,277)) :- bob_income(_,Event,_).
amount_(span(Event,279,284),span(304598,287,292)) :- bob_income(_,Event,_).
start_(span(Event,279,284),span(Day,310,313)) :- bob_income(_,Event,Day).
marriage_(span("married",18,24)).
death_(span("died",50,53)).
residence_(span("lived",173,177)).
agent_(span("died",50,53),span("Alice",44,48)).
start_(span("died",50,53),span(20140709,58,71)).
agent_(span("married",18,24),span("Alice",0,4)).
agent_(span("married",18,24),span("Bob",10,12)).
start_(span("married",18,24),span(19920203,29,41)).
start_(span("lived",173,177),span(20150101,79,82)).
end_(span("lived",173,177),span(20191231,87,90)).
agent_(span("lived",173,177),span("Bob",93,95)).
patient_(span("lived",173,177),span("home",136,139)).
agent_(span("lived",173,177),span("Charlie",165,171)).
tax("Bob",2018,96641).
2025-06-15 00:28:22,019 - INFO - [tax_case_90] Query:
tax("Bob",2018,96641).
2025-06-15 00:28:22,019 - INFO - [tax_case_90] Query result: {'truth': True}
2025-06-15 00:28:22,020 - INFO - [tax_case_90] Result: correct
2025-06-15 00:28:22,021 - INFO - [tax_case_93] Prolog code:
:- ['/Users/sophie/code/2025-mcm-llms-applied-in-law_context/data/sara_v3/statutes/prolog/utils.pl'].
:- ['/Users/sophie/code/2025-mcm-llms-applied-in-law_context/data/sara_v3/statutes/prolog/init.pl'].
:- [statutes/prolog/init].
father_(span("father",15,20)).
income_(span("income",37,42)).
agent_(span("father",15,20),span("Bob",0,2)).
patient_(span("father",15,20),span("Alice",7,11)).
agent_(span("income",37,42),span("Alice",23,27)).
start_(span("income",37,42),span(20150101,47,50)).
amount_(span("income",37,42),span(311510,56,61)).
tax("Alice",2015,102150).
2025-06-15 00:28:22,156 - INFO - [tax_case_93] Query:
tax("Alice",2015,102150).
2025-06-15 00:28:22,157 - INFO - [tax_case_93] Query result: {'truth': True}
2025-06-15 00:28:22,157 - INFO - [tax_case_93] Result: correct
