2025-06-14 15:03:13,113 - INFO - Starting SARA test run
2025-06-14 15:03:13,146 - INFO - Loaded 256 cases from train split
2025-06-14 15:03:13,146 - INFO - 
==================================================
Processing case: s151_a_neg
==================================================
2025-06-14 15:03:13,146 - INFO - Facts:
:- discontiguous s151_c/4.
:- [statutes/prolog/init].
s151_c("Alice",_,2000,2015).
income_(span("income",8,13)).
agent_(span("income",8,13),span("Alice",0,4)).
start_(span("income",8,13),span(20150101,18,21)).
amount_(span("income",8,13),span(100000,27,32)).
2025-06-14 15:03:13,147 - INFO - Test query:
:- \+ s151_a("Alice",6000,2015).
2025-06-14 15:03:13,147 - INFO - 
Generated Prolog code:
:- ['/Users/sophie/code/2025-mcm-llms-applied-in-law_context/data/sara_v3/statutes/prolog/utils.pl'].
:- ['/Users/sophie/code/2025-mcm-llms-applied-in-law_context/data/sara_v3/statutes/prolog/section151.pl'].
:- ['/Users/sophie/code/2025-mcm-llms-applied-in-law_context/data/sara_v3/statutes/prolog/init.pl'].
:- discontiguous s151_c/4.
:- [statutes/prolog/init].
s151_c("Alice",_,2000,2015).
income_(span("income",8,13)).
agent_(span("income",8,13),span("Alice",0,4)).
start_(span("income",8,13),span(20150101,18,21)).
amount_(span("income",8,13),span(100000,27,32)).
2025-06-14 15:03:13,147 - INFO - 
Query:
\+ s151_a("Alice",6000,2015).
2025-06-14 15:03:13,280 - INFO - 
Query result: {'truth': True}
2025-06-14 15:03:13,280 - INFO - Result: correct

2025-06-14 15:03:13,280 - INFO - 
==================================================
Processing case: s151_a_pos
==================================================
2025-06-14 15:03:13,280 - INFO - Facts:
:- discontiguous s151_c/4.
:- [statutes/prolog/init].
s151_c("Alice",_,2000,2015).
income_(span("income",8,13)).
agent_(span("income",8,13),span("Alice",0,4)).
start_(span("income",8,13),span(20150101,18,21)).
amount_(span("income",8,13),span(100000,27,32)).
2025-06-14 15:03:13,280 - INFO - Test query:
:- s151_a("Alice",4000,2015).
2025-06-14 15:03:13,280 - INFO - 
Generated Prolog code:
:- ['/Users/sophie/code/2025-mcm-llms-applied-in-law_context/data/sara_v3/statutes/prolog/utils.pl'].
:- ['/Users/sophie/code/2025-mcm-llms-applied-in-law_context/data/sara_v3/statutes/prolog/section151.pl'].
:- ['/Users/sophie/code/2025-mcm-llms-applied-in-law_context/data/sara_v3/statutes/prolog/init.pl'].
:- discontiguous s151_c/4.
:- [statutes/prolog/init].
s151_c("Alice",_,2000,2015).
income_(span("income",8,13)).
agent_(span("income",8,13),span("Alice",0,4)).
start_(span("income",8,13),span(20150101,18,21)).
amount_(span("income",8,13),span(100000,27,32)).
2025-06-14 15:03:13,280 - INFO - 
Query:
s151_a("Alice",4000,2015).
2025-06-14 15:03:13,410 - INFO - 
Query result: {'truth': True}
2025-06-14 15:03:13,410 - INFO - Result: correct

2025-06-14 15:03:13,410 - INFO - 
==================================================
Processing case: s151_b_neg
==================================================
2025-06-14 15:03:13,410 - INFO - Facts:
:- [statutes/prolog/init.pl].
marriage_(span("married",24,30)).
joint_return_(span("jointly",109,115)).
agent_(span("jointly",109,115),span("Alice",78,82)).
agent_(span("jointly",109,115),span("Bob",88,90)).
start_(span("jointly",109,115),span(20150101,121,124)).
agent_(span("married",24,30),span("Alice",0,4)).
agent_(span("married",24,30),span("Bob",10,12)).
start_(span("married",24,30),span(20150202,38,47)).
2025-06-14 15:03:13,410 - INFO - Test query:
:- \+ s151_b("Alice","Bob",2015).
2025-06-14 15:03:13,411 - INFO - 
Generated Prolog code:
:- ['/Users/sophie/code/2025-mcm-llms-applied-in-law_context/data/sara_v3/statutes/prolog/utils.pl'].
:- ['/Users/sophie/code/2025-mcm-llms-applied-in-law_context/data/sara_v3/statutes/prolog/init.pl'].
:- [statutes/prolog/init.pl].
marriage_(span("married",24,30)).
joint_return_(span("jointly",109,115)).
agent_(span("jointly",109,115),span("Alice",78,82)).
agent_(span("jointly",109,115),span("Bob",88,90)).
start_(span("jointly",109,115),span(20150101,121,124)).
agent_(span("married",24,30),span("Alice",0,4)).
agent_(span("married",24,30),span("Bob",10,12)).
start_(span("married",24,30),span(20150202,38,47)).
2025-06-14 15:03:13,411 - INFO - 
Query:
\+ s151_b("Alice","Bob",2015).
2025-06-14 15:03:13,547 - INFO - 
Query result: {'truth': True}
2025-06-14 15:03:13,547 - INFO - Result: correct

2025-06-14 15:03:13,548 - INFO - 
==================================================
Processing case: s151_b_pos
==================================================
2025-06-14 15:03:13,548 - INFO - Facts:
:- [statutes/prolog/init].
marriage_(span("married",24,30)).
agent_(span("married",24,30),span("Alice",0,4)).
agent_(span("married",24,30),span("Bob",10,12)).
start_(span("married",24,30),span(20150202,38,47)).
2025-06-14 15:03:13,548 - INFO - Test query:
:- s151_b("Alice","Bob",_,2015).
2025-06-14 15:03:13,548 - INFO - 
Generated Prolog code:
:- ['/Users/sophie/code/2025-mcm-llms-applied-in-law_context/data/sara_v3/statutes/prolog/utils.pl'].
:- ['/Users/sophie/code/2025-mcm-llms-applied-in-law_context/data/sara_v3/statutes/prolog/init.pl'].
:- [statutes/prolog/init].
marriage_(span("married",24,30)).
agent_(span("married",24,30),span("Alice",0,4)).
agent_(span("married",24,30),span("Bob",10,12)).
start_(span("married",24,30),span(20150202,38,47)).
2025-06-14 15:03:13,548 - INFO - 
Query:
s151_b("Alice","Bob",_,2015).
2025-06-14 15:03:13,690 - INFO - 
Query result: {'truth': True}
2025-06-14 15:03:13,690 - INFO - Result: correct

2025-06-14 15:03:13,691 - INFO - 
==================================================
Processing case: s151_c_neg
==================================================
2025-06-14 15:03:13,691 - INFO - Facts:
:- discontiguous s152_c_1/3.
:- [statutes/prolog/init].
s152_c_1("Charlie","Alice",2015).
marriage_(span("married",24,30)).
agent_(span("married",24,30),span("Alice",0,4)).
agent_(span("married",24,30),span("Bob",10,12)).
start_(span("married",24,30),span(20150202,38,47)).
2025-06-14 15:03:13,691 - INFO - Test query:
:- \+ s151_c("Alice","Bob",_,2015).
2025-06-14 15:03:13,691 - INFO - 
Generated Prolog code:
:- ['/Users/sophie/code/2025-mcm-llms-applied-in-law_context/data/sara_v3/statutes/prolog/section152.pl'].
:- ['/Users/sophie/code/2025-mcm-llms-applied-in-law_context/data/sara_v3/statutes/prolog/utils.pl'].
:- ['/Users/sophie/code/2025-mcm-llms-applied-in-law_context/data/sara_v3/statutes/prolog/init.pl'].
:- discontiguous s152_c_1/3.
:- [statutes/prolog/init].
s152_c_1("Charlie","Alice",2015).
marriage_(span("married",24,30)).
agent_(span("married",24,30),span("Alice",0,4)).
agent_(span("married",24,30),span("Bob",10,12)).
start_(span("married",24,30),span(20150202,38,47)).
2025-06-14 15:03:13,691 - INFO - 
Query:
\+ s151_c("Alice","Bob",_,2015).
2025-06-14 15:03:13,831 - INFO - 
Query result: {'truth': True}
2025-06-14 15:03:13,831 - INFO - Result: correct

2025-06-14 15:03:13,832 - INFO - 
==================================================
Processing case: s151_c_pos
==================================================
2025-06-14 15:03:13,832 - INFO - Facts:
:- discontiguous s152_c_1/3.
:- [statutes/prolog/init].
s152_c_1("Bob","Alice",2015).
marriage_(span("married",28,34)).
agent_(span("married",28,34),span("Alice",0,4)).
agent_(span("married",28,34),span("Charlie",10,16)).
start_(span("married",28,34),span(20150202,42,51)).
2025-06-14 15:03:13,832 - INFO - Test query:
:- s151_c("Alice","Bob",_,2015).
2025-06-14 15:03:13,832 - INFO - 
Generated Prolog code:
:- ['/Users/sophie/code/2025-mcm-llms-applied-in-law_context/data/sara_v3/statutes/prolog/section152.pl'].
:- ['/Users/sophie/code/2025-mcm-llms-applied-in-law_context/data/sara_v3/statutes/prolog/utils.pl'].
:- ['/Users/sophie/code/2025-mcm-llms-applied-in-law_context/data/sara_v3/statutes/prolog/init.pl'].
:- discontiguous s152_c_1/3.
:- [statutes/prolog/init].
s152_c_1("Bob","Alice",2015).
marriage_(span("married",28,34)).
agent_(span("married",28,34),span("Alice",0,4)).
agent_(span("married",28,34),span("Charlie",10,16)).
start_(span("married",28,34),span(20150202,42,51)).
2025-06-14 15:03:13,832 - INFO - 
Query:
s151_c("Alice","Bob",_,2015).
2025-06-14 15:03:13,972 - INFO - 
Query result: {'truth': True}
2025-06-14 15:03:13,972 - INFO - Result: correct

2025-06-14 15:03:13,973 - INFO - 
==================================================
Processing case: s151_d_2_neg
==================================================
2025-06-14 15:03:13,973 - INFO - Facts:
:- discontiguous s151_d/4.
:- [statutes/prolog/init].
s151_d("Alice","Bob",_,2015).
2025-06-14 15:03:13,973 - INFO - Test query:
:- \+ s151_d_2("Bob",_,2000,2015).
2025-06-14 15:03:13,973 - INFO - 
Generated Prolog code:
:- ['/Users/sophie/code/2025-mcm-llms-applied-in-law_context/data/sara_v3/statutes/prolog/utils.pl'].
:- ['/Users/sophie/code/2025-mcm-llms-applied-in-law_context/data/sara_v3/statutes/prolog/section151.pl'].
:- ['/Users/sophie/code/2025-mcm-llms-applied-in-law_context/data/sara_v3/statutes/prolog/init.pl'].
:- discontiguous s151_d/4.
:- [statutes/prolog/init].
s151_d("Alice","Bob",_,2015).
2025-06-14 15:03:13,973 - INFO - 
Query:
\+ s151_d_2("Bob",_,2000,2015).
2025-06-14 15:03:14,103 - INFO - 
Query result: {'truth': True}
2025-06-14 15:03:14,103 - INFO - Result: correct

2025-06-14 15:03:14,103 - INFO - 
==================================================
Processing case: s151_d_2_pos
==================================================
2025-06-14 15:03:14,103 - INFO - Facts:
:- discontiguous s151_c_applies/3.
:- [statutes/prolog/init].
s151_c_applies("Alice","Bob",2015).
2025-06-14 15:03:14,103 - INFO - Test query:
:- s151_d_2("Bob",_,0,2015).
2025-06-14 15:03:14,103 - INFO - 
Generated Prolog code:
:- ['/Users/sophie/code/2025-mcm-llms-applied-in-law_context/data/sara_v3/statutes/prolog/utils.pl'].
:- ['/Users/sophie/code/2025-mcm-llms-applied-in-law_context/data/sara_v3/statutes/prolog/section151.pl'].
:- ['/Users/sophie/code/2025-mcm-llms-applied-in-law_context/data/sara_v3/statutes/prolog/init.pl'].
:- discontiguous s151_c_applies/3.
:- [statutes/prolog/init].
s151_c_applies("Alice","Bob",2015).
2025-06-14 15:03:14,103 - INFO - 
Query:
s151_d_2("Bob",_,0,2015).
2025-06-14 15:03:14,240 - INFO - 
Query result: {'truth': True}
2025-06-14 15:03:14,240 - INFO - Result: correct

2025-06-14 15:03:14,240 - INFO - 
==================================================
Processing case: s151_d_3_B_neg
==================================================
2025-06-14 15:03:14,240 - INFO - Facts:
:- discontiguous s68_b/3.
:- [statutes/prolog/init].
s68_b("Alice",250000,2015).
income_(span("income",8,13)).
agent_(span("income",8,13),span("Alice",0,4)).
start_(span("income",8,13),span(20150101,18,21)).
amount_(span("income",8,13),span(395276,27,32)).
2025-06-14 15:03:14,240 - INFO - Test query:
:- \+ s151_d_3_B(118,"Alice",_,2015,_).
2025-06-14 15:03:14,240 - INFO - 
Generated Prolog code:
:- ['/Users/sophie/code/2025-mcm-llms-applied-in-law_context/data/sara_v3/statutes/prolog/section68.pl'].
:- ['/Users/sophie/code/2025-mcm-llms-applied-in-law_context/data/sara_v3/statutes/prolog/utils.pl'].
:- ['/Users/sophie/code/2025-mcm-llms-applied-in-law_context/data/sara_v3/statutes/prolog/init.pl'].
:- discontiguous s68_b/3.
:- [statutes/prolog/init].
s68_b("Alice",250000,2015).
income_(span("income",8,13)).
agent_(span("income",8,13),span("Alice",0,4)).
start_(span("income",8,13),span(20150101,18,21)).
amount_(span("income",8,13),span(395276,27,32)).
2025-06-14 15:03:14,240 - INFO - 
Query:
\+ s151_d_3_B(118,"Alice",_,2015,_).
2025-06-14 15:03:14,373 - INFO - 
Query result: {'truth': True}
2025-06-14 15:03:14,373 - INFO - Result: correct

2025-06-14 15:03:14,373 - INFO - 
==================================================
Processing case: s151_d_3_B_pos
==================================================
2025-06-14 15:03:14,373 - INFO - Facts:
:- discontiguous s68_b/3.
:- [statutes/prolog/init].
s68_b("Alice",250000,2015).
income_(span("income",8,13)).
agent_(span("income",8,13),span("Alice",0,4)).
start_(span("income",8,13),span(20150101,18,21)).
amount_(span("income",8,13),span(276932,27,32)).
2025-06-14 15:03:14,373 - INFO - Test query:
:- s151_d_3_B(22,"Alice",_,2015,_).
2025-06-14 15:03:14,373 - INFO - 
Generated Prolog code:
:- ['/Users/sophie/code/2025-mcm-llms-applied-in-law_context/data/sara_v3/statutes/prolog/section68.pl'].
:- ['/Users/sophie/code/2025-mcm-llms-applied-in-law_context/data/sara_v3/statutes/prolog/utils.pl'].
:- ['/Users/sophie/code/2025-mcm-llms-applied-in-law_context/data/sara_v3/statutes/prolog/init.pl'].
:- discontiguous s68_b/3.
:- [statutes/prolog/init].
s68_b("Alice",250000,2015).
income_(span("income",8,13)).
agent_(span("income",8,13),span("Alice",0,4)).
start_(span("income",8,13),span(20150101,18,21)).
amount_(span("income",8,13),span(276932,27,32)).
2025-06-14 15:03:14,373 - INFO - 
Query:
s151_d_3_B(22,"Alice",_,2015,_).
2025-06-14 15:03:14,502 - INFO - 
Query result: {'truth': True}
2025-06-14 15:03:14,503 - INFO - Result: correct

2025-06-14 15:03:14,503 - INFO - 
==================================================
Processing case: s152_b_1_neg
==================================================
2025-06-14 15:03:14,503 - INFO - Facts:
:- discontiguous s152_c_1/3.
:- [statutes/prolog/init].
s152_c_1("Bob","Alice",2015).
s152_c_1("Charlie","Bob",2015).
son_(span("son",12,14)).
agent_(span("son",12,14),span("Bob",17,19)).
patient_(span("son",12,14),span("Alice",0,4)).
son_(span("son",83,85)).
patient_(span("son",83,85),span("Bob",73,75)).
agent_(span("son",83,85),span("Charlie",88,94)).
income_(span("income",156,161)).
agent_(span("income",156,161),span("Alice",148,152)).
start_(span("income",156,161),span(20150101,166,169)).
amount_(span("income",156,161),span(504598,176,181)).
2025-06-14 15:03:14,503 - INFO - Test query:
:- \+ s152_b_1("Alice",_,2015).
2025-06-14 15:03:14,503 - INFO - 
Generated Prolog code:
:- ['/Users/sophie/code/2025-mcm-llms-applied-in-law_context/data/sara_v3/statutes/prolog/section152.pl'].
:- ['/Users/sophie/code/2025-mcm-llms-applied-in-law_context/data/sara_v3/statutes/prolog/utils.pl'].
:- ['/Users/sophie/code/2025-mcm-llms-applied-in-law_context/data/sara_v3/statutes/prolog/init.pl'].
:- discontiguous s152_c_1/3.
:- [statutes/prolog/init].
s152_c_1("Bob","Alice",2015).
s152_c_1("Charlie","Bob",2015).
son_(span("son",12,14)).
agent_(span("son",12,14),span("Bob",17,19)).
patient_(span("son",12,14),span("Alice",0,4)).
son_(span("son",83,85)).
patient_(span("son",83,85),span("Bob",73,75)).
agent_(span("son",83,85),span("Charlie",88,94)).
income_(span("income",156,161)).
agent_(span("income",156,161),span("Alice",148,152)).
start_(span("income",156,161),span(20150101,166,169)).
amount_(span("income",156,161),span(504598,176,181)).
2025-06-14 15:03:14,503 - INFO - 
Query:
\+ s152_b_1("Alice",_,2015).
2025-06-14 15:03:14,631 - INFO - 
Query result: {'truth': True}
2025-06-14 15:03:14,631 - INFO - Result: correct

2025-06-14 15:03:14,631 - INFO - 
==================================================
Processing case: s152_b_1_pos
==================================================
2025-06-14 15:03:14,631 - INFO - Facts:
:- discontiguous s152_c_1/3.
:- [statutes/prolog/init].
s152_c_1("Bob","Alice",2015).
s152_c_1("Charlie","Bob",2015).
son_(span("son",12,14)).
agent_(span("son",12,14),span("Bob",17,19)).
patient_(span("son",12,14),span("Alice",0,4)).
son_(span("son",83,85)).
patient_(span("son",83,85),span("Bob",73,75)).
agent_(span("son",83,85),span("Charlie",88,94)).
income_(span("income",156,161)).
agent_(span("income",156,161),span("Alice",148,152)).
start_(span("income",156,161),span(20150101,166,169)).
amount_(span("income",156,161),span(504598,176,181)).
2025-06-14 15:03:14,631 - INFO - Test query:
:- s152_b_1("Bob",_,2015).
2025-06-14 15:03:14,631 - INFO - 
Generated Prolog code:
:- ['/Users/sophie/code/2025-mcm-llms-applied-in-law_context/data/sara_v3/statutes/prolog/section152.pl'].
:- ['/Users/sophie/code/2025-mcm-llms-applied-in-law_context/data/sara_v3/statutes/prolog/utils.pl'].
:- ['/Users/sophie/code/2025-mcm-llms-applied-in-law_context/data/sara_v3/statutes/prolog/init.pl'].
:- discontiguous s152_c_1/3.
:- [statutes/prolog/init].
s152_c_1("Bob","Alice",2015).
s152_c_1("Charlie","Bob",2015).
son_(span("son",12,14)).
agent_(span("son",12,14),span("Bob",17,19)).
patient_(span("son",12,14),span("Alice",0,4)).
son_(span("son",83,85)).
patient_(span("son",83,85),span("Bob",73,75)).
agent_(span("son",83,85),span("Charlie",88,94)).
income_(span("income",156,161)).
agent_(span("income",156,161),span("Alice",148,152)).
start_(span("income",156,161),span(20150101,166,169)).
amount_(span("income",156,161),span(504598,176,181)).
2025-06-14 15:03:14,631 - INFO - 
Query:
s152_b_1("Bob",_,2015).
2025-06-14 15:03:14,774 - INFO - 
Query result: {'truth': True}
2025-06-14 15:03:14,774 - INFO - Result: correct

2025-06-14 15:03:14,774 - INFO - 
==================================================
Processing case: s152_b_2_neg
==================================================
2025-06-14 15:03:14,774 - INFO - Facts:
:- [statutes/prolog/init].
marriage_(span("married",18,24)).
agent_(span("married",18,24),span("Alice",0,4)).
agent_(span("married",18,24),span("Bob",10,12)).
start_(span("married",18,24),span(20150101,29,41)).
2025-06-14 15:03:14,775 - INFO - Test query:
:- \+ s152_b_2("Alice",_,_,2015).
2025-06-14 15:03:14,775 - INFO - 
Generated Prolog code:
:- ['/Users/sophie/code/2025-mcm-llms-applied-in-law_context/data/sara_v3/statutes/prolog/utils.pl'].
:- ['/Users/sophie/code/2025-mcm-llms-applied-in-law_context/data/sara_v3/statutes/prolog/init.pl'].
:- [statutes/prolog/init].
marriage_(span("married",18,24)).
agent_(span("married",18,24),span("Alice",0,4)).
agent_(span("married",18,24),span("Bob",10,12)).
start_(span("married",18,24),span(20150101,29,41)).
2025-06-14 15:03:14,775 - INFO - 
Query:
\+ s152_b_2("Alice",_,_,2015).
2025-06-14 15:03:14,905 - INFO - 
Query result: {'truth': True}
2025-06-14 15:03:14,905 - INFO - Result: correct

2025-06-14 15:03:14,906 - INFO - 
==================================================
Processing case: s152_b_2_pos
==================================================
2025-06-14 15:03:14,906 - INFO - Facts:
:- [statutes/prolog/init].
marriage_(span("married",18,24)).
joint_return_(span("joint return",65,76)).
agent_(span("joint return",65,76),span("Alice",44,48)).
agent_(span("joint return",65,76),span("Bob",54,56)).
start_(span("joint return",65,76),span(20150101,91,94)).
agent_(span("married",18,24),span("Alice",0,4)).
agent_(span("married",18,24),span("Bob",10,12)).
start_(span("married",18,24),span(20150101,29,41)).
2025-06-14 15:03:14,906 - INFO - Test query:
:- s152_b_2("Alice",_,_,2015).
2025-06-14 15:03:14,906 - INFO - 
Generated Prolog code:
:- ['/Users/sophie/code/2025-mcm-llms-applied-in-law_context/data/sara_v3/statutes/prolog/utils.pl'].
:- ['/Users/sophie/code/2025-mcm-llms-applied-in-law_context/data/sara_v3/statutes/prolog/init.pl'].
:- [statutes/prolog/init].
marriage_(span("married",18,24)).
joint_return_(span("joint return",65,76)).
agent_(span("joint return",65,76),span("Alice",44,48)).
agent_(span("joint return",65,76),span("Bob",54,56)).
start_(span("joint return",65,76),span(20150101,91,94)).
agent_(span("married",18,24),span("Alice",0,4)).
agent_(span("married",18,24),span("Bob",10,12)).
start_(span("married",18,24),span(20150101,29,41)).
2025-06-14 15:03:14,906 - INFO - 
Query:
s152_b_2("Alice",_,_,2015).
2025-06-14 15:03:15,039 - INFO - 
Query result: {'truth': True}
2025-06-14 15:03:15,040 - INFO - Result: correct

2025-06-14 15:03:15,040 - INFO - 
==================================================
Processing case: s152_c_1_B_neg
==================================================
2025-06-14 15:03:15,040 - INFO - Facts:
:- [statutes/prolog/init].
son_(span("son",12,14)).
residence_(span("lived",84,88)).
start_(span("lived",84,88),span(20150901,27,45)).
end_(span("lived",84,88),span(20191103,50,67)).
agent_(span("lived",84,88),span("Alice",70,74)).
agent_(span("lived",84,88),span("Bob",80,82)).
patient_(span("lived",84,88),span("home",102,105)).
patient_(span("son",12,14),span("Alice",0,4)).
agent_(span("son",12,14),span("Bob",17,19)).
2025-06-14 15:03:15,040 - INFO - Test query:
:- \+ s152_c_1_B("Bob",_,"Alice",_,_,2015).
2025-06-14 15:03:15,040 - INFO - 
Generated Prolog code:
:- ['/Users/sophie/code/2025-mcm-llms-applied-in-law_context/data/sara_v3/statutes/prolog/utils.pl'].
:- ['/Users/sophie/code/2025-mcm-llms-applied-in-law_context/data/sara_v3/statutes/prolog/init.pl'].
:- [statutes/prolog/init].
son_(span("son",12,14)).
residence_(span("lived",84,88)).
start_(span("lived",84,88),span(20150901,27,45)).
end_(span("lived",84,88),span(20191103,50,67)).
agent_(span("lived",84,88),span("Alice",70,74)).
agent_(span("lived",84,88),span("Bob",80,82)).
patient_(span("lived",84,88),span("home",102,105)).
patient_(span("son",12,14),span("Alice",0,4)).
agent_(span("son",12,14),span("Bob",17,19)).
2025-06-14 15:03:15,040 - INFO - 
Query:
\+ s152_c_1_B("Bob",_,"Alice",_,_,2015).
2025-06-14 15:03:15,182 - INFO - 
Query result: {'truth': True}
2025-06-14 15:03:15,182 - INFO - Result: correct

2025-06-14 15:03:15,182 - INFO - 
==================================================
Processing case: s152_c_1_B_pos
==================================================
2025-06-14 15:03:15,182 - INFO - Facts:
:- [statutes/prolog/init].
son_(span("son",12,14)).
residence_(span("lived",84,88)).
start_(span("lived",84,88),span(20150901,27,45)).
end_(span("lived",84,88),span(20191103,50,67)).
agent_(span("lived",84,88),span("Alice",70,74)).
agent_(span("lived",84,88),span("Bob",80,82)).
patient_(span("lived",84,88),span("home",102,105)).
patient_(span("son",12,14),span("Alice",0,4)).
agent_(span("son",12,14),span("Bob",17,19)).
2025-06-14 15:03:15,182 - INFO - Test query:
:- s152_c_1_B("Bob",_,"Alice",_,_,2016).
2025-06-14 15:03:15,182 - INFO - 
Generated Prolog code:
:- ['/Users/sophie/code/2025-mcm-llms-applied-in-law_context/data/sara_v3/statutes/prolog/utils.pl'].
:- ['/Users/sophie/code/2025-mcm-llms-applied-in-law_context/data/sara_v3/statutes/prolog/init.pl'].
:- [statutes/prolog/init].
son_(span("son",12,14)).
residence_(span("lived",84,88)).
start_(span("lived",84,88),span(20150901,27,45)).
end_(span("lived",84,88),span(20191103,50,67)).
agent_(span("lived",84,88),span("Alice",70,74)).
agent_(span("lived",84,88),span("Bob",80,82)).
patient_(span("lived",84,88),span("home",102,105)).
patient_(span("son",12,14),span("Alice",0,4)).
agent_(span("son",12,14),span("Bob",17,19)).
2025-06-14 15:03:15,182 - INFO - 
Query:
s152_c_1_B("Bob",_,"Alice",_,_,2016).
2025-06-14 15:03:15,323 - INFO - 
Query result: {'truth': True}
2025-06-14 15:03:15,323 - INFO - Result: correct

2025-06-14 15:03:15,323 - INFO - 
==================================================
Processing case: s152_c_1_E_neg
==================================================
2025-06-14 15:03:15,323 - INFO - Facts:
:- [statutes/prolog/init].
son_(span("son",12,14)).
residence_(span("lived",84,88)).
marriage_(span("married",112,118)).
joint_return_(span("joint return",175,186)).
agent_(span("joint return",175,186),span("Bob",151,153)).
agent_(span("joint return",175,186),span("Charlie",159,165)).
start_(span("joint return",175,186),span(20190101,201,204)).
agent_(span("married",112,118),span("Bob",108,110)).
agent_(span("married",112,118),span("Charlie",120,126)).
start_(span("married",112,118),span(20181023,131,148)).
start_(span("lived",84,88),span(20150901,27,45)).
end_(span("lived",84,88),span(20191103,50,67)).
agent_(span("lived",84,88),span("Alice",70,74)).
agent_(span("lived",84,88),span("Bob",80,82)).
patient_(span("lived",84,88),span("home",102,105)).
patient_(span("son",12,14),span("Alice",0,4)).
agent_(span("son",12,14),span("Bob",17,19)).
2025-06-14 15:03:15,323 - INFO - Test query:
:- \+ s152_c_1_E("Bob",_,2019).
2025-06-14 15:03:15,324 - INFO - 
Generated Prolog code:
:- ['/Users/sophie/code/2025-mcm-llms-applied-in-law_context/data/sara_v3/statutes/prolog/utils.pl'].
:- ['/Users/sophie/code/2025-mcm-llms-applied-in-law_context/data/sara_v3/statutes/prolog/init.pl'].
:- [statutes/prolog/init].
son_(span("son",12,14)).
residence_(span("lived",84,88)).
marriage_(span("married",112,118)).
joint_return_(span("joint return",175,186)).
agent_(span("joint return",175,186),span("Bob",151,153)).
agent_(span("joint return",175,186),span("Charlie",159,165)).
start_(span("joint return",175,186),span(20190101,201,204)).
agent_(span("married",112,118),span("Bob",108,110)).
agent_(span("married",112,118),span("Charlie",120,126)).
start_(span("married",112,118),span(20181023,131,148)).
start_(span("lived",84,88),span(20150901,27,45)).
end_(span("lived",84,88),span(20191103,50,67)).
agent_(span("lived",84,88),span("Alice",70,74)).
agent_(span("lived",84,88),span("Bob",80,82)).
patient_(span("lived",84,88),span("home",102,105)).
patient_(span("son",12,14),span("Alice",0,4)).
agent_(span("son",12,14),span("Bob",17,19)).
2025-06-14 15:03:15,324 - INFO - 
Query:
\+ s152_c_1_E("Bob",_,2019).
2025-06-14 15:03:15,465 - INFO - 
Query result: {'truth': True}
2025-06-14 15:03:15,465 - INFO - Result: correct

2025-06-14 15:03:15,466 - INFO - 
==================================================
Processing case: s152_c_1_E_pos
==================================================
2025-06-14 15:03:15,466 - INFO - Facts:
:- [statutes/prolog/init].
son_(span("son",12,14)).
residence_(span("lived",84,88)).
marriage_(span("married",112,118)).
agent_(span("married",112,118),span("Bob",108,110)).
agent_(span("married",112,118),span("Charlie",120,126)).
start_(span("married",112,118),span(20181023,131,148)).
start_(span("lived",84,88),span(20150901,27,45)).
end_(span("lived",84,88),span(20191103,50,67)).
agent_(span("lived",84,88),span("Alice",70,74)).
agent_(span("lived",84,88),span("Bob",80,82)).
patient_(span("lived",84,88),span("home",102,105)).
patient_(span("son",12,14),span("Alice",0,4)).
agent_(span("son",12,14),span("Bob",17,19)).
2025-06-14 15:03:15,466 - INFO - Test query:
:- s152_c_1_E("Bob",_,2019).
2025-06-14 15:03:15,466 - INFO - 
Generated Prolog code:
:- ['/Users/sophie/code/2025-mcm-llms-applied-in-law_context/data/sara_v3/statutes/prolog/utils.pl'].
:- ['/Users/sophie/code/2025-mcm-llms-applied-in-law_context/data/sara_v3/statutes/prolog/init.pl'].
:- [statutes/prolog/init].
son_(span("son",12,14)).
residence_(span("lived",84,88)).
marriage_(span("married",112,118)).
agent_(span("married",112,118),span("Bob",108,110)).
agent_(span("married",112,118),span("Charlie",120,126)).
start_(span("married",112,118),span(20181023,131,148)).
start_(span("lived",84,88),span(20150901,27,45)).
end_(span("lived",84,88),span(20191103,50,67)).
agent_(span("lived",84,88),span("Alice",70,74)).
agent_(span("lived",84,88),span("Bob",80,82)).
patient_(span("lived",84,88),span("home",102,105)).
patient_(span("son",12,14),span("Alice",0,4)).
agent_(span("son",12,14),span("Bob",17,19)).
2025-06-14 15:03:15,466 - INFO - 
Query:
s152_c_1_E("Bob",_,2019).
2025-06-14 15:03:15,609 - INFO - 
Query result: {'truth': True}
2025-06-14 15:03:15,610 - INFO - Result: correct

2025-06-14 15:03:15,610 - INFO - 
==================================================
Processing case: s152_c_1_neg
==================================================
2025-06-14 15:03:15,610 - INFO - Facts:
:- discontiguous s152_c_2/4.
:- [statutes/prolog/init].
s152_c_2("Bob","Alice",20150101,20201231).
son_(span("son",12,14)).
residence_(span("lived",84,88)).
marriage_(span("married",112,118)).
agent_(span("married",112,118),span("Bob",108,110)).
agent_(span("married",112,118),span("Charlie",120,126)).
start_(span("married",112,118),span(20181023,131,148)).
start_(span("lived",84,88),span(20150901,27,45)).
end_(span("lived",84,88),span(20190203,50,67)).
agent_(span("lived",84,88),span("Alice",70,74)).
agent_(span("lived",84,88),span("Bob",80,82)).
patient_(span("lived",84,88),span("home",102,105)).
patient_(span("son",12,14),span("Alice",0,4)).
agent_(span("son",12,14),span("Bob",17,19)).
2025-06-14 15:03:15,610 - INFO - Test query:
:- \+ s152_c_1("Bob","Alice",2019).
2025-06-14 15:03:15,610 - INFO - 
Generated Prolog code:
:- ['/Users/sophie/code/2025-mcm-llms-applied-in-law_context/data/sara_v3/statutes/prolog/section152.pl'].
:- ['/Users/sophie/code/2025-mcm-llms-applied-in-law_context/data/sara_v3/statutes/prolog/utils.pl'].
:- ['/Users/sophie/code/2025-mcm-llms-applied-in-law_context/data/sara_v3/statutes/prolog/init.pl'].
:- discontiguous s152_c_2/4.
:- [statutes/prolog/init].
s152_c_2("Bob","Alice",20150101,20201231).
son_(span("son",12,14)).
residence_(span("lived",84,88)).
marriage_(span("married",112,118)).
agent_(span("married",112,118),span("Bob",108,110)).
agent_(span("married",112,118),span("Charlie",120,126)).
start_(span("married",112,118),span(20181023,131,148)).
start_(span("lived",84,88),span(20150901,27,45)).
end_(span("lived",84,88),span(20190203,50,67)).
agent_(span("lived",84,88),span("Alice",70,74)).
agent_(span("lived",84,88),span("Bob",80,82)).
patient_(span("lived",84,88),span("home",102,105)).
patient_(span("son",12,14),span("Alice",0,4)).
agent_(span("son",12,14),span("Bob",17,19)).
2025-06-14 15:03:15,611 - INFO - 
Query:
\+ s152_c_1("Bob","Alice",2019).
2025-06-14 15:03:15,757 - INFO - 
Query result: {'truth': True}
2025-06-14 15:03:15,757 - INFO - Result: correct

2025-06-14 15:03:15,758 - INFO - 
==================================================
Processing case: s152_c_1_pos
==================================================
2025-06-14 15:03:15,758 - INFO - Facts:
:- discontiguous s152_c_3/3.
:- discontiguous s152_c_2/4.
:- [statutes/prolog/init].
s152_c_2("Bob","Alice",20150101,20201231).
s152_c_3("Bob","Alice",Year) :- between(2015,2020,Year).
son_(span("son",12,14)).
residence_(span("lived",84,88)).
marriage_(span("married",112,118)).
agent_(span("married",112,118),span("Bob",108,110)).
agent_(span("married",112,118),span("Charlie",120,126)).
start_(span("married",112,118),span(20181023,131,148)).
start_(span("lived",84,88),span(20150901,27,45)).
end_(span("lived",84,88),span(20191103,50,67)).
agent_(span("lived",84,88),span("Alice",70,74)).
agent_(span("lived",84,88),span("Bob",80,82)).
patient_(span("lived",84,88),span("home",102,105)).
patient_(span("son",12,14),span("Alice",0,4)).
agent_(span("son",12,14),span("Bob",17,19)).
2025-06-14 15:03:15,758 - INFO - Test query:
:- s152_c_1("Bob","Alice",2019).
2025-06-14 15:03:15,758 - INFO - 
Generated Prolog code:
:- ['/Users/sophie/code/2025-mcm-llms-applied-in-law_context/data/sara_v3/statutes/prolog/section152.pl'].
:- ['/Users/sophie/code/2025-mcm-llms-applied-in-law_context/data/sara_v3/statutes/prolog/utils.pl'].
:- ['/Users/sophie/code/2025-mcm-llms-applied-in-law_context/data/sara_v3/statutes/prolog/init.pl'].
:- discontiguous s152_c_3/3.
:- discontiguous s152_c_2/4.
:- [statutes/prolog/init].
s152_c_2("Bob","Alice",20150101,20201231).
s152_c_3("Bob","Alice",Year) :- between(2015,2020,Year).
son_(span("son",12,14)).
residence_(span("lived",84,88)).
marriage_(span("married",112,118)).
agent_(span("married",112,118),span("Bob",108,110)).
agent_(span("married",112,118),span("Charlie",120,126)).
start_(span("married",112,118),span(20181023,131,148)).
start_(span("lived",84,88),span(20150901,27,45)).
end_(span("lived",84,88),span(20191103,50,67)).
agent_(span("lived",84,88),span("Alice",70,74)).
agent_(span("lived",84,88),span("Bob",80,82)).
patient_(span("lived",84,88),span("home",102,105)).
patient_(span("son",12,14),span("Alice",0,4)).
agent_(span("son",12,14),span("Bob",17,19)).
2025-06-14 15:03:15,758 - INFO - 
Query:
s152_c_1("Bob","Alice",2019).
2025-06-14 15:03:15,903 - INFO - 
Query result: {'truth': True}
2025-06-14 15:03:15,903 - INFO - Result: correct

2025-06-14 15:03:15,904 - INFO - 
==================================================
Processing case: s152_c_2_B_neg
==================================================
2025-06-14 15:03:15,904 - INFO - Facts:
:- [statutes/prolog/init].
son_(span("son",12,14)).
patient_(span("son",12,14),span("Alice",0,4)).
agent_(span("son",12,14),span("Bob",17,19)).
start_(span("son",12,14),span(20140131,35,52)).
birth_(span("born",30,33)).
agent_(span("born",30,33),span("Bob",17,19)).
start_(span("born",30,33),span(20140131,35,52)).
2025-06-14 15:03:15,904 - INFO - Test query:
:- \+ s152_c_2_B("Bob","Alice",_,_,_).
2025-06-14 15:03:15,904 - INFO - 
Generated Prolog code:
:- ['/Users/sophie/code/2025-mcm-llms-applied-in-law_context/data/sara_v3/statutes/prolog/utils.pl'].
:- ['/Users/sophie/code/2025-mcm-llms-applied-in-law_context/data/sara_v3/statutes/prolog/init.pl'].
:- [statutes/prolog/init].
son_(span("son",12,14)).
patient_(span("son",12,14),span("Alice",0,4)).
agent_(span("son",12,14),span("Bob",17,19)).
start_(span("son",12,14),span(20140131,35,52)).
birth_(span("born",30,33)).
agent_(span("born",30,33),span("Bob",17,19)).
start_(span("born",30,33),span(20140131,35,52)).
2025-06-14 15:03:15,905 - INFO - 
Query:
\+ s152_c_2_B("Bob","Alice",_,_,_).
2025-06-14 15:03:16,046 - INFO - 
Query result: {'truth': True}
2025-06-14 15:03:16,046 - INFO - Result: correct

2025-06-14 15:03:16,046 - INFO - 
==================================================
Processing case: s152_c_2_B_pos
==================================================
2025-06-14 15:03:16,046 - INFO - Facts:
:- [statutes/prolog/init].
brother_(span("brother",12,18)).
patient_(span("brother",12,18),span("Alice",0,4)).
agent_(span("brother",12,18),span("Bob",21,23)).
start_(span("brother",12,18),span(20140131,39,56)).
birth_(span("born",34,37)).
agent_(span("born",34,37),span("Bob",21,23)).
start_(span("born",34,37),span(20140131,39,56)).
2025-06-14 15:03:16,046 - INFO - Test query:
:- s152_c_2_B("Bob","Alice",_,_,_).
2025-06-14 15:03:16,047 - INFO - 
Generated Prolog code:
:- ['/Users/sophie/code/2025-mcm-llms-applied-in-law_context/data/sara_v3/statutes/prolog/utils.pl'].
:- ['/Users/sophie/code/2025-mcm-llms-applied-in-law_context/data/sara_v3/statutes/prolog/init.pl'].
:- [statutes/prolog/init].
brother_(span("brother",12,18)).
patient_(span("brother",12,18),span("Alice",0,4)).
agent_(span("brother",12,18),span("Bob",21,23)).
start_(span("brother",12,18),span(20140131,39,56)).
birth_(span("born",34,37)).
agent_(span("born",34,37),span("Bob",21,23)).
start_(span("born",34,37),span(20140131,39,56)).
2025-06-14 15:03:16,047 - INFO - 
Query:
s152_c_2_B("Bob","Alice",_,_,_).
2025-06-14 15:03:16,188 - INFO - 
Query result: {'truth': True}
2025-06-14 15:03:16,188 - INFO - Result: correct

2025-06-14 15:03:16,189 - INFO - 
==================================================
Processing case: s152_c_2_neg
==================================================
2025-06-14 15:03:16,189 - INFO - Facts:
:- [statutes/prolog/init].
son_(span("son",12,14)).
patient_(span("son",12,14),span("Alice",0,4)).
agent_(span("son",12,14),span("Bob",17,19)).
start_(span("son",12,14),span(20140131,35,52)).
birth_(span("born",30,33)).
agent_(span("born",30,33),span("Bob",17,19)).
start_(span("born",30,33),span(20140131,35,52)).
2025-06-14 15:03:16,189 - INFO - Test query:
:- \+ s152_c_2("Alice","Bob",_,_).
2025-06-14 15:03:16,189 - INFO - 
Generated Prolog code:
:- ['/Users/sophie/code/2025-mcm-llms-applied-in-law_context/data/sara_v3/statutes/prolog/utils.pl'].
:- ['/Users/sophie/code/2025-mcm-llms-applied-in-law_context/data/sara_v3/statutes/prolog/init.pl'].
:- [statutes/prolog/init].
son_(span("son",12,14)).
patient_(span("son",12,14),span("Alice",0,4)).
agent_(span("son",12,14),span("Bob",17,19)).
start_(span("son",12,14),span(20140131,35,52)).
birth_(span("born",30,33)).
agent_(span("born",30,33),span("Bob",17,19)).
start_(span("born",30,33),span(20140131,35,52)).
2025-06-14 15:03:16,189 - INFO - 
Query:
\+ s152_c_2("Alice","Bob",_,_).
2025-06-14 15:03:16,321 - INFO - 
Query result: {'truth': True}
2025-06-14 15:03:16,321 - INFO - Result: correct

2025-06-14 15:03:16,321 - INFO - 
==================================================
Processing case: s152_c_2_pos
==================================================
2025-06-14 15:03:16,321 - INFO - Facts:
:- [statutes/prolog/init].
son_(span("son",12,14)).
patient_(span("son",12,14),span("Alice",0,4)).
agent_(span("son",12,14),span("Bob",17,19)).
start_(span("son",12,14),span(20140131,35,52)).
birth_(span("born",30,33)).
agent_(span("born",30,33),span("Bob",17,19)).
start_(span("born",30,33),span(20140131,35,52)).
2025-06-14 15:03:16,322 - INFO - Test query:
:- s152_c_2("Bob","Alice",_,_).
2025-06-14 15:03:16,322 - INFO - 
Generated Prolog code:
:- ['/Users/sophie/code/2025-mcm-llms-applied-in-law_context/data/sara_v3/statutes/prolog/utils.pl'].
:- ['/Users/sophie/code/2025-mcm-llms-applied-in-law_context/data/sara_v3/statutes/prolog/init.pl'].
:- [statutes/prolog/init].
son_(span("son",12,14)).
patient_(span("son",12,14),span("Alice",0,4)).
agent_(span("son",12,14),span("Bob",17,19)).
start_(span("son",12,14),span(20140131,35,52)).
birth_(span("born",30,33)).
agent_(span("born",30,33),span("Bob",17,19)).
start_(span("born",30,33),span(20140131,35,52)).
2025-06-14 15:03:16,322 - INFO - 
Query:
s152_c_2("Bob","Alice",_,_).
2025-06-14 15:03:16,463 - INFO - 
Query result: {'truth': True}
2025-06-14 15:03:16,463 - INFO - Result: correct

2025-06-14 15:03:16,463 - INFO - 
==================================================
Processing case: s152_c_3_neg
==================================================
2025-06-14 15:03:16,463 - INFO - Facts:
:- [statutes/prolog/init].
birth_(span("born",10,13)).
birth_(span("born",43,46)).
son_(span("adopted",74,80)).
agent_(span("born",10,13),span("Alice",0,4)).
start_(span("born",10,13),span(19920110,15,32)).
agent_(span("born",43,46),span("Bob",35,37)).
start_(span("born",43,46),span(19840131,48,65)).
patient_(span("adopted",74,80),span("Alice",68,72)).
agent_(span("adopted",74,80),span("Bob",82,84)).
start_(span("adopted",74,80),span(20180304,89,103)).
2025-06-14 15:03:16,463 - INFO - Test query:
:- \+ s152_c_3("Bob","Alice",2019).
2025-06-14 15:03:16,464 - INFO - 
Generated Prolog code:
:- ['/Users/sophie/code/2025-mcm-llms-applied-in-law_context/data/sara_v3/statutes/prolog/utils.pl'].
:- ['/Users/sophie/code/2025-mcm-llms-applied-in-law_context/data/sara_v3/statutes/prolog/init.pl'].
:- [statutes/prolog/init].
birth_(span("born",10,13)).
birth_(span("born",43,46)).
son_(span("adopted",74,80)).
agent_(span("born",10,13),span("Alice",0,4)).
start_(span("born",10,13),span(19920110,15,32)).
agent_(span("born",43,46),span("Bob",35,37)).
start_(span("born",43,46),span(19840131,48,65)).
patient_(span("adopted",74,80),span("Alice",68,72)).
agent_(span("adopted",74,80),span("Bob",82,84)).
start_(span("adopted",74,80),span(20180304,89,103)).
2025-06-14 15:03:16,464 - INFO - 
Query:
\+ s152_c_3("Bob","Alice",2019).
2025-06-14 15:03:16,607 - INFO - 
Query result: {'truth': True}
2025-06-14 15:03:16,607 - INFO - Result: correct

2025-06-14 15:03:16,608 - INFO - 
==================================================
Processing case: s152_c_3_pos
==================================================
2025-06-14 15:03:16,608 - INFO - Facts:
:- [statutes/prolog/init].
birth_(span("born",10,13)).
birth_(span("born",43,46)).
son_(span("adopted",74,80)).
agent_(span("born",10,13),span("Alice",0,4)).
start_(span("born",10,13),span(19920110,15,32)).
agent_(span("born",43,46),span("Bob",35,37)).
start_(span("born",43,46),span(20140131,48,65)).
patient_(span("adopted",74,80),span("Alice",68,72)).
agent_(span("adopted",74,80),span("Bob",82,84)).
start_(span("adopted",74,80),span(20180304,89,103)).
2025-06-14 15:03:16,608 - INFO - Test query:
:- s152_c_3("Bob","Alice",2019).
2025-06-14 15:03:16,608 - INFO - 
Generated Prolog code:
:- ['/Users/sophie/code/2025-mcm-llms-applied-in-law_context/data/sara_v3/statutes/prolog/utils.pl'].
:- ['/Users/sophie/code/2025-mcm-llms-applied-in-law_context/data/sara_v3/statutes/prolog/init.pl'].
:- [statutes/prolog/init].
birth_(span("born",10,13)).
birth_(span("born",43,46)).
son_(span("adopted",74,80)).
agent_(span("born",10,13),span("Alice",0,4)).
start_(span("born",10,13),span(19920110,15,32)).
agent_(span("born",43,46),span("Bob",35,37)).
start_(span("born",43,46),span(20140131,48,65)).
patient_(span("adopted",74,80),span("Alice",68,72)).
agent_(span("adopted",74,80),span("Bob",82,84)).
start_(span("adopted",74,80),span(20180304,89,103)).
2025-06-14 15:03:16,608 - INFO - 
Query:
s152_c_3("Bob","Alice",2019).
2025-06-14 15:03:16,748 - INFO - 
Query result: {'truth': True}
2025-06-14 15:03:16,748 - INFO - Result: correct

2025-06-14 15:03:16,749 - INFO - 
==================================================
Processing case: s152_d_1_B_neg
==================================================
2025-06-14 15:03:16,749 - INFO - Facts:
:- discontiguous s151_d/4.
:- [statutes/prolog/init].
s151_d("Alice",_,2000,2015).
income_(span("income",17,22)).
agent_(span("income",17,22),span("Alice",9,13)).
amount_(span("income",17,22),span(2312,29,32)).
start_(span("income",17,22),span(20150101,3,6)).
2025-06-14 15:03:16,749 - INFO - Test query:
:- \+ s152_d_1_B("Alice",2015).
2025-06-14 15:03:16,749 - INFO - 
Generated Prolog code:
:- ['/Users/sophie/code/2025-mcm-llms-applied-in-law_context/data/sara_v3/statutes/prolog/utils.pl'].
:- ['/Users/sophie/code/2025-mcm-llms-applied-in-law_context/data/sara_v3/statutes/prolog/section151.pl'].
:- ['/Users/sophie/code/2025-mcm-llms-applied-in-law_context/data/sara_v3/statutes/prolog/init.pl'].
:- discontiguous s151_d/4.
:- [statutes/prolog/init].
s151_d("Alice",_,2000,2015).
income_(span("income",17,22)).
agent_(span("income",17,22),span("Alice",9,13)).
amount_(span("income",17,22),span(2312,29,32)).
start_(span("income",17,22),span(20150101,3,6)).
2025-06-14 15:03:16,749 - INFO - 
Query:
\+ s152_d_1_B("Alice",2015).
2025-06-14 15:03:16,893 - INFO - 
Query result: {'truth': True}
2025-06-14 15:03:16,894 - INFO - Result: correct

2025-06-14 15:03:16,894 - INFO - 
==================================================
Processing case: s152_d_1_B_pos
==================================================
2025-06-14 15:03:16,894 - INFO - Facts:
:- discontiguous s151_d/4.
:- [statutes/prolog/init].
s151_d("Alice",_,2000,2015).
2025-06-14 15:03:16,894 - INFO - Test query:
:- s152_d_1_B("Alice",2015).
2025-06-14 15:03:16,894 - INFO - 
Generated Prolog code:
:- ['/Users/sophie/code/2025-mcm-llms-applied-in-law_context/data/sara_v3/statutes/prolog/utils.pl'].
:- ['/Users/sophie/code/2025-mcm-llms-applied-in-law_context/data/sara_v3/statutes/prolog/section151.pl'].
:- ['/Users/sophie/code/2025-mcm-llms-applied-in-law_context/data/sara_v3/statutes/prolog/init.pl'].
:- discontiguous s151_d/4.
:- [statutes/prolog/init].
s151_d("Alice",_,2000,2015).
2025-06-14 15:03:16,895 - INFO - 
Query:
s152_d_1_B("Alice",2015).
2025-06-14 15:03:17,037 - INFO - 
Query result: {'truth': True}
2025-06-14 15:03:17,037 - INFO - Result: correct

2025-06-14 15:03:17,038 - INFO - 
==================================================
Processing case: s152_d_2_B_neg
==================================================
2025-06-14 15:03:17,038 - INFO - Facts:
:- [statutes/prolog/init].
son_(span("son",15,17)).
agent_(span("son",15,17),span("Bob",0,2)).
patient_(span("son",15,17),span("Alice",7,11)).
start_(span("son",15,17),span(20140415,25,40)).
2025-06-14 15:03:17,038 - INFO - Test query:
:- \+ s152_d_2_B("Alice","Bob",_,_).
2025-06-14 15:03:17,038 - INFO - 
Generated Prolog code:
:- ['/Users/sophie/code/2025-mcm-llms-applied-in-law_context/data/sara_v3/statutes/prolog/utils.pl'].
:- ['/Users/sophie/code/2025-mcm-llms-applied-in-law_context/data/sara_v3/statutes/prolog/init.pl'].
:- [statutes/prolog/init].
son_(span("son",15,17)).
agent_(span("son",15,17),span("Bob",0,2)).
patient_(span("son",15,17),span("Alice",7,11)).
start_(span("son",15,17),span(20140415,25,40)).
2025-06-14 15:03:17,038 - INFO - 
Query:
\+ s152_d_2_B("Alice","Bob",_,_).
2025-06-14 15:03:17,181 - INFO - 
Query result: {'truth': True}
2025-06-14 15:03:17,181 - INFO - Result: correct

2025-06-14 15:03:17,181 - INFO - 
==================================================
Processing case: s152_d_2_B_pos
==================================================
2025-06-14 15:03:17,181 - INFO - Facts:
:- [statutes/prolog/init].
brother_(span("brother",15,21)).
agent_(span("brother",15,21),span("Bob",0,2)).
patient_(span("brother",15,21),span("Alice",7,11)).
start_(span("brother",15,21),span(20140415,29,44)).
2025-06-14 15:03:17,181 - INFO - Test query:
:- s152_d_2_B("Alice","Bob",_,_).
2025-06-14 15:03:17,181 - INFO - 
Generated Prolog code:
:- ['/Users/sophie/code/2025-mcm-llms-applied-in-law_context/data/sara_v3/statutes/prolog/utils.pl'].
:- ['/Users/sophie/code/2025-mcm-llms-applied-in-law_context/data/sara_v3/statutes/prolog/init.pl'].
:- [statutes/prolog/init].
brother_(span("brother",15,21)).
agent_(span("brother",15,21),span("Bob",0,2)).
patient_(span("brother",15,21),span("Alice",7,11)).
start_(span("brother",15,21),span(20140415,29,44)).
2025-06-14 15:03:17,182 - INFO - 
Query:
s152_d_2_B("Alice","Bob",_,_).
2025-06-14 15:03:17,308 - INFO - 
Query result: {'truth': True}
2025-06-14 15:03:17,309 - INFO - Result: correct

2025-06-14 15:03:17,309 - INFO - 
==================================================
Processing case: s152_d_2_D_neg
==================================================
2025-06-14 15:03:17,309 - INFO - Facts:
:- [statutes/prolog/init].
father_(span("father",19,24)).
agent_(span("father",19,24),span("Charlie",0,6)).
patient_(span("father",19,24),span("Alice",11,15)).
start_(span("father",19,24),span(20140415,32,47)).
brother_(span("brother",67,73)).
agent_(span("brother",67,73),span("Bob",50,52)).
patient_(span("brother",67,73),span("Charlie",57,63)).
start_(span("brother",67,73),span(19921012,81,98)).
2025-06-14 15:03:17,309 - INFO - Test query:
goal :- \+ (s152_d_2_D("Alice","Bob",Start_relationship,End_relationship),
    var(End_relationship),
    first_day_year(2018,First_day),
    is_before(Start_relationship,First_day)).
2025-06-14 15:03:17,310 - INFO - 
Generated Prolog code:
:- ['/Users/sophie/code/2025-mcm-llms-applied-in-law_context/data/sara_v3/statutes/prolog/utils.pl'].
:- ['/Users/sophie/code/2025-mcm-llms-applied-in-law_context/data/sara_v3/statutes/prolog/init.pl'].
:- [statutes/prolog/init].
father_(span("father",19,24)).
agent_(span("father",19,24),span("Charlie",0,6)).
patient_(span("father",19,24),span("Alice",11,15)).
start_(span("father",19,24),span(20140415,32,47)).
brother_(span("brother",67,73)).
agent_(span("brother",67,73),span("Bob",50,52)).
patient_(span("brother",67,73),span("Charlie",57,63)).
start_(span("brother",67,73),span(19921012,81,98)).
2025-06-14 15:03:17,310 - INFO - 
Query:
goal :- \+ (s152_d_2_D("Alice","Bob",Start_relationship,End_relationship),
    var(End_relationship),
    first_day_year(2018,First_day),
    is_before(Start_relationship,First_day)).
2025-06-14 15:03:17,457 - ERROR - Error processing case s152_d_2_D_neg: janus:py_call/4: Unknown procedure: (:-)/2
  Rules must be loaded from a file
  See FAQ at https://www.swi-prolog.org/FAQ/ToplevelMode.html
2025-06-14 15:03:17,457 - INFO - 
==================================================
Processing case: s152_d_2_D_pos
==================================================
2025-06-14 15:03:17,458 - INFO - Facts:
:- [statutes/prolog/init].
father_(span("father",17,22)).
mother_(span("mother",65,70)).
marriage_(span("married",79,85)).
agent_(span("father",17,22),span("Charlie",0,6)).
patient_(span("father",17,22),span("Bob",11,13)).
start_(span("father",17,22),span(19950415,30,45)).
agent_(span("married",79,85),span("Alice",73,77)).
agent_(span("married",79,85),span("Charlie",87,93)).
start_(span("married",79,85),span(20180808,98,113)).
start_(span("mother",65,70),span(19950415,30,45)).
agent_(span("mother",65,70),span("Dorothy",48,54)).
patient_(span("mother",65,70),span("Bob",59,61)).
2025-06-14 15:03:17,458 - INFO - Test query:
goal :- s152_d_2_D("Alice","Bob",Start_relationship,End_relationship),
    var(End_relationship),
    first_day_year(2019,First_day), is_before(Start_relationship,First_day).
2025-06-14 15:03:17,458 - INFO - 
Generated Prolog code:
:- ['/Users/sophie/code/2025-mcm-llms-applied-in-law_context/data/sara_v3/statutes/prolog/utils.pl'].
:- ['/Users/sophie/code/2025-mcm-llms-applied-in-law_context/data/sara_v3/statutes/prolog/init.pl'].
:- [statutes/prolog/init].
father_(span("father",17,22)).
mother_(span("mother",65,70)).
marriage_(span("married",79,85)).
agent_(span("father",17,22),span("Charlie",0,6)).
patient_(span("father",17,22),span("Bob",11,13)).
start_(span("father",17,22),span(19950415,30,45)).
agent_(span("married",79,85),span("Alice",73,77)).
agent_(span("married",79,85),span("Charlie",87,93)).
start_(span("married",79,85),span(20180808,98,113)).
start_(span("mother",65,70),span(19950415,30,45)).
agent_(span("mother",65,70),span("Dorothy",48,54)).
patient_(span("mother",65,70),span("Bob",59,61)).
2025-06-14 15:03:17,458 - INFO - 
Query:
goal :- s152_d_2_D("Alice","Bob",Start_relationship,End_relationship),
    var(End_relationship),
    first_day_year(2019,First_day), is_before(Start_relationship,First_day).
2025-06-14 15:03:17,604 - ERROR - Error processing case s152_d_2_D_pos: janus:py_call/4: Unknown procedure: (:-)/2
  Rules must be loaded from a file
  See FAQ at https://www.swi-prolog.org/FAQ/ToplevelMode.html
2025-06-14 15:03:17,604 - INFO - 
==================================================
Processing case: s152_d_2_E_neg
==================================================
2025-06-14 15:03:17,605 - INFO - Facts:
:- [statutes/prolog/init].
father_(span("father",17,22)).
sister_(span("sister",67,72)).
agent_(span("father",17,22),span("Charlie",0,6)).
patient_(span("father",17,22),span("Bob",11,13)).
start_(span("father",17,22),span(20140415,30,45)).
agent_(span("sister",67,72),span("Alice",48,52)).
patient_(span("sister",67,72),span("Charlie",57,63)).
start_(span("sister",67,72),span(19921012,80,97)).
2025-06-14 15:03:17,605 - INFO - Test query:
:- \+ s152_d_2_E("Alice","Bob",_,_,_).
2025-06-14 15:03:17,605 - INFO - 
Generated Prolog code:
:- ['/Users/sophie/code/2025-mcm-llms-applied-in-law_context/data/sara_v3/statutes/prolog/utils.pl'].
:- ['/Users/sophie/code/2025-mcm-llms-applied-in-law_context/data/sara_v3/statutes/prolog/init.pl'].
:- [statutes/prolog/init].
father_(span("father",17,22)).
sister_(span("sister",67,72)).
agent_(span("father",17,22),span("Charlie",0,6)).
patient_(span("father",17,22),span("Bob",11,13)).
start_(span("father",17,22),span(20140415,30,45)).
agent_(span("sister",67,72),span("Alice",48,52)).
patient_(span("sister",67,72),span("Charlie",57,63)).
start_(span("sister",67,72),span(19921012,80,97)).
2025-06-14 15:03:17,605 - INFO - 
Query:
\+ s152_d_2_E("Alice","Bob",_,_,_).
2025-06-14 15:03:17,748 - INFO - 
Query result: {'truth': True}
2025-06-14 15:03:17,748 - INFO - Result: correct

2025-06-14 15:03:17,749 - INFO - 
==================================================
Processing case: s152_d_2_E_pos
==================================================
2025-06-14 15:03:17,749 - INFO - Facts:
:- [statutes/prolog/init].
father_(span("father",19,24)).
brother_(span("brother",67,73)).
agent_(span("brother",67,73),span("Bob",50,52)).
patient_(span("brother",67,73),span("Charlie",57,63)).
start_(span("brother",67,73),span(19921012,81,98)).
agent_(span("father",19,24),span("Charlie",0,6)).
patient_(span("father",19,24),span("Alice",11,15)).
start_(span("father",19,24),span(20140415,32,47)).
2025-06-14 15:03:17,749 - INFO - Test query:
:- s152_d_2_E("Alice","Bob",_,_,_).
2025-06-14 15:03:17,749 - INFO - 
Generated Prolog code:
:- ['/Users/sophie/code/2025-mcm-llms-applied-in-law_context/data/sara_v3/statutes/prolog/utils.pl'].
:- ['/Users/sophie/code/2025-mcm-llms-applied-in-law_context/data/sara_v3/statutes/prolog/init.pl'].
:- [statutes/prolog/init].
father_(span("father",19,24)).
brother_(span("brother",67,73)).
agent_(span("brother",67,73),span("Bob",50,52)).
patient_(span("brother",67,73),span("Charlie",57,63)).
start_(span("brother",67,73),span(19921012,81,98)).
agent_(span("father",19,24),span("Charlie",0,6)).
patient_(span("father",19,24),span("Alice",11,15)).
start_(span("father",19,24),span(20140415,32,47)).
2025-06-14 15:03:17,749 - INFO - 
Query:
s152_d_2_E("Alice","Bob",_,_,_).
2025-06-14 15:03:17,888 - INFO - 
Query result: {'truth': True}
2025-06-14 15:03:17,888 - INFO - Result: correct

2025-06-14 15:03:17,889 - INFO - 
==================================================
Processing case: s152_d_2_F_neg
==================================================
2025-06-14 15:03:17,889 - INFO - Facts:
:- [statutes/prolog/init].
father_(span("father",17,22)).
marriage_(span("married",54,60)).
agent_(span("father",17,22),span("Charlie",0,6)).
patient_(span("father",17,22),span("Bob",11,13)).
start_(span("father",17,22),span(20140415,30,45)).
agent_(span("married",54,60),span("Alice",48,52)).
agent_(span("married",54,60),span("Charlie",62,68)).
start_(span("married",54,60),span(19921012,73,90)).
2025-06-14 15:03:17,889 - INFO - Test query:
:- \+ s152_d_2_F("Alice","Bob",_,_,_).
2025-06-14 15:03:17,889 - INFO - 
Generated Prolog code:
:- ['/Users/sophie/code/2025-mcm-llms-applied-in-law_context/data/sara_v3/statutes/prolog/utils.pl'].
:- ['/Users/sophie/code/2025-mcm-llms-applied-in-law_context/data/sara_v3/statutes/prolog/init.pl'].
:- [statutes/prolog/init].
father_(span("father",17,22)).
marriage_(span("married",54,60)).
agent_(span("father",17,22),span("Charlie",0,6)).
patient_(span("father",17,22),span("Bob",11,13)).
start_(span("father",17,22),span(20140415,30,45)).
agent_(span("married",54,60),span("Alice",48,52)).
agent_(span("married",54,60),span("Charlie",62,68)).
start_(span("married",54,60),span(19921012,73,90)).
2025-06-14 15:03:17,889 - INFO - 
Query:
\+ s152_d_2_F("Alice","Bob",_,_,_).
2025-06-14 15:03:18,019 - INFO - 
Query result: {'truth': True}
2025-06-14 15:03:18,019 - INFO - Result: correct

2025-06-14 15:03:18,020 - INFO - 
==================================================
Processing case: s152_d_2_F_pos
==================================================
2025-06-14 15:03:18,020 - INFO - Facts:
:- [statutes/prolog/init].
father_(span("father",17,22)).
sister_(span("sister",67,72)).
agent_(span("father",17,22),span("Charlie",0,6)).
patient_(span("father",17,22),span("Bob",11,13)).
start_(span("father",17,22),span(20140415,30,45)).
agent_(span("sister",67,72),span("Alice",48,52)).
patient_(span("sister",67,72),span("Charlie",57,63)).
start_(span("sister",67,72),span(19921012,80,97)).
2025-06-14 15:03:18,020 - INFO - Test query:
:- s152_d_2_F("Alice","Bob",_,_,_).
2025-06-14 15:03:18,020 - INFO - 
Generated Prolog code:
:- ['/Users/sophie/code/2025-mcm-llms-applied-in-law_context/data/sara_v3/statutes/prolog/utils.pl'].
:- ['/Users/sophie/code/2025-mcm-llms-applied-in-law_context/data/sara_v3/statutes/prolog/init.pl'].
:- [statutes/prolog/init].
father_(span("father",17,22)).
sister_(span("sister",67,72)).
agent_(span("father",17,22),span("Charlie",0,6)).
patient_(span("father",17,22),span("Bob",11,13)).
start_(span("father",17,22),span(20140415,30,45)).
agent_(span("sister",67,72),span("Alice",48,52)).
patient_(span("sister",67,72),span("Charlie",57,63)).
start_(span("sister",67,72),span(19921012,80,97)).
2025-06-14 15:03:18,020 - INFO - 
Query:
s152_d_2_F("Alice","Bob",_,_,_).
2025-06-14 15:03:18,165 - INFO - 
Query result: {'truth': True}
2025-06-14 15:03:18,165 - INFO - Result: correct

2025-06-14 15:03:18,166 - INFO - 
==================================================
Processing case: s1_a_1_i_neg
==================================================
2025-06-14 15:03:18,166 - INFO - Facts:
:- discontiguous s63/3.
:- discontiguous s7703/4.
:- [statutes/prolog/init].
s7703("Alice","spouse",_,2017).
s63("Alice",2017,42876).
joint_return_(span("joint return",69,80)).
agent_(span("joint return",69,80),span("Alice",55,59)).
agent_(span("joint return",69,80),span("spouse",91,96)).
start_(span("joint return",69,80),span(20170101,102,105)).
2025-06-14 15:03:18,166 - INFO - Test query:
:- \+ s1_a_i(42876,7208).
2025-06-14 15:03:18,166 - INFO - 
Generated Prolog code:
:- ['/Users/sophie/code/2025-mcm-llms-applied-in-law_context/data/sara_v3/statutes/prolog/utils.pl'].
:- ['/Users/sophie/code/2025-mcm-llms-applied-in-law_context/data/sara_v3/statutes/prolog/init.pl'].
:- discontiguous s63/3.
:- discontiguous s7703/4.
:- [statutes/prolog/init].
s7703("Alice","spouse",_,2017).
s63("Alice",2017,42876).
joint_return_(span("joint return",69,80)).
agent_(span("joint return",69,80),span("Alice",55,59)).
agent_(span("joint return",69,80),span("spouse",91,96)).
start_(span("joint return",69,80),span(20170101,102,105)).
2025-06-14 15:03:18,166 - INFO - 
Query:
\+ s1_a_i(42876,7208).
2025-06-14 15:03:18,310 - INFO - 
Query result: {'truth': True}
2025-06-14 15:03:18,310 - INFO - Result: correct

2025-06-14 15:03:18,310 - INFO - 
==================================================
Processing case: s1_a_1_i_pos
==================================================
2025-06-14 15:03:18,310 - INFO - Facts:
:- discontiguous s63/3.
:- discontiguous s7703/4.
:- [statutes/prolog/init].
s7703("Alice","spouse",_,2017).
s63("Alice",2017,17330).
joint_return_(span("joint return",69,80)).
agent_(span("joint return",69,80),span("Alice",55,59)).
agent_(span("joint return",69,80),span("spouse",91,96)).
start_(span("joint return",69,80),span(20170101,102,105)).
2025-06-14 15:03:18,310 - INFO - Test query:
:- s1_a_i(17330,2600).
2025-06-14 15:03:18,311 - INFO - 
Generated Prolog code:
:- ['/Users/sophie/code/2025-mcm-llms-applied-in-law_context/data/sara_v3/statutes/prolog/utils.pl'].
:- ['/Users/sophie/code/2025-mcm-llms-applied-in-law_context/data/sara_v3/statutes/prolog/init.pl'].
:- discontiguous s63/3.
:- discontiguous s7703/4.
:- [statutes/prolog/init].
s7703("Alice","spouse",_,2017).
s63("Alice",2017,17330).
joint_return_(span("joint return",69,80)).
agent_(span("joint return",69,80),span("Alice",55,59)).
agent_(span("joint return",69,80),span("spouse",91,96)).
start_(span("joint return",69,80),span(20170101,102,105)).
2025-06-14 15:03:18,311 - INFO - 
Query:
s1_a_i(17330,2600).
2025-06-14 15:03:18,448 - INFO - 
Query result: {'truth': True}
2025-06-14 15:03:18,448 - INFO - Result: correct

2025-06-14 15:03:18,449 - INFO - 
==================================================
Processing case: s1_a_1_ii_neg
==================================================
2025-06-14 15:03:18,449 - INFO - Facts:
:- discontiguous s63/3.
:- discontiguous s7703/4.
:- [statutes/prolog/init].
s7703("Alice","spouse",_,2017).
s63("Alice",2017,103272).
joint_return_(span("joint return",69,80)).
agent_(span("joint return",69,80),span("Alice",55,59)).
agent_(span("joint return",69,80),span("spouse",91,96)).
start_(span("joint return",69,80),span(20170101,102,105)).
2025-06-14 15:03:18,449 - INFO - Test query:
:- \+ s1_a_ii(103272,24543).
2025-06-14 15:03:18,449 - INFO - 
Generated Prolog code:
:- ['/Users/sophie/code/2025-mcm-llms-applied-in-law_context/data/sara_v3/statutes/prolog/utils.pl'].
:- ['/Users/sophie/code/2025-mcm-llms-applied-in-law_context/data/sara_v3/statutes/prolog/init.pl'].
:- discontiguous s63/3.
:- discontiguous s7703/4.
:- [statutes/prolog/init].
s7703("Alice","spouse",_,2017).
s63("Alice",2017,103272).
joint_return_(span("joint return",69,80)).
agent_(span("joint return",69,80),span("Alice",55,59)).
agent_(span("joint return",69,80),span("spouse",91,96)).
start_(span("joint return",69,80),span(20170101,102,105)).
2025-06-14 15:03:18,449 - INFO - 
Query:
\+ s1_a_ii(103272,24543).
2025-06-14 15:03:18,592 - INFO - 
Query result: {'truth': True}
2025-06-14 15:03:18,592 - INFO - Result: correct

2025-06-14 15:03:18,593 - INFO - 
==================================================
Processing case: s1_a_1_ii_pos
==================================================
2025-06-14 15:03:18,593 - INFO - Facts:
:- discontiguous s63/3.
:- discontiguous s7703/4.
:- [statutes/prolog/init].
s7703("Alice","spouse",_,2017).
s63("Alice",2017,42876).
joint_return_(span("joint return",69,80)).
agent_(span("joint return",69,80),span("Alice",55,59)).
agent_(span("joint return",69,80),span("spouse",91,96)).
start_(span("joint return",69,80),span(20170101,102,105)).
2025-06-14 15:03:18,593 - INFO - Test query:
:- s1_a_ii(42876,7208).
2025-06-14 15:03:18,593 - INFO - 
Generated Prolog code:
:- ['/Users/sophie/code/2025-mcm-llms-applied-in-law_context/data/sara_v3/statutes/prolog/utils.pl'].
:- ['/Users/sophie/code/2025-mcm-llms-applied-in-law_context/data/sara_v3/statutes/prolog/init.pl'].
:- discontiguous s63/3.
:- discontiguous s7703/4.
:- [statutes/prolog/init].
s7703("Alice","spouse",_,2017).
s63("Alice",2017,42876).
joint_return_(span("joint return",69,80)).
agent_(span("joint return",69,80),span("Alice",55,59)).
agent_(span("joint return",69,80),span("spouse",91,96)).
start_(span("joint return",69,80),span(20170101,102,105)).
2025-06-14 15:03:18,593 - INFO - 
Query:
s1_a_ii(42876,7208).
2025-06-14 15:03:18,732 - INFO - 
Query result: {'truth': True}
2025-06-14 15:03:18,732 - INFO - Result: correct

2025-06-14 15:03:18,732 - INFO - 
==================================================
Processing case: s1_a_1_iii_neg
==================================================
2025-06-14 15:03:18,732 - INFO - Facts:
:- discontiguous s63/3.
:- discontiguous s7703/4.
:- [statutes/prolog/init].
s7703("Alice","spouse",_,2017).
s63("Alice",2017,164612).
joint_return_(span("joint return",69,80)).
agent_(span("joint return",69,80),span("Alice",55,59)).
agent_(span("joint return",69,80),span("spouse",91,96)).
start_(span("joint return",69,80),span(20170101,102,105)).
2025-06-14 15:03:18,732 - INFO - Test query:
:- \+ s1_a_iii(164612,44789).
2025-06-14 15:03:18,732 - INFO - 
Generated Prolog code:
:- ['/Users/sophie/code/2025-mcm-llms-applied-in-law_context/data/sara_v3/statutes/prolog/utils.pl'].
:- ['/Users/sophie/code/2025-mcm-llms-applied-in-law_context/data/sara_v3/statutes/prolog/init.pl'].
:- discontiguous s63/3.
:- discontiguous s7703/4.
:- [statutes/prolog/init].
s7703("Alice","spouse",_,2017).
s63("Alice",2017,164612).
joint_return_(span("joint return",69,80)).
agent_(span("joint return",69,80),span("Alice",55,59)).
agent_(span("joint return",69,80),span("spouse",91,96)).
start_(span("joint return",69,80),span(20170101,102,105)).
2025-06-14 15:03:18,732 - INFO - 
Query:
\+ s1_a_iii(164612,44789).
2025-06-14 15:03:18,875 - INFO - 
Query result: {'truth': True}
2025-06-14 15:03:18,875 - INFO - Result: correct

2025-06-14 15:03:18,876 - INFO - 
==================================================
Processing case: s1_a_1_iii_pos
==================================================
2025-06-14 15:03:18,876 - INFO - Facts:
:- discontiguous s63/3.
:- discontiguous s7703/4.
:- [statutes/prolog/init].
s7703("Alice","spouse",_,2017).
s63("Alice",2017,103272).
joint_return_(span("joint return",69,80)).
agent_(span("joint return",69,80),span("Alice",55,59)).
agent_(span("joint return",69,80),span("spouse",91,96)).
start_(span("joint return",69,80),span(20170101,102,105)).
2025-06-14 15:03:18,876 - INFO - Test query:
:- s1_a_iii(103272,24543).
2025-06-14 15:03:18,876 - INFO - 
Generated Prolog code:
:- ['/Users/sophie/code/2025-mcm-llms-applied-in-law_context/data/sara_v3/statutes/prolog/utils.pl'].
:- ['/Users/sophie/code/2025-mcm-llms-applied-in-law_context/data/sara_v3/statutes/prolog/init.pl'].
:- discontiguous s63/3.
:- discontiguous s7703/4.
:- [statutes/prolog/init].
s7703("Alice","spouse",_,2017).
s63("Alice",2017,103272).
joint_return_(span("joint return",69,80)).
agent_(span("joint return",69,80),span("Alice",55,59)).
agent_(span("joint return",69,80),span("spouse",91,96)).
start_(span("joint return",69,80),span(20170101,102,105)).
2025-06-14 15:03:18,876 - INFO - 
Query:
s1_a_iii(103272,24543).
2025-06-14 15:03:19,020 - INFO - 
Query result: {'truth': True}
2025-06-14 15:03:19,021 - INFO - Result: correct

2025-06-14 15:03:19,021 - INFO - 
==================================================
Processing case: s1_a_1_iv_neg
==================================================
2025-06-14 15:03:19,021 - INFO - Facts:
:- discontiguous s63/3.
:- discontiguous s7703/4.
:- [statutes/prolog/init].
s7703("Alice","spouse",_,2017).
s63("Alice",2017,684642).
joint_return_(span("joint return",69,80)).
agent_(span("joint return",69,80),span("Alice",55,59)).
agent_(span("joint return",69,80),span("spouse",91,96)).
start_(span("joint return",69,80),span(20170101,102,105)).
2025-06-14 15:03:19,021 - INFO - Test query:
:- \+ s1_a_iv(684642,247647).
2025-06-14 15:03:19,021 - INFO - 
Generated Prolog code:
:- ['/Users/sophie/code/2025-mcm-llms-applied-in-law_context/data/sara_v3/statutes/prolog/utils.pl'].
:- ['/Users/sophie/code/2025-mcm-llms-applied-in-law_context/data/sara_v3/statutes/prolog/init.pl'].
:- discontiguous s63/3.
:- discontiguous s7703/4.
:- [statutes/prolog/init].
s7703("Alice","spouse",_,2017).
s63("Alice",2017,684642).
joint_return_(span("joint return",69,80)).
agent_(span("joint return",69,80),span("Alice",55,59)).
agent_(span("joint return",69,80),span("spouse",91,96)).
start_(span("joint return",69,80),span(20170101,102,105)).
2025-06-14 15:03:19,021 - INFO - 
Query:
\+ s1_a_iv(684642,247647).
2025-06-14 15:03:19,164 - INFO - 
Query result: {'truth': True}
2025-06-14 15:03:19,164 - INFO - Result: correct

2025-06-14 15:03:19,165 - INFO - 
==================================================
Processing case: s1_a_1_iv_pos
==================================================
2025-06-14 15:03:19,165 - INFO - Facts:
:- discontiguous s63/3.
:- discontiguous s7703/4.
:- [statutes/prolog/init].
s7703("Alice","spouse",_,2017).
s63("Alice",2017,164612).
joint_return_(span("joint return",69,80)).
agent_(span("joint return",69,80),span("Alice",55,59)).
agent_(span("joint return",69,80),span("spouse",91,96)).
start_(span("joint return",69,80),span(20170101,102,105)).
2025-06-14 15:03:19,165 - INFO - Test query:
:- s1_a_iv(164612,44789).
2025-06-14 15:03:19,165 - INFO - 
Generated Prolog code:
:- ['/Users/sophie/code/2025-mcm-llms-applied-in-law_context/data/sara_v3/statutes/prolog/utils.pl'].
:- ['/Users/sophie/code/2025-mcm-llms-applied-in-law_context/data/sara_v3/statutes/prolog/init.pl'].
:- discontiguous s63/3.
:- discontiguous s7703/4.
:- [statutes/prolog/init].
s7703("Alice","spouse",_,2017).
s63("Alice",2017,164612).
joint_return_(span("joint return",69,80)).
agent_(span("joint return",69,80),span("Alice",55,59)).
agent_(span("joint return",69,80),span("spouse",91,96)).
start_(span("joint return",69,80),span(20170101,102,105)).
2025-06-14 15:03:19,165 - INFO - 
Query:
s1_a_iv(164612,44789).
2025-06-14 15:03:19,309 - INFO - 
Query result: {'truth': True}
2025-06-14 15:03:19,309 - INFO - Result: correct

2025-06-14 15:03:19,310 - INFO - 
==================================================
Processing case: s1_a_1_neg
==================================================
2025-06-14 15:03:19,310 - INFO - Facts:
:- discontiguous s2_b/3.
:- discontiguous s63/3.
:- [statutes/prolog/init].
s2_b("Alice",_,2017).
s63("Alice",2017,97407).
2025-06-14 15:03:19,310 - INFO - Test query:
:- \+ s1_a("Alice",2017,_,24056).
2025-06-14 15:03:19,310 - INFO - 
Generated Prolog code:
:- ['/Users/sophie/code/2025-mcm-llms-applied-in-law_context/data/sara_v3/statutes/prolog/section2.pl'].
:- ['/Users/sophie/code/2025-mcm-llms-applied-in-law_context/data/sara_v3/statutes/prolog/utils.pl'].
:- ['/Users/sophie/code/2025-mcm-llms-applied-in-law_context/data/sara_v3/statutes/prolog/init.pl'].
:- discontiguous s2_b/3.
:- discontiguous s63/3.
:- [statutes/prolog/init].
s2_b("Alice",_,2017).
s63("Alice",2017,97407).
2025-06-14 15:03:19,310 - INFO - 
Query:
\+ s1_a("Alice",2017,_,24056).
2025-06-14 15:03:19,455 - INFO - 
Query result: {'truth': True}
2025-06-14 15:03:19,456 - INFO - Result: correct

2025-06-14 15:03:19,456 - INFO - 
==================================================
Processing case: s1_a_1_pos
==================================================
2025-06-14 15:03:19,456 - INFO - Facts:
:- discontiguous s7703/4.
:- discontiguous s63/3.
:- [statutes/prolog/init].
s7703("Alice","spouse",_,2017).
s63("Alice",2017,17330).
joint_return_(span("joint return",69,80)).
agent_(span("joint return",69,80),span("Alice",55,59)).
agent_(span("joint return",69,80),span("spouse",91,96)).
start_(span("joint return",69,80),span(20170101,102,105)).
2025-06-14 15:03:19,456 - INFO - Test query:
:- s1_a("Alice",2017,_,2600).
2025-06-14 15:03:19,457 - INFO - 
Generated Prolog code:
:- ['/Users/sophie/code/2025-mcm-llms-applied-in-law_context/data/sara_v3/statutes/prolog/utils.pl'].
:- ['/Users/sophie/code/2025-mcm-llms-applied-in-law_context/data/sara_v3/statutes/prolog/init.pl'].
:- discontiguous s7703/4.
:- discontiguous s63/3.
:- [statutes/prolog/init].
s7703("Alice","spouse",_,2017).
s63("Alice",2017,17330).
joint_return_(span("joint return",69,80)).
agent_(span("joint return",69,80),span("Alice",55,59)).
agent_(span("joint return",69,80),span("spouse",91,96)).
start_(span("joint return",69,80),span(20170101,102,105)).
2025-06-14 15:03:19,457 - INFO - 
Query:
s1_a("Alice",2017,_,2600).
2025-06-14 15:03:19,599 - INFO - 
Query result: {'truth': True}
2025-06-14 15:03:19,599 - INFO - Result: correct

2025-06-14 15:03:19,600 - INFO - 
==================================================
Processing case: s1_a_1_v_neg
==================================================
2025-06-14 15:03:19,600 - INFO - Facts:
:- discontiguous s7703/4.
:- discontiguous s63/3.
:- [statutes/prolog/init].
s7703("Alice","spouse",_,2017).
s63("Alice",2017,17330).
joint_return_(span("joint return",69,80)).
agent_(span("joint return",69,80),span("Alice",55,59)).
agent_(span("joint return",69,80),span("spouse",91,96)).
start_(span("joint return",69,80),span(20170101,102,105)).
2025-06-14 15:03:19,600 - INFO - Test query:
:- \+ s1_a_v(17330,2600).
2025-06-14 15:03:19,600 - INFO - 
Generated Prolog code:
:- ['/Users/sophie/code/2025-mcm-llms-applied-in-law_context/data/sara_v3/statutes/prolog/utils.pl'].
:- ['/Users/sophie/code/2025-mcm-llms-applied-in-law_context/data/sara_v3/statutes/prolog/init.pl'].
:- discontiguous s7703/4.
:- discontiguous s63/3.
:- [statutes/prolog/init].
s7703("Alice","spouse",_,2017).
s63("Alice",2017,17330).
joint_return_(span("joint return",69,80)).
agent_(span("joint return",69,80),span("Alice",55,59)).
agent_(span("joint return",69,80),span("spouse",91,96)).
start_(span("joint return",69,80),span(20170101,102,105)).
2025-06-14 15:03:19,600 - INFO - 
Query:
\+ s1_a_v(17330,2600).
2025-06-14 15:03:19,741 - INFO - 
Query result: {'truth': True}
2025-06-14 15:03:19,741 - INFO - Result: correct

2025-06-14 15:03:19,741 - INFO - 
==================================================
Processing case: s1_a_1_v_pos
==================================================
2025-06-14 15:03:19,741 - INFO - Facts:
:- discontiguous s7703/4.
:- discontiguous s63/3.
:- [statutes/prolog/init].
s7703("Alice","spouse",_,2017).
s63("Alice",2017,684642).
joint_return_(span("joint return",69,80)).
agent_(span("joint return",69,80),span("Alice",55,59)).
agent_(span("joint return",69,80),span("spouse",91,96)).
start_(span("joint return",69,80),span(20170101,102,105)).
2025-06-14 15:03:19,741 - INFO - Test query:
:- s1_a_v(684642,247647).
2025-06-14 15:03:19,741 - INFO - 
Generated Prolog code:
:- ['/Users/sophie/code/2025-mcm-llms-applied-in-law_context/data/sara_v3/statutes/prolog/utils.pl'].
:- ['/Users/sophie/code/2025-mcm-llms-applied-in-law_context/data/sara_v3/statutes/prolog/init.pl'].
:- discontiguous s7703/4.
:- discontiguous s63/3.
:- [statutes/prolog/init].
s7703("Alice","spouse",_,2017).
s63("Alice",2017,684642).
joint_return_(span("joint return",69,80)).
agent_(span("joint return",69,80),span("Alice",55,59)).
agent_(span("joint return",69,80),span("spouse",91,96)).
start_(span("joint return",69,80),span(20170101,102,105)).
2025-06-14 15:03:19,741 - INFO - 
Query:
s1_a_v(684642,247647).
2025-06-14 15:03:19,881 - INFO - 
Query result: {'truth': True}
2025-06-14 15:03:19,882 - INFO - Result: correct

2025-06-14 15:03:19,882 - INFO - 
==================================================
Processing case: s1_a_2_i_neg
==================================================
2025-06-14 15:03:19,882 - INFO - Facts:
:- discontiguous s63/3.
:- discontiguous s2_a/3.
:- [statutes/prolog/init].
s2_a("Alice",_,2017).
s63("Alice",2017,70117).
2025-06-14 15:03:19,882 - INFO - Test query:
:- \+ s1_a_i(70117,14836).
2025-06-14 15:03:19,882 - INFO - 
Generated Prolog code:
:- ['/Users/sophie/code/2025-mcm-llms-applied-in-law_context/data/sara_v3/statutes/prolog/section2.pl'].
:- ['/Users/sophie/code/2025-mcm-llms-applied-in-law_context/data/sara_v3/statutes/prolog/utils.pl'].
:- ['/Users/sophie/code/2025-mcm-llms-applied-in-law_context/data/sara_v3/statutes/prolog/init.pl'].
:- discontiguous s63/3.
:- discontiguous s2_a/3.
:- [statutes/prolog/init].
s2_a("Alice",_,2017).
s63("Alice",2017,70117).
2025-06-14 15:03:19,882 - INFO - 
Query:
\+ s1_a_i(70117,14836).
2025-06-14 15:03:20,028 - INFO - 
Query result: {'truth': True}
2025-06-14 15:03:20,028 - INFO - Result: correct

2025-06-14 15:03:20,029 - INFO - 
==================================================
Processing case: s1_a_2_i_pos
==================================================
2025-06-14 15:03:20,029 - INFO - Facts:
:- discontiguous s63/3.
:- discontiguous s2_a/3.
:- [statutes/prolog/init].
s2_a("Alice",_,2017).
s63("Alice",2017,25561).
2025-06-14 15:03:20,029 - INFO - Test query:
:- s1_a_i(25561,3834).
2025-06-14 15:03:20,029 - INFO - 
Generated Prolog code:
:- ['/Users/sophie/code/2025-mcm-llms-applied-in-law_context/data/sara_v3/statutes/prolog/section2.pl'].
:- ['/Users/sophie/code/2025-mcm-llms-applied-in-law_context/data/sara_v3/statutes/prolog/utils.pl'].
:- ['/Users/sophie/code/2025-mcm-llms-applied-in-law_context/data/sara_v3/statutes/prolog/init.pl'].
:- discontiguous s63/3.
:- discontiguous s2_a/3.
:- [statutes/prolog/init].
s2_a("Alice",_,2017).
s63("Alice",2017,25561).
2025-06-14 15:03:20,029 - INFO - 
Query:
s1_a_i(25561,3834).
2025-06-14 15:03:20,172 - INFO - 
Query result: {'truth': True}
2025-06-14 15:03:20,173 - INFO - Result: correct

2025-06-14 15:03:20,173 - INFO - 
==================================================
Processing case: s1_a_2_ii_neg
==================================================
2025-06-14 15:03:20,173 - INFO - Facts:
:- discontiguous s63/3.
:- discontiguous s2_a/3.
:- [statutes/prolog/init].
s2_a("Alice",_,2017).
s63("Alice",2017,95129).
2025-06-14 15:03:20,173 - INFO - Test query:
:- \+ s1_a_ii(95129,22018).
2025-06-14 15:03:20,173 - INFO - 
Generated Prolog code:
:- ['/Users/sophie/code/2025-mcm-llms-applied-in-law_context/data/sara_v3/statutes/prolog/section2.pl'].
:- ['/Users/sophie/code/2025-mcm-llms-applied-in-law_context/data/sara_v3/statutes/prolog/utils.pl'].
:- ['/Users/sophie/code/2025-mcm-llms-applied-in-law_context/data/sara_v3/statutes/prolog/init.pl'].
:- discontiguous s63/3.
:- discontiguous s2_a/3.
:- [statutes/prolog/init].
s2_a("Alice",_,2017).
s63("Alice",2017,95129).
2025-06-14 15:03:20,174 - INFO - 
Query:
\+ s1_a_ii(95129,22018).
2025-06-14 15:03:20,315 - INFO - 
Query result: {'truth': True}
2025-06-14 15:03:20,315 - INFO - Result: correct

2025-06-14 15:03:20,316 - INFO - 
==================================================
Processing case: s1_a_2_ii_pos
==================================================
2025-06-14 15:03:20,316 - INFO - Facts:
:- discontiguous s63/3.
:- discontiguous s2_a/3.
:- [statutes/prolog/init].
s2_a("Alice",_,2017).
s63("Alice",2017,70117).
2025-06-14 15:03:20,316 - INFO - Test query:
:- s1_a_ii(70117,14836).
2025-06-14 15:03:20,316 - INFO - 
Generated Prolog code:
:- ['/Users/sophie/code/2025-mcm-llms-applied-in-law_context/data/sara_v3/statutes/prolog/section2.pl'].
:- ['/Users/sophie/code/2025-mcm-llms-applied-in-law_context/data/sara_v3/statutes/prolog/utils.pl'].
:- ['/Users/sophie/code/2025-mcm-llms-applied-in-law_context/data/sara_v3/statutes/prolog/init.pl'].
:- discontiguous s63/3.
:- discontiguous s2_a/3.
:- [statutes/prolog/init].
s2_a("Alice",_,2017).
s63("Alice",2017,70117).
2025-06-14 15:03:20,316 - INFO - 
Query:
s1_a_ii(70117,14836).
2025-06-14 15:03:20,459 - INFO - 
Query result: {'truth': True}
2025-06-14 15:03:20,459 - INFO - Result: correct

2025-06-14 15:03:20,459 - INFO - 
==================================================
Processing case: s1_a_2_iii_neg
==================================================
2025-06-14 15:03:20,459 - INFO - Facts:
:- discontiguous s63/3.
:- discontiguous s2_a/3.
:- [statutes/prolog/init].
s2_a("Alice",_,2017).
s63("Alice",2017,236422).
2025-06-14 15:03:20,460 - INFO - Test query:
:- \+ s1_a_iii(236422,70640).
2025-06-14 15:03:20,460 - INFO - 
Generated Prolog code:
:- ['/Users/sophie/code/2025-mcm-llms-applied-in-law_context/data/sara_v3/statutes/prolog/section2.pl'].
:- ['/Users/sophie/code/2025-mcm-llms-applied-in-law_context/data/sara_v3/statutes/prolog/utils.pl'].
:- ['/Users/sophie/code/2025-mcm-llms-applied-in-law_context/data/sara_v3/statutes/prolog/init.pl'].
:- discontiguous s63/3.
:- discontiguous s2_a/3.
:- [statutes/prolog/init].
s2_a("Alice",_,2017).
s63("Alice",2017,236422).
2025-06-14 15:03:20,460 - INFO - 
Query:
\+ s1_a_iii(236422,70640).
2025-06-14 15:03:20,604 - INFO - 
Query result: {'truth': True}
2025-06-14 15:03:20,604 - INFO - Result: correct

2025-06-14 15:03:20,605 - INFO - 
==================================================
Processing case: s1_a_2_iii_pos
==================================================
2025-06-14 15:03:20,605 - INFO - Facts:
:- discontiguous s63/3.
:- discontiguous s2_a/3.
:- [statutes/prolog/init].
s2_a("Alice",_,2017).
s63("Alice",2017,95129).
2025-06-14 15:03:20,605 - INFO - Test query:
:- s1_a_iii(95129,22018).
2025-06-14 15:03:20,605 - INFO - 
Generated Prolog code:
:- ['/Users/sophie/code/2025-mcm-llms-applied-in-law_context/data/sara_v3/statutes/prolog/section2.pl'].
:- ['/Users/sophie/code/2025-mcm-llms-applied-in-law_context/data/sara_v3/statutes/prolog/utils.pl'].
:- ['/Users/sophie/code/2025-mcm-llms-applied-in-law_context/data/sara_v3/statutes/prolog/init.pl'].
:- discontiguous s63/3.
:- discontiguous s2_a/3.
:- [statutes/prolog/init].
s2_a("Alice",_,2017).
s63("Alice",2017,95129).
2025-06-14 15:03:20,605 - INFO - 
Query:
s1_a_iii(95129,22018).
2025-06-14 15:03:20,749 - INFO - 
Query result: {'truth': True}
2025-06-14 15:03:20,750 - INFO - Result: correct

2025-06-14 15:03:20,750 - INFO - 
==================================================
Processing case: s1_b_ii_neg
==================================================
2025-06-14 15:03:20,750 - INFO - Facts:
:- discontiguous s63/3.
:- discontiguous s2_b/3.
:- [statutes/prolog/init].
s2_b("Alice",_,2017).
s63("Alice",2017,9560).
2025-06-14 15:03:20,750 - INFO - Test query:
:- \+ s1_b_ii(9560,1434).
2025-06-14 15:03:20,750 - INFO - 
Generated Prolog code:
:- ['/Users/sophie/code/2025-mcm-llms-applied-in-law_context/data/sara_v3/statutes/prolog/section2.pl'].
:- ['/Users/sophie/code/2025-mcm-llms-applied-in-law_context/data/sara_v3/statutes/prolog/utils.pl'].
:- ['/Users/sophie/code/2025-mcm-llms-applied-in-law_context/data/sara_v3/statutes/prolog/init.pl'].
:- discontiguous s63/3.
:- discontiguous s2_b/3.
:- [statutes/prolog/init].
s2_b("Alice",_,2017).
s63("Alice",2017,9560).
2025-06-14 15:03:20,750 - INFO - 
Query:
\+ s1_b_ii(9560,1434).
2025-06-14 15:03:20,890 - INFO - 
Query result: {'truth': True}
2025-06-14 15:03:20,891 - INFO - Result: correct

2025-06-14 15:03:20,891 - INFO - 
==================================================
Processing case: s1_b_ii_pos
==================================================
2025-06-14 15:03:20,891 - INFO - Facts:
:- discontiguous s63/3.
:- discontiguous s2_b/3.
:- [statutes/prolog/init].
s2_b("Alice",_,2017).
s63("Alice",2017,54775).
2025-06-14 15:03:20,891 - INFO - Test query:
:- s1_b_ii(54775,11489).
2025-06-14 15:03:20,891 - INFO - 
Generated Prolog code:
:- ['/Users/sophie/code/2025-mcm-llms-applied-in-law_context/data/sara_v3/statutes/prolog/section2.pl'].
:- ['/Users/sophie/code/2025-mcm-llms-applied-in-law_context/data/sara_v3/statutes/prolog/utils.pl'].
:- ['/Users/sophie/code/2025-mcm-llms-applied-in-law_context/data/sara_v3/statutes/prolog/init.pl'].
:- discontiguous s63/3.
:- discontiguous s2_b/3.
:- [statutes/prolog/init].
s2_b("Alice",_,2017).
s63("Alice",2017,54775).
2025-06-14 15:03:20,891 - INFO - 
Query:
s1_b_ii(54775,11489).
2025-06-14 15:03:21,031 - INFO - 
Query result: {'truth': True}
2025-06-14 15:03:21,031 - INFO - Result: correct

2025-06-14 15:03:21,032 - INFO - 
==================================================
Processing case: s1_b_iii_neg
==================================================
2025-06-14 15:03:21,032 - INFO - Facts:
:- discontiguous s63/3.
:- discontiguous s2_b/3.
:- [statutes/prolog/init].
s2_b("Alice",_,2017).
s63("Alice",2017,54775).
2025-06-14 15:03:21,032 - INFO - Test query:
:- \+ s1_b_iii(54775,11489).
2025-06-14 15:03:21,032 - INFO - 
Generated Prolog code:
:- ['/Users/sophie/code/2025-mcm-llms-applied-in-law_context/data/sara_v3/statutes/prolog/section2.pl'].
:- ['/Users/sophie/code/2025-mcm-llms-applied-in-law_context/data/sara_v3/statutes/prolog/utils.pl'].
:- ['/Users/sophie/code/2025-mcm-llms-applied-in-law_context/data/sara_v3/statutes/prolog/init.pl'].
:- discontiguous s63/3.
:- discontiguous s2_b/3.
:- [statutes/prolog/init].
s2_b("Alice",_,2017).
s63("Alice",2017,54775).
2025-06-14 15:03:21,032 - INFO - 
Query:
\+ s1_b_iii(54775,11489).
2025-06-14 15:03:21,176 - INFO - 
Query result: {'truth': True}
2025-06-14 15:03:21,176 - INFO - Result: correct

2025-06-14 15:03:21,176 - INFO - 
==================================================
Processing case: s1_b_iii_pos
==================================================
2025-06-14 15:03:21,176 - INFO - Facts:
:- discontiguous s63/3.
:- discontiguous s2_b/3.
:- [statutes/prolog/init].
s2_b("Alice",_,2017).
s63("Alice",2017,97407).
2025-06-14 15:03:21,176 - INFO - Test query:
:- s1_b_iii(97407,24056).
2025-06-14 15:03:21,177 - INFO - 
Generated Prolog code:
:- ['/Users/sophie/code/2025-mcm-llms-applied-in-law_context/data/sara_v3/statutes/prolog/section2.pl'].
:- ['/Users/sophie/code/2025-mcm-llms-applied-in-law_context/data/sara_v3/statutes/prolog/utils.pl'].
:- ['/Users/sophie/code/2025-mcm-llms-applied-in-law_context/data/sara_v3/statutes/prolog/init.pl'].
:- discontiguous s63/3.
:- discontiguous s2_b/3.
:- [statutes/prolog/init].
s2_b("Alice",_,2017).
s63("Alice",2017,97407).
2025-06-14 15:03:21,177 - INFO - 
Query:
s1_b_iii(97407,24056).
2025-06-14 15:03:21,321 - INFO - 
Query result: {'truth': True}
2025-06-14 15:03:21,322 - INFO - Result: correct

2025-06-14 15:03:21,322 - INFO - 
==================================================
Processing case: s1_b_iv_neg
==================================================
2025-06-14 15:03:21,322 - INFO - Facts:
:- discontiguous s63/3.
:- discontiguous s2_b/3.
:- [statutes/prolog/init].
s2_b("Alice",_,2017).
s63("Alice",2017,97407).
2025-06-14 15:03:21,322 - INFO - Test query:
:- \+ s1_b_iv(97407,24056).
2025-06-14 15:03:21,323 - INFO - 
Generated Prolog code:
:- ['/Users/sophie/code/2025-mcm-llms-applied-in-law_context/data/sara_v3/statutes/prolog/section2.pl'].
:- ['/Users/sophie/code/2025-mcm-llms-applied-in-law_context/data/sara_v3/statutes/prolog/utils.pl'].
:- ['/Users/sophie/code/2025-mcm-llms-applied-in-law_context/data/sara_v3/statutes/prolog/init.pl'].
:- discontiguous s63/3.
:- discontiguous s2_b/3.
:- [statutes/prolog/init].
s2_b("Alice",_,2017).
s63("Alice",2017,97407).
2025-06-14 15:03:21,323 - INFO - 
Query:
\+ s1_b_iv(97407,24056).
2025-06-14 15:03:21,465 - INFO - 
Query result: {'truth': True}
2025-06-14 15:03:21,465 - INFO - Result: correct

2025-06-14 15:03:21,465 - INFO - 
==================================================
Processing case: s1_b_iv_pos
==================================================
2025-06-14 15:03:21,465 - INFO - Facts:
:- discontiguous s63/3.
:- discontiguous s2_b/3.
:- [statutes/prolog/init].
s2_b("Alice",_,2017).
s63("Alice",2017,194512).
2025-06-14 15:03:21,465 - INFO - Test query:
:- s1_b_iv(194512,57509).
2025-06-14 15:03:21,465 - INFO - 
Generated Prolog code:
:- ['/Users/sophie/code/2025-mcm-llms-applied-in-law_context/data/sara_v3/statutes/prolog/section2.pl'].
:- ['/Users/sophie/code/2025-mcm-llms-applied-in-law_context/data/sara_v3/statutes/prolog/utils.pl'].
:- ['/Users/sophie/code/2025-mcm-llms-applied-in-law_context/data/sara_v3/statutes/prolog/init.pl'].
:- discontiguous s63/3.
:- discontiguous s2_b/3.
:- [statutes/prolog/init].
s2_b("Alice",_,2017).
s63("Alice",2017,194512).
2025-06-14 15:03:21,466 - INFO - 
Query:
s1_b_iv(194512,57509).
2025-06-14 15:03:21,607 - INFO - 
Query result: {'truth': True}
2025-06-14 15:03:21,607 - INFO - Result: correct

2025-06-14 15:03:21,608 - INFO - 
==================================================
Processing case: s1_b_v_neg
==================================================
2025-06-14 15:03:21,608 - INFO - Facts:
:- discontiguous s63/3.
:- discontiguous s2_b/3.
:- [statutes/prolog/init].
s2_b("Alice",_,2017).
s63("Alice",2017,194512).
2025-06-14 15:03:21,608 - INFO - Test query:
:- \+ s1_b_v(194512,57509).
2025-06-14 15:03:21,608 - INFO - 
Generated Prolog code:
:- ['/Users/sophie/code/2025-mcm-llms-applied-in-law_context/data/sara_v3/statutes/prolog/section2.pl'].
:- ['/Users/sophie/code/2025-mcm-llms-applied-in-law_context/data/sara_v3/statutes/prolog/utils.pl'].
:- ['/Users/sophie/code/2025-mcm-llms-applied-in-law_context/data/sara_v3/statutes/prolog/init.pl'].
:- discontiguous s63/3.
:- discontiguous s2_b/3.
:- [statutes/prolog/init].
s2_b("Alice",_,2017).
s63("Alice",2017,194512).
2025-06-14 15:03:21,609 - INFO - 
Query:
\+ s1_b_v(194512,57509).
2025-06-14 15:03:21,748 - INFO - 
Query result: {'truth': True}
2025-06-14 15:03:21,748 - INFO - Result: correct

2025-06-14 15:03:21,748 - INFO - 
==================================================
Processing case: s1_b_v_pos
==================================================
2025-06-14 15:03:21,748 - INFO - Facts:
:- discontiguous s63/3.
:- discontiguous s2_b/3.
:- [statutes/prolog/init].
s2_b("Alice",_,2017).
s63("Alice",2017,1172980).
2025-06-14 15:03:21,748 - INFO - Test query:
:- s1_b_v(1172980,442985).
2025-06-14 15:03:21,749 - INFO - 
Generated Prolog code:
:- ['/Users/sophie/code/2025-mcm-llms-applied-in-law_context/data/sara_v3/statutes/prolog/section2.pl'].
:- ['/Users/sophie/code/2025-mcm-llms-applied-in-law_context/data/sara_v3/statutes/prolog/utils.pl'].
:- ['/Users/sophie/code/2025-mcm-llms-applied-in-law_context/data/sara_v3/statutes/prolog/init.pl'].
:- discontiguous s63/3.
:- discontiguous s2_b/3.
:- [statutes/prolog/init].
s2_b("Alice",_,2017).
s63("Alice",2017,1172980).
2025-06-14 15:03:21,749 - INFO - 
Query:
s1_b_v(1172980,442985).
2025-06-14 15:03:21,892 - INFO - 
Query result: {'truth': True}
2025-06-14 15:03:21,892 - INFO - Result: correct

2025-06-14 15:03:21,893 - INFO - 
==================================================
Processing case: s1_c_i_neg
==================================================
2025-06-14 15:03:21,893 - INFO - Facts:
:- discontiguous s63/3.
:- [statutes/prolog/init].
s63("Alice",2017,718791).
2025-06-14 15:03:21,893 - INFO - Test query:
:- \+ s1_c_i(718791,265413).
2025-06-14 15:03:21,893 - INFO - 
Generated Prolog code:
:- ['/Users/sophie/code/2025-mcm-llms-applied-in-law_context/data/sara_v3/statutes/prolog/utils.pl'].
:- ['/Users/sophie/code/2025-mcm-llms-applied-in-law_context/data/sara_v3/statutes/prolog/init.pl'].
:- discontiguous s63/3.
:- [statutes/prolog/init].
s63("Alice",2017,718791).
2025-06-14 15:03:21,893 - INFO - 
Query:
\+ s1_c_i(718791,265413).
2025-06-14 15:03:22,031 - INFO - 
Query result: {'truth': True}
2025-06-14 15:03:22,031 - INFO - Result: correct

2025-06-14 15:03:22,032 - INFO - 
==================================================
Processing case: s1_c_i_pos
==================================================
2025-06-14 15:03:22,032 - INFO - Facts:
:- discontiguous s63/3.
:- [statutes/prolog/init].
s63("Alice",2017,7748).
2025-06-14 15:03:22,032 - INFO - Test query:
:- s1_c_i(7748,1162).
2025-06-14 15:03:22,032 - INFO - 
Generated Prolog code:
:- ['/Users/sophie/code/2025-mcm-llms-applied-in-law_context/data/sara_v3/statutes/prolog/utils.pl'].
:- ['/Users/sophie/code/2025-mcm-llms-applied-in-law_context/data/sara_v3/statutes/prolog/init.pl'].
:- discontiguous s63/3.
:- [statutes/prolog/init].
s63("Alice",2017,7748).
2025-06-14 15:03:22,032 - INFO - 
Query:
s1_c_i(7748,1162).
2025-06-14 15:03:22,175 - INFO - 
Query result: {'truth': True}
2025-06-14 15:03:22,175 - INFO - Result: correct

2025-06-14 15:03:22,176 - INFO - 
==================================================
Processing case: s1_c_ii_neg
==================================================
2025-06-14 15:03:22,176 - INFO - Facts:
:- discontiguous s63/3.
:- [statutes/prolog/init].
s63("Alice",2017,7748).
2025-06-14 15:03:22,176 - INFO - Test query:
:- \+ s1_c_ii(7748,1162).
2025-06-14 15:03:22,176 - INFO - 
Generated Prolog code:
:- ['/Users/sophie/code/2025-mcm-llms-applied-in-law_context/data/sara_v3/statutes/prolog/utils.pl'].
:- ['/Users/sophie/code/2025-mcm-llms-applied-in-law_context/data/sara_v3/statutes/prolog/init.pl'].
:- discontiguous s63/3.
:- [statutes/prolog/init].
s63("Alice",2017,7748).
2025-06-14 15:03:22,176 - INFO - 
Query:
\+ s1_c_ii(7748,1162).
2025-06-14 15:03:22,318 - INFO - 
Query result: {'truth': True}
2025-06-14 15:03:22,319 - INFO - Result: correct

2025-06-14 15:03:22,319 - INFO - 
==================================================
Processing case: s1_c_ii_pos
==================================================
2025-06-14 15:03:22,319 - INFO - Facts:
:- discontiguous s63/3.
:- [statutes/prolog/init].
s63("Alice",2017,22895).
2025-06-14 15:03:22,319 - INFO - Test query:
:- s1_c_ii(22895,3538).
2025-06-14 15:03:22,319 - INFO - 
Generated Prolog code:
:- ['/Users/sophie/code/2025-mcm-llms-applied-in-law_context/data/sara_v3/statutes/prolog/utils.pl'].
:- ['/Users/sophie/code/2025-mcm-llms-applied-in-law_context/data/sara_v3/statutes/prolog/init.pl'].
:- discontiguous s63/3.
:- [statutes/prolog/init].
s63("Alice",2017,22895).
2025-06-14 15:03:22,319 - INFO - 
Query:
s1_c_ii(22895,3538).
2025-06-14 15:03:22,463 - INFO - 
Query result: {'truth': True}
2025-06-14 15:03:22,463 - INFO - Result: correct

2025-06-14 15:03:22,464 - INFO - 
==================================================
Processing case: s1_c_iv_neg
==================================================
2025-06-14 15:03:22,464 - INFO - Facts:
:- discontiguous s63/3.
:- [statutes/prolog/init].
s63("Alice",2017,102268).
2025-06-14 15:03:22,464 - INFO - Test query:
:- \+ s1_c_iv(102268,27225).
2025-06-14 15:03:22,464 - INFO - 
Generated Prolog code:
:- ['/Users/sophie/code/2025-mcm-llms-applied-in-law_context/data/sara_v3/statutes/prolog/utils.pl'].
:- ['/Users/sophie/code/2025-mcm-llms-applied-in-law_context/data/sara_v3/statutes/prolog/init.pl'].
:- discontiguous s63/3.
:- [statutes/prolog/init].
s63("Alice",2017,102268).
2025-06-14 15:03:22,464 - INFO - 
Query:
\+ s1_c_iv(102268,27225).
2025-06-14 15:03:22,608 - INFO - 
Query result: {'truth': True}
2025-06-14 15:03:22,608 - INFO - Result: correct

2025-06-14 15:03:22,609 - INFO - 
==================================================
Processing case: s1_c_iv_pos
==================================================
2025-06-14 15:03:22,609 - INFO - Facts:
:- discontiguous s63/3.
:- [statutes/prolog/init].
s63("Alice",2017,210204).
2025-06-14 15:03:22,609 - INFO - Test query:
:- s1_c_iv(210204,65445).
2025-06-14 15:03:22,609 - INFO - 
Generated Prolog code:
:- ['/Users/sophie/code/2025-mcm-llms-applied-in-law_context/data/sara_v3/statutes/prolog/utils.pl'].
:- ['/Users/sophie/code/2025-mcm-llms-applied-in-law_context/data/sara_v3/statutes/prolog/init.pl'].
:- discontiguous s63/3.
:- [statutes/prolog/init].
s63("Alice",2017,210204).
2025-06-14 15:03:22,609 - INFO - 
Query:
s1_c_iv(210204,65445).
2025-06-14 15:03:22,748 - INFO - 
Query result: {'truth': True}
2025-06-14 15:03:22,748 - INFO - Result: correct

2025-06-14 15:03:22,748 - INFO - 
==================================================
Processing case: s1_c_v_neg
==================================================
2025-06-14 15:03:22,748 - INFO - Facts:
:- discontiguous s63/3.
:- [statutes/prolog/init].
s63("Alice",2017,210204).
2025-06-14 15:03:22,749 - INFO - Test query:
:- \+ s1_c_v(210204,65445).
2025-06-14 15:03:22,749 - INFO - 
Generated Prolog code:
:- ['/Users/sophie/code/2025-mcm-llms-applied-in-law_context/data/sara_v3/statutes/prolog/utils.pl'].
:- ['/Users/sophie/code/2025-mcm-llms-applied-in-law_context/data/sara_v3/statutes/prolog/init.pl'].
:- discontiguous s63/3.
:- [statutes/prolog/init].
s63("Alice",2017,210204).
2025-06-14 15:03:22,749 - INFO - 
Query:
\+ s1_c_v(210204,65445).
2025-06-14 15:03:22,891 - INFO - 
Query result: {'truth': True}
2025-06-14 15:03:22,891 - INFO - Result: correct

2025-06-14 15:03:22,892 - INFO - 
==================================================
Processing case: s1_c_v_pos
==================================================
2025-06-14 15:03:22,892 - INFO - Facts:
:- discontiguous s63/3.
:- [statutes/prolog/init].
s63("Alice",2017,718791).
2025-06-14 15:03:22,892 - INFO - Test query:
:- s1_c_v(718791,265413).
2025-06-14 15:03:22,892 - INFO - 
Generated Prolog code:
:- ['/Users/sophie/code/2025-mcm-llms-applied-in-law_context/data/sara_v3/statutes/prolog/utils.pl'].
:- ['/Users/sophie/code/2025-mcm-llms-applied-in-law_context/data/sara_v3/statutes/prolog/init.pl'].
:- discontiguous s63/3.
:- [statutes/prolog/init].
s63("Alice",2017,718791).
2025-06-14 15:03:22,892 - INFO - 
Query:
s1_c_v(718791,265413).
2025-06-14 15:03:23,031 - INFO - 
Query result: {'truth': True}
2025-06-14 15:03:23,032 - INFO - Result: correct

2025-06-14 15:03:23,032 - INFO - 
==================================================
Processing case: s1_d_iii_neg
==================================================
2025-06-14 15:03:23,032 - INFO - Facts:
:- discontiguous s7703/4.
:- discontiguous s63/3.
:- [statutes/prolog/init].
s7703("Alice",_,_,2017).
s63("Alice",2017,6662).
2025-06-14 15:03:23,032 - INFO - Test query:
:- \+ s1_d_iii(6662,999).
2025-06-14 15:03:23,032 - INFO - 
Generated Prolog code:
:- ['/Users/sophie/code/2025-mcm-llms-applied-in-law_context/data/sara_v3/statutes/prolog/utils.pl'].
:- ['/Users/sophie/code/2025-mcm-llms-applied-in-law_context/data/sara_v3/statutes/prolog/init.pl'].
:- discontiguous s7703/4.
:- discontiguous s63/3.
:- [statutes/prolog/init].
s7703("Alice",_,_,2017).
s63("Alice",2017,6662).
2025-06-14 15:03:23,033 - INFO - 
Query:
\+ s1_d_iii(6662,999).
2025-06-14 15:03:23,175 - INFO - 
Query result: {'truth': True}
2025-06-14 15:03:23,175 - INFO - Result: correct

2025-06-14 15:03:23,176 - INFO - 
==================================================
Processing case: s1_d_iii_pos
==================================================
2025-06-14 15:03:23,176 - INFO - Facts:
:- discontiguous s7703/4.
:- discontiguous s63/3.
:- [statutes/prolog/init].
s7703("Alice",_,_,2017).
s63("Alice",2017,67285).
2025-06-14 15:03:23,176 - INFO - Test query:
:- s1_d_iii(67285,17123).
2025-06-14 15:03:23,176 - INFO - 
Generated Prolog code:
:- ['/Users/sophie/code/2025-mcm-llms-applied-in-law_context/data/sara_v3/statutes/prolog/utils.pl'].
:- ['/Users/sophie/code/2025-mcm-llms-applied-in-law_context/data/sara_v3/statutes/prolog/init.pl'].
:- discontiguous s7703/4.
:- discontiguous s63/3.
:- [statutes/prolog/init].
s7703("Alice",_,_,2017).
s63("Alice",2017,67285).
2025-06-14 15:03:23,176 - INFO - 
Query:
s1_d_iii(67285,17123).
2025-06-14 15:03:23,319 - INFO - 
Query result: {'truth': True}
2025-06-14 15:03:23,320 - INFO - Result: correct

2025-06-14 15:03:23,320 - INFO - 
==================================================
Processing case: s1_d_iv_neg
==================================================
2025-06-14 15:03:23,320 - INFO - Facts:
:- discontiguous s7703/4.
:- discontiguous s63/3.
:- [statutes/prolog/init].
s7703("Alice",_,_,2017).
s63("Alice",2017,28864).
2025-06-14 15:03:23,320 - INFO - Test query:
:- \+ s1_d_iv(28864,5683).
2025-06-14 15:03:23,320 - INFO - 
Generated Prolog code:
:- ['/Users/sophie/code/2025-mcm-llms-applied-in-law_context/data/sara_v3/statutes/prolog/utils.pl'].
:- ['/Users/sophie/code/2025-mcm-llms-applied-in-law_context/data/sara_v3/statutes/prolog/init.pl'].
:- discontiguous s7703/4.
:- discontiguous s63/3.
:- [statutes/prolog/init].
s7703("Alice",_,_,2017).
s63("Alice",2017,28864).
2025-06-14 15:03:23,320 - INFO - 
Query:
\+ s1_d_iv(28864,5683).
2025-06-14 15:03:23,460 - INFO - 
Query result: {'truth': True}
2025-06-14 15:03:23,460 - INFO - Result: correct

2025-06-14 15:03:23,461 - INFO - 
==================================================
Processing case: s1_d_iv_pos
==================================================
2025-06-14 15:03:23,461 - INFO - Facts:
:- discontiguous s7703/4.
:- discontiguous s63/3.
:- [statutes/prolog/init].
s7703("Alice",_,_,2017).
s63("Alice",2017,113580).
2025-06-14 15:03:23,461 - INFO - Test query:
:- s1_d_iv(113580,33653).
2025-06-14 15:03:23,461 - INFO - 
Generated Prolog code:
:- ['/Users/sophie/code/2025-mcm-llms-applied-in-law_context/data/sara_v3/statutes/prolog/utils.pl'].
:- ['/Users/sophie/code/2025-mcm-llms-applied-in-law_context/data/sara_v3/statutes/prolog/init.pl'].
:- discontiguous s7703/4.
:- discontiguous s63/3.
:- [statutes/prolog/init].
s7703("Alice",_,_,2017).
s63("Alice",2017,113580).
2025-06-14 15:03:23,461 - INFO - 
Query:
s1_d_iv(113580,33653).
2025-06-14 15:03:23,603 - INFO - 
Query result: {'truth': True}
2025-06-14 15:03:23,603 - INFO - Result: correct

2025-06-14 15:03:23,606 - INFO - 
==================================================
Processing case: s1_d_v_neg
==================================================
2025-06-14 15:03:23,606 - INFO - Facts:
:- discontiguous s7703/4.
:- discontiguous s63/3.
:- [statutes/prolog/init.pl].
s7703("Alice","married",_,2017).
s63("Alice",2017,554313).
2025-06-14 15:03:23,606 - INFO - Test query:
:- \+ s1_d_v(554313,20772).
2025-06-14 15:03:23,606 - INFO - 
Generated Prolog code:
:- ['/Users/sophie/code/2025-mcm-llms-applied-in-law_context/data/sara_v3/statutes/prolog/utils.pl'].
:- ['/Users/sophie/code/2025-mcm-llms-applied-in-law_context/data/sara_v3/statutes/prolog/init.pl'].
:- discontiguous s7703/4.
:- discontiguous s63/3.
:- [statutes/prolog/init.pl].
s7703("Alice","married",_,2017).
s63("Alice",2017,554313).
2025-06-14 15:03:23,606 - INFO - 
Query:
\+ s1_d_v(554313,20772).
2025-06-14 15:03:23,748 - INFO - 
Query result: {'truth': True}
2025-06-14 15:03:23,748 - INFO - Result: correct

2025-06-14 15:03:23,749 - INFO - 
==================================================
Processing case: s1_d_v_pos
==================================================
2025-06-14 15:03:23,749 - INFO - Facts:
:- discontiguous s7703/4.
:- discontiguous s63/3.
:- [statutes/prolog/init].
s7703("Alice","married",_,2017).
s63("Alice",2017,554313).
2025-06-14 15:03:23,749 - INFO - Test query:
:- s1_d_v(554313,207772).
2025-06-14 15:03:23,749 - INFO - 
Generated Prolog code:
:- ['/Users/sophie/code/2025-mcm-llms-applied-in-law_context/data/sara_v3/statutes/prolog/utils.pl'].
:- ['/Users/sophie/code/2025-mcm-llms-applied-in-law_context/data/sara_v3/statutes/prolog/init.pl'].
:- discontiguous s7703/4.
:- discontiguous s63/3.
:- [statutes/prolog/init].
s7703("Alice","married",_,2017).
s63("Alice",2017,554313).
2025-06-14 15:03:23,749 - INFO - 
Query:
s1_d_v(554313,207772).
2025-06-14 15:03:23,892 - INFO - 
Query result: {'truth': True}
2025-06-14 15:03:23,893 - INFO - Result: correct

2025-06-14 15:03:23,893 - INFO - 
==================================================
Processing case: s2_a_1_A_neg
==================================================
2025-06-14 15:03:23,893 - INFO - Facts:
:- [statutes/prolog/init].
marriage_(span("married",18,24)).
death_(span("died",50,53)).
agent_(span("died",50,53),span("Alice",44,48)).
start_(span("died",50,53),span(20140709,58,71)).
agent_(span("married",18,24),span("Alice",0,4)).
agent_(span("married",18,24),span("Bob",10,12)).
start_(span("married",18,24),span(19920203,29,41)).
2025-06-14 15:03:23,893 - INFO - Test query:
:- \+ s2_a_1_A("Bob",_,_,_,2014).
2025-06-14 15:03:23,894 - INFO - 
Generated Prolog code:
:- ['/Users/sophie/code/2025-mcm-llms-applied-in-law_context/data/sara_v3/statutes/prolog/utils.pl'].
:- ['/Users/sophie/code/2025-mcm-llms-applied-in-law_context/data/sara_v3/statutes/prolog/init.pl'].
:- [statutes/prolog/init].
marriage_(span("married",18,24)).
death_(span("died",50,53)).
agent_(span("died",50,53),span("Alice",44,48)).
start_(span("died",50,53),span(20140709,58,71)).
agent_(span("married",18,24),span("Alice",0,4)).
agent_(span("married",18,24),span("Bob",10,12)).
start_(span("married",18,24),span(19920203,29,41)).
2025-06-14 15:03:23,894 - INFO - 
Query:
\+ s2_a_1_A("Bob",_,_,_,2014).
2025-06-14 15:03:24,037 - INFO - 
Query result: {'truth': True}
2025-06-14 15:03:24,037 - INFO - Result: correct

2025-06-14 15:03:24,037 - INFO - 
==================================================
Processing case: s2_a_1_A_pos
==================================================
2025-06-14 15:03:24,037 - INFO - Facts:
:- [statutes/prolog/init].
marriage_(span("married",18,24)).
death_(span("died",50,53)).
agent_(span("died",50,53),span("Alice",44,48)).
start_(span("died",50,53),span(20140709,58,71)).
agent_(span("married",18,24),span("Alice",0,4)).
agent_(span("married",18,24),span("Bob",10,12)).
start_(span("married",18,24),span(19920203,29,41)).
2025-06-14 15:03:24,037 - INFO - Test query:
:- s2_a_1_A("Bob",_,_,_,2015).
2025-06-14 15:03:24,038 - INFO - 
Generated Prolog code:
:- ['/Users/sophie/code/2025-mcm-llms-applied-in-law_context/data/sara_v3/statutes/prolog/utils.pl'].
:- ['/Users/sophie/code/2025-mcm-llms-applied-in-law_context/data/sara_v3/statutes/prolog/init.pl'].
:- [statutes/prolog/init].
marriage_(span("married",18,24)).
death_(span("died",50,53)).
agent_(span("died",50,53),span("Alice",44,48)).
start_(span("died",50,53),span(20140709,58,71)).
agent_(span("married",18,24),span("Alice",0,4)).
agent_(span("married",18,24),span("Bob",10,12)).
start_(span("married",18,24),span(19920203,29,41)).
2025-06-14 15:03:24,038 - INFO - 
Query:
s2_a_1_A("Bob",_,_,_,2015).
2025-06-14 15:03:24,181 - INFO - 
Query result: {'truth': True}
2025-06-14 15:03:24,182 - INFO - Result: correct

2025-06-14 15:03:24,182 - INFO - 
==================================================
Processing case: s2_a_2_A_neg
==================================================
2025-06-14 15:03:24,182 - INFO - Facts:
:- [statutes/prolog/init].
marriage_(span("married",18,24)).
death_(span("died",50,53)).
marriage_(span("married",78,84)).
agent_(span("died",50,53),span("Alice",44,48)).
start_(span("died",50,53),span(20140709,58,71)).
agent_(span("married",78,84),span("Bob",74,76)).
agent_(span("married",78,84),span("Charlie",86,92)).
start_(span("married",78,84),span(20150914,97,116)).
agent_(span("married",18,24),span("Alice",0,4)).
agent_(span("married",18,24),span("Bob",10,12)).
start_(span("married",18,24),span(19920203,29,41)).
2025-06-14 15:03:24,182 - INFO - Test query:
:- \+ s2_a_2_A("Bob",_,_,_,2014).
2025-06-14 15:03:24,182 - INFO - 
Generated Prolog code:
:- ['/Users/sophie/code/2025-mcm-llms-applied-in-law_context/data/sara_v3/statutes/prolog/utils.pl'].
:- ['/Users/sophie/code/2025-mcm-llms-applied-in-law_context/data/sara_v3/statutes/prolog/init.pl'].
:- [statutes/prolog/init].
marriage_(span("married",18,24)).
death_(span("died",50,53)).
marriage_(span("married",78,84)).
agent_(span("died",50,53),span("Alice",44,48)).
start_(span("died",50,53),span(20140709,58,71)).
agent_(span("married",78,84),span("Bob",74,76)).
agent_(span("married",78,84),span("Charlie",86,92)).
start_(span("married",78,84),span(20150914,97,116)).
agent_(span("married",18,24),span("Alice",0,4)).
agent_(span("married",18,24),span("Bob",10,12)).
start_(span("married",18,24),span(19920203,29,41)).
2025-06-14 15:03:24,183 - INFO - 
Query:
\+ s2_a_2_A("Bob",_,_,_,2014).
2025-06-14 15:03:24,325 - INFO - 
Query result: {'truth': True}
2025-06-14 15:03:24,326 - INFO - Result: correct

2025-06-14 15:03:24,326 - INFO - 
==================================================
Processing case: s2_a_2_A_pos
==================================================
2025-06-14 15:03:24,326 - INFO - Facts:
:- [statutes/prolog/init].
marriage_(span("married",18,24)).
death_(span("died",50,53)).
marriage_(span("married",78,84)).
agent_(span("died",50,53),span("Alice",44,48)).
start_(span("died",50,53),span(20140709,58,71)).
agent_(span("married",78,84),span("Bob",74,76)).
agent_(span("married",78,84),span("Charlie",86,92)).
start_(span("married",78,84),span(20150914,97,116)).
agent_(span("married",18,24),span("Alice",0,4)).
agent_(span("married",18,24),span("Bob",10,12)).
start_(span("married",18,24),span(19920203,29,41)).
2025-06-14 15:03:24,326 - INFO - Test query:
:- s2_a_2_A("Bob",_,_,_,2015).
2025-06-14 15:03:24,327 - INFO - 
Generated Prolog code:
:- ['/Users/sophie/code/2025-mcm-llms-applied-in-law_context/data/sara_v3/statutes/prolog/utils.pl'].
:- ['/Users/sophie/code/2025-mcm-llms-applied-in-law_context/data/sara_v3/statutes/prolog/init.pl'].
:- [statutes/prolog/init].
marriage_(span("married",18,24)).
death_(span("died",50,53)).
marriage_(span("married",78,84)).
agent_(span("died",50,53),span("Alice",44,48)).
start_(span("died",50,53),span(20140709,58,71)).
agent_(span("married",78,84),span("Bob",74,76)).
agent_(span("married",78,84),span("Charlie",86,92)).
start_(span("married",78,84),span(20150914,97,116)).
agent_(span("married",18,24),span("Alice",0,4)).
agent_(span("married",18,24),span("Bob",10,12)).
start_(span("married",18,24),span(19920203,29,41)).
2025-06-14 15:03:24,327 - INFO - 
Query:
s2_a_2_A("Bob",_,_,_,2015).
2025-06-14 15:03:24,465 - INFO - 
Query result: {'truth': True}
2025-06-14 15:03:24,465 - INFO - Result: correct

2025-06-14 15:03:24,465 - INFO - 
==================================================
Processing case: s2_a_2_B_neg
==================================================
2025-06-14 15:03:24,465 - INFO - Facts:
:- [statutes/prolog/init].
marriage_(span("married",18,24)).
death_(span("died",50,53)).
nonresident_alien_(span("nonresident alien",86,102)).
agent_(span("died",50,53),span("Alice",44,48)).
start_(span("died",50,53),span(20140709,58,71)).
agent_(span("married",18,24),span("Alice",0,4)).
agent_(span("married",18,24),span("Bob",10,12)).
start_(span("married",18,24),span(19920203,29,41)).
agent_(span("nonresident alien",86,102),span("Alice",74,78)).
start_(span("nonresident alien",86,102),span(19900304,110,124)).
2025-06-14 15:03:24,465 - INFO - Test query:
:- \+ s2_a_2_B("Bob",_,2014).
2025-06-14 15:03:24,466 - INFO - 
Generated Prolog code:
:- ['/Users/sophie/code/2025-mcm-llms-applied-in-law_context/data/sara_v3/statutes/prolog/utils.pl'].
:- ['/Users/sophie/code/2025-mcm-llms-applied-in-law_context/data/sara_v3/statutes/prolog/init.pl'].
:- [statutes/prolog/init].
marriage_(span("married",18,24)).
death_(span("died",50,53)).
nonresident_alien_(span("nonresident alien",86,102)).
agent_(span("died",50,53),span("Alice",44,48)).
start_(span("died",50,53),span(20140709,58,71)).
agent_(span("married",18,24),span("Alice",0,4)).
agent_(span("married",18,24),span("Bob",10,12)).
start_(span("married",18,24),span(19920203,29,41)).
agent_(span("nonresident alien",86,102),span("Alice",74,78)).
start_(span("nonresident alien",86,102),span(19900304,110,124)).
2025-06-14 15:03:24,466 - INFO - 
Query:
\+ s2_a_2_B("Bob",_,2014).
2025-06-14 15:03:24,608 - INFO - 
Query result: {'truth': True}
2025-06-14 15:03:24,608 - INFO - Result: correct

2025-06-14 15:03:24,609 - INFO - 
==================================================
Processing case: s2_a_2_B_pos
==================================================
2025-06-14 15:03:24,609 - INFO - Facts:
:- [statutes/prolog/init].
marriage_(span("married",18,24)).
death_(span("died",50,53)).
agent_(span("died",50,53),span("Alice",44,48)).
start_(span("died",50,53),span(20140709,58,71)).
agent_(span("married",18,24),span("Alice",0,4)).
agent_(span("married",18,24),span("Bob",10,12)).
start_(span("married",18,24),span(19920203,29,41)).
2025-06-14 15:03:24,609 - INFO - Test query:
:- s2_a_2_B("Bob",_,2014).
2025-06-14 15:03:24,609 - INFO - 
Generated Prolog code:
:- ['/Users/sophie/code/2025-mcm-llms-applied-in-law_context/data/sara_v3/statutes/prolog/utils.pl'].
:- ['/Users/sophie/code/2025-mcm-llms-applied-in-law_context/data/sara_v3/statutes/prolog/init.pl'].
:- [statutes/prolog/init].
marriage_(span("married",18,24)).
death_(span("died",50,53)).
agent_(span("died",50,53),span("Alice",44,48)).
start_(span("died",50,53),span(20140709,58,71)).
agent_(span("married",18,24),span("Alice",0,4)).
agent_(span("married",18,24),span("Bob",10,12)).
start_(span("married",18,24),span(19920203,29,41)).
2025-06-14 15:03:24,609 - INFO - 
Query:
s2_a_2_B("Bob",_,2014).
2025-06-14 15:03:24,748 - INFO - 
Query result: {'truth': True}
2025-06-14 15:03:24,748 - INFO - Result: correct

2025-06-14 15:03:24,749 - INFO - 
==================================================
Processing case: s2_b_1_A_neg
==================================================
2025-06-14 15:03:24,749 - INFO - Facts:
:- [statutes/prolog/init].
bob_household_maintenance(Year,Event,Start_day,End_day) :-
    between(2004,2019,Year),
    atom_concat("furnished 40% of the costs of maintaining the home ",Year,Event),
    first_day_year(Year,Start_day),
    last_day_year(Year,End_day).
payment_(span(Event,158,166)) :- bob_household_maintenance(_,Event,_,_).
agent_(span(Event,158,166),span("Bob",154,156)) :- bob_household_maintenance(_,Event,_,_).
amount_(span(Event,158,166),span(40,168,169)) :- bob_household_maintenance(_,Event,_,_).
purpose_(span(Event,158,166),span("home",204,207)) :- bob_household_maintenance(_,Event,_,_).
start_(span(Event,158,166),span(Start_day,140,143)) :- bob_household_maintenance(_,Event,Start_day,_).
end_(span(Event,158,166),span(End_day,148,151)) :- bob_household_maintenance(_,Event,_,End_day).
someone_household_maintenance(Year,Event,Start_day,End_day) :-
    between(2004,2019,Year),
    atom_concat("the costs of maintaining the home ",Year,Event),
    first_day_year(Year,Start_day),
    last_day_year(Year,End_day).
payment_(span(Event,179,183)) :- someone_household_maintenance(_,Event,_,_).
agent_(span(Event,179,183),span("someone",154,156)) :- someone_household_maintenance(_,Event,_,_).
amount_(span(Event,179,183),span(60,168,170)) :- someone_household_maintenance(_,Event,_,_).
purpose_(span(Event,179,183),span("home",204,207)) :- someone_household_maintenance(_,Event,_,_).
start_(span(Event,179,183),span(Start_day,140,143)) :- someone_household_maintenance(_,Event,Start_day,_).
end_(span(Event,179,183),span(End_day,148,151)) :- someone_household_maintenance(_,Event,_,End_day).
marriage_(span("married",18,24)).
son_(span("child",65,69)).
death_(span("died",111,114)).
residence_(span("lived",230,234)).
agent_(span("died",111,114),span("Alice",105,109)).
start_(span("died",111,114),span(20140709,119,132)).
agent_(span("married",18,24),span("Alice",0,4)).
agent_(span("married",18,24),span("Bob",10,12)).
start_(span("married",18,24),span(19920203,29,41)).
start_(span("lived",230,234),span(20040101,140,143)).
end_(span("lived",230,234),span(20191231,148,151)).
agent_(span("lived",230,234),span("Bob",154,156)).
patient_(span("lived",230,234),span("home",204,207)).
agent_(span("lived",230,234),span("Charlie",222,228)).
patient_(span("child",65,69),span("Alice",44,48)).
patient_(span("child",65,69),span("Bob",54,56)).
agent_(span("child",65,69),span("Charlie",72,78)).
start_(span("child",65,69),span(20001009,86,102)).
birth_(span("born",81,84)).
agent_(span("born",81,84),span("Charlie",72,78)).
start_(span("born",81,84),span(20001009,86,102)).
2025-06-14 15:03:24,749 - INFO - Test query:
:- \+ s2_b_1_A("Bob",_,_,2018).
2025-06-14 15:03:24,749 - INFO - 
Generated Prolog code:
:- ['/Users/sophie/code/2025-mcm-llms-applied-in-law_context/data/sara_v3/statutes/prolog/utils.pl'].
:- ['/Users/sophie/code/2025-mcm-llms-applied-in-law_context/data/sara_v3/statutes/prolog/init.pl'].
:- [statutes/prolog/init].
bob_household_maintenance(Year,Event,Start_day,End_day) :-
between(2004,2019,Year),
atom_concat("furnished 40% of the costs of maintaining the home ",Year,Event),
first_day_year(Year,Start_day),
last_day_year(Year,End_day).
payment_(span(Event,158,166)) :- bob_household_maintenance(_,Event,_,_).
agent_(span(Event,158,166),span("Bob",154,156)) :- bob_household_maintenance(_,Event,_,_).
amount_(span(Event,158,166),span(40,168,169)) :- bob_household_maintenance(_,Event,_,_).
purpose_(span(Event,158,166),span("home",204,207)) :- bob_household_maintenance(_,Event,_,_).
start_(span(Event,158,166),span(Start_day,140,143)) :- bob_household_maintenance(_,Event,Start_day,_).
end_(span(Event,158,166),span(End_day,148,151)) :- bob_household_maintenance(_,Event,_,End_day).
someone_household_maintenance(Year,Event,Start_day,End_day) :-
between(2004,2019,Year),
atom_concat("the costs of maintaining the home ",Year,Event),
first_day_year(Year,Start_day),
last_day_year(Year,End_day).
payment_(span(Event,179,183)) :- someone_household_maintenance(_,Event,_,_).
agent_(span(Event,179,183),span("someone",154,156)) :- someone_household_maintenance(_,Event,_,_).
amount_(span(Event,179,183),span(60,168,170)) :- someone_household_maintenance(_,Event,_,_).
purpose_(span(Event,179,183),span("home",204,207)) :- someone_household_maintenance(_,Event,_,_).
start_(span(Event,179,183),span(Start_day,140,143)) :- someone_household_maintenance(_,Event,Start_day,_).
end_(span(Event,179,183),span(End_day,148,151)) :- someone_household_maintenance(_,Event,_,End_day).
marriage_(span("married",18,24)).
son_(span("child",65,69)).
death_(span("died",111,114)).
residence_(span("lived",230,234)).
agent_(span("died",111,114),span("Alice",105,109)).
start_(span("died",111,114),span(20140709,119,132)).
agent_(span("married",18,24),span("Alice",0,4)).
agent_(span("married",18,24),span("Bob",10,12)).
start_(span("married",18,24),span(19920203,29,41)).
start_(span("lived",230,234),span(20040101,140,143)).
end_(span("lived",230,234),span(20191231,148,151)).
agent_(span("lived",230,234),span("Bob",154,156)).
patient_(span("lived",230,234),span("home",204,207)).
agent_(span("lived",230,234),span("Charlie",222,228)).
patient_(span("child",65,69),span("Alice",44,48)).
patient_(span("child",65,69),span("Bob",54,56)).
agent_(span("child",65,69),span("Charlie",72,78)).
start_(span("child",65,69),span(20001009,86,102)).
birth_(span("born",81,84)).
agent_(span("born",81,84),span("Charlie",72,78)).
start_(span("born",81,84),span(20001009,86,102)).
2025-06-14 15:03:24,749 - INFO - 
Query:
\+ s2_b_1_A("Bob",_,_,2018).
2025-06-14 15:03:24,894 - INFO - 
Query result: {'truth': True}
2025-06-14 15:03:24,894 - INFO - Result: correct

2025-06-14 15:03:24,894 - INFO - 
==================================================
Processing case: s2_b_1_A_pos
==================================================
2025-06-14 15:03:24,894 - INFO - Facts:
:- discontiguous s152_c/3.
:- [statutes/prolog/init.pl].
bob_household_maintenance(Year,Event,Start_day,End_day) :-
    between(2004,2019,Year),
    atom_concat("furnished the costs of maintaining the home ",Year,Event),
    first_day_year(Year,Start_day),
    last_day_year(Year,End_day).
payment_(span(Event,158,166)) :- bob_household_maintenance(_,Event,_,_).
agent_(span(Event,158,166),span("Bob",154,156)) :- bob_household_maintenance(_,Event,_,_).
amount_(span(Event,158,166),span(1,168,170)) :- bob_household_maintenance(_,Event,_,_).
purpose_(span(Event,158,166),span("home",197,200)) :- bob_household_maintenance(_,Event,_,_).
start_(span(Event,158,166),span(Start_day,140,143)) :- bob_household_maintenance(_,Event,Start_day,_).
end_(span(Event,158,166),span(End_day,148,151)) :- bob_household_maintenance(_,Event,_,End_day).
s152_c("Charlie","Bob",2004).
s152_c("Charlie","Bob",2005).
s152_c("Charlie","Bob",2006).
s152_c("Charlie","Bob",2007).
s152_c("Charlie","Bob",2008).
s152_c("Charlie","Bob",2009).
s152_c("Charlie","Bob",2010).
s152_c("Charlie","Bob",2011).
s152_c("Charlie","Bob",2012).
s152_c("Charlie","Bob",2013).
s152_c("Charlie","Bob",2014).
s152_c("Charlie","Bob",2015).
s152_c("Charlie","Bob",2016).
s152_c("Charlie","Bob",2017).
s152_c("Charlie","Bob",2018).
s152_c("Charlie","Bob",2019).
marriage_(span("married",18,24)).
son_(span("child",65,69)).
death_(span("died",111,114)).
residence_(span("lived",223,227)).
agent_(span("died",111,114),span("Alice",105,109)).
start_(span("died",111,114),span(20140709,119,132)).
agent_(span("married",18,24),span("Alice",0,4)).
agent_(span("married",18,24),span("Bob",10,12)).
start_(span("married",18,24),span(19920203,29,41)).
agent_(span("lived",223,227),span("Bob",154,156)).
patient_(span("lived",223,227),span("home",197,200)).
agent_(span("lived",223,227),span("Charlie",215,221)).
start_(span("lived",223,227),span(20040101,140,143)).
end_(span("lived",223,227),span(20191231,148,151)).
patient_(span("child",65,69),span("Alice",44,48)).
patient_(span("child",65,69),span("Bob",54,56)).
agent_(span("child",65,69),span("Charlie",72,78)).
start_(span("child",65,69),span(20001009,86,102)).
birth_(span("born",81,84)).
agent_(span("born",81,84),span("Charlie",72,78)).
start_(span("born",81,84),span(20001009,86,102)).
2025-06-14 15:03:24,894 - INFO - Test query:
:- s2_b_1_A("Bob",_,_,2018).
2025-06-14 15:03:24,895 - INFO - 
Generated Prolog code:
:- ['/Users/sophie/code/2025-mcm-llms-applied-in-law_context/data/sara_v3/statutes/prolog/section152.pl'].
:- ['/Users/sophie/code/2025-mcm-llms-applied-in-law_context/data/sara_v3/statutes/prolog/utils.pl'].
:- ['/Users/sophie/code/2025-mcm-llms-applied-in-law_context/data/sara_v3/statutes/prolog/init.pl'].
:- discontiguous s152_c/3.
:- [statutes/prolog/init.pl].
bob_household_maintenance(Year,Event,Start_day,End_day) :-
between(2004,2019,Year),
atom_concat("furnished the costs of maintaining the home ",Year,Event),
first_day_year(Year,Start_day),
last_day_year(Year,End_day).
payment_(span(Event,158,166)) :- bob_household_maintenance(_,Event,_,_).
agent_(span(Event,158,166),span("Bob",154,156)) :- bob_household_maintenance(_,Event,_,_).
amount_(span(Event,158,166),span(1,168,170)) :- bob_household_maintenance(_,Event,_,_).
purpose_(span(Event,158,166),span("home",197,200)) :- bob_household_maintenance(_,Event,_,_).
start_(span(Event,158,166),span(Start_day,140,143)) :- bob_household_maintenance(_,Event,Start_day,_).
end_(span(Event,158,166),span(End_day,148,151)) :- bob_household_maintenance(_,Event,_,End_day).
s152_c("Charlie","Bob",2004).
s152_c("Charlie","Bob",2005).
s152_c("Charlie","Bob",2006).
s152_c("Charlie","Bob",2007).
s152_c("Charlie","Bob",2008).
s152_c("Charlie","Bob",2009).
s152_c("Charlie","Bob",2010).
s152_c("Charlie","Bob",2011).
s152_c("Charlie","Bob",2012).
s152_c("Charlie","Bob",2013).
s152_c("Charlie","Bob",2014).
s152_c("Charlie","Bob",2015).
s152_c("Charlie","Bob",2016).
s152_c("Charlie","Bob",2017).
s152_c("Charlie","Bob",2018).
s152_c("Charlie","Bob",2019).
marriage_(span("married",18,24)).
son_(span("child",65,69)).
death_(span("died",111,114)).
residence_(span("lived",223,227)).
agent_(span("died",111,114),span("Alice",105,109)).
start_(span("died",111,114),span(20140709,119,132)).
agent_(span("married",18,24),span("Alice",0,4)).
agent_(span("married",18,24),span("Bob",10,12)).
start_(span("married",18,24),span(19920203,29,41)).
agent_(span("lived",223,227),span("Bob",154,156)).
patient_(span("lived",223,227),span("home",197,200)).
agent_(span("lived",223,227),span("Charlie",215,221)).
start_(span("lived",223,227),span(20040101,140,143)).
end_(span("lived",223,227),span(20191231,148,151)).
patient_(span("child",65,69),span("Alice",44,48)).
patient_(span("child",65,69),span("Bob",54,56)).
agent_(span("child",65,69),span("Charlie",72,78)).
start_(span("child",65,69),span(20001009,86,102)).
birth_(span("born",81,84)).
agent_(span("born",81,84),span("Charlie",72,78)).
start_(span("born",81,84),span(20001009,86,102)).
2025-06-14 15:03:24,895 - INFO - 
Query:
s2_b_1_A("Bob",_,_,2018).
2025-06-14 15:03:25,038 - INFO - 
Query result: {'truth': True}
2025-06-14 15:03:25,038 - INFO - Result: correct

2025-06-14 15:03:25,038 - INFO - 
==================================================
Processing case: s2_b_1_B_neg
==================================================
2025-06-14 15:03:25,038 - INFO - Facts:
:- discontiguous s151_c_applies/3.
:- [statutes/prolog/init].
bob_household_maintenance(Year,Event,Start_day,End_day) :-
    between(2004,2019,Year),
    atom_concat("furnished the costs of maintaining the home ",Year,Event),
    first_day_year(Year,Start_day),
    last_day_year(Year,End_day).
payment_(span(Event,158,166)) :- bob_household_maintenance(_,Event,_,_).
agent_(span(Event,158,166),span("Bob",154,156)) :- bob_household_maintenance(_,Event,_,_).
amount_(span(Event,158,166),span(1,168,170)) :- bob_household_maintenance(_,Event,_,_).
purpose_(span(Event,158,166),span("home",197,200)) :- bob_household_maintenance(_,Event,_,_).
start_(span(Event,158,166),span(Start_day,140,143)) :- bob_household_maintenance(_,Event,Start_day,_).
end_(span(Event,158,166),span(End_day,148,151)) :- bob_household_maintenance(_,Event,_,End_day).
s151_c_applies("Bob","Charlie",Year) :- between(2015,2019,Year).
marriage_(span("married",18,24)).
son_(span("child",65,69)).
death_(span("died",111,114)).
residence_(span("lived",223,227)).
agent_(span("died",111,114),span("Alice",105,109)).
start_(span("died",111,114),span(20140709,119,132)).
agent_(span("married",18,24),span("Alice",0,4)).
agent_(span("married",18,24),span("Bob",10,12)).
start_(span("married",18,24),span(19920203,29,41)).
start_(span("lived",223,227),span(20040101,140,143)).
agent_(span("lived",223,227),span("Bob",154,156)).
patient_(span("lived",223,227),span("home",197,200)).
agent_(span("lived",223,227),span("Charlie",215,221)).
end_(span("lived",223,227),span(20191231,148,151)).
patient_(span("child",65,69),span("Alice",44,48)).
patient_(span("child",65,69),span("Bob",54,56)).
agent_(span("child",65,69),span("Charlie",72,78)).
start_(span("child",65,69),span(20001009,86,102)).
birth_(span("born",81,84)).
agent_(span("born",81,84),span("Charlie",72,78)).
start_(span("born",81,84),span(20001009,86,102)).
2025-06-14 15:03:25,038 - INFO - Test query:
:- \+ s2_b_1_B("Bob",_,_,_,2018).
2025-06-14 15:03:25,038 - INFO - 
Generated Prolog code:
:- ['/Users/sophie/code/2025-mcm-llms-applied-in-law_context/data/sara_v3/statutes/prolog/utils.pl'].
:- ['/Users/sophie/code/2025-mcm-llms-applied-in-law_context/data/sara_v3/statutes/prolog/section151.pl'].
:- ['/Users/sophie/code/2025-mcm-llms-applied-in-law_context/data/sara_v3/statutes/prolog/init.pl'].
:- discontiguous s151_c_applies/3.
:- [statutes/prolog/init].
bob_household_maintenance(Year,Event,Start_day,End_day) :-
between(2004,2019,Year),
atom_concat("furnished the costs of maintaining the home ",Year,Event),
first_day_year(Year,Start_day),
last_day_year(Year,End_day).
payment_(span(Event,158,166)) :- bob_household_maintenance(_,Event,_,_).
agent_(span(Event,158,166),span("Bob",154,156)) :- bob_household_maintenance(_,Event,_,_).
amount_(span(Event,158,166),span(1,168,170)) :- bob_household_maintenance(_,Event,_,_).
purpose_(span(Event,158,166),span("home",197,200)) :- bob_household_maintenance(_,Event,_,_).
start_(span(Event,158,166),span(Start_day,140,143)) :- bob_household_maintenance(_,Event,Start_day,_).
end_(span(Event,158,166),span(End_day,148,151)) :- bob_household_maintenance(_,Event,_,End_day).
s151_c_applies("Bob","Charlie",Year) :- between(2015,2019,Year).
marriage_(span("married",18,24)).
son_(span("child",65,69)).
death_(span("died",111,114)).
residence_(span("lived",223,227)).
agent_(span("died",111,114),span("Alice",105,109)).
start_(span("died",111,114),span(20140709,119,132)).
agent_(span("married",18,24),span("Alice",0,4)).
agent_(span("married",18,24),span("Bob",10,12)).
start_(span("married",18,24),span(19920203,29,41)).
start_(span("lived",223,227),span(20040101,140,143)).
agent_(span("lived",223,227),span("Bob",154,156)).
patient_(span("lived",223,227),span("home",197,200)).
agent_(span("lived",223,227),span("Charlie",215,221)).
end_(span("lived",223,227),span(20191231,148,151)).
patient_(span("child",65,69),span("Alice",44,48)).
patient_(span("child",65,69),span("Bob",54,56)).
agent_(span("child",65,69),span("Charlie",72,78)).
start_(span("child",65,69),span(20001009,86,102)).
birth_(span("born",81,84)).
agent_(span("born",81,84),span("Charlie",72,78)).
start_(span("born",81,84),span(20001009,86,102)).
2025-06-14 15:03:25,038 - INFO - 
Query:
\+ s2_b_1_B("Bob",_,_,_,2018).
2025-06-14 15:03:25,184 - INFO - 
Query result: {'truth': True}
2025-06-14 15:03:25,184 - INFO - Result: correct

2025-06-14 15:03:25,185 - INFO - 
==================================================
Processing case: s2_b_1_B_pos
==================================================
2025-06-14 15:03:25,185 - INFO - Facts:
:- discontiguous s151_c_applies/3.
:- [statutes/prolog/init].
bob_household_maintenance(Year,Event,Start_day,End_day) :-
    between(2004,2019,Year),
    atom_concat("furnished the costs of maintaining the home ",Year,Event),
    first_day_year(Year,Start_day),
    last_day_year(Year,End_day).
payment_(span(Event,97,105)) :- bob_household_maintenance(_,Event,_,_).
agent_(span(Event,97,105),span("Bob",93,95)) :- bob_household_maintenance(_,Event,_,_).
amount_(span(Event,97,105),span(1,107,109)) :- bob_household_maintenance(_,Event,_,_).
purpose_(span(Event,97,105),span("home",136,139)) :- bob_household_maintenance(_,Event,_,_).
start_(span(Event,97,105),span(Start_day,79,82)) :- bob_household_maintenance(_,Event,Start_day,_).
end_(span(Event,97,105),span(End_day,87,90)) :- bob_household_maintenance(_,Event,_,End_day).
s151_c_applies("Bob","Charlie",2015).
s151_c_applies("Bob","Charlie",2016).
s151_c_applies("Bob","Charlie",2017).
s151_c_applies("Bob","Charlie",2018).
s151_c_applies("Bob","Charlie",2019).
marriage_(span("married",18,24)).
death_(span("died",50,53)).
father_(span("father",158,163)).
residence_(span("lived",173,177)).
agent_(span("died",50,53),span("Alice",44,48)).
start_(span("died",50,53),span(20140709,58,71)).
patient_(span("father",158,163),span("Bob",93,95)).
agent_(span("father",158,163),span("Charlie",165,171)).
agent_(span("married",18,24),span("Alice",0,4)).
agent_(span("married",18,24),span("Bob",10,12)).
start_(span("married",18,24),span(19920203,29,41)).
start_(span("lived",173,177),span(20040101,79,82)).
agent_(span("lived",173,177),span("Bob",93,95)).
patient_(span("lived",173,177),span("home",136,139)).
agent_(span("lived",173,177),span("Charlie",165,171)).
end_(span("lived",173,177),span(20191231,87,90)).
2025-06-14 15:03:25,186 - INFO - Test query:
:- s2_b_1_B("Bob",_,_,_,2018).
2025-06-14 15:03:25,186 - INFO - 
Generated Prolog code:
:- ['/Users/sophie/code/2025-mcm-llms-applied-in-law_context/data/sara_v3/statutes/prolog/utils.pl'].
:- ['/Users/sophie/code/2025-mcm-llms-applied-in-law_context/data/sara_v3/statutes/prolog/section151.pl'].
:- ['/Users/sophie/code/2025-mcm-llms-applied-in-law_context/data/sara_v3/statutes/prolog/init.pl'].
:- discontiguous s151_c_applies/3.
:- [statutes/prolog/init].
bob_household_maintenance(Year,Event,Start_day,End_day) :-
between(2004,2019,Year),
atom_concat("furnished the costs of maintaining the home ",Year,Event),
first_day_year(Year,Start_day),
last_day_year(Year,End_day).
payment_(span(Event,97,105)) :- bob_household_maintenance(_,Event,_,_).
agent_(span(Event,97,105),span("Bob",93,95)) :- bob_household_maintenance(_,Event,_,_).
amount_(span(Event,97,105),span(1,107,109)) :- bob_household_maintenance(_,Event,_,_).
purpose_(span(Event,97,105),span("home",136,139)) :- bob_household_maintenance(_,Event,_,_).
start_(span(Event,97,105),span(Start_day,79,82)) :- bob_household_maintenance(_,Event,Start_day,_).
end_(span(Event,97,105),span(End_day,87,90)) :- bob_household_maintenance(_,Event,_,End_day).
s151_c_applies("Bob","Charlie",2015).
s151_c_applies("Bob","Charlie",2016).
s151_c_applies("Bob","Charlie",2017).
s151_c_applies("Bob","Charlie",2018).
s151_c_applies("Bob","Charlie",2019).
marriage_(span("married",18,24)).
death_(span("died",50,53)).
father_(span("father",158,163)).
residence_(span("lived",173,177)).
agent_(span("died",50,53),span("Alice",44,48)).
start_(span("died",50,53),span(20140709,58,71)).
patient_(span("father",158,163),span("Bob",93,95)).
agent_(span("father",158,163),span("Charlie",165,171)).
agent_(span("married",18,24),span("Alice",0,4)).
agent_(span("married",18,24),span("Bob",10,12)).
start_(span("married",18,24),span(19920203,29,41)).
start_(span("lived",173,177),span(20040101,79,82)).
agent_(span("lived",173,177),span("Bob",93,95)).
patient_(span("lived",173,177),span("home",136,139)).
agent_(span("lived",173,177),span("Charlie",165,171)).
end_(span("lived",173,177),span(20191231,87,90)).
2025-06-14 15:03:25,186 - INFO - 
Query:
s2_b_1_B("Bob",_,_,_,2018).
2025-06-14 15:03:25,331 - INFO - 
Query result: {'truth': True}
2025-06-14 15:03:25,331 - INFO - Result: correct

2025-06-14 15:03:25,331 - INFO - 
==================================================
Processing case: s2_b_1_neg
==================================================
2025-06-14 15:03:25,331 - INFO - Facts:
:- discontiguous s151_c_applies/3.
:- [statutes/prolog/init].
bob_household_maintenance(Year,Event,Start_day,End_day) :-
    between(2004,2019,Year),
    atom_concat("furnished the costs of maintaining the home ",Year,Event),
    first_day_year(Year,Start_day),
    last_day_year(Year,End_day).
payment_(span(Event,97,105)) :- bob_household_maintenance(_,Event,_,_).
agent_(span(Event,97,105),span("Bob",93,95)) :- bob_household_maintenance(_,Event,_,_).
amount_(span(Event,97,105),span(1,107,109)) :- bob_household_maintenance(_,Event,_,_).
purpose_(span(Event,97,105),span("home",136,139)) :- bob_household_maintenance(_,Event,_,_).
start_(span(Event,97,105),span(Start_day,79,82)) :- bob_household_maintenance(_,Event,Start_day,_).
end_(span(Event,97,105),span(End_day,87,90)) :- bob_household_maintenance(_,Event,_,End_day).
s151_c_applies("Bob","Charlie",Year) :- between(2015,2019,Year).
marriage_(span("married",18,24)).
death_(span("died",50,53)).
son_(span("son",158,160)).
residence_(span("lived",170,174)).
agent_(span("died",50,53),span("Alice",44,48)).
start_(span("died",50,53),span(20140709,58,71)).
agent_(span("married",18,24),span("Alice",0,4)).
agent_(span("married",18,24),span("Bob",10,12)).
start_(span("married",18,24),span(19920203,29,41)).
start_(span("lived",170,174),span(20040101,79,82)).
agent_(span("lived",170,174),span("Bob",93,95)).
patient_(span("lived",170,174),span("home",136,139)).
agent_(span("lived",170,174),span("Charlie",162,168)).
end_(span("lived",170,174),span(20191231,87,90)).
patient_(span("son",158,160),span("Bob",93,95)).
agent_(span("son",158,160),span("Charlie",162,168)).
2025-06-14 15:03:25,331 - INFO - Test query:
:- \+ s2_b_1("Bob",_,_,2016).
2025-06-14 15:03:25,332 - INFO - 
Generated Prolog code:
:- ['/Users/sophie/code/2025-mcm-llms-applied-in-law_context/data/sara_v3/statutes/prolog/utils.pl'].
:- ['/Users/sophie/code/2025-mcm-llms-applied-in-law_context/data/sara_v3/statutes/prolog/section151.pl'].
:- ['/Users/sophie/code/2025-mcm-llms-applied-in-law_context/data/sara_v3/statutes/prolog/init.pl'].
:- discontiguous s151_c_applies/3.
:- [statutes/prolog/init].
bob_household_maintenance(Year,Event,Start_day,End_day) :-
between(2004,2019,Year),
atom_concat("furnished the costs of maintaining the home ",Year,Event),
first_day_year(Year,Start_day),
last_day_year(Year,End_day).
payment_(span(Event,97,105)) :- bob_household_maintenance(_,Event,_,_).
agent_(span(Event,97,105),span("Bob",93,95)) :- bob_household_maintenance(_,Event,_,_).
amount_(span(Event,97,105),span(1,107,109)) :- bob_household_maintenance(_,Event,_,_).
purpose_(span(Event,97,105),span("home",136,139)) :- bob_household_maintenance(_,Event,_,_).
start_(span(Event,97,105),span(Start_day,79,82)) :- bob_household_maintenance(_,Event,Start_day,_).
end_(span(Event,97,105),span(End_day,87,90)) :- bob_household_maintenance(_,Event,_,End_day).
s151_c_applies("Bob","Charlie",Year) :- between(2015,2019,Year).
marriage_(span("married",18,24)).
death_(span("died",50,53)).
son_(span("son",158,160)).
residence_(span("lived",170,174)).
agent_(span("died",50,53),span("Alice",44,48)).
start_(span("died",50,53),span(20140709,58,71)).
agent_(span("married",18,24),span("Alice",0,4)).
agent_(span("married",18,24),span("Bob",10,12)).
start_(span("married",18,24),span(19920203,29,41)).
start_(span("lived",170,174),span(20040101,79,82)).
agent_(span("lived",170,174),span("Bob",93,95)).
patient_(span("lived",170,174),span("home",136,139)).
agent_(span("lived",170,174),span("Charlie",162,168)).
end_(span("lived",170,174),span(20191231,87,90)).
patient_(span("son",158,160),span("Bob",93,95)).
agent_(span("son",158,160),span("Charlie",162,168)).
2025-06-14 15:03:25,332 - INFO - 
Query:
\+ s2_b_1("Bob",_,_,2016).
2025-06-14 15:03:25,476 - INFO - 
Query result: {'truth': True}
2025-06-14 15:03:25,477 - INFO - Result: correct

2025-06-14 15:03:25,477 - INFO - 
==================================================
Processing case: s2_b_1_pos
==================================================
2025-06-14 15:03:25,477 - INFO - Facts:
:- discontiguous s151_c_applies/3.
:- [statutes/prolog/init].
bob_household_maintenance(Year,Event,Start_day,End_day) :-
    between(2004,2019,Year),
    atom_concat("furnished the costs of maintaining the home ",Year,Event),
    first_day_year(Year,Start_day),
    last_day_year(Year,End_day).
payment_(span(Event,97,105)) :- bob_household_maintenance(_,Event,_,_).
agent_(span(Event,97,105),span("Bob",93,95)) :- bob_household_maintenance(_,Event,_,_).
amount_(span(Event,97,105),span(1,107,109)) :- bob_household_maintenance(_,Event,_,_).
purpose_(span(Event,97,105),span("home",136,139)) :- bob_household_maintenance(_,Event,_,_).
start_(span(Event,97,105),span(Start_day,79,82)) :- bob_household_maintenance(_,Event,Start_day,_).
end_(span(Event,97,105),span(End_day,87,90)) :- bob_household_maintenance(_,Event,_,End_day).
s151_c_applies("Bob","Charlie",Year) :- between(2015,2019,Year).
marriage_(span("married",18,24)).
death_(span("died",50,53)).
father_(span("father",158,163)).
residence_(span("lived",173,177)).
agent_(span("died",50,53),span("Alice",44,48)).
start_(span("died",50,53),span(20140709,58,71)).
patient_(span("father",158,163),span("Bob",93,95)).
agent_(span("father",158,163),span("Charlie",165,171)).
agent_(span("married",18,24),span("Alice",0,4)).
agent_(span("married",18,24),span("Bob",10,12)).
start_(span("married",18,24),span(19920203,29,41)).
start_(span("lived",173,177),span(20040101,79,82)).
agent_(span("lived",173,177),span("Bob",93,95)).
patient_(span("lived",173,177),span("home",136,139)).
agent_(span("lived",173,177),span("Charlie",165,171)).
end_(span("lived",173,177),span(20191231,87,90)).
2025-06-14 15:03:25,477 - INFO - Test query:
:- s2_b_1("Bob",_,_,2018).
2025-06-14 15:03:25,477 - INFO - 
Generated Prolog code:
:- ['/Users/sophie/code/2025-mcm-llms-applied-in-law_context/data/sara_v3/statutes/prolog/utils.pl'].
:- ['/Users/sophie/code/2025-mcm-llms-applied-in-law_context/data/sara_v3/statutes/prolog/section151.pl'].
:- ['/Users/sophie/code/2025-mcm-llms-applied-in-law_context/data/sara_v3/statutes/prolog/init.pl'].
:- discontiguous s151_c_applies/3.
:- [statutes/prolog/init].
bob_household_maintenance(Year,Event,Start_day,End_day) :-
between(2004,2019,Year),
atom_concat("furnished the costs of maintaining the home ",Year,Event),
first_day_year(Year,Start_day),
last_day_year(Year,End_day).
payment_(span(Event,97,105)) :- bob_household_maintenance(_,Event,_,_).
agent_(span(Event,97,105),span("Bob",93,95)) :- bob_household_maintenance(_,Event,_,_).
amount_(span(Event,97,105),span(1,107,109)) :- bob_household_maintenance(_,Event,_,_).
purpose_(span(Event,97,105),span("home",136,139)) :- bob_household_maintenance(_,Event,_,_).
start_(span(Event,97,105),span(Start_day,79,82)) :- bob_household_maintenance(_,Event,Start_day,_).
end_(span(Event,97,105),span(End_day,87,90)) :- bob_household_maintenance(_,Event,_,End_day).
s151_c_applies("Bob","Charlie",Year) :- between(2015,2019,Year).
marriage_(span("married",18,24)).
death_(span("died",50,53)).
father_(span("father",158,163)).
residence_(span("lived",173,177)).
agent_(span("died",50,53),span("Alice",44,48)).
start_(span("died",50,53),span(20140709,58,71)).
patient_(span("father",158,163),span("Bob",93,95)).
agent_(span("father",158,163),span("Charlie",165,171)).
agent_(span("married",18,24),span("Alice",0,4)).
agent_(span("married",18,24),span("Bob",10,12)).
start_(span("married",18,24),span(19920203,29,41)).
start_(span("lived",173,177),span(20040101,79,82)).
agent_(span("lived",173,177),span("Bob",93,95)).
patient_(span("lived",173,177),span("home",136,139)).
agent_(span("lived",173,177),span("Charlie",165,171)).
end_(span("lived",173,177),span(20191231,87,90)).
2025-06-14 15:03:25,478 - INFO - 
Query:
s2_b_1("Bob",_,_,2018).
2025-06-14 15:03:25,627 - INFO - 
Query result: {'truth': True}
2025-06-14 15:03:25,627 - INFO - Result: correct

2025-06-14 15:03:25,627 - INFO - 
==================================================
Processing case: s2_b_2_A_neg
==================================================
2025-06-14 15:03:25,627 - INFO - Facts:
:- [statutes/prolog/init].
marriage_(span("married",18,24)).
legal_separation_(span("separated",71,79)).
patient_(span("separated",71,79),span("married",18,24)).
agent_(span("separated",71,79),span("decree of separate maintenance",89,118)).
start_(span("separated",71,79),span(20140709,123,136)).
agent_(span("married",18,24),span("Alice",0,4)).
agent_(span("married",18,24),span("Bob",10,12)).
start_(span("married",18,24),span(19920203,29,41)).
2025-06-14 15:03:25,627 - INFO - Test query:
:- \+ s2_b_2_A("Alice","Bob",_,_,2010).
2025-06-14 15:03:25,628 - INFO - 
Generated Prolog code:
:- ['/Users/sophie/code/2025-mcm-llms-applied-in-law_context/data/sara_v3/statutes/prolog/utils.pl'].
:- ['/Users/sophie/code/2025-mcm-llms-applied-in-law_context/data/sara_v3/statutes/prolog/init.pl'].
:- [statutes/prolog/init].
marriage_(span("married",18,24)).
legal_separation_(span("separated",71,79)).
patient_(span("separated",71,79),span("married",18,24)).
agent_(span("separated",71,79),span("decree of separate maintenance",89,118)).
start_(span("separated",71,79),span(20140709,123,136)).
agent_(span("married",18,24),span("Alice",0,4)).
agent_(span("married",18,24),span("Bob",10,12)).
start_(span("married",18,24),span(19920203,29,41)).
2025-06-14 15:03:25,628 - INFO - 
Query:
\+ s2_b_2_A("Alice","Bob",_,_,2010).
2025-06-14 15:03:25,768 - INFO - 
Query result: {'truth': True}
2025-06-14 15:03:25,768 - INFO - Result: correct

2025-06-14 15:03:25,769 - INFO - 
==================================================
Processing case: s2_b_2_A_pos
==================================================
2025-06-14 15:03:25,769 - INFO - Facts:
:- [statutes/prolog/init].
marriage_(span("married",18,24)).
legal_separation_(span("separated",71,79)).
patient_(span("separated",71,79),span("married",18,24)).
agent_(span("separated",71,79),span("decree of separate maintenance",89,118)).
start_(span("separated",71,79),span(20140709,123,136)).
agent_(span("married",18,24),span("Alice",0,4)).
agent_(span("married",18,24),span("Bob",10,12)).
start_(span("married",18,24),span(19920203,29,41)).
2025-06-14 15:03:25,769 - INFO - Test query:
:- s2_b_2_A("Alice","Bob",_,_,2018).
2025-06-14 15:03:25,769 - INFO - 
Generated Prolog code:
:- ['/Users/sophie/code/2025-mcm-llms-applied-in-law_context/data/sara_v3/statutes/prolog/utils.pl'].
:- ['/Users/sophie/code/2025-mcm-llms-applied-in-law_context/data/sara_v3/statutes/prolog/init.pl'].
:- [statutes/prolog/init].
marriage_(span("married",18,24)).
legal_separation_(span("separated",71,79)).
patient_(span("separated",71,79),span("married",18,24)).
agent_(span("separated",71,79),span("decree of separate maintenance",89,118)).
start_(span("separated",71,79),span(20140709,123,136)).
agent_(span("married",18,24),span("Alice",0,4)).
agent_(span("married",18,24),span("Bob",10,12)).
start_(span("married",18,24),span(19920203,29,41)).
2025-06-14 15:03:25,769 - INFO - 
Query:
s2_b_2_A("Alice","Bob",_,_,2018).
2025-06-14 15:03:25,912 - INFO - 
Query result: {'truth': True}
2025-06-14 15:03:25,912 - INFO - Result: correct

2025-06-14 15:03:25,912 - INFO - 
==================================================
Processing case: s2_b_2_B_neg
==================================================
2025-06-14 15:03:25,912 - INFO - Facts:
:- [statutes/prolog/init].
marriage_(span("married",18,24)).
nonresident_alien_(span("nonresident alien",56,72)).
agent_(span("married",18,24),span("Alice",0,4)).
agent_(span("married",18,24),span("Bob",10,12)).
start_(span("married",18,24),span(19920203,29,41)).
agent_(span("nonresident alien",56,72),span("Alice",44,48)).
end_(span("nonresident alien",56,72),span(20140709,80,93)).
2025-06-14 15:03:25,913 - INFO - Test query:
:- \+ s2_b_2_B("Bob",_,2015).
2025-06-14 15:03:25,913 - INFO - 
Generated Prolog code:
:- ['/Users/sophie/code/2025-mcm-llms-applied-in-law_context/data/sara_v3/statutes/prolog/utils.pl'].
:- ['/Users/sophie/code/2025-mcm-llms-applied-in-law_context/data/sara_v3/statutes/prolog/init.pl'].
:- [statutes/prolog/init].
marriage_(span("married",18,24)).
nonresident_alien_(span("nonresident alien",56,72)).
agent_(span("married",18,24),span("Alice",0,4)).
agent_(span("married",18,24),span("Bob",10,12)).
start_(span("married",18,24),span(19920203,29,41)).
agent_(span("nonresident alien",56,72),span("Alice",44,48)).
end_(span("nonresident alien",56,72),span(20140709,80,93)).
2025-06-14 15:03:25,913 - INFO - 
Query:
\+ s2_b_2_B("Bob",_,2015).
2025-06-14 15:03:26,055 - INFO - 
Query result: {'truth': True}
2025-06-14 15:03:26,056 - INFO - Result: correct

2025-06-14 15:03:26,056 - INFO - 
==================================================
Processing case: s2_b_2_B_pos
==================================================
2025-06-14 15:03:26,056 - INFO - Facts:
:- [statutes/prolog/init].
marriage_(span("married",18,24)).
nonresident_alien_(span("nonresident alien",56,72)).
agent_(span("married",18,24),span("Alice",0,4)).
agent_(span("married",18,24),span("Bob",10,12)).
start_(span("married",18,24),span(19920203,29,41)).
agent_(span("nonresident alien",56,72),span("Alice",44,48)).
end_(span("nonresident alien",56,72),span(20140709,80,93)).
2025-06-14 15:03:26,056 - INFO - Test query:
:- s2_b_2_B("Bob",_,2013).
2025-06-14 15:03:26,056 - INFO - 
Generated Prolog code:
:- ['/Users/sophie/code/2025-mcm-llms-applied-in-law_context/data/sara_v3/statutes/prolog/utils.pl'].
:- ['/Users/sophie/code/2025-mcm-llms-applied-in-law_context/data/sara_v3/statutes/prolog/init.pl'].
:- [statutes/prolog/init].
marriage_(span("married",18,24)).
nonresident_alien_(span("nonresident alien",56,72)).
agent_(span("married",18,24),span("Alice",0,4)).
agent_(span("married",18,24),span("Bob",10,12)).
start_(span("married",18,24),span(19920203,29,41)).
agent_(span("nonresident alien",56,72),span("Alice",44,48)).
end_(span("nonresident alien",56,72),span(20140709,80,93)).
2025-06-14 15:03:26,056 - INFO - 
Query:
s2_b_2_B("Bob",_,2013).
2025-06-14 15:03:26,199 - INFO - 
Query result: {'truth': True}
2025-06-14 15:03:26,200 - INFO - Result: correct

2025-06-14 15:03:26,200 - INFO - 
==================================================
Processing case: s2_b_2_C_neg
==================================================
2025-06-14 15:03:26,200 - INFO - Facts:
:- [statutes/prolog/init].
marriage_(span("married",18,24)).
nonresident_alien_(span("nonresident alien",56,72)).
death_(span("died",81,84)).
agent_(span("died",81,84),span("Alice",75,79)).
start_(span("died",81,84),span(20140709,89,102)).
agent_(span("married",18,24),span("Alice",0,4)).
agent_(span("married",18,24),span("Bob",10,12)).
start_(span("married",18,24),span(19920203,29,41)).
agent_(span("nonresident alien",56,72),span("Alice",44,48)).
2025-06-14 15:03:26,200 - INFO - Test query:
:- \+ s2_b_2_C("Bob",_,_,2014).
2025-06-14 15:03:26,201 - INFO - 
Generated Prolog code:
:- ['/Users/sophie/code/2025-mcm-llms-applied-in-law_context/data/sara_v3/statutes/prolog/utils.pl'].
:- ['/Users/sophie/code/2025-mcm-llms-applied-in-law_context/data/sara_v3/statutes/prolog/init.pl'].
:- [statutes/prolog/init].
marriage_(span("married",18,24)).
nonresident_alien_(span("nonresident alien",56,72)).
death_(span("died",81,84)).
agent_(span("died",81,84),span("Alice",75,79)).
start_(span("died",81,84),span(20140709,89,102)).
agent_(span("married",18,24),span("Alice",0,4)).
agent_(span("married",18,24),span("Bob",10,12)).
start_(span("married",18,24),span(19920203,29,41)).
agent_(span("nonresident alien",56,72),span("Alice",44,48)).
2025-06-14 15:03:26,201 - INFO - 
Query:
\+ s2_b_2_C("Bob",_,_,2014).
2025-06-14 15:03:26,343 - INFO - 
Query result: {'truth': True}
2025-06-14 15:03:26,343 - INFO - Result: correct

2025-06-14 15:03:26,344 - INFO - 
==================================================
Processing case: s2_b_2_C_pos
==================================================
2025-06-14 15:03:26,344 - INFO - Facts:
:- [statutes/prolog/init].
marriage_(span("married",18,24)).
death_(span("died",50,53)).
agent_(span("died",50,53),span("Alice",44,48)).
start_(span("died",50,53),span(20140709,58,71)).
agent_(span("married",18,24),span("Alice",0,4)).
agent_(span("married",18,24),span("Bob",10,12)).
start_(span("married",18,24),span(19920203,29,41)).
2025-06-14 15:03:26,344 - INFO - Test query:
:- s2_b_2_C("Bob",_,_,2014).
2025-06-14 15:03:26,344 - INFO - 
Generated Prolog code:
:- ['/Users/sophie/code/2025-mcm-llms-applied-in-law_context/data/sara_v3/statutes/prolog/utils.pl'].
:- ['/Users/sophie/code/2025-mcm-llms-applied-in-law_context/data/sara_v3/statutes/prolog/init.pl'].
:- [statutes/prolog/init].
marriage_(span("married",18,24)).
death_(span("died",50,53)).
agent_(span("died",50,53),span("Alice",44,48)).
start_(span("died",50,53),span(20140709,58,71)).
agent_(span("married",18,24),span("Alice",0,4)).
agent_(span("married",18,24),span("Bob",10,12)).
start_(span("married",18,24),span(19920203,29,41)).
2025-06-14 15:03:26,344 - INFO - 
Query:
s2_b_2_C("Bob",_,_,2014).
2025-06-14 15:03:26,488 - INFO - 
Query result: {'truth': True}
2025-06-14 15:03:26,488 - INFO - Result: correct

2025-06-14 15:03:26,488 - INFO - 
==================================================
Processing case: s2_b_3_B_neg
==================================================
2025-06-14 15:03:26,488 - INFO - Facts:
:- discontiguous s151_c_applies/3.
:- [statutes/prolog/init].
bob_household_maintenance(Year,Event,Start_day,End_day) :-
    between(2015,2019,Year),
    atom_concat("furnished the costs of maintaining the home ",Year,Event),
    first_day_year(Year,Start_day),
    last_day_year(Year,End_day).
payment_(span(Event,97,105)) :- bob_household_maintenance(_,Event,_,_).
agent_(span(Event,97,105),span("Bob",93,95)) :- bob_household_maintenance(_,Event,_,_).
amount_(span(Event,97,105),span(1,107,109)) :- bob_household_maintenance(_,Event,_,_).
purpose_(span(Event,97,105),span("home",136,139)) :- bob_household_maintenance(_,Event,_,_).
start_(span(Event,97,105),span(Start_day,79,82)) :- bob_household_maintenance(_,Event,Start_day,_).
end_(span(Event,97,105),span(End_day,87,90)) :- bob_household_maintenance(_,Event,_,End_day).
s151_c_applies("Bob","Charlie",Year) :- between(2015,2019,Year).
marriage_(span("married",18,24)).
death_(span("died",50,53)).
father_(span("father",158,163)).
residence_(span("lived",173,177)).
agent_(span("died",50,53),span("Alice",44,48)).
start_(span("died",50,53),span(20140709,58,71)).
patient_(span("father",158,163),span("Bob",93,95)).
agent_(span("father",158,163),span("Charlie",165,171)).
agent_(span("married",18,24),span("Alice",0,4)).
agent_(span("married",18,24),span("Bob",10,12)).
start_(span("married",18,24),span(19920203,29,41)).
start_(span("lived",173,177),span(20040101,79,82)).
agent_(span("lived",173,177),span("Bob",93,95)).
patient_(span("lived",173,177),span("home",136,139)).
agent_(span("lived",173,177),span("Charlie",165,171)).
end_(span("lived",173,177),span(20191231,87,90)).
2025-06-14 15:03:26,488 - INFO - Test query:
:- \+ s2_b_3_B("Bob",_,2018).
2025-06-14 15:03:26,489 - INFO - 
Generated Prolog code:
:- ['/Users/sophie/code/2025-mcm-llms-applied-in-law_context/data/sara_v3/statutes/prolog/utils.pl'].
:- ['/Users/sophie/code/2025-mcm-llms-applied-in-law_context/data/sara_v3/statutes/prolog/section151.pl'].
:- ['/Users/sophie/code/2025-mcm-llms-applied-in-law_context/data/sara_v3/statutes/prolog/init.pl'].
:- discontiguous s151_c_applies/3.
:- [statutes/prolog/init].
bob_household_maintenance(Year,Event,Start_day,End_day) :-
between(2015,2019,Year),
atom_concat("furnished the costs of maintaining the home ",Year,Event),
first_day_year(Year,Start_day),
last_day_year(Year,End_day).
payment_(span(Event,97,105)) :- bob_household_maintenance(_,Event,_,_).
agent_(span(Event,97,105),span("Bob",93,95)) :- bob_household_maintenance(_,Event,_,_).
amount_(span(Event,97,105),span(1,107,109)) :- bob_household_maintenance(_,Event,_,_).
purpose_(span(Event,97,105),span("home",136,139)) :- bob_household_maintenance(_,Event,_,_).
start_(span(Event,97,105),span(Start_day,79,82)) :- bob_household_maintenance(_,Event,Start_day,_).
end_(span(Event,97,105),span(End_day,87,90)) :- bob_household_maintenance(_,Event,_,End_day).
s151_c_applies("Bob","Charlie",Year) :- between(2015,2019,Year).
marriage_(span("married",18,24)).
death_(span("died",50,53)).
father_(span("father",158,163)).
residence_(span("lived",173,177)).
agent_(span("died",50,53),span("Alice",44,48)).
start_(span("died",50,53),span(20140709,58,71)).
patient_(span("father",158,163),span("Bob",93,95)).
agent_(span("father",158,163),span("Charlie",165,171)).
agent_(span("married",18,24),span("Alice",0,4)).
agent_(span("married",18,24),span("Bob",10,12)).
start_(span("married",18,24),span(19920203,29,41)).
start_(span("lived",173,177),span(20040101,79,82)).
agent_(span("lived",173,177),span("Bob",93,95)).
patient_(span("lived",173,177),span("home",136,139)).
agent_(span("lived",173,177),span("Charlie",165,171)).
end_(span("lived",173,177),span(20191231,87,90)).
2025-06-14 15:03:26,489 - INFO - 
Query:
\+ s2_b_3_B("Bob",_,2018).
2025-06-14 15:03:26,632 - INFO - 
Query result: {'truth': True}
2025-06-14 15:03:26,633 - INFO - Result: correct

2025-06-14 15:03:26,633 - INFO - 
==================================================
Processing case: s2_b_3_B_pos
==================================================
2025-06-14 15:03:26,633 - INFO - Facts:
:- discontiguous s152_d_2_H/6.
:- [statutes/prolog/init.pl].
bob_household_maintenance(Year,Event,Start_day,End_day) :-
    between(2015,2019,Year),
    atom_concat("furnished the costs of maintaining the home ",Year,Event),
    first_day_year(Year,Start_day),
    last_day_year(Year,End_day).
payment_(span(Event,97,105)) :- bob_household_maintenance(_,Event,_,_).
agent_(span(Event,97,105),span("Bob",93,95)) :- bob_household_maintenance(_,Event,_,_).
amount_(span(Event,97,105),span(1,107,109)) :- bob_household_maintenance(_,Event,_,_).
purpose_(span(Event,97,105),span("home",136,139)) :- bob_household_maintenance(_,Event,_,_).
start_(span(Event,97,105),span(Start_day,79,82)) :- bob_household_maintenance(_,Event,Start_day,_).
end_(span(Event,97,105),span(End_day,87,90)) :- bob_household_maintenance(_,Event,_,End_day).
s152_d_2_H("Charlie","Bob",Year,_,Start_day,End_day) :-
    between(2015,2019,Year),first_day_year(Year,Start_day),last_day_year(Year,End_day).
bob_income(Year,Event,Start_day,End_day) :-
    between(2015,2019,Year),
    atom_concat("earned ",Year,Event),
    first_day_year(Year,Start_day),
    last_day_year(Year,End_day).
income_(span(Event,286,291)) :- bob_income(_,Event,_,_).
agent_(span(Event,286,291),span("Bob",282,284)) :- bob_income(_,Event,_,_).
amount_(span(Event,286,291),span(300000,294,299)) :- bob_income(_,Event,_,_).
start_(span(Event,286,291),span(Start_day,317,320)) :- bob_income(_,Event,Start_day,_).
marriage_(span("married",18,24)).
death_(span("died",50,53)).
residence_(span("lived",173,177)).
agent_(span("died",50,53),span("Alice",44,48)).
start_(span("died",50,53),span(20140709,58,71)).
agent_(span("married",18,24),span("Alice",0,4)).
agent_(span("married",18,24),span("Bob",10,12)).
start_(span("married",18,24),span(19920203,29,41)).
agent_(span("lived",173,177),span("Bob",93,95)).
patient_(span("lived",173,177),span("home",136,139)).
agent_(span("lived",173,177),span("Charlie",165,171)).
start_(span("lived",173,177),span(20150101,79,82)).
end_(span("lived",173,177),span(20191231,87,90)).
2025-06-14 15:03:26,633 - INFO - Test query:
:- s2_b_3_B("Bob","Charlie",2018).
2025-06-14 15:03:26,634 - INFO - 
Generated Prolog code:
:- ['/Users/sophie/code/2025-mcm-llms-applied-in-law_context/data/sara_v3/statutes/prolog/section152.pl'].
:- ['/Users/sophie/code/2025-mcm-llms-applied-in-law_context/data/sara_v3/statutes/prolog/utils.pl'].
:- ['/Users/sophie/code/2025-mcm-llms-applied-in-law_context/data/sara_v3/statutes/prolog/init.pl'].
:- discontiguous s152_d_2_H/6.
:- [statutes/prolog/init.pl].
bob_household_maintenance(Year,Event,Start_day,End_day) :-
between(2015,2019,Year),
atom_concat("furnished the costs of maintaining the home ",Year,Event),
first_day_year(Year,Start_day),
last_day_year(Year,End_day).
payment_(span(Event,97,105)) :- bob_household_maintenance(_,Event,_,_).
agent_(span(Event,97,105),span("Bob",93,95)) :- bob_household_maintenance(_,Event,_,_).
amount_(span(Event,97,105),span(1,107,109)) :- bob_household_maintenance(_,Event,_,_).
purpose_(span(Event,97,105),span("home",136,139)) :- bob_household_maintenance(_,Event,_,_).
start_(span(Event,97,105),span(Start_day,79,82)) :- bob_household_maintenance(_,Event,Start_day,_).
end_(span(Event,97,105),span(End_day,87,90)) :- bob_household_maintenance(_,Event,_,End_day).
s152_d_2_H("Charlie","Bob",Year,_,Start_day,End_day) :-
between(2015,2019,Year),first_day_year(Year,Start_day),last_day_year(Year,End_day).
bob_income(Year,Event,Start_day,End_day) :-
between(2015,2019,Year),
atom_concat("earned ",Year,Event),
first_day_year(Year,Start_day),
last_day_year(Year,End_day).
income_(span(Event,286,291)) :- bob_income(_,Event,_,_).
agent_(span(Event,286,291),span("Bob",282,284)) :- bob_income(_,Event,_,_).
amount_(span(Event,286,291),span(300000,294,299)) :- bob_income(_,Event,_,_).
start_(span(Event,286,291),span(Start_day,317,320)) :- bob_income(_,Event,Start_day,_).
marriage_(span("married",18,24)).
death_(span("died",50,53)).
residence_(span("lived",173,177)).
agent_(span("died",50,53),span("Alice",44,48)).
start_(span("died",50,53),span(20140709,58,71)).
agent_(span("married",18,24),span("Alice",0,4)).
agent_(span("married",18,24),span("Bob",10,12)).
start_(span("married",18,24),span(19920203,29,41)).
agent_(span("lived",173,177),span("Bob",93,95)).
patient_(span("lived",173,177),span("home",136,139)).
agent_(span("lived",173,177),span("Charlie",165,171)).
start_(span("lived",173,177),span(20150101,79,82)).
end_(span("lived",173,177),span(20191231,87,90)).
2025-06-14 15:03:26,634 - INFO - 
Query:
s2_b_3_B("Bob","Charlie",2018).
2025-06-14 15:03:26,778 - INFO - 
Query result: {'truth': True}
2025-06-14 15:03:26,779 - INFO - Result: correct

2025-06-14 15:03:26,779 - INFO - 
==================================================
Processing case: s3306_a_1_A_neg
==================================================
2025-06-14 15:03:26,779 - INFO - Facts:
:- discontiguous s3306_b/8.
:- [statutes/prolog/init].
s3306_b(3200,_,span("work",41,44),"Alice","Bob","Alice","Bob",_).
start_(span("work",41,44),span(20170201,56,68)).
end_(span("work",41,44),span(20170902,73,85)).
s3306_b(4500,_,span("work",129,132),"Bob","Alice","Bob","Alice",_).
start_(span("work",129,132),span(20170401,144,156)).
end_(span("work",129,132),span(20180901,161,173)).
2025-06-14 15:03:26,779 - INFO - Test query:
:- \+ s3306_a_1_A("Alice",2019,_).
2025-06-14 15:03:26,779 - INFO - 
Generated Prolog code:
:- ['/Users/sophie/code/2025-mcm-llms-applied-in-law_context/data/sara_v3/statutes/prolog/section3306.pl'].
:- ['/Users/sophie/code/2025-mcm-llms-applied-in-law_context/data/sara_v3/statutes/prolog/utils.pl'].
:- ['/Users/sophie/code/2025-mcm-llms-applied-in-law_context/data/sara_v3/statutes/prolog/init.pl'].
:- discontiguous s3306_b/8.
:- [statutes/prolog/init].
s3306_b(3200,_,span("work",41,44),"Alice","Bob","Alice","Bob",_).
start_(span("work",41,44),span(20170201,56,68)).
end_(span("work",41,44),span(20170902,73,85)).
s3306_b(4500,_,span("work",129,132),"Bob","Alice","Bob","Alice",_).
start_(span("work",129,132),span(20170401,144,156)).
end_(span("work",129,132),span(20180901,161,173)).
2025-06-14 15:03:26,780 - INFO - 
Query:
\+ s3306_a_1_A("Alice",2019,_).
2025-06-14 15:03:26,927 - INFO - 
Query result: {'truth': True}
2025-06-14 15:03:26,927 - INFO - Result: correct

2025-06-14 15:03:26,927 - INFO - 
==================================================
Processing case: s3306_a_1_A_pos
==================================================
2025-06-14 15:03:26,928 - INFO - Facts:
:- discontiguous s3306_b/8.
:- [statutes/prolog/init].
s3306_b(3200,_,span("work",41,44),"Alice","Bob","Alice","Bob",_).
start_(span("work",41,44),span(20170201,56,68)).
end_(span("work",41,44),span(20170901,73,85)).
s3306_b(4500,_,span("work",129,132),"Bob","Alice","Bob","Alice",_).
start_(span("work",129,132),span(20170401,144,156)).
end_(span("work",129,132),span(20180901,161,173)).
2025-06-14 15:03:26,928 - INFO - Test query:
:- s3306_a_1_A("Alice",2017,_).
2025-06-14 15:03:26,928 - INFO - 
Generated Prolog code:
:- ['/Users/sophie/code/2025-mcm-llms-applied-in-law_context/data/sara_v3/statutes/prolog/section3306.pl'].
:- ['/Users/sophie/code/2025-mcm-llms-applied-in-law_context/data/sara_v3/statutes/prolog/utils.pl'].
:- ['/Users/sophie/code/2025-mcm-llms-applied-in-law_context/data/sara_v3/statutes/prolog/init.pl'].
:- discontiguous s3306_b/8.
:- [statutes/prolog/init].
s3306_b(3200,_,span("work",41,44),"Alice","Bob","Alice","Bob",_).
start_(span("work",41,44),span(20170201,56,68)).
end_(span("work",41,44),span(20170901,73,85)).
s3306_b(4500,_,span("work",129,132),"Bob","Alice","Bob","Alice",_).
start_(span("work",129,132),span(20170401,144,156)).
end_(span("work",129,132),span(20180901,161,173)).
2025-06-14 15:03:26,928 - INFO - 
Query:
s3306_a_1_A("Alice",2017,_).
2025-06-14 15:03:27,074 - INFO - 
Query result: {'truth': True}
2025-06-14 15:03:27,074 - INFO - Result: correct

2025-06-14 15:03:27,075 - INFO - 
==================================================
Processing case: s3306_a_1_neg
==================================================
2025-06-14 15:03:27,075 - INFO - Facts:
:- discontiguous s3306_b/8.
:- [statutes/prolog/init].
s3306_b(3200,span("paid",10,13),span("service",41,47),"Alice","Bob","Alice","Bob",_).
s3306_b(4500,span("paid",99,102),span("work",123,126),"Bob","Alice","Bob","Alice",_).
payment_(span("paid",10,13)).
service_(span("service",41,47)).
payment_(span("paid",99,102)).
service_(span("work",123,126)).
agent_(span("paid",10,13),span("Alice",0,4)).
amount_(span("paid",10,13),span(3200,16,19)).
patient_(span("paid",10,13),span("Bob",24,26)).
purpose_(span("paid",10,13),span("service",41,47)).
start_(span("paid",10,13),span(20170902,76,88)).
agent_(span("paid",99,102),span("Bob",91,93)).
amount_(span("paid",99,102),span(4500,105,108)).
patient_(span("paid",99,102),span("Alice",113,117)).
purpose_(span("paid",99,102),span("work",123,126)).
start_(span("paid",99,102),span(20180901,155,167)).
patient_(span("service",41,47),span("Alice",0,4)).
agent_(span("service",41,47),span("Bob",24,26)).
purpose_(span("service",41,47),span("domestic service",32,47)).
start_(span("service",41,47),span(20170201,59,71)).
end_(span("service",41,47),span(20170902,76,88)).
start_(span("work",123,126),span(20170401,138,150)).
end_(span("work",123,126),span(20180901,155,167)).
patient_(span("work",123,126),span("Bob",91,93)).
agent_(span("work",123,126),span("Alice",113,117)).
2025-06-14 15:03:27,075 - INFO - Test query:
:- \+ s3306_a_1("Alice",2018).
2025-06-14 15:03:27,075 - INFO - 
Generated Prolog code:
:- ['/Users/sophie/code/2025-mcm-llms-applied-in-law_context/data/sara_v3/statutes/prolog/section3306.pl'].
:- ['/Users/sophie/code/2025-mcm-llms-applied-in-law_context/data/sara_v3/statutes/prolog/utils.pl'].
:- ['/Users/sophie/code/2025-mcm-llms-applied-in-law_context/data/sara_v3/statutes/prolog/init.pl'].
:- discontiguous s3306_b/8.
:- [statutes/prolog/init].
s3306_b(3200,span("paid",10,13),span("service",41,47),"Alice","Bob","Alice","Bob",_).
s3306_b(4500,span("paid",99,102),span("work",123,126),"Bob","Alice","Bob","Alice",_).
payment_(span("paid",10,13)).
service_(span("service",41,47)).
payment_(span("paid",99,102)).
service_(span("work",123,126)).
agent_(span("paid",10,13),span("Alice",0,4)).
amount_(span("paid",10,13),span(3200,16,19)).
patient_(span("paid",10,13),span("Bob",24,26)).
purpose_(span("paid",10,13),span("service",41,47)).
start_(span("paid",10,13),span(20170902,76,88)).
agent_(span("paid",99,102),span("Bob",91,93)).
amount_(span("paid",99,102),span(4500,105,108)).
patient_(span("paid",99,102),span("Alice",113,117)).
purpose_(span("paid",99,102),span("work",123,126)).
start_(span("paid",99,102),span(20180901,155,167)).
patient_(span("service",41,47),span("Alice",0,4)).
agent_(span("service",41,47),span("Bob",24,26)).
purpose_(span("service",41,47),span("domestic service",32,47)).
start_(span("service",41,47),span(20170201,59,71)).
end_(span("service",41,47),span(20170902,76,88)).
start_(span("work",123,126),span(20170401,138,150)).
end_(span("work",123,126),span(20180901,155,167)).
patient_(span("work",123,126),span("Bob",91,93)).
agent_(span("work",123,126),span("Alice",113,117)).
2025-06-14 15:03:27,075 - INFO - 
Query:
\+ s3306_a_1("Alice",2018).
2025-06-14 15:03:27,222 - INFO - 
Query result: {'truth': True}
2025-06-14 15:03:27,222 - INFO - Result: correct

2025-06-14 15:03:27,222 - INFO - 
==================================================
Processing case: s3306_a_1_pos
==================================================
2025-06-14 15:03:27,222 - INFO - Facts:
:- discontiguous s3306_b/8.
:- [statutes/prolog/init].
s3306_b(3200,span("paid",10,13),span("service",50,56),"Alice","Bob","Alice","Bob",_).
s3306_b(4500,span("paid",117,120),span("work",150,153),"Bob","Alice","Bob","Alice",_).
payment_(span("paid",10,13)).
service_(span("service",50,56)).
payment_(span("paid",117,120)).
service_(span("work",150,153)).
agent_(span("paid",10,13),span("Alice",0,4)).
amount_(span("paid",10,13),span(3200,25,28)).
patient_(span("paid",10,13),span("Bob",33,35)).
purpose_(span("paid",10,13),span("service",50,56)).
start_(span("paid",10,13),span(20170902,85,97)).
agent_(span("paid",117,120),span("Bob",109,111)).
amount_(span("paid",117,120),span(4500,132,135)).
patient_(span("paid",117,120),span("Alice",140,144)).
purpose_(span("paid",117,120),span("work",150,153)).
start_(span("paid",117,120),span(20180101,103,106)).
patient_(span("service",50,56),span("Alice",0,4)).
agent_(span("service",50,56),span("Bob",33,35)).
purpose_(span("service",50,56),span("domestic service",41,56)).
start_(span("service",50,56),span(20170201,68,80)).
end_(span("service",50,56),span(20170902,85,97)).
start_(span("work",150,153),span(20170401,165,177)).
end_(span("work",150,153),span(20180901,182,194)).
patient_(span("work",150,153),span("Bob",109,111)).
agent_(span("work",150,153),span("Alice",140,144)).
2025-06-14 15:03:27,222 - INFO - Test query:
:- s3306_a_1("Bob",2018).
2025-06-14 15:03:27,222 - INFO - 
Generated Prolog code:
:- ['/Users/sophie/code/2025-mcm-llms-applied-in-law_context/data/sara_v3/statutes/prolog/section3306.pl'].
:- ['/Users/sophie/code/2025-mcm-llms-applied-in-law_context/data/sara_v3/statutes/prolog/utils.pl'].
:- ['/Users/sophie/code/2025-mcm-llms-applied-in-law_context/data/sara_v3/statutes/prolog/init.pl'].
:- discontiguous s3306_b/8.
:- [statutes/prolog/init].
s3306_b(3200,span("paid",10,13),span("service",50,56),"Alice","Bob","Alice","Bob",_).
s3306_b(4500,span("paid",117,120),span("work",150,153),"Bob","Alice","Bob","Alice",_).
payment_(span("paid",10,13)).
service_(span("service",50,56)).
payment_(span("paid",117,120)).
service_(span("work",150,153)).
agent_(span("paid",10,13),span("Alice",0,4)).
amount_(span("paid",10,13),span(3200,25,28)).
patient_(span("paid",10,13),span("Bob",33,35)).
purpose_(span("paid",10,13),span("service",50,56)).
start_(span("paid",10,13),span(20170902,85,97)).
agent_(span("paid",117,120),span("Bob",109,111)).
amount_(span("paid",117,120),span(4500,132,135)).
patient_(span("paid",117,120),span("Alice",140,144)).
purpose_(span("paid",117,120),span("work",150,153)).
start_(span("paid",117,120),span(20180101,103,106)).
patient_(span("service",50,56),span("Alice",0,4)).
agent_(span("service",50,56),span("Bob",33,35)).
purpose_(span("service",50,56),span("domestic service",41,56)).
start_(span("service",50,56),span(20170201,68,80)).
end_(span("service",50,56),span(20170902,85,97)).
start_(span("work",150,153),span(20170401,165,177)).
end_(span("work",150,153),span(20180901,182,194)).
patient_(span("work",150,153),span("Bob",109,111)).
agent_(span("work",150,153),span("Alice",140,144)).
2025-06-14 15:03:27,222 - INFO - 
Query:
s3306_a_1("Bob",2018).
2025-06-14 15:03:27,363 - INFO - 
Query result: {'truth': True}
2025-06-14 15:03:27,363 - INFO - Result: correct

2025-06-14 15:03:27,363 - INFO - 
==================================================
Processing case: s3306_a_2_A_neg
==================================================
2025-06-14 15:03:27,363 - INFO - Facts:
:- discontiguous s3306_b/8.
:- [statutes/prolog/init].
s3306_b(3200,span("paid",10,13),span("labor",54,58),"Alice","Bob","Alice","Bob",_).
s3306_b(4520,span("paid",110,113),span("work",143,146),"Bob","Alice","Bob","Alice",_).
payment_(span("paid",10,13)).
service_(span("labor",54,58)).
payment_(span("paid",110,113)).
service_(span("work",143,146)).
agent_(span("paid",10,13),span("Alice",0,4)).
amount_(span("paid",10,13),span(3200,25,28)).
patient_(span("paid",10,13),span("Bob",33,35)).
purpose_(span("paid",10,13),span("labor",54,58)).
start_(span("paid",10,13),span(20170902,87,99)).
agent_(span("paid",110,113),span("Bob",102,104)).
amount_(span("paid",110,113),span(4520,125,128)).
patient_(span("paid",110,113),span("Alice",133,137)).
purpose_(span("paid",110,113),span("work",143,146)).
start_(span("paid",110,113),span(20180901,175,187)).
patient_(span("labor",54,58),span("Alice",0,4)).
agent_(span("labor",54,58),span("Bob",33,35)).
purpose_(span("labor",54,58),span("agricultural labor",41,58)).
start_(span("labor",54,58),span(20170201,70,82)).
end_(span("labor",54,58),span(20170902,87,99)).
patient_(span("work",143,146),span("Bob",102,104)).
agent_(span("work",143,146),span("Alice",133,137)).
start_(span("work",143,146),span(20170401,158,170)).
end_(span("work",143,146),span(20180901,175,187)).
2025-06-14 15:03:27,363 - INFO - Test query:
:- \+ s3306_a_2_A("Alice",2017,_,_).
2025-06-14 15:03:27,363 - INFO - 
Generated Prolog code:
:- ['/Users/sophie/code/2025-mcm-llms-applied-in-law_context/data/sara_v3/statutes/prolog/section3306.pl'].
:- ['/Users/sophie/code/2025-mcm-llms-applied-in-law_context/data/sara_v3/statutes/prolog/utils.pl'].
:- ['/Users/sophie/code/2025-mcm-llms-applied-in-law_context/data/sara_v3/statutes/prolog/init.pl'].
:- discontiguous s3306_b/8.
:- [statutes/prolog/init].
s3306_b(3200,span("paid",10,13),span("labor",54,58),"Alice","Bob","Alice","Bob",_).
s3306_b(4520,span("paid",110,113),span("work",143,146),"Bob","Alice","Bob","Alice",_).
payment_(span("paid",10,13)).
service_(span("labor",54,58)).
payment_(span("paid",110,113)).
service_(span("work",143,146)).
agent_(span("paid",10,13),span("Alice",0,4)).
amount_(span("paid",10,13),span(3200,25,28)).
patient_(span("paid",10,13),span("Bob",33,35)).
purpose_(span("paid",10,13),span("labor",54,58)).
start_(span("paid",10,13),span(20170902,87,99)).
agent_(span("paid",110,113),span("Bob",102,104)).
amount_(span("paid",110,113),span(4520,125,128)).
patient_(span("paid",110,113),span("Alice",133,137)).
purpose_(span("paid",110,113),span("work",143,146)).
start_(span("paid",110,113),span(20180901,175,187)).
patient_(span("labor",54,58),span("Alice",0,4)).
agent_(span("labor",54,58),span("Bob",33,35)).
purpose_(span("labor",54,58),span("agricultural labor",41,58)).
start_(span("labor",54,58),span(20170201,70,82)).
end_(span("labor",54,58),span(20170902,87,99)).
patient_(span("work",143,146),span("Bob",102,104)).
agent_(span("work",143,146),span("Alice",133,137)).
start_(span("work",143,146),span(20170401,158,170)).
end_(span("work",143,146),span(20180901,175,187)).
2025-06-14 15:03:27,364 - INFO - 
Query:
\+ s3306_a_2_A("Alice",2017,_,_).
2025-06-14 15:03:27,509 - INFO - 
Query result: {'truth': True}
2025-06-14 15:03:27,509 - INFO - Result: correct

2025-06-14 15:03:27,509 - INFO - 
==================================================
Processing case: s3306_a_2_A_pos
==================================================
2025-06-14 15:03:27,509 - INFO - Facts:
:- discontiguous s3306_b/8.
:- [statutes/prolog/init].
s3306_b(6771,span("$6771",24,28),span("labor",90,94),"Alice","Bob","Alice","Bob",_).
s3306_b(6954,span("$6954",38,42),span("labor",90,94),"Alice","Charlie","Alice","Charlie",_).
s3306_b(6872,span("$6872",60,64),span("labor",90,94),"Alice","Dan","Alice","Dan",_).
s3306_b(4520,span("paid",146,149),span("work",179,182),"Bob","Alice","Bob","Alice",_).
payment_(span("$6771",24,28)).
payment_(span("$6954",38,42)).
payment_(span("$6872",60,64)).
service_(span("labor",90,94)).
payment_(span("paid",146,149)).
service_(span("work",179,182)).
agent_(span("$6771",24,28),span("Alice",0,4)).
amount_(span("$6771",24,28),span(6771,25,28)).
patient_(span("$6771",24,28),span("Bob",33,35)).
purpose_(span("$6771",24,28),span("labor",90,94)).
start_(span("$6771",24,28),span(20170902,123,135)).
agent_(span("$6872",60,64),span("Alice",0,4)).
amount_(span("$6872",60,64),span(6872,61,64)).
patient_(span("$6872",60,64),span("Dan",69,71)).
purpose_(span("$6872",60,64),span("labor",90,94)).
start_(span("$6872",60,64),span(20170902,123,135)).
agent_(span("$6954",38,42),span("Alice",0,4)).
amount_(span("$6954",38,42),span(6954,39,42)).
patient_(span("$6954",38,42),span("Charlie",47,53)).
purpose_(span("$6954",38,42),span("labor",90,94)).
start_(span("$6954",38,42),span(20170902,123,135)).
agent_(span("paid",146,149),span("Bob",138,140)).
amount_(span("paid",146,149),span(4520,161,164)).
patient_(span("paid",146,149),span("Alice",169,173)).
purpose_(span("paid",146,149),span("work",179,182)).
start_(span("paid",146,149),span(20180901,211,223)).
patient_(span("labor",90,94),span("Alice",0,4)).
agent_(span("labor",90,94),span("Bob",33,35)).
agent_(span("labor",90,94),span("Charlie",47,53)).
agent_(span("labor",90,94),span("Dan",69,71)).
purpose_(span("labor",90,94),span("agricultural labor",77,94)).
start_(span("labor",90,94),span(20170201,106,118)).
end_(span("labor",90,94),span(20170902,123,135)).
patient_(span("work",179,182),span("Bob",138,140)).
agent_(span("work",179,182),span("Alice",169,173)).
start_(span("work",179,182),span(20170401,194,206)).
end_(span("work",179,182),span(20180901,211,223)).
2025-06-14 15:03:27,509 - INFO - Test query:
:- s3306_a_2_A("Alice",2017,_,_).
2025-06-14 15:03:27,510 - INFO - 
Generated Prolog code:
:- ['/Users/sophie/code/2025-mcm-llms-applied-in-law_context/data/sara_v3/statutes/prolog/section3306.pl'].
:- ['/Users/sophie/code/2025-mcm-llms-applied-in-law_context/data/sara_v3/statutes/prolog/utils.pl'].
:- ['/Users/sophie/code/2025-mcm-llms-applied-in-law_context/data/sara_v3/statutes/prolog/init.pl'].
:- discontiguous s3306_b/8.
:- [statutes/prolog/init].
s3306_b(6771,span("$6771",24,28),span("labor",90,94),"Alice","Bob","Alice","Bob",_).
s3306_b(6954,span("$6954",38,42),span("labor",90,94),"Alice","Charlie","Alice","Charlie",_).
s3306_b(6872,span("$6872",60,64),span("labor",90,94),"Alice","Dan","Alice","Dan",_).
s3306_b(4520,span("paid",146,149),span("work",179,182),"Bob","Alice","Bob","Alice",_).
payment_(span("$6771",24,28)).
payment_(span("$6954",38,42)).
payment_(span("$6872",60,64)).
service_(span("labor",90,94)).
payment_(span("paid",146,149)).
service_(span("work",179,182)).
agent_(span("$6771",24,28),span("Alice",0,4)).
amount_(span("$6771",24,28),span(6771,25,28)).
patient_(span("$6771",24,28),span("Bob",33,35)).
purpose_(span("$6771",24,28),span("labor",90,94)).
start_(span("$6771",24,28),span(20170902,123,135)).
agent_(span("$6872",60,64),span("Alice",0,4)).
amount_(span("$6872",60,64),span(6872,61,64)).
patient_(span("$6872",60,64),span("Dan",69,71)).
purpose_(span("$6872",60,64),span("labor",90,94)).
start_(span("$6872",60,64),span(20170902,123,135)).
agent_(span("$6954",38,42),span("Alice",0,4)).
amount_(span("$6954",38,42),span(6954,39,42)).
patient_(span("$6954",38,42),span("Charlie",47,53)).
purpose_(span("$6954",38,42),span("labor",90,94)).
start_(span("$6954",38,42),span(20170902,123,135)).
agent_(span("paid",146,149),span("Bob",138,140)).
amount_(span("paid",146,149),span(4520,161,164)).
patient_(span("paid",146,149),span("Alice",169,173)).
purpose_(span("paid",146,149),span("work",179,182)).
start_(span("paid",146,149),span(20180901,211,223)).
patient_(span("labor",90,94),span("Alice",0,4)).
agent_(span("labor",90,94),span("Bob",33,35)).
agent_(span("labor",90,94),span("Charlie",47,53)).
agent_(span("labor",90,94),span("Dan",69,71)).
purpose_(span("labor",90,94),span("agricultural labor",77,94)).
start_(span("labor",90,94),span(20170201,106,118)).
end_(span("labor",90,94),span(20170902,123,135)).
patient_(span("work",179,182),span("Bob",138,140)).
agent_(span("work",179,182),span("Alice",169,173)).
start_(span("work",179,182),span(20170401,194,206)).
end_(span("work",179,182),span(20180901,211,223)).
2025-06-14 15:03:27,510 - INFO - 
Query:
s3306_a_2_A("Alice",2017,_,_).
2025-06-14 15:03:27,656 - INFO - 
Query result: {'truth': True}
2025-06-14 15:03:27,657 - INFO - Result: correct

2025-06-14 15:03:27,657 - INFO - 
==================================================
Processing case: s3306_a_2_B_neg
==================================================
2025-06-14 15:03:27,657 - INFO - Facts:
:- discontiguous s3306_c/5.
:- [statutes/prolog/init].
s3306_c(span("labor",78,82),"Alice","Bob",20170124,_).
s3306_c(span("labor",78,82),"Alice","Cameron",20170124,_).
s3306_c(span("labor",78,82),"Alice","Dan",20170124,_).
s3306_c(span("labor",78,82),"Alice","Emily",20170124,_).
s3306_c(span("labor",78,82),"Alice","Fred",20170124,_).
s3306_c(span("labor",78,82),"Alice","Bob",20170204,_).
s3306_c(span("labor",78,82),"Alice","Cameron",20170204,_).
s3306_c(span("labor",78,82),"Alice","Fred",20170204,_).
s3306_c(span("labor",78,82),"Alice","Bob",20170303,_).
s3306_c(span("labor",78,82),"Alice","Cameron",20170303,_).
s3306_c(span("labor",78,82),"Alice","Dan",20170303,_).
s3306_c(span("labor",78,82),"Alice","Emily",20170303,_).
s3306_c(span("labor",78,82),"Alice","Fred",20170303,_).
s3306_c(span("labor",78,82),"Alice","Cameron",20170318,_).
s3306_c(span("labor",78,82),"Alice","Dan",20170318,_).
s3306_c(span("labor",78,82),"Alice","Emily",20170318,_).
s3306_c(span("labor",78,82),"Alice","Fred",20170318,_).
s3306_c(span("labor",78,82),"Alice","George",20170318,_).
s3306_c(span("labor",78,82),"Alice","Bob",20170401,_).
s3306_c(span("labor",78,82),"Alice","Cameron",20170401,_).
s3306_c(span("labor",78,82),"Alice","Dan",20170401,_).
s3306_c(span("labor",78,82),"Alice","Fred",20170401,_).
s3306_c(span("labor",78,82),"Alice","George",20170401,_).
s3306_c(span("labor",78,82),"Alice","Cameron",20170509,_).
s3306_c(span("labor",78,82),"Alice","Dan",20170509,_).
s3306_c(span("labor",78,82),"Alice","Emily",20170509,_).
s3306_c(span("labor",78,82),"Alice","Fred",20170509,_).
s3306_c(span("labor",78,82),"Alice","George",20170509,_).
s3306_c(span("labor",78,82),"Alice","Bob",20171014,_).
s3306_c(span("labor",78,82),"Alice","Cameron",20171014,_).
s3306_c(span("labor",78,82),"Alice","Dan",20171014,_).
s3306_c(span("labor",78,82),"Alice","Emily",20171014,_).
s3306_c(span("labor",78,82),"Alice","George",20171014,_).
s3306_c(span("labor",78,82),"Alice","Bob",20171025,_).
s3306_c(span("labor",78,82),"Alice","Emily",20171025,_).
s3306_c(span("labor",78,82),"Alice","Fred",20171025,_).
s3306_c(span("labor",78,82),"Alice","George",20171025,_).
s3306_c(span("labor",78,82),"Alice","Bob",20171108,_).
s3306_c(span("labor",78,82),"Alice","Cameron",20171108,_).
s3306_c(span("labor",78,82),"Alice","Emily",20171108,_).
s3306_c(span("labor",78,82),"Alice","Fred",20171108,_).
s3306_c(span("labor",78,82),"Alice","George",20171108,_).
s3306_c(span("labor",78,82),"Alice","Bob",20171122,_).
s3306_c(span("labor",78,82),"Alice","Cameron",20171122,_).
s3306_c(span("labor",78,82),"Alice","Dan",20171122,_).
s3306_c(span("labor",78,82),"Alice","Emily",20171122,_).
s3306_c(span("labor",78,82),"Alice","Fred",20171122,_).
s3306_c(span("labor",78,82),"Alice","Bob",20171201,_).
s3306_c(span("labor",78,82),"Alice","Cameron",20171201,_).
s3306_c(span("labor",78,82),"Alice","Dan",20171201,_).
s3306_c(span("labor",78,82),"Alice","Emily",20171201,_).
s3306_c(span("labor",78,82),"Alice","George",20171201,_).
s3306_c(span("labor",78,82),"Alice","Bob",20171202,_).
s3306_c(span("labor",78,82),"Alice","Cameron",20171202,_).
s3306_c(span("labor",78,82),"Alice","Dan",20171202,_).
s3306_c(span("labor",78,82),"Alice","Emily",20171202,_).
s3306_c(span("labor",78,82),"Alice","George",20171202,_).
purpose_(span("labor",78,82),span("agricultural labor",65,82)).
2025-06-14 15:03:27,657 - INFO - Test query:
:- \+ s3306_a_2_B("Alice",_,_,_,_,2017).
2025-06-14 15:03:27,657 - INFO - 
Generated Prolog code:
:- ['/Users/sophie/code/2025-mcm-llms-applied-in-law_context/data/sara_v3/statutes/prolog/section3306.pl'].
:- ['/Users/sophie/code/2025-mcm-llms-applied-in-law_context/data/sara_v3/statutes/prolog/utils.pl'].
:- ['/Users/sophie/code/2025-mcm-llms-applied-in-law_context/data/sara_v3/statutes/prolog/init.pl'].
:- discontiguous s3306_c/5.
:- [statutes/prolog/init].
s3306_c(span("labor",78,82),"Alice","Bob",20170124,_).
s3306_c(span("labor",78,82),"Alice","Cameron",20170124,_).
s3306_c(span("labor",78,82),"Alice","Dan",20170124,_).
s3306_c(span("labor",78,82),"Alice","Emily",20170124,_).
s3306_c(span("labor",78,82),"Alice","Fred",20170124,_).
s3306_c(span("labor",78,82),"Alice","Bob",20170204,_).
s3306_c(span("labor",78,82),"Alice","Cameron",20170204,_).
s3306_c(span("labor",78,82),"Alice","Fred",20170204,_).
s3306_c(span("labor",78,82),"Alice","Bob",20170303,_).
s3306_c(span("labor",78,82),"Alice","Cameron",20170303,_).
s3306_c(span("labor",78,82),"Alice","Dan",20170303,_).
s3306_c(span("labor",78,82),"Alice","Emily",20170303,_).
s3306_c(span("labor",78,82),"Alice","Fred",20170303,_).
s3306_c(span("labor",78,82),"Alice","Cameron",20170318,_).
s3306_c(span("labor",78,82),"Alice","Dan",20170318,_).
s3306_c(span("labor",78,82),"Alice","Emily",20170318,_).
s3306_c(span("labor",78,82),"Alice","Fred",20170318,_).
s3306_c(span("labor",78,82),"Alice","George",20170318,_).
s3306_c(span("labor",78,82),"Alice","Bob",20170401,_).
s3306_c(span("labor",78,82),"Alice","Cameron",20170401,_).
s3306_c(span("labor",78,82),"Alice","Dan",20170401,_).
s3306_c(span("labor",78,82),"Alice","Fred",20170401,_).
s3306_c(span("labor",78,82),"Alice","George",20170401,_).
s3306_c(span("labor",78,82),"Alice","Cameron",20170509,_).
s3306_c(span("labor",78,82),"Alice","Dan",20170509,_).
s3306_c(span("labor",78,82),"Alice","Emily",20170509,_).
s3306_c(span("labor",78,82),"Alice","Fred",20170509,_).
s3306_c(span("labor",78,82),"Alice","George",20170509,_).
s3306_c(span("labor",78,82),"Alice","Bob",20171014,_).
s3306_c(span("labor",78,82),"Alice","Cameron",20171014,_).
s3306_c(span("labor",78,82),"Alice","Dan",20171014,_).
s3306_c(span("labor",78,82),"Alice","Emily",20171014,_).
s3306_c(span("labor",78,82),"Alice","George",20171014,_).
s3306_c(span("labor",78,82),"Alice","Bob",20171025,_).
s3306_c(span("labor",78,82),"Alice","Emily",20171025,_).
s3306_c(span("labor",78,82),"Alice","Fred",20171025,_).
s3306_c(span("labor",78,82),"Alice","George",20171025,_).
s3306_c(span("labor",78,82),"Alice","Bob",20171108,_).
s3306_c(span("labor",78,82),"Alice","Cameron",20171108,_).
s3306_c(span("labor",78,82),"Alice","Emily",20171108,_).
s3306_c(span("labor",78,82),"Alice","Fred",20171108,_).
s3306_c(span("labor",78,82),"Alice","George",20171108,_).
s3306_c(span("labor",78,82),"Alice","Bob",20171122,_).
s3306_c(span("labor",78,82),"Alice","Cameron",20171122,_).
s3306_c(span("labor",78,82),"Alice","Dan",20171122,_).
s3306_c(span("labor",78,82),"Alice","Emily",20171122,_).
s3306_c(span("labor",78,82),"Alice","Fred",20171122,_).
s3306_c(span("labor",78,82),"Alice","Bob",20171201,_).
s3306_c(span("labor",78,82),"Alice","Cameron",20171201,_).
s3306_c(span("labor",78,82),"Alice","Dan",20171201,_).
s3306_c(span("labor",78,82),"Alice","Emily",20171201,_).
s3306_c(span("labor",78,82),"Alice","George",20171201,_).
s3306_c(span("labor",78,82),"Alice","Bob",20171202,_).
s3306_c(span("labor",78,82),"Alice","Cameron",20171202,_).
s3306_c(span("labor",78,82),"Alice","Dan",20171202,_).
s3306_c(span("labor",78,82),"Alice","Emily",20171202,_).
s3306_c(span("labor",78,82),"Alice","George",20171202,_).
purpose_(span("labor",78,82),span("agricultural labor",65,82)).
2025-06-14 15:03:27,658 - INFO - 
Query:
\+ s3306_a_2_B("Alice",_,_,_,_,2017).
2025-06-14 15:03:27,784 - INFO - 
Query result: {'truth': True}
2025-06-14 15:03:27,784 - INFO - Result: correct

2025-06-14 15:03:27,785 - INFO - 
==================================================
Processing case: s3306_a_2_B_pos
==================================================
2025-06-14 15:03:27,785 - INFO - Facts:
:- discontiguous s3306_c/5.
:- [statutes/prolog/init].
s3306_c(span("labor",78,82),"Alice","Bob",20170124,_).
s3306_c(span("labor",78,82),"Alice","Cameron",20170124,_).
s3306_c(span("labor",78,82),"Alice","Dan",20170124,_).
s3306_c(span("labor",78,82),"Alice","Emily",20170124,_).
s3306_c(span("labor",78,82),"Alice","Fred",20170124,_).
s3306_c(span("labor",78,82),"Alice","Bob",20170204,_).
s3306_c(span("labor",78,82),"Alice","Cameron",20170204,_).
s3306_c(span("labor",78,82),"Alice","Dan",20170204,_).
s3306_c(span("labor",78,82),"Alice","Emily",20170204,_).
s3306_c(span("labor",78,82),"Alice","Fred",20170204,_).
s3306_c(span("labor",78,82),"Alice","Bob",20170303,_).
s3306_c(span("labor",78,82),"Alice","Cameron",20170303,_).
s3306_c(span("labor",78,82),"Alice","Dan",20170303,_).
s3306_c(span("labor",78,82),"Alice","Emily",20170303,_).
s3306_c(span("labor",78,82),"Alice","Fred",20170303,_).
s3306_c(span("labor",78,82),"Alice","Cameron",20170318,_).
s3306_c(span("labor",78,82),"Alice","Dan",20170318,_).
s3306_c(span("labor",78,82),"Alice","Emily",20170318,_).
s3306_c(span("labor",78,82),"Alice","Fred",20170318,_).
s3306_c(span("labor",78,82),"Alice","George",20170318,_).
s3306_c(span("labor",78,82),"Alice","Bob",20170401,_).
s3306_c(span("labor",78,82),"Alice","Cameron",20170401,_).
s3306_c(span("labor",78,82),"Alice","Dan",20170401,_).
s3306_c(span("labor",78,82),"Alice","Fred",20170401,_).
s3306_c(span("labor",78,82),"Alice","George",20170401,_).
s3306_c(span("labor",78,82),"Alice","Cameron",20170509,_).
s3306_c(span("labor",78,82),"Alice","Dan",20170509,_).
s3306_c(span("labor",78,82),"Alice","Emily",20170509,_).
s3306_c(span("labor",78,82),"Alice","Fred",20170509,_).
s3306_c(span("labor",78,82),"Alice","George",20170509,_).
s3306_c(span("labor",78,82),"Alice","Bob",20171014,_).
s3306_c(span("labor",78,82),"Alice","Cameron",20171014,_).
s3306_c(span("labor",78,82),"Alice","Dan",20171014,_).
s3306_c(span("labor",78,82),"Alice","Emily",20171014,_).
s3306_c(span("labor",78,82),"Alice","George",20171014,_).
s3306_c(span("labor",78,82),"Alice","Bob",20171025,_).
s3306_c(span("labor",78,82),"Alice","Cameron",20171025,_).
s3306_c(span("labor",78,82),"Alice","Dan",20171025,_).
s3306_c(span("labor",78,82),"Alice","Emily",20171025,_).
s3306_c(span("labor",78,82),"Alice","Fred",20171025,_).
s3306_c(span("labor",78,82),"Alice","George",20171025,_).
s3306_c(span("labor",78,82),"Alice","Bob",20171108,_).
s3306_c(span("labor",78,82),"Alice","Cameron",20171108,_).
s3306_c(span("labor",78,82),"Alice","Emily",20171108,_).
s3306_c(span("labor",78,82),"Alice","Fred",20171108,_).
s3306_c(span("labor",78,82),"Alice","George",20171108,_).
s3306_c(span("labor",78,82),"Alice","Bob",20171122,_).
s3306_c(span("labor",78,82),"Alice","Cameron",20171122,_).
s3306_c(span("labor",78,82),"Alice","Dan",20171122,_).
s3306_c(span("labor",78,82),"Alice","Emily",20171122,_).
s3306_c(span("labor",78,82),"Alice","Fred",20171122,_).
s3306_c(span("labor",78,82),"Alice","Bob",20171201,_).
s3306_c(span("labor",78,82),"Alice","Cameron",20171201,_).
s3306_c(span("labor",78,82),"Alice","Dan",20171201,_).
s3306_c(span("labor",78,82),"Alice","Emily",20171201,_).
s3306_c(span("labor",78,82),"Alice","George",20171201,_).
s3306_c(span("labor",78,82),"Alice","Bob",20171202,_).
s3306_c(span("labor",78,82),"Alice","Cameron",20171202,_).
s3306_c(span("labor",78,82),"Alice","Dan",20171202,_).
s3306_c(span("labor",78,82),"Alice","Emily",20171202,_).
s3306_c(span("labor",78,82),"Alice","George",20171202,_).
purpose_(span("labor",78,82),span("agricultural labor",65,82)).
2025-06-14 15:03:27,785 - INFO - Test query:
:- s3306_a_2_B("Alice",_,_,_,_,2017).
2025-06-14 15:03:27,785 - INFO - 
Generated Prolog code:
:- ['/Users/sophie/code/2025-mcm-llms-applied-in-law_context/data/sara_v3/statutes/prolog/section3306.pl'].
:- ['/Users/sophie/code/2025-mcm-llms-applied-in-law_context/data/sara_v3/statutes/prolog/utils.pl'].
:- ['/Users/sophie/code/2025-mcm-llms-applied-in-law_context/data/sara_v3/statutes/prolog/init.pl'].
:- discontiguous s3306_c/5.
:- [statutes/prolog/init].
s3306_c(span("labor",78,82),"Alice","Bob",20170124,_).
s3306_c(span("labor",78,82),"Alice","Cameron",20170124,_).
s3306_c(span("labor",78,82),"Alice","Dan",20170124,_).
s3306_c(span("labor",78,82),"Alice","Emily",20170124,_).
s3306_c(span("labor",78,82),"Alice","Fred",20170124,_).
s3306_c(span("labor",78,82),"Alice","Bob",20170204,_).
s3306_c(span("labor",78,82),"Alice","Cameron",20170204,_).
s3306_c(span("labor",78,82),"Alice","Dan",20170204,_).
s3306_c(span("labor",78,82),"Alice","Emily",20170204,_).
s3306_c(span("labor",78,82),"Alice","Fred",20170204,_).
s3306_c(span("labor",78,82),"Alice","Bob",20170303,_).
s3306_c(span("labor",78,82),"Alice","Cameron",20170303,_).
s3306_c(span("labor",78,82),"Alice","Dan",20170303,_).
s3306_c(span("labor",78,82),"Alice","Emily",20170303,_).
s3306_c(span("labor",78,82),"Alice","Fred",20170303,_).
s3306_c(span("labor",78,82),"Alice","Cameron",20170318,_).
s3306_c(span("labor",78,82),"Alice","Dan",20170318,_).
s3306_c(span("labor",78,82),"Alice","Emily",20170318,_).
s3306_c(span("labor",78,82),"Alice","Fred",20170318,_).
s3306_c(span("labor",78,82),"Alice","George",20170318,_).
s3306_c(span("labor",78,82),"Alice","Bob",20170401,_).
s3306_c(span("labor",78,82),"Alice","Cameron",20170401,_).
s3306_c(span("labor",78,82),"Alice","Dan",20170401,_).
s3306_c(span("labor",78,82),"Alice","Fred",20170401,_).
s3306_c(span("labor",78,82),"Alice","George",20170401,_).
s3306_c(span("labor",78,82),"Alice","Cameron",20170509,_).
s3306_c(span("labor",78,82),"Alice","Dan",20170509,_).
s3306_c(span("labor",78,82),"Alice","Emily",20170509,_).
s3306_c(span("labor",78,82),"Alice","Fred",20170509,_).
s3306_c(span("labor",78,82),"Alice","George",20170509,_).
s3306_c(span("labor",78,82),"Alice","Bob",20171014,_).
s3306_c(span("labor",78,82),"Alice","Cameron",20171014,_).
s3306_c(span("labor",78,82),"Alice","Dan",20171014,_).
s3306_c(span("labor",78,82),"Alice","Emily",20171014,_).
s3306_c(span("labor",78,82),"Alice","George",20171014,_).
s3306_c(span("labor",78,82),"Alice","Bob",20171025,_).
s3306_c(span("labor",78,82),"Alice","Cameron",20171025,_).
s3306_c(span("labor",78,82),"Alice","Dan",20171025,_).
s3306_c(span("labor",78,82),"Alice","Emily",20171025,_).
s3306_c(span("labor",78,82),"Alice","Fred",20171025,_).
s3306_c(span("labor",78,82),"Alice","George",20171025,_).
s3306_c(span("labor",78,82),"Alice","Bob",20171108,_).
s3306_c(span("labor",78,82),"Alice","Cameron",20171108,_).
s3306_c(span("labor",78,82),"Alice","Emily",20171108,_).
s3306_c(span("labor",78,82),"Alice","Fred",20171108,_).
s3306_c(span("labor",78,82),"Alice","George",20171108,_).
s3306_c(span("labor",78,82),"Alice","Bob",20171122,_).
s3306_c(span("labor",78,82),"Alice","Cameron",20171122,_).
s3306_c(span("labor",78,82),"Alice","Dan",20171122,_).
s3306_c(span("labor",78,82),"Alice","Emily",20171122,_).
s3306_c(span("labor",78,82),"Alice","Fred",20171122,_).
s3306_c(span("labor",78,82),"Alice","Bob",20171201,_).
s3306_c(span("labor",78,82),"Alice","Cameron",20171201,_).
s3306_c(span("labor",78,82),"Alice","Dan",20171201,_).
s3306_c(span("labor",78,82),"Alice","Emily",20171201,_).
s3306_c(span("labor",78,82),"Alice","George",20171201,_).
s3306_c(span("labor",78,82),"Alice","Bob",20171202,_).
s3306_c(span("labor",78,82),"Alice","Cameron",20171202,_).
s3306_c(span("labor",78,82),"Alice","Dan",20171202,_).
s3306_c(span("labor",78,82),"Alice","Emily",20171202,_).
s3306_c(span("labor",78,82),"Alice","George",20171202,_).
purpose_(span("labor",78,82),span("agricultural labor",65,82)).
2025-06-14 15:03:27,785 - INFO - 
Query:
s3306_a_2_B("Alice",_,_,_,_,2017).
2025-06-14 15:03:27,925 - INFO - 
Query result: {'truth': True}
2025-06-14 15:03:27,925 - INFO - Result: correct

2025-06-14 15:03:27,926 - INFO - 
==================================================
Processing case: s3306_b_10_A_neg
==================================================
2025-06-14 15:03:27,926 - INFO - Facts:
:- [statutes/prolog/init].
service_(span("employed",10,17)).
retirement_(span("retired",79,85)).
payment_(span("paid",120,123)).
termination_(span("retirement",141,150)).
start_(span("paid",120,123),span(20191010,62,73)).
agent_(span("paid",120,123),span("Alice",114,118)).
patient_(span("paid",120,123),span("Bob",125,127)).
amount_(span("paid",120,123),span(12980,130,134)).
purpose_(span("paid",120,123),span("retirement",141,150)).
start_(span("retired",79,85),span(20191010,62,73)).
agent_(span("retired",79,85),span("Bob",75,77)).
reason_(span("retired",79,85),span("reached age 65",98,111)).
patient_(span("employed",10,17),span("Alice",0,4)).
agent_(span("employed",10,17),span("Bob",19,21)).
start_(span("employed",10,17),span(20110101,28,40)).
end_(span("employed",10,17),span(20191010,45,56)).
patient_(span("retirement",141,150),span("employed",10,17)).
agent_(span("retirement",141,150),span("Alice",114,118)).
2025-06-14 15:03:27,926 - INFO - Test query:
:- \+ s3306_b_10_A(span("paid",120,123),_,_,"Alice",_,_).
2025-06-14 15:03:27,926 - INFO - 
Generated Prolog code:
:- ['/Users/sophie/code/2025-mcm-llms-applied-in-law_context/data/sara_v3/statutes/prolog/utils.pl'].
:- ['/Users/sophie/code/2025-mcm-llms-applied-in-law_context/data/sara_v3/statutes/prolog/init.pl'].
:- [statutes/prolog/init].
service_(span("employed",10,17)).
retirement_(span("retired",79,85)).
payment_(span("paid",120,123)).
termination_(span("retirement",141,150)).
start_(span("paid",120,123),span(20191010,62,73)).
agent_(span("paid",120,123),span("Alice",114,118)).
patient_(span("paid",120,123),span("Bob",125,127)).
amount_(span("paid",120,123),span(12980,130,134)).
purpose_(span("paid",120,123),span("retirement",141,150)).
start_(span("retired",79,85),span(20191010,62,73)).
agent_(span("retired",79,85),span("Bob",75,77)).
reason_(span("retired",79,85),span("reached age 65",98,111)).
patient_(span("employed",10,17),span("Alice",0,4)).
agent_(span("employed",10,17),span("Bob",19,21)).
start_(span("employed",10,17),span(20110101,28,40)).
end_(span("employed",10,17),span(20191010,45,56)).
patient_(span("retirement",141,150),span("employed",10,17)).
agent_(span("retirement",141,150),span("Alice",114,118)).
2025-06-14 15:03:27,926 - INFO - 
Query:
\+ s3306_b_10_A(span("paid",120,123),_,_,"Alice",_,_).
2025-06-14 15:03:28,063 - INFO - 
Query result: {'truth': True}
2025-06-14 15:03:28,063 - INFO - Result: correct

2025-06-14 15:03:28,064 - INFO - 
==================================================
Processing case: s3306_b_10_A_pos
==================================================
2025-06-14 15:03:28,064 - INFO - Facts:
:- [statutes/prolog/init].
service_(span("employed",10,17)).
disability_(span("disabled",96,103)).
retirement_(span("retired",109,115)).
payment_(span("paid",124,127)).
termination_(span("terminate",159,167)).
start_(span("disabled",96,103),span(20191010,62,73)).
agent_(span("disabled",96,103),span("Bob",75,77)).
start_(span("paid",124,127),span(20191010,62,73)).
agent_(span("paid",124,127),span("Alice",118,122)).
patient_(span("paid",124,127),span("Bob",129,131)).
amount_(span("paid",124,127),span(12980,134,138)).
purpose_(span("paid",124,127),span("terminate",159,167)).
start_(span("retired",109,115),span(20191010,62,73)).
agent_(span("retired",109,115),span("Bob",75,77)).
reason_(span("retired",109,115),span("disability",197,206)).
patient_(span("employed",10,17),span("Alice",0,4)).
agent_(span("employed",10,17),span("Bob",19,21)).
start_(span("employed",10,17),span(20110101,28,40)).
end_(span("employed",10,17),span(20191010,45,56)).
patient_(span("terminate",159,167),span("employed",10,17)).
reason_(span("terminate",159,167),span("disabled",96,103)).
agent_(span("terminate",159,167),span("Alice",118,122)).
2025-06-14 15:03:28,064 - INFO - Test query:
:- s3306_b_10_A(span("paid",124,127),_,_,"Alice",_,_).
2025-06-14 15:03:28,064 - INFO - 
Generated Prolog code:
:- ['/Users/sophie/code/2025-mcm-llms-applied-in-law_context/data/sara_v3/statutes/prolog/utils.pl'].
:- ['/Users/sophie/code/2025-mcm-llms-applied-in-law_context/data/sara_v3/statutes/prolog/init.pl'].
:- [statutes/prolog/init].
service_(span("employed",10,17)).
disability_(span("disabled",96,103)).
retirement_(span("retired",109,115)).
payment_(span("paid",124,127)).
termination_(span("terminate",159,167)).
start_(span("disabled",96,103),span(20191010,62,73)).
agent_(span("disabled",96,103),span("Bob",75,77)).
start_(span("paid",124,127),span(20191010,62,73)).
agent_(span("paid",124,127),span("Alice",118,122)).
patient_(span("paid",124,127),span("Bob",129,131)).
amount_(span("paid",124,127),span(12980,134,138)).
purpose_(span("paid",124,127),span("terminate",159,167)).
start_(span("retired",109,115),span(20191010,62,73)).
agent_(span("retired",109,115),span("Bob",75,77)).
reason_(span("retired",109,115),span("disability",197,206)).
patient_(span("employed",10,17),span("Alice",0,4)).
agent_(span("employed",10,17),span("Bob",19,21)).
start_(span("employed",10,17),span(20110101,28,40)).
end_(span("employed",10,17),span(20191010,45,56)).
patient_(span("terminate",159,167),span("employed",10,17)).
reason_(span("terminate",159,167),span("disabled",96,103)).
agent_(span("terminate",159,167),span("Alice",118,122)).
2025-06-14 15:03:28,064 - INFO - 
Query:
s3306_b_10_A(span("paid",124,127),_,_,"Alice",_,_).
2025-06-14 15:03:28,206 - INFO - 
Query result: {'truth': True}
2025-06-14 15:03:28,206 - INFO - Result: correct

2025-06-14 15:03:28,206 - INFO - 
==================================================
Processing case: s3306_b_10_B_neg
==================================================
2025-06-14 15:03:28,206 - INFO - Facts:
:- [statutes/prolog/init.pl].
service_(span("employed",10,17)).
disability_(span("disabled",96,103)).
retirement_(span("retired",109,115)).
payment_(span("paid",124,127)).
termination_(span("terminate",159,167)).
start_(span("disabled",96,103),span(20191010,62,73)).
agent_(span("disabled",96,103),span("Bob",75,77)).
start_(span("paid",124,127),span(20191010,62,73)).
agent_(span("paid",124,127),span("Alice",118,122)).
patient_(span("paid",124,127),span("Bob",129,131)).
amount_(span("paid",124,127),span(12980,134,138)).
purpose_(span("paid",124,127),span("terminate",159,167)).
start_(span("retired",109,115),span(20191010,62,73)).
agent_(span("retired",109,115),span("Bob",75,77)).
reason_(span("retired",109,115),span("disability",197,206)).
patient_(span("employed",10,17),span("Alice",0,4)).
agent_(span("employed",10,17),span("Bob",19,21)).
start_(span("employed",10,17),span(20110101,28,40)).
end_(span("employed",10,17),span(20191010,45,56)).
patient_(span("terminate",159,167),span("employed",10,17)).
reason_(span("terminate",159,167),span("disabled",96,103)).
agent_(span("terminate",159,167),span("Alice",118,122)).
2025-06-14 15:03:28,206 - INFO - Test query:
:- \+ s3306_b_10_B("Alice",span("paid",124,127),_).
2025-06-14 15:03:28,206 - INFO - 
Generated Prolog code:
:- ['/Users/sophie/code/2025-mcm-llms-applied-in-law_context/data/sara_v3/statutes/prolog/utils.pl'].
:- ['/Users/sophie/code/2025-mcm-llms-applied-in-law_context/data/sara_v3/statutes/prolog/init.pl'].
:- [statutes/prolog/init.pl].
service_(span("employed",10,17)).
disability_(span("disabled",96,103)).
retirement_(span("retired",109,115)).
payment_(span("paid",124,127)).
termination_(span("terminate",159,167)).
start_(span("disabled",96,103),span(20191010,62,73)).
agent_(span("disabled",96,103),span("Bob",75,77)).
start_(span("paid",124,127),span(20191010,62,73)).
agent_(span("paid",124,127),span("Alice",118,122)).
patient_(span("paid",124,127),span("Bob",129,131)).
amount_(span("paid",124,127),span(12980,134,138)).
purpose_(span("paid",124,127),span("terminate",159,167)).
start_(span("retired",109,115),span(20191010,62,73)).
agent_(span("retired",109,115),span("Bob",75,77)).
reason_(span("retired",109,115),span("disability",197,206)).
patient_(span("employed",10,17),span("Alice",0,4)).
agent_(span("employed",10,17),span("Bob",19,21)).
start_(span("employed",10,17),span(20110101,28,40)).
end_(span("employed",10,17),span(20191010,45,56)).
patient_(span("terminate",159,167),span("employed",10,17)).
reason_(span("terminate",159,167),span("disabled",96,103)).
agent_(span("terminate",159,167),span("Alice",118,122)).
2025-06-14 15:03:28,206 - INFO - 
Query:
\+ s3306_b_10_B("Alice",span("paid",124,127),_).
2025-06-14 15:03:28,338 - INFO - 
Query result: {'truth': True}
2025-06-14 15:03:28,338 - INFO - Result: correct

2025-06-14 15:03:28,338 - INFO - 
==================================================
Processing case: s3306_b_10_B_pos
==================================================
2025-06-14 15:03:28,338 - INFO - Facts:
:- [statutes/prolog/init].
purpose_(span("disability plan",219,233),span("make provisions for employees or dependents",219,233)).
service_(span("employed",10,17)).
disability_(span("disabled",96,103)).
retirement_(span("retired",109,115)).
payment_(span("paid",124,127)).
termination_(span("terminate",159,167)).
plan_(span("disability plan",219,233)).
start_(span("disabled",96,103),span(20191010,62,73)).
agent_(span("disabled",96,103),span("Bob",75,77)).
start_(span("paid",124,127),span(20191010,62,73)).
agent_(span("paid",124,127),span("Alice",118,122)).
patient_(span("paid",124,127),span("Bob",129,131)).
amount_(span("paid",124,127),span(12980,134,138)).
purpose_(span("paid",124,127),span("terminate",159,167)).
means_(span("paid",124,127),span("disability plan",219,233)).
agent_(span("disability plan",219,233),span("Alice",253,257)).
start_(span("retired",109,115),span(20191010,62,73)).
agent_(span("retired",109,115),span("Bob",75,77)).
reason_(span("retired",109,115),span("disability",197,206)).
patient_(span("employed",10,17),span("Alice",0,4)).
agent_(span("employed",10,17),span("Bob",19,21)).
start_(span("employed",10,17),span(20110101,28,40)).
end_(span("employed",10,17),span(20191010,45,56)).
patient_(span("terminate",159,167),span("employed",10,17)).
reason_(span("terminate",159,167),span("disabled",96,103)).
agent_(span("terminate",159,167),span("Alice",118,122)).
2025-06-14 15:03:28,338 - INFO - Test query:
:- s3306_b_10_B("Alice",span("paid",124,127),_).
2025-06-14 15:03:28,338 - INFO - 
Generated Prolog code:
:- ['/Users/sophie/code/2025-mcm-llms-applied-in-law_context/data/sara_v3/statutes/prolog/utils.pl'].
:- ['/Users/sophie/code/2025-mcm-llms-applied-in-law_context/data/sara_v3/statutes/prolog/init.pl'].
:- [statutes/prolog/init].
purpose_(span("disability plan",219,233),span("make provisions for employees or dependents",219,233)).
service_(span("employed",10,17)).
disability_(span("disabled",96,103)).
retirement_(span("retired",109,115)).
payment_(span("paid",124,127)).
termination_(span("terminate",159,167)).
plan_(span("disability plan",219,233)).
start_(span("disabled",96,103),span(20191010,62,73)).
agent_(span("disabled",96,103),span("Bob",75,77)).
start_(span("paid",124,127),span(20191010,62,73)).
agent_(span("paid",124,127),span("Alice",118,122)).
patient_(span("paid",124,127),span("Bob",129,131)).
amount_(span("paid",124,127),span(12980,134,138)).
purpose_(span("paid",124,127),span("terminate",159,167)).
means_(span("paid",124,127),span("disability plan",219,233)).
agent_(span("disability plan",219,233),span("Alice",253,257)).
start_(span("retired",109,115),span(20191010,62,73)).
agent_(span("retired",109,115),span("Bob",75,77)).
reason_(span("retired",109,115),span("disability",197,206)).
patient_(span("employed",10,17),span("Alice",0,4)).
agent_(span("employed",10,17),span("Bob",19,21)).
start_(span("employed",10,17),span(20110101,28,40)).
end_(span("employed",10,17),span(20191010,45,56)).
patient_(span("terminate",159,167),span("employed",10,17)).
reason_(span("terminate",159,167),span("disabled",96,103)).
agent_(span("terminate",159,167),span("Alice",118,122)).
2025-06-14 15:03:28,339 - INFO - 
Query:
s3306_b_10_B("Alice",span("paid",124,127),_).
2025-06-14 15:03:28,476 - INFO - 
Query result: {'truth': True}
2025-06-14 15:03:28,477 - INFO - Result: correct

2025-06-14 15:03:28,477 - INFO - 
==================================================
Processing case: s3306_b_11_neg
==================================================
2025-06-14 15:03:28,477 - INFO - Facts:
:- [statutes/prolog/init].
payment_(span("paid",10,13)).
service_(span("repairing",32,40)).
agent_(span("paid",10,13),span("Alice",0,4)).
amount_(span("paid",10,13),span(3200,16,19)).
patient_(span("paid",10,13),span("Bob",24,26)).
purpose_(span("paid",10,13),span("repairing",32,40)).
start_(span("paid",10,13),span(20170902,73,85)).
means_(span("paid",10,13),span("eggs, grapes and hay",108,127)).
patient_(span("repairing",32,40),span("Alice",0,4)).
agent_(span("repairing",32,40),span("Bob",24,26)).
start_(span("repairing",32,40),span(20170201,56,68)).
end_(span("repairing",32,40),span(20170902,73,85)).
2025-06-14 15:03:28,477 - INFO - Test query:
:- \+ s3306_b_11(span("paid",10,13),_,_).
2025-06-14 15:03:28,477 - INFO - 
Generated Prolog code:
:- ['/Users/sophie/code/2025-mcm-llms-applied-in-law_context/data/sara_v3/statutes/prolog/utils.pl'].
:- ['/Users/sophie/code/2025-mcm-llms-applied-in-law_context/data/sara_v3/statutes/prolog/init.pl'].
:- [statutes/prolog/init].
payment_(span("paid",10,13)).
service_(span("repairing",32,40)).
agent_(span("paid",10,13),span("Alice",0,4)).
amount_(span("paid",10,13),span(3200,16,19)).
patient_(span("paid",10,13),span("Bob",24,26)).
purpose_(span("paid",10,13),span("repairing",32,40)).
start_(span("paid",10,13),span(20170902,73,85)).
means_(span("paid",10,13),span("eggs, grapes and hay",108,127)).
patient_(span("repairing",32,40),span("Alice",0,4)).
agent_(span("repairing",32,40),span("Bob",24,26)).
start_(span("repairing",32,40),span(20170201,56,68)).
end_(span("repairing",32,40),span(20170902,73,85)).
2025-06-14 15:03:28,477 - INFO - 
Query:
\+ s3306_b_11(span("paid",10,13),_,_).
2025-06-14 15:03:28,620 - INFO - 
Query result: {'truth': True}
2025-06-14 15:03:28,620 - INFO - Result: correct

2025-06-14 15:03:28,620 - INFO - 
==================================================
Processing case: s3306_b_11_pos
==================================================
2025-06-14 15:03:28,621 - INFO - Facts:
:- [statutes/prolog/init].
payment_(span("paid",10,13)).
service_(span("labor",45,49)).
agent_(span("paid",10,13),span("Alice",0,4)).
amount_(span("paid",10,13),span(3200,16,19)).
patient_(span("paid",10,13),span("Bob",24,26)).
purpose_(span("paid",10,13),span("labor",45,49)).
start_(span("paid",10,13),span(20170902,78,90)).
means_(span("paid",10,13),span("eggs, grapes and hay",113,132)).
patient_(span("labor",45,49),span("Alice",0,4)).
agent_(span("labor",45,49),span("Bob",24,26)).
purpose_(span("labor",45,49),span("agricultural labor",32,49)).
start_(span("labor",45,49),span(20170201,61,73)).
end_(span("labor",45,49),span(20170902,78,90)).
2025-06-14 15:03:28,621 - INFO - Test query:
:- s3306_b_11(span("paid",10,13),_,_).
2025-06-14 15:03:28,621 - INFO - 
Generated Prolog code:
:- ['/Users/sophie/code/2025-mcm-llms-applied-in-law_context/data/sara_v3/statutes/prolog/utils.pl'].
:- ['/Users/sophie/code/2025-mcm-llms-applied-in-law_context/data/sara_v3/statutes/prolog/init.pl'].
:- [statutes/prolog/init].
payment_(span("paid",10,13)).
service_(span("labor",45,49)).
agent_(span("paid",10,13),span("Alice",0,4)).
amount_(span("paid",10,13),span(3200,16,19)).
patient_(span("paid",10,13),span("Bob",24,26)).
purpose_(span("paid",10,13),span("labor",45,49)).
start_(span("paid",10,13),span(20170902,78,90)).
means_(span("paid",10,13),span("eggs, grapes and hay",113,132)).
patient_(span("labor",45,49),span("Alice",0,4)).
agent_(span("labor",45,49),span("Bob",24,26)).
purpose_(span("labor",45,49),span("agricultural labor",32,49)).
start_(span("labor",45,49),span(20170201,61,73)).
end_(span("labor",45,49),span(20170902,78,90)).
2025-06-14 15:03:28,621 - INFO - 
Query:
s3306_b_11(span("paid",10,13),_,_).
2025-06-14 15:03:28,764 - INFO - 
Query result: {'truth': True}
2025-06-14 15:03:28,764 - INFO - Result: correct

2025-06-14 15:03:28,765 - INFO - 
==================================================
Processing case: s3306_b_15_neg
==================================================
2025-06-14 15:03:28,765 - INFO - Facts:
:- discontiguous s3306_c/5.
:- [statutes/prolog/init].
s3306_c(span("labor",36,40),"Alice","Bob",Day,_) :-
    (
        nonvar(Day),
        is_before(20110201,Day),
        is_before(Day,20191119)
    );
    var(Day).
death_(span("died",107,110)).
payment_(span("paid",163,166)).
marriage_(span("spouse",193,198)).
start_(span("died",107,110),span(20191125,88,100)).
agent_(span("died",107,110),span("Bob",103,105)).
agent_(span("spouse",193,198),span("Charlie",168,174)).
agent_(span("spouse",193,198),span("Bob",177,179)).
purpose_(span("labor",36,40),span("agricultural labor",23,40)).
purpose_(span("paid",163,166),span("labor",36,40)).
start_(span("paid",163,166),span(20191220,136,154)).
agent_(span("paid",163,166),span("Alice",157,161)).
patient_(span("paid",163,166),span("Charlie",168,174)).
amount_(span("paid",163,166),span(1200,229,232)).
2025-06-14 15:03:28,765 - INFO - Test query:
:- \+ s3306_b_15(span("paid",163,166),"Alice","Charlie",_,_).
2025-06-14 15:03:28,765 - INFO - 
Generated Prolog code:
:- ['/Users/sophie/code/2025-mcm-llms-applied-in-law_context/data/sara_v3/statutes/prolog/section3306.pl'].
:- ['/Users/sophie/code/2025-mcm-llms-applied-in-law_context/data/sara_v3/statutes/prolog/utils.pl'].
:- ['/Users/sophie/code/2025-mcm-llms-applied-in-law_context/data/sara_v3/statutes/prolog/init.pl'].
:- discontiguous s3306_c/5.
:- [statutes/prolog/init].
s3306_c(span("labor",36,40),"Alice","Bob",Day,_) :-
(
nonvar(Day),
is_before(20110201,Day),
is_before(Day,20191119)
);
var(Day).
death_(span("died",107,110)).
payment_(span("paid",163,166)).
marriage_(span("spouse",193,198)).
start_(span("died",107,110),span(20191125,88,100)).
agent_(span("died",107,110),span("Bob",103,105)).
agent_(span("spouse",193,198),span("Charlie",168,174)).
agent_(span("spouse",193,198),span("Bob",177,179)).
purpose_(span("labor",36,40),span("agricultural labor",23,40)).
purpose_(span("paid",163,166),span("labor",36,40)).
start_(span("paid",163,166),span(20191220,136,154)).
agent_(span("paid",163,166),span("Alice",157,161)).
patient_(span("paid",163,166),span("Charlie",168,174)).
amount_(span("paid",163,166),span(1200,229,232)).
2025-06-14 15:03:28,765 - INFO - 
Query:
\+ s3306_b_15(span("paid",163,166),"Alice","Charlie",_,_).
2025-06-14 15:03:28,914 - INFO - 
Query result: {'truth': True}
2025-06-14 15:03:28,914 - INFO - Result: correct

2025-06-14 15:03:28,914 - INFO - 
==================================================
Processing case: s3306_b_15_pos
==================================================
2025-06-14 15:03:28,914 - INFO - Facts:
:- discontiguous s3306_c/5.
:- [statutes/prolog/init].
s3306_c(span("labor",36,40),"Alice","Bob",Day,_) :-
    (
        nonvar(Day),
        is_before(20110201,Day),
        is_before(Day,20191119)
    );
    var(Day).
death_(span("died",107,110)).
payment_(span("paid",162,165)).
marriage_(span("spouse",192,197)).
start_(span("died",107,110),span(20191125,88,100)).
agent_(span("died",107,110),span("Bob",103,105)).
agent_(span("spouse",192,197),span("Charlie",167,173)).
agent_(span("spouse",192,197),span("Bob",176,178)).
purpose_(span("labor",36,40),span("agricultural labor",23,40)).
purpose_(span("paid",162,165),span("labor",36,40)).
start_(span("paid",162,165),span(20200120,136,153)).
agent_(span("paid",162,165),span("Alice",156,160)).
patient_(span("paid",162,165),span("Charlie",167,173)).
amount_(span("paid",162,165),span(1200,228,231)).
2025-06-14 15:03:28,914 - INFO - Test query:
:- s3306_b_15(span("paid",162,165),"Alice","Charlie",_,_).
2025-06-14 15:03:28,915 - INFO - 
Generated Prolog code:
:- ['/Users/sophie/code/2025-mcm-llms-applied-in-law_context/data/sara_v3/statutes/prolog/section3306.pl'].
:- ['/Users/sophie/code/2025-mcm-llms-applied-in-law_context/data/sara_v3/statutes/prolog/utils.pl'].
:- ['/Users/sophie/code/2025-mcm-llms-applied-in-law_context/data/sara_v3/statutes/prolog/init.pl'].
:- discontiguous s3306_c/5.
:- [statutes/prolog/init].
s3306_c(span("labor",36,40),"Alice","Bob",Day,_) :-
(
nonvar(Day),
is_before(20110201,Day),
is_before(Day,20191119)
);
var(Day).
death_(span("died",107,110)).
payment_(span("paid",162,165)).
marriage_(span("spouse",192,197)).
start_(span("died",107,110),span(20191125,88,100)).
agent_(span("died",107,110),span("Bob",103,105)).
agent_(span("spouse",192,197),span("Charlie",167,173)).
agent_(span("spouse",192,197),span("Bob",176,178)).
purpose_(span("labor",36,40),span("agricultural labor",23,40)).
purpose_(span("paid",162,165),span("labor",36,40)).
start_(span("paid",162,165),span(20200120,136,153)).
agent_(span("paid",162,165),span("Alice",156,160)).
patient_(span("paid",162,165),span("Charlie",167,173)).
amount_(span("paid",162,165),span(1200,228,231)).
2025-06-14 15:03:28,915 - INFO - 
Query:
s3306_b_15(span("paid",162,165),"Alice","Charlie",_,_).
2025-06-14 15:03:29,061 - INFO - 
Query result: {'truth': True}
2025-06-14 15:03:29,061 - INFO - Result: correct

2025-06-14 15:03:29,061 - INFO - 
==================================================
Processing case: s3306_b_2_A_neg
==================================================
2025-06-14 15:03:29,061 - INFO - Facts:
:- [statutes/prolog/init].
purpose_(span("retirement fund",103,117),span("make provisions for employees in case of retirement",103,117)).
purpose_(span("health insurance",148,163),span("make provisions for employees in case of sickness",148,163)).
payment_(span("paid",10,13)).
service_(span("work",33,36)).
payment_(span("paid",85,88)).
plan_(span("retirement fund",103,117)).
payment_(span("paid",132,135)).
plan_(span("health insurance",148,163)).
father_(span("father",193,198)).
retirement_(span("retired",208,214)).
agent_(span("father",193,198),span("Charlie",169,175)).
patient_(span("father",193,198),span("Alice",185,189)).
start_(span("paid",132,135),span(20170101,64,67)).
amount_(span("paid",132,135),span(5322,138,141)).
patient_(span("paid",132,135),span("health insurance",148,163)).
beneficiary_(span("paid",132,135),span("Charlie",169,175)).
agent_(span("paid",132,135),span("Alice",70,74)).
start_(span("paid",85,88),span(20170101,64,67)).
agent_(span("paid",85,88),span("Alice",70,74)).
amount_(span("paid",85,88),span(9832,91,94)).
patient_(span("paid",85,88),span("retirement fund",103,117)).
beneficiary_(span("paid",85,88),span("Bob",123,125)).
agent_(span("paid",10,13),span("Alice",0,4)).
amount_(span("paid",10,13),span(45252,16,20)).
patient_(span("paid",10,13),span("Bob",25,27)).
purpose_(span("paid",10,13),span("work",33,36)).
start_(span("paid",10,13),span(20170101,55,58)).
agent_(span("retired",208,214),span("Charlie",169,175)).
start_(span("retired",208,214),span(20160101,219,222)).
patient_(span("work",33,36),span("Alice",0,4)).
agent_(span("work",33,36),span("Bob",25,27)).
end_(span("work",33,36),span(20171231,55,58)).
start_(span("work",33,36),span(20170101,55,58)).
2025-06-14 15:03:29,061 - INFO - Test query:
:- \+ s3306_b_2_A(span("paid",10,13)).
2025-06-14 15:03:29,061 - INFO - 
Generated Prolog code:
:- ['/Users/sophie/code/2025-mcm-llms-applied-in-law_context/data/sara_v3/statutes/prolog/utils.pl'].
:- ['/Users/sophie/code/2025-mcm-llms-applied-in-law_context/data/sara_v3/statutes/prolog/init.pl'].
:- [statutes/prolog/init].
purpose_(span("retirement fund",103,117),span("make provisions for employees in case of retirement",103,117)).
purpose_(span("health insurance",148,163),span("make provisions for employees in case of sickness",148,163)).
payment_(span("paid",10,13)).
service_(span("work",33,36)).
payment_(span("paid",85,88)).
plan_(span("retirement fund",103,117)).
payment_(span("paid",132,135)).
plan_(span("health insurance",148,163)).
father_(span("father",193,198)).
retirement_(span("retired",208,214)).
agent_(span("father",193,198),span("Charlie",169,175)).
patient_(span("father",193,198),span("Alice",185,189)).
start_(span("paid",132,135),span(20170101,64,67)).
amount_(span("paid",132,135),span(5322,138,141)).
patient_(span("paid",132,135),span("health insurance",148,163)).
beneficiary_(span("paid",132,135),span("Charlie",169,175)).
agent_(span("paid",132,135),span("Alice",70,74)).
start_(span("paid",85,88),span(20170101,64,67)).
agent_(span("paid",85,88),span("Alice",70,74)).
amount_(span("paid",85,88),span(9832,91,94)).
patient_(span("paid",85,88),span("retirement fund",103,117)).
beneficiary_(span("paid",85,88),span("Bob",123,125)).
agent_(span("paid",10,13),span("Alice",0,4)).
amount_(span("paid",10,13),span(45252,16,20)).
patient_(span("paid",10,13),span("Bob",25,27)).
purpose_(span("paid",10,13),span("work",33,36)).
start_(span("paid",10,13),span(20170101,55,58)).
agent_(span("retired",208,214),span("Charlie",169,175)).
start_(span("retired",208,214),span(20160101,219,222)).
patient_(span("work",33,36),span("Alice",0,4)).
agent_(span("work",33,36),span("Bob",25,27)).
end_(span("work",33,36),span(20171231,55,58)).
start_(span("work",33,36),span(20170101,55,58)).
2025-06-14 15:03:29,062 - INFO - 
Query:
\+ s3306_b_2_A(span("paid",10,13)).
2025-06-14 15:03:29,204 - INFO - 
Query result: {'truth': True}
2025-06-14 15:03:29,205 - INFO - Result: correct

2025-06-14 15:03:29,205 - INFO - 
==================================================
Processing case: s3306_b_2_A_pos
==================================================
2025-06-14 15:03:29,205 - INFO - Facts:
:- [statutes/prolog/init].
purpose_(span("retirement fund",103,117),span("make provisions for employees in case of retirement",103,117)).
purpose_(span("health insurance",148,163),span("make provisions for employees in case of sickness",148,163)). 
payment_(span("paid",10,13)).
service_(span("work",33,36)).
payment_(span("paid",85,88)).
plan_(span("retirement fund",103,117)).
payment_(span("paid",132,135)).
plan_(span("health insurance",148,163)).
start_(span("paid",132,135),span(20170101,64,67)).
agent_(span("paid",132,135),span("Alice",70,74)).
amount_(span("paid",132,135),span(5322,138,141)).
patient_(span("paid",132,135),span("health insurance",148,163)).
start_(span("paid",85,88),span(20170101,64,67)).
agent_(span("paid",85,88),span("Alice",70,74)).
amount_(span("paid",85,88),span(9832,91,94)).
patient_(span("paid",85,88),span("retirement fund",103,117)).
agent_(span("paid",10,13),span("Alice",0,4)).
amount_(span("paid",10,13),span(45252,16,20)).
patient_(span("paid",10,13),span("Bob",25,27)).
purpose_(span("paid",10,13),span("work",33,36)).
start_(span("paid",10,13),span(20170101,55,58)).
beneficiary_(span("health insurance",148,163),span("Bob",169,171)).
beneficiary_(span("retirement fund",103,117),span("Bob",123,125)).
patient_(span("work",33,36),span("Alice",0,4)).
agent_(span("work",33,36),span("Bob",25,27)).
start_(span("work",33,36),span(20170101,55,58)).
end_(span("work",33,36),span(20171231,55,58)).
2025-06-14 15:03:29,205 - INFO - Test query:
:- s3306_b_2_A(span("health insurance",148,163)).
2025-06-14 15:03:29,205 - INFO - 
Generated Prolog code:
:- ['/Users/sophie/code/2025-mcm-llms-applied-in-law_context/data/sara_v3/statutes/prolog/utils.pl'].
:- ['/Users/sophie/code/2025-mcm-llms-applied-in-law_context/data/sara_v3/statutes/prolog/init.pl'].
:- [statutes/prolog/init].
purpose_(span("retirement fund",103,117),span("make provisions for employees in case of retirement",103,117)).
purpose_(span("health insurance",148,163),span("make provisions for employees in case of sickness",148,163)).
payment_(span("paid",10,13)).
service_(span("work",33,36)).
payment_(span("paid",85,88)).
plan_(span("retirement fund",103,117)).
payment_(span("paid",132,135)).
plan_(span("health insurance",148,163)).
start_(span("paid",132,135),span(20170101,64,67)).
agent_(span("paid",132,135),span("Alice",70,74)).
amount_(span("paid",132,135),span(5322,138,141)).
patient_(span("paid",132,135),span("health insurance",148,163)).
start_(span("paid",85,88),span(20170101,64,67)).
agent_(span("paid",85,88),span("Alice",70,74)).
amount_(span("paid",85,88),span(9832,91,94)).
patient_(span("paid",85,88),span("retirement fund",103,117)).
agent_(span("paid",10,13),span("Alice",0,4)).
amount_(span("paid",10,13),span(45252,16,20)).
patient_(span("paid",10,13),span("Bob",25,27)).
purpose_(span("paid",10,13),span("work",33,36)).
start_(span("paid",10,13),span(20170101,55,58)).
beneficiary_(span("health insurance",148,163),span("Bob",169,171)).
beneficiary_(span("retirement fund",103,117),span("Bob",123,125)).
patient_(span("work",33,36),span("Alice",0,4)).
agent_(span("work",33,36),span("Bob",25,27)).
start_(span("work",33,36),span(20170101,55,58)).
end_(span("work",33,36),span(20171231,55,58)).
2025-06-14 15:03:29,206 - INFO - 
Query:
s3306_b_2_A(span("health insurance",148,163)).
2025-06-14 15:03:29,349 - INFO - 
Query result: {'truth': True}
2025-06-14 15:03:29,349 - INFO - Result: correct

2025-06-14 15:03:29,350 - INFO - 
==================================================
Processing case: s3306_b_7_neg
==================================================
2025-06-14 15:03:29,350 - INFO - Facts:
:- [statutes/prolog/init].
business_(span("running",15,21)).
payment_(span("paid",147,150)).
service_(span("painting",173,180)).
agent_(span("running",15,21),span("Alice",0,4)).
type_(span("running",15,21),span("typewriter factory",25,42)).
start_(span("running",15,21),span(20160201,50,67)).
start_(span("paid",147,150),span(20171002,119,134)).
agent_(span("paid",147,150),span("Alice",137,141)).
patient_(span("paid",147,150),span("Bob",152,154)).
amount_(span("paid",147,150),span(323,157,159)).
means_(span("paid",147,150),span("cash",164,167)).
purpose_(span("paid",147,150),span("painting",173,180)).
patient_(span("painting",173,180),span("Alice",137,141)).
agent_(span("painting",173,180),span("Bob",152,154)).
type_(span("painting",173,180),span("painting",173,180)).
2025-06-14 15:03:29,350 - INFO - Test query:
:- \+ s3306_b_7(span("paid",147,150),_,"Alice","Bob",_,_).
2025-06-14 15:03:29,350 - INFO - 
Generated Prolog code:
:- ['/Users/sophie/code/2025-mcm-llms-applied-in-law_context/data/sara_v3/statutes/prolog/utils.pl'].
:- ['/Users/sophie/code/2025-mcm-llms-applied-in-law_context/data/sara_v3/statutes/prolog/init.pl'].
:- [statutes/prolog/init].
business_(span("running",15,21)).
payment_(span("paid",147,150)).
service_(span("painting",173,180)).
agent_(span("running",15,21),span("Alice",0,4)).
type_(span("running",15,21),span("typewriter factory",25,42)).
start_(span("running",15,21),span(20160201,50,67)).
start_(span("paid",147,150),span(20171002,119,134)).
agent_(span("paid",147,150),span("Alice",137,141)).
patient_(span("paid",147,150),span("Bob",152,154)).
amount_(span("paid",147,150),span(323,157,159)).
means_(span("paid",147,150),span("cash",164,167)).
purpose_(span("paid",147,150),span("painting",173,180)).
patient_(span("painting",173,180),span("Alice",137,141)).
agent_(span("painting",173,180),span("Bob",152,154)).
type_(span("painting",173,180),span("painting",173,180)).
2025-06-14 15:03:29,350 - INFO - 
Query:
\+ s3306_b_7(span("paid",147,150),_,"Alice","Bob",_,_).
2025-06-14 15:03:29,494 - INFO - 
Query result: {'truth': True}
2025-06-14 15:03:29,494 - INFO - Result: correct

2025-06-14 15:03:29,495 - INFO - 
==================================================
Processing case: s3306_b_7_pos
==================================================
2025-06-14 15:03:29,495 - INFO - Facts:
:- [statutes/prolog/init].
business_(span("running",15,21)).
payment_(span("given",147,151)).
service_(span("painting",207,214)).
agent_(span("running",15,21),span("Alice",0,4)).
type_(span("running",15,21),span("typewriter factory",25,42)).
start_(span("running",15,21),span(20160201,50,67)).
start_(span("given",147,151),span(20171002,119,134)).
agent_(span("given",147,151),span("Alice",137,141)).
means_(span("given",147,151),span("a typewriter of value $323",153,178)).
amount_(span("given",147,151),span(323,176,178)).
patient_(span("given",147,151),span("Bob",183,185)).
purpose_(span("given",147,151),span("painting",207,214)).
agent_(span("painting",207,214),span("Bob",203,205)).
type_(span("painting",207,214),span("painting",207,214)).
patient_(span("painting",207,214),span("Alice",216,220)).
2025-06-14 15:03:29,495 - INFO - Test query:
:- s3306_b_7(span("given",147,151),_,"Alice","Bob",_,_).
2025-06-14 15:03:29,495 - INFO - 
Generated Prolog code:
:- ['/Users/sophie/code/2025-mcm-llms-applied-in-law_context/data/sara_v3/statutes/prolog/utils.pl'].
:- ['/Users/sophie/code/2025-mcm-llms-applied-in-law_context/data/sara_v3/statutes/prolog/init.pl'].
:- [statutes/prolog/init].
business_(span("running",15,21)).
payment_(span("given",147,151)).
service_(span("painting",207,214)).
agent_(span("running",15,21),span("Alice",0,4)).
type_(span("running",15,21),span("typewriter factory",25,42)).
start_(span("running",15,21),span(20160201,50,67)).
start_(span("given",147,151),span(20171002,119,134)).
agent_(span("given",147,151),span("Alice",137,141)).
means_(span("given",147,151),span("a typewriter of value $323",153,178)).
amount_(span("given",147,151),span(323,176,178)).
patient_(span("given",147,151),span("Bob",183,185)).
purpose_(span("given",147,151),span("painting",207,214)).
agent_(span("painting",207,214),span("Bob",203,205)).
type_(span("painting",207,214),span("painting",207,214)).
patient_(span("painting",207,214),span("Alice",216,220)).
2025-06-14 15:03:29,495 - INFO - 
Query:
s3306_b_7(span("given",147,151),_,"Alice","Bob",_,_).
2025-06-14 15:03:29,634 - INFO - 
Query result: {'truth': True}
2025-06-14 15:03:29,634 - INFO - Result: correct

2025-06-14 15:03:29,634 - INFO - 
==================================================
Processing case: s3306_b_neg
==================================================
2025-06-14 15:03:29,634 - INFO - Facts:
:- [statutes/prolog/init].
payment_(span("paid",30,33)).
service_(span("labor",72,76)).
start_(span("paid",30,33),span(20180101,14,17)).
agent_(span("paid",30,33),span("Alice",20,24)).
amount_(span("paid",30,33),span(2325,36,39)).
means_(span("paid",30,33),span("hay",44,46)).
patient_(span("paid",30,33),span("Bob",51,53)).
purpose_(span("paid",30,33),span("labor",72,76)).
end_(span("labor",72,76),span(20181231,14,17)).
start_(span("labor",72,76),span(20180101,14,17)).
patient_(span("labor",72,76),span("Alice",20,24)).
agent_(span("labor",72,76),span("Bob",51,53)).
purpose_(span("labor",72,76),span("agricultural labor",59,76)).
2025-06-14 15:03:29,634 - INFO - Test query:
:- \+ s3306_b(_,span("paid",30,33),_,"Alice","Bob","Alice","Bob",_).
2025-06-14 15:03:29,635 - INFO - 
Generated Prolog code:
:- ['/Users/sophie/code/2025-mcm-llms-applied-in-law_context/data/sara_v3/statutes/prolog/utils.pl'].
:- ['/Users/sophie/code/2025-mcm-llms-applied-in-law_context/data/sara_v3/statutes/prolog/init.pl'].
:- [statutes/prolog/init].
payment_(span("paid",30,33)).
service_(span("labor",72,76)).
start_(span("paid",30,33),span(20180101,14,17)).
agent_(span("paid",30,33),span("Alice",20,24)).
amount_(span("paid",30,33),span(2325,36,39)).
means_(span("paid",30,33),span("hay",44,46)).
patient_(span("paid",30,33),span("Bob",51,53)).
purpose_(span("paid",30,33),span("labor",72,76)).
end_(span("labor",72,76),span(20181231,14,17)).
start_(span("labor",72,76),span(20180101,14,17)).
patient_(span("labor",72,76),span("Alice",20,24)).
agent_(span("labor",72,76),span("Bob",51,53)).
purpose_(span("labor",72,76),span("agricultural labor",59,76)).
2025-06-14 15:03:29,635 - INFO - 
Query:
\+ s3306_b(_,span("paid",30,33),_,"Alice","Bob","Alice","Bob",_).
2025-06-14 15:03:29,777 - INFO - 
Query result: {'truth': True}
2025-06-14 15:03:29,777 - INFO - Result: correct

2025-06-14 15:03:29,778 - INFO - 
==================================================
Processing case: s3306_b_pos
==================================================
2025-06-14 15:03:29,778 - INFO - Facts:
:- [statutes/prolog/init].
payment_(span("paid",30,33)).
service_(span("walking",60,66)).
start_(span("paid",30,33),span(20180101,14,17)).
agent_(span("paid",30,33),span("Alice",20,24)).
amount_(span("paid",30,33),span(2325,36,39)).
means_(span("paid",30,33),span("cash",44,47)).
patient_(span("paid",30,33),span("Bob",52,54)).
purpose_(span("paid",30,33),span("walking",60,66)).
end_(span("walking",60,66),span(20181231,14,17)).
start_(span("walking",60,66),span(20180101,14,17)).
patient_(span("walking",60,66),span("Alice",20,24)).
agent_(span("walking",60,66),span("Bob",52,54)).
purpose_(span("walking",60,66),span("walking",60,66)).
2025-06-14 15:03:29,778 - INFO - Test query:
:- s3306_b(_,span("paid",30,33),_,"Alice","Bob","Alice","Bob",_).
2025-06-14 15:03:29,778 - INFO - 
Generated Prolog code:
:- ['/Users/sophie/code/2025-mcm-llms-applied-in-law_context/data/sara_v3/statutes/prolog/utils.pl'].
:- ['/Users/sophie/code/2025-mcm-llms-applied-in-law_context/data/sara_v3/statutes/prolog/init.pl'].
:- [statutes/prolog/init].
payment_(span("paid",30,33)).
service_(span("walking",60,66)).
start_(span("paid",30,33),span(20180101,14,17)).
agent_(span("paid",30,33),span("Alice",20,24)).
amount_(span("paid",30,33),span(2325,36,39)).
means_(span("paid",30,33),span("cash",44,47)).
patient_(span("paid",30,33),span("Bob",52,54)).
purpose_(span("paid",30,33),span("walking",60,66)).
end_(span("walking",60,66),span(20181231,14,17)).
start_(span("walking",60,66),span(20180101,14,17)).
patient_(span("walking",60,66),span("Alice",20,24)).
agent_(span("walking",60,66),span("Bob",52,54)).
purpose_(span("walking",60,66),span("walking",60,66)).
2025-06-14 15:03:29,778 - INFO - 
Query:
s3306_b(_,span("paid",30,33),_,"Alice","Bob","Alice","Bob",_).
2025-06-14 15:03:29,915 - INFO - 
Query result: {'truth': True}
2025-06-14 15:03:29,915 - INFO - Result: correct

2025-06-14 15:03:29,915 - INFO - 
==================================================
Processing case: s3306_c_10_A_i_neg
==================================================
2025-06-14 15:03:29,915 - INFO - Facts:
:- [statutes/prolog/init].
payment_(span("paid",10,13)).
service_(span("services",33,40)).
educational_institution_(span("University",70,79)).
enrollment_(span("enrolled",92,99)).
attending_classes_(span("attending",133,141)).
agent_(span("attending",133,141),span("Alice",82,86)).
location_(span("attending",133,141),span("Johns Hopkins University",104,127)).
start_(span("attending",133,141),span(20110827,156,170)).
end_(span("attending",133,141),span(20160529,175,188)).
agent_(span("University",70,79),span("Johns Hopkins University",56,79)).
agent_(span("enrolled",92,99),span("Alice",82,86)).
patient_(span("enrolled",92,99),span("Johns Hopkins University",104,127)).
start_(span("enrolled",92,99),span(20110827,156,170)).
end_(span("enrolled",92,99),span(20160529,175,188)).
patient_(span("paid",10,13),span("Alice",0,4)).
amount_(span("paid",10,13),span(3200,16,19)).
start_(span("paid",10,13),span(20170101,24,27)).
purpose_(span("paid",10,13),span("services",33,40)).
agent_(span("paid",10,13),span("Johns Hopkins University",56,79)).
agent_(span("services",33,40),span("Alice",0,4)).
end_(span("services",33,40),span(20171231,24,27)).
start_(span("services",33,40),span(20170101,24,27)).
patient_(span("services",33,40),span("Johns Hopkins University",56,79)).
2025-06-14 15:03:29,916 - INFO - Test query:
:- \+ s3306_c_10_A_i("Alice",_,20170101).
2025-06-14 15:03:29,916 - INFO - 
Generated Prolog code:
:- ['/Users/sophie/code/2025-mcm-llms-applied-in-law_context/data/sara_v3/statutes/prolog/utils.pl'].
:- ['/Users/sophie/code/2025-mcm-llms-applied-in-law_context/data/sara_v3/statutes/prolog/init.pl'].
:- [statutes/prolog/init].
payment_(span("paid",10,13)).
service_(span("services",33,40)).
educational_institution_(span("University",70,79)).
enrollment_(span("enrolled",92,99)).
attending_classes_(span("attending",133,141)).
agent_(span("attending",133,141),span("Alice",82,86)).
location_(span("attending",133,141),span("Johns Hopkins University",104,127)).
start_(span("attending",133,141),span(20110827,156,170)).
end_(span("attending",133,141),span(20160529,175,188)).
agent_(span("University",70,79),span("Johns Hopkins University",56,79)).
agent_(span("enrolled",92,99),span("Alice",82,86)).
patient_(span("enrolled",92,99),span("Johns Hopkins University",104,127)).
start_(span("enrolled",92,99),span(20110827,156,170)).
end_(span("enrolled",92,99),span(20160529,175,188)).
patient_(span("paid",10,13),span("Alice",0,4)).
amount_(span("paid",10,13),span(3200,16,19)).
start_(span("paid",10,13),span(20170101,24,27)).
purpose_(span("paid",10,13),span("services",33,40)).
agent_(span("paid",10,13),span("Johns Hopkins University",56,79)).
agent_(span("services",33,40),span("Alice",0,4)).
end_(span("services",33,40),span(20171231,24,27)).
start_(span("services",33,40),span(20170101,24,27)).
patient_(span("services",33,40),span("Johns Hopkins University",56,79)).
2025-06-14 15:03:29,916 - INFO - 
Query:
\+ s3306_c_10_A_i("Alice",_,20170101).
2025-06-14 15:03:30,057 - INFO - 
Query result: {'truth': True}
2025-06-14 15:03:30,058 - INFO - Result: correct

2025-06-14 15:03:30,058 - INFO - 
==================================================
Processing case: s3306_c_10_A_i_pos
==================================================
2025-06-14 15:03:30,058 - INFO - Facts:
:- [statutes/prolog/init].
payment_(span("paid",10,13)).
service_(span("services",33,40)).
educational_institution_(span("University",70,79)).
enrollment_(span("enrolled",92,99)).
attending_classes_(span("attending",133,141)).
agent_(span("attending",133,141),span("Alice",82,86)).
location_(span("attending",133,141),span("Johns Hopkins University",104,127)).
start_(span("attending",133,141),span(20150829,156,170)).
end_(span("attending",133,141),span(20190530,175,188)).
agent_(span("University",70,79),span("Johns Hopkins University",56,79)).
agent_(span("enrolled",92,99),span("Alice",82,86)).
patient_(span("enrolled",92,99),span("Johns Hopkins University",104,127)).
start_(span("enrolled",92,99),span(20150829,156,170)).
end_(span("enrolled",92,99),span(20190530,175,188)).
patient_(span("paid",10,13),span("Alice",0,4)).
amount_(span("paid",10,13),span(3200,16,19)).
start_(span("paid",10,13),span(20170101,24,27)).
purpose_(span("paid",10,13),span("services",33,40)).
agent_(span("paid",10,13),span("Johns Hopkins University",56,79)).
agent_(span("services",33,40),span("Alice",0,4)).
end_(span("services",33,40),span(20171231,24,27)).
start_(span("services",33,40),span(20170101,24,27)).
patient_(span("services",33,40),span("Johns Hopkins University",56,79)).
2025-06-14 15:03:30,058 - INFO - Test query:
goal :- s3306_c_10_A(span("services",33,40),_,"Alice",20170101), s3306_c_10_A_i("Alice",_,20170101).
2025-06-14 15:03:30,059 - INFO - 
Generated Prolog code:
:- ['/Users/sophie/code/2025-mcm-llms-applied-in-law_context/data/sara_v3/statutes/prolog/utils.pl'].
:- ['/Users/sophie/code/2025-mcm-llms-applied-in-law_context/data/sara_v3/statutes/prolog/init.pl'].
:- [statutes/prolog/init].
payment_(span("paid",10,13)).
service_(span("services",33,40)).
educational_institution_(span("University",70,79)).
enrollment_(span("enrolled",92,99)).
attending_classes_(span("attending",133,141)).
agent_(span("attending",133,141),span("Alice",82,86)).
location_(span("attending",133,141),span("Johns Hopkins University",104,127)).
start_(span("attending",133,141),span(20150829,156,170)).
end_(span("attending",133,141),span(20190530,175,188)).
agent_(span("University",70,79),span("Johns Hopkins University",56,79)).
agent_(span("enrolled",92,99),span("Alice",82,86)).
patient_(span("enrolled",92,99),span("Johns Hopkins University",104,127)).
start_(span("enrolled",92,99),span(20150829,156,170)).
end_(span("enrolled",92,99),span(20190530,175,188)).
patient_(span("paid",10,13),span("Alice",0,4)).
amount_(span("paid",10,13),span(3200,16,19)).
start_(span("paid",10,13),span(20170101,24,27)).
purpose_(span("paid",10,13),span("services",33,40)).
agent_(span("paid",10,13),span("Johns Hopkins University",56,79)).
agent_(span("services",33,40),span("Alice",0,4)).
end_(span("services",33,40),span(20171231,24,27)).
start_(span("services",33,40),span(20170101,24,27)).
patient_(span("services",33,40),span("Johns Hopkins University",56,79)).
2025-06-14 15:03:30,059 - INFO - 
Query:
goal :- s3306_c_10_A(span("services",33,40),_,"Alice",20170101), s3306_c_10_A_i("Alice",_,20170101).
2025-06-14 15:03:30,204 - ERROR - Error processing case s3306_c_10_A_i_pos: janus:py_call/4: Unknown procedure: (:-)/2
  Rules must be loaded from a file
  See FAQ at https://www.swi-prolog.org/FAQ/ToplevelMode.html
2025-06-14 15:03:30,205 - INFO - 
==================================================
Processing case: s3306_c_10_A_ii_neg
==================================================
2025-06-14 15:03:30,205 - INFO - Facts:
:- [statutes/prolog/init].
father_(span("father",8,13)).
payment_(span("paid",25,28)).
service_(span("services",48,55)).
educational_institution_(span("University",85,94)).
enrollment_(span("enrolled",107,114)).
attending_classes_(span("attending",148,156)).
agent_(span("attending",148,156),span("Alice",97,101)).
location_(span("attending",148,156),span("Johns Hopkins University",119,142)).
start_(span("attending",148,156),span(20150829,171,185)).
end_(span("attending",148,156),span(20190530,190,203)).
agent_(span("University",85,94),span("Johns Hopkins University",71,94)).
agent_(span("enrolled",107,114),span("Alice",97,101)).
patient_(span("enrolled",107,114),span("Johns Hopkins University",119,142)).
start_(span("enrolled",107,114),span(20150829,171,185)).
end_(span("enrolled",107,114),span(20190530,190,203)).
patient_(span("father",8,13),span("Alice",0,4)).
agent_(span("father",8,13),span("Bob",16,18)).
patient_(span("paid",25,28),span("Bob",16,18)).
amount_(span("paid",25,28),span(3200,31,34)).
start_(span("paid",25,28),span(20170101,39,42)).
purpose_(span("paid",25,28),span("services",48,55)).
agent_(span("paid",25,28),span("Johns Hopkins University",71,94)).
agent_(span("services",48,55),span("Bob",16,18)).
end_(span("services",48,55),span(20171231,39,42)).
start_(span("services",48,55),span(20170101,39,42)).
patient_(span("services",48,55),span("Johns Hopkins University",71,94)).
2025-06-14 15:03:30,205 - INFO - Test query:
:- \+ s3306_c_10_A_ii("Alice","Bob",20170101).
2025-06-14 15:03:30,205 - INFO - 
Generated Prolog code:
:- ['/Users/sophie/code/2025-mcm-llms-applied-in-law_context/data/sara_v3/statutes/prolog/utils.pl'].
:- ['/Users/sophie/code/2025-mcm-llms-applied-in-law_context/data/sara_v3/statutes/prolog/init.pl'].
:- [statutes/prolog/init].
father_(span("father",8,13)).
payment_(span("paid",25,28)).
service_(span("services",48,55)).
educational_institution_(span("University",85,94)).
enrollment_(span("enrolled",107,114)).
attending_classes_(span("attending",148,156)).
agent_(span("attending",148,156),span("Alice",97,101)).
location_(span("attending",148,156),span("Johns Hopkins University",119,142)).
start_(span("attending",148,156),span(20150829,171,185)).
end_(span("attending",148,156),span(20190530,190,203)).
agent_(span("University",85,94),span("Johns Hopkins University",71,94)).
agent_(span("enrolled",107,114),span("Alice",97,101)).
patient_(span("enrolled",107,114),span("Johns Hopkins University",119,142)).
start_(span("enrolled",107,114),span(20150829,171,185)).
end_(span("enrolled",107,114),span(20190530,190,203)).
patient_(span("father",8,13),span("Alice",0,4)).
agent_(span("father",8,13),span("Bob",16,18)).
patient_(span("paid",25,28),span("Bob",16,18)).
amount_(span("paid",25,28),span(3200,31,34)).
start_(span("paid",25,28),span(20170101,39,42)).
purpose_(span("paid",25,28),span("services",48,55)).
agent_(span("paid",25,28),span("Johns Hopkins University",71,94)).
agent_(span("services",48,55),span("Bob",16,18)).
end_(span("services",48,55),span(20171231,39,42)).
start_(span("services",48,55),span(20170101,39,42)).
patient_(span("services",48,55),span("Johns Hopkins University",71,94)).
2025-06-14 15:03:30,205 - INFO - 
Query:
\+ s3306_c_10_A_ii("Alice","Bob",20170101).
2025-06-14 15:03:30,349 - INFO - 
Query result: {'truth': True}
2025-06-14 15:03:30,349 - INFO - Result: correct

2025-06-14 15:03:30,349 - INFO - 
==================================================
Processing case: s3306_c_10_A_ii_pos
==================================================
2025-06-14 15:03:30,350 - INFO - Facts:
:- [statutes/prolog/init].
marriage_(span("husband",8,14)).
payment_(span("paid",26,29)).
service_(span("services",49,56)).
educational_institution_(span("University",86,95)).
enrollment_(span("enrolled",108,115)).
attending_classes_(span("attending",149,157)).
agent_(span("attending",149,157),span("Alice",98,102)).
location_(span("attending",149,157),span("Johns Hopkins University",120,143)).
start_(span("attending",149,157),span(20150829,172,186)).
end_(span("attending",149,157),span(20190530,191,204)).
agent_(span("University",86,95),span("Johns Hopkins University",72,95)).
agent_(span("enrolled",108,115),span("Alice",98,102)).
patient_(span("enrolled",108,115),span("Johns Hopkins University",120,143)).
start_(span("enrolled",108,115),span(20150829,172,186)).
end_(span("enrolled",108,115),span(20190530,191,204)).
agent_(span("husband",8,14),span("Alice",0,4)).
agent_(span("husband",8,14),span("Bob",17,19)).
patient_(span("paid",26,29),span("Bob",17,19)).
amount_(span("paid",26,29),span(3200,32,35)).
start_(span("paid",26,29),span(20170101,40,43)).
purpose_(span("paid",26,29),span("services",49,56)).
agent_(span("paid",26,29),span("Johns Hopkins University",72,95)).
agent_(span("services",49,56),span("Bob",17,19)).
end_(span("services",49,56),span(20171231,40,43)).
start_(span("services",49,56),span(20170101,40,43)).
patient_(span("services",49,56),span("Johns Hopkins University",72,95)).
2025-06-14 15:03:30,350 - INFO - Test query:
:- s3306_c_10_A_ii("Alice","Bob",20170101).
2025-06-14 15:03:30,350 - INFO - 
Generated Prolog code:
:- ['/Users/sophie/code/2025-mcm-llms-applied-in-law_context/data/sara_v3/statutes/prolog/utils.pl'].
:- ['/Users/sophie/code/2025-mcm-llms-applied-in-law_context/data/sara_v3/statutes/prolog/init.pl'].
:- [statutes/prolog/init].
marriage_(span("husband",8,14)).
payment_(span("paid",26,29)).
service_(span("services",49,56)).
educational_institution_(span("University",86,95)).
enrollment_(span("enrolled",108,115)).
attending_classes_(span("attending",149,157)).
agent_(span("attending",149,157),span("Alice",98,102)).
location_(span("attending",149,157),span("Johns Hopkins University",120,143)).
start_(span("attending",149,157),span(20150829,172,186)).
end_(span("attending",149,157),span(20190530,191,204)).
agent_(span("University",86,95),span("Johns Hopkins University",72,95)).
agent_(span("enrolled",108,115),span("Alice",98,102)).
patient_(span("enrolled",108,115),span("Johns Hopkins University",120,143)).
start_(span("enrolled",108,115),span(20150829,172,186)).
end_(span("enrolled",108,115),span(20190530,191,204)).
agent_(span("husband",8,14),span("Alice",0,4)).
agent_(span("husband",8,14),span("Bob",17,19)).
patient_(span("paid",26,29),span("Bob",17,19)).
amount_(span("paid",26,29),span(3200,32,35)).
start_(span("paid",26,29),span(20170101,40,43)).
purpose_(span("paid",26,29),span("services",49,56)).
agent_(span("paid",26,29),span("Johns Hopkins University",72,95)).
agent_(span("services",49,56),span("Bob",17,19)).
end_(span("services",49,56),span(20171231,40,43)).
start_(span("services",49,56),span(20170101,40,43)).
patient_(span("services",49,56),span("Johns Hopkins University",72,95)).
2025-06-14 15:03:30,350 - INFO - 
Query:
s3306_c_10_A_ii("Alice","Bob",20170101).
2025-06-14 15:03:30,494 - INFO - 
Query result: {'truth': True}
2025-06-14 15:03:30,495 - INFO - Result: correct

2025-06-14 15:03:30,495 - INFO - 
==================================================
Processing case: s3306_c_13_neg
==================================================
2025-06-14 15:03:30,495 - INFO - Facts:
:- [statutes/prolog/init].
payment_(span("paid",10,13)).
service_(span("services",33,40)).
educational_institution_(span("University",70,79)).
enrollment_(span("enrolled",92,99)).
attending_classes_(span("attending",152,160)).
agent_(span("attending",152,160),span("Alice",82,86)).
location_(span("attending",152,160),span("Johns Hopkins University",123,146)).
start_(span("attending",152,160),span(20150829,175,189)).
end_(span("attending",152,160),span(20190530,194,207)).
agent_(span("University",70,79),span("Johns Hopkins University",56,79)).
agent_(span("enrolled",92,99),span("Alice",82,86)).
patient_(span("enrolled",92,99),span("Johns Hopkins University",123,146)).
start_(span("enrolled",92,99),span(20150829,175,189)).
end_(span("enrolled",92,99),span(20190530,194,207)).
patient_(span("paid",10,13),span("Alice",0,4)).
amount_(span("paid",10,13),span(3200,16,19)).
start_(span("paid",10,13),span(20170101,24,27)).
purpose_(span("paid",10,13),span("services",33,40)).
agent_(span("paid",10,13),span("Johns Hopkins University",56,79)).
agent_(span("services",33,40),span("Alice",0,4)).
end_(span("services",33,40),span(20171231,24,27)).
start_(span("services",33,40),span(20170101,24,27)).
patient_(span("services",33,40),span("Johns Hopkins University",56,79)).
2025-06-14 15:03:30,495 - INFO - Test query:
:- \+ s3306_c_13(span("services",33,40),_,"Alice",20170101).
2025-06-14 15:03:30,496 - INFO - 
Generated Prolog code:
:- ['/Users/sophie/code/2025-mcm-llms-applied-in-law_context/data/sara_v3/statutes/prolog/utils.pl'].
:- ['/Users/sophie/code/2025-mcm-llms-applied-in-law_context/data/sara_v3/statutes/prolog/init.pl'].
:- [statutes/prolog/init].
payment_(span("paid",10,13)).
service_(span("services",33,40)).
educational_institution_(span("University",70,79)).
enrollment_(span("enrolled",92,99)).
attending_classes_(span("attending",152,160)).
agent_(span("attending",152,160),span("Alice",82,86)).
location_(span("attending",152,160),span("Johns Hopkins University",123,146)).
start_(span("attending",152,160),span(20150829,175,189)).
end_(span("attending",152,160),span(20190530,194,207)).
agent_(span("University",70,79),span("Johns Hopkins University",56,79)).
agent_(span("enrolled",92,99),span("Alice",82,86)).
patient_(span("enrolled",92,99),span("Johns Hopkins University",123,146)).
start_(span("enrolled",92,99),span(20150829,175,189)).
end_(span("enrolled",92,99),span(20190530,194,207)).
patient_(span("paid",10,13),span("Alice",0,4)).
amount_(span("paid",10,13),span(3200,16,19)).
start_(span("paid",10,13),span(20170101,24,27)).
purpose_(span("paid",10,13),span("services",33,40)).
agent_(span("paid",10,13),span("Johns Hopkins University",56,79)).
agent_(span("services",33,40),span("Alice",0,4)).
end_(span("services",33,40),span(20171231,24,27)).
start_(span("services",33,40),span(20170101,24,27)).
patient_(span("services",33,40),span("Johns Hopkins University",56,79)).
2025-06-14 15:03:30,496 - INFO - 
Query:
\+ s3306_c_13(span("services",33,40),_,"Alice",20170101).
2025-06-14 15:03:30,639 - INFO - 
Query result: {'truth': True}
2025-06-14 15:03:30,639 - INFO - Result: correct

2025-06-14 15:03:30,640 - INFO - 
==================================================
Processing case: s3306_c_13_pos
==================================================
2025-06-14 15:03:30,640 - INFO - Facts:
:- [statutes/prolog/init].
payment_(span("paid",10,13)).
service_(span("services",33,40)).
nurses_training_school_(span("School of Nursing",56,86)).
enrollment_(span("enrolled",99,106)).
attending_classes_(span("attending",147,155)).
agent_(span("attending",147,155),span("Alice",89,93)).
location_(span("attending",147,155),span("Johns Hopkins School of Nursing",111,141)).
start_(span("attending",147,155),span(20150829,170,184)).
end_(span("attending",147,155),span(20190530,189,202)).
agent_(span("enrolled",99,106),span("Alice",89,93)).
patient_(span("enrolled",99,106),span("Johns Hopkins School of Nursing",111,141)).
start_(span("enrolled",99,106),span(20150829,170,184)).
end_(span("enrolled",99,106),span(20190530,189,202)).
agent_(span("School of Nursing",56,86),span("Johns Hopkins School of Nursing",56,86)).
patient_(span("paid",10,13),span("Alice",0,4)).
amount_(span("paid",10,13),span(3200,16,19)).
start_(span("paid",10,13),span(20170101,24,27)).
purpose_(span("paid",10,13),span("services",33,40)).
agent_(span("paid",10,13),span("Johns Hopkins School of Nursing",56,86)).
agent_(span("services",33,40),span("Alice",0,4)).
end_(span("services",33,40),span(20171231,24,27)).
start_(span("services",33,40),span(20170101,24,27)).
patient_(span("services",33,40),span("Johns Hopkins School of Nursing",56,86)).
2025-06-14 15:03:30,640 - INFO - Test query:
:- s3306_c_13(span("services",33,40),_,"Alice",20170101).
2025-06-14 15:03:30,640 - INFO - 
Generated Prolog code:
:- ['/Users/sophie/code/2025-mcm-llms-applied-in-law_context/data/sara_v3/statutes/prolog/utils.pl'].
:- ['/Users/sophie/code/2025-mcm-llms-applied-in-law_context/data/sara_v3/statutes/prolog/init.pl'].
:- [statutes/prolog/init].
payment_(span("paid",10,13)).
service_(span("services",33,40)).
nurses_training_school_(span("School of Nursing",56,86)).
enrollment_(span("enrolled",99,106)).
attending_classes_(span("attending",147,155)).
agent_(span("attending",147,155),span("Alice",89,93)).
location_(span("attending",147,155),span("Johns Hopkins School of Nursing",111,141)).
start_(span("attending",147,155),span(20150829,170,184)).
end_(span("attending",147,155),span(20190530,189,202)).
agent_(span("enrolled",99,106),span("Alice",89,93)).
patient_(span("enrolled",99,106),span("Johns Hopkins School of Nursing",111,141)).
start_(span("enrolled",99,106),span(20150829,170,184)).
end_(span("enrolled",99,106),span(20190530,189,202)).
agent_(span("School of Nursing",56,86),span("Johns Hopkins School of Nursing",56,86)).
patient_(span("paid",10,13),span("Alice",0,4)).
amount_(span("paid",10,13),span(3200,16,19)).
start_(span("paid",10,13),span(20170101,24,27)).
purpose_(span("paid",10,13),span("services",33,40)).
agent_(span("paid",10,13),span("Johns Hopkins School of Nursing",56,86)).
agent_(span("services",33,40),span("Alice",0,4)).
end_(span("services",33,40),span(20171231,24,27)).
start_(span("services",33,40),span(20170101,24,27)).
patient_(span("services",33,40),span("Johns Hopkins School of Nursing",56,86)).
2025-06-14 15:03:30,640 - INFO - 
Query:
s3306_c_13(span("services",33,40),_,"Alice",20170101).
2025-06-14 15:03:30,784 - INFO - 
Query result: {'truth': True}
2025-06-14 15:03:30,785 - INFO - Result: correct

2025-06-14 15:03:30,785 - INFO - 
==================================================
Processing case: s3306_c_1_A_i_neg
==================================================
2025-06-14 15:03:30,785 - INFO - Facts:
:- [statutes/prolog/init].
payment_(span("paid",10,13)).
service_(span("labor",45,49)).
citizenship_(span("citizens",148,155)).
agent_(span("citizens",148,155),span("Alice",116,120)).
agent_(span("citizens",148,155),span("Bob",126,128)).
agent_(span("paid",10,13),span("Alice",0,4)).
amount_(span("paid",10,13),span(2300,16,19)).
patient_(span("paid",10,13),span("Bob",24,26)).
purpose_(span("paid",10,13),span("labor",45,49)).
start_(span("paid",10,13),span(20170902,78,90)).
patient_(span("labor",45,49),span("Alice",0,4)).
agent_(span("labor",45,49),span("Bob",24,26)).
purpose_(span("labor",45,49),span("agricultural labor",32,49)).
start_(span("labor",45,49),span(20170201,61,73)).
end_(span("labor",45,49),span(20170902,78,90)).
location_(span("labor",45,49),span("Caracas, Venezuela",96,113)).
country_(span("Caracas, Venezuela",96,113),span("Venezuela",105,113)).
patient_(span("citizens",148,155),span("American",139,146)).
2025-06-14 15:03:30,785 - INFO - Test query:
:- \+ s3306_c_1_A_i("Alice",_,["Bob"],_,2017).
2025-06-14 15:03:30,786 - INFO - 
Generated Prolog code:
:- ['/Users/sophie/code/2025-mcm-llms-applied-in-law_context/data/sara_v3/statutes/prolog/utils.pl'].
:- ['/Users/sophie/code/2025-mcm-llms-applied-in-law_context/data/sara_v3/statutes/prolog/init.pl'].
:- [statutes/prolog/init].
payment_(span("paid",10,13)).
service_(span("labor",45,49)).
citizenship_(span("citizens",148,155)).
agent_(span("citizens",148,155),span("Alice",116,120)).
agent_(span("citizens",148,155),span("Bob",126,128)).
agent_(span("paid",10,13),span("Alice",0,4)).
amount_(span("paid",10,13),span(2300,16,19)).
patient_(span("paid",10,13),span("Bob",24,26)).
purpose_(span("paid",10,13),span("labor",45,49)).
start_(span("paid",10,13),span(20170902,78,90)).
patient_(span("labor",45,49),span("Alice",0,4)).
agent_(span("labor",45,49),span("Bob",24,26)).
purpose_(span("labor",45,49),span("agricultural labor",32,49)).
start_(span("labor",45,49),span(20170201,61,73)).
end_(span("labor",45,49),span(20170902,78,90)).
location_(span("labor",45,49),span("Caracas, Venezuela",96,113)).
country_(span("Caracas, Venezuela",96,113),span("Venezuela",105,113)).
patient_(span("citizens",148,155),span("American",139,146)).
2025-06-14 15:03:30,786 - INFO - 
Query:
\+ s3306_c_1_A_i("Alice",_,["Bob"],_,2017).
2025-06-14 15:03:30,929 - INFO - 
Query result: {'truth': True}
2025-06-14 15:03:30,930 - INFO - Result: correct

2025-06-14 15:03:30,938 - INFO - 
==================================================
Processing case: s3306_c_1_A_i_pos
==================================================
2025-06-14 15:03:30,938 - INFO - Facts:
:- [statutes/prolog/init].
payment_(span("paid",10,13)).
service_(span("labor",62,66)).
american_employer_(span("American employer",145,161)).
agent_(span("American employer",145,161),span("Alice",133,137)).
agent_(span("paid",10,13),span("Alice",0,4)).
amount_(span("paid",10,13),span(23200,16,20)).
patient_(span("paid",10,13),span("Bob",41,43)).
purpose_(span("paid",10,13),span("labor",62,66)).
start_(span("paid",10,13),span(20170902,95,107)).
patient_(span("labor",62,66),span("Alice",0,4)).
agent_(span("labor",62,66),span("Bob",41,43)).
purpose_(span("labor",62,66),span("agricultural labor",49,66)).
start_(span("labor",62,66),span(20170201,78,90)).
end_(span("labor",62,66),span(20170902,95,107)).
location_(span("labor",62,66),span("Caracas, Venezuela",113,130)).
country_(span("Caracas, Venezuela",113,130),span("Venezuela",122,130)).
2025-06-14 15:03:30,938 - INFO - Test query:
:- s3306_c_1_A_i("Alice",_,["Bob"],_,2017).
2025-06-14 15:03:30,939 - INFO - 
Generated Prolog code:
:- ['/Users/sophie/code/2025-mcm-llms-applied-in-law_context/data/sara_v3/statutes/prolog/utils.pl'].
:- ['/Users/sophie/code/2025-mcm-llms-applied-in-law_context/data/sara_v3/statutes/prolog/init.pl'].
:- [statutes/prolog/init].
payment_(span("paid",10,13)).
service_(span("labor",62,66)).
american_employer_(span("American employer",145,161)).
agent_(span("American employer",145,161),span("Alice",133,137)).
agent_(span("paid",10,13),span("Alice",0,4)).
amount_(span("paid",10,13),span(23200,16,20)).
patient_(span("paid",10,13),span("Bob",41,43)).
purpose_(span("paid",10,13),span("labor",62,66)).
start_(span("paid",10,13),span(20170902,95,107)).
patient_(span("labor",62,66),span("Alice",0,4)).
agent_(span("labor",62,66),span("Bob",41,43)).
purpose_(span("labor",62,66),span("agricultural labor",49,66)).
start_(span("labor",62,66),span(20170201,78,90)).
end_(span("labor",62,66),span(20170902,95,107)).
location_(span("labor",62,66),span("Caracas, Venezuela",113,130)).
country_(span("Caracas, Venezuela",113,130),span("Venezuela",122,130)).
2025-06-14 15:03:30,941 - INFO - 
Query:
s3306_c_1_A_i("Alice",_,["Bob"],_,2017).
2025-06-14 15:03:31,082 - INFO - 
Query result: {'truth': True}
2025-06-14 15:03:31,082 - INFO - Result: correct

2025-06-14 15:03:31,082 - INFO - 
==================================================
Processing case: s3306_c_1_neg
==================================================
2025-06-14 15:03:31,083 - INFO - Facts:
:- [statutes/prolog/init].
payment_(span("paid",10,13)).
service_(span("service",41,47)).
american_employer_(span("American employer",126,142)).
agent_(span("American employer",126,142),span("Alice",114,118)).
agent_(span("paid",10,13),span("Alice",0,4)).
amount_(span("paid",10,13),span(3200,16,19)).
patient_(span("paid",10,13),span("Bob",24,26)).
purpose_(span("paid",10,13),span("service",41,47)).
start_(span("paid",10,13),span(20170902,76,88)).
patient_(span("service",41,47),span("Alice",0,4)).
agent_(span("service",41,47),span("Bob",24,26)).
purpose_(span("service",41,47),span("domestic service",32,47)).
start_(span("service",41,47),span(20170201,59,71)).
end_(span("service",41,47),span(20170902,76,88)).
location_(span("service",41,47),span("Caracas, Venezuela",94,111)).
country_(span("Caracas, Venezuela",94,111),span("Venezuela",103,111)).
2025-06-14 15:03:31,083 - INFO - Test query:
:- \+ s3306_c_1(span("service",41,47),2017).
2025-06-14 15:03:31,083 - INFO - 
Generated Prolog code:
:- ['/Users/sophie/code/2025-mcm-llms-applied-in-law_context/data/sara_v3/statutes/prolog/utils.pl'].
:- ['/Users/sophie/code/2025-mcm-llms-applied-in-law_context/data/sara_v3/statutes/prolog/init.pl'].
:- [statutes/prolog/init].
payment_(span("paid",10,13)).
service_(span("service",41,47)).
american_employer_(span("American employer",126,142)).
agent_(span("American employer",126,142),span("Alice",114,118)).
agent_(span("paid",10,13),span("Alice",0,4)).
amount_(span("paid",10,13),span(3200,16,19)).
patient_(span("paid",10,13),span("Bob",24,26)).
purpose_(span("paid",10,13),span("service",41,47)).
start_(span("paid",10,13),span(20170902,76,88)).
patient_(span("service",41,47),span("Alice",0,4)).
agent_(span("service",41,47),span("Bob",24,26)).
purpose_(span("service",41,47),span("domestic service",32,47)).
start_(span("service",41,47),span(20170201,59,71)).
end_(span("service",41,47),span(20170902,76,88)).
location_(span("service",41,47),span("Caracas, Venezuela",94,111)).
country_(span("Caracas, Venezuela",94,111),span("Venezuela",103,111)).
2025-06-14 15:03:31,083 - INFO - 
Query:
\+ s3306_c_1(span("service",41,47),2017).
2025-06-14 15:03:31,226 - INFO - 
Query result: {'truth': True}
2025-06-14 15:03:31,226 - INFO - Result: correct

2025-06-14 15:03:31,226 - INFO - 
==================================================
Processing case: s3306_c_1_pos
==================================================
2025-06-14 15:03:31,226 - INFO - Facts:
:- [statutes/prolog/init].
payment_(span("paid",10,13)).
service_(span("labor",45,49)).
american_employer_(span("American employer",128,144)).
agent_(span("American employer",128,144),span("Alice",116,120)).
agent_(span("paid",10,13),span("Alice",0,4)).
amount_(span("paid",10,13),span(3200,16,19)).
patient_(span("paid",10,13),span("Bob",24,26)).
purpose_(span("paid",10,13),span("labor",45,49)).
start_(span("paid",10,13),span(20170201,61,73)).
patient_(span("labor",45,49),span("Alice",0,4)).
agent_(span("labor",45,49),span("Bob",24,26)).
purpose_(span("labor",45,49),span("agricultural labor",32,49)).
start_(span("labor",45,49),span(20170201,61,73)).
end_(span("labor",45,49),span(20170902,78,90)).
location_(span("labor",45,49),span("Caracas, Venezuela",96,113)).
country_(span("Caracas, Venezuela",96,113),span("Venezuela",105,113)).
2025-06-14 15:03:31,226 - INFO - Test query:
:- s3306_c_1(span("labor",45,49),2017).
2025-06-14 15:03:31,226 - INFO - 
Generated Prolog code:
:- ['/Users/sophie/code/2025-mcm-llms-applied-in-law_context/data/sara_v3/statutes/prolog/utils.pl'].
:- ['/Users/sophie/code/2025-mcm-llms-applied-in-law_context/data/sara_v3/statutes/prolog/init.pl'].
:- [statutes/prolog/init].
payment_(span("paid",10,13)).
service_(span("labor",45,49)).
american_employer_(span("American employer",128,144)).
agent_(span("American employer",128,144),span("Alice",116,120)).
agent_(span("paid",10,13),span("Alice",0,4)).
amount_(span("paid",10,13),span(3200,16,19)).
patient_(span("paid",10,13),span("Bob",24,26)).
purpose_(span("paid",10,13),span("labor",45,49)).
start_(span("paid",10,13),span(20170201,61,73)).
patient_(span("labor",45,49),span("Alice",0,4)).
agent_(span("labor",45,49),span("Bob",24,26)).
purpose_(span("labor",45,49),span("agricultural labor",32,49)).
start_(span("labor",45,49),span(20170201,61,73)).
end_(span("labor",45,49),span(20170902,78,90)).
location_(span("labor",45,49),span("Caracas, Venezuela",96,113)).
country_(span("Caracas, Venezuela",96,113),span("Venezuela",105,113)).
2025-06-14 15:03:31,226 - INFO - 
Query:
s3306_c_1(span("labor",45,49),2017).
2025-06-14 15:03:31,363 - INFO - 
Query result: {'truth': True}
2025-06-14 15:03:31,363 - INFO - Result: correct

2025-06-14 15:03:31,364 - INFO - 
==================================================
Processing case: s3306_c_21_neg
==================================================
2025-06-14 15:03:31,364 - INFO - Facts:
:- [statutes/prolog/init].
payment_(span("paid",10,13)).
service_(span("services",32,39)).
medical_institution_(span("hospital",56,63)).
incarceration_(span("committed",76,84)).
patient_(span("committed",76,84),span("hospital",103,110)).
agent_(span("committed",76,84),span("Alice",66,70)).
start_(span("committed",76,84),span(20150124,117,132)).
end_(span("committed",76,84),span(20190505,137,149)).
agent_(span("hospital",56,63),span("hospital",56,63)).
patient_(span("paid",10,13),span("Alice",0,4)).
amount_(span("paid",10,13),span(200,16,18)).
start_(span("paid",10,13),span(20170101,23,26)).
purpose_(span("paid",10,13),span("services",32,39)).
agent_(span("paid",10,13),span("hospital",56,63)).
agent_(span("services",32,39),span("Alice",0,4)).
end_(span("services",32,39),span(20171231,23,26)).
start_(span("services",32,39),span(20170101,23,26)).
patient_(span("services",32,39),span("hospital",56,63)).
2025-06-14 15:03:31,364 - INFO - Test query:
:- \+ s3306_c_21(span("services",32,39),"Alice",_,20170101).
2025-06-14 15:03:31,364 - INFO - 
Generated Prolog code:
:- ['/Users/sophie/code/2025-mcm-llms-applied-in-law_context/data/sara_v3/statutes/prolog/utils.pl'].
:- ['/Users/sophie/code/2025-mcm-llms-applied-in-law_context/data/sara_v3/statutes/prolog/init.pl'].
:- [statutes/prolog/init].
payment_(span("paid",10,13)).
service_(span("services",32,39)).
medical_institution_(span("hospital",56,63)).
incarceration_(span("committed",76,84)).
patient_(span("committed",76,84),span("hospital",103,110)).
agent_(span("committed",76,84),span("Alice",66,70)).
start_(span("committed",76,84),span(20150124,117,132)).
end_(span("committed",76,84),span(20190505,137,149)).
agent_(span("hospital",56,63),span("hospital",56,63)).
patient_(span("paid",10,13),span("Alice",0,4)).
amount_(span("paid",10,13),span(200,16,18)).
start_(span("paid",10,13),span(20170101,23,26)).
purpose_(span("paid",10,13),span("services",32,39)).
agent_(span("paid",10,13),span("hospital",56,63)).
agent_(span("services",32,39),span("Alice",0,4)).
end_(span("services",32,39),span(20171231,23,26)).
start_(span("services",32,39),span(20170101,23,26)).
patient_(span("services",32,39),span("hospital",56,63)).
2025-06-14 15:03:31,364 - INFO - 
Query:
\+ s3306_c_21(span("services",32,39),"Alice",_,20170101).
2025-06-14 15:03:31,504 - INFO - 
Query result: {'truth': True}
2025-06-14 15:03:31,504 - INFO - Result: correct

2025-06-14 15:03:31,504 - INFO - 
==================================================
Processing case: s3306_c_21_pos
==================================================
2025-06-14 15:03:31,504 - INFO - Facts:
:- [statutes/prolog/init].
payment_(span("paid",10,13)).
service_(span("services",32,39)).
penal_institution_(span("jail",54,57)).
incarceration_(span("committed",70,78)).
agent_(span("committed",70,78),span("Alice",60,64)).
patient_(span("committed",70,78),span("jail",83,86)).
start_(span("committed",70,78),span(20150124,93,108)).
end_(span("committed",70,78),span(20190505,113,125)).
patient_(span("paid",10,13),span("Alice",0,4)).
amount_(span("paid",10,13),span(200,16,18)).
start_(span("paid",10,13),span(20170101,23,26)).
purpose_(span("paid",10,13),span("services",32,39)).
agent_(span("paid",10,13),span("jail",54,57)).
agent_(span("jail",54,57),span("jail",54,57)).
agent_(span("services",32,39),span("Alice",0,4)).
end_(span("services",32,39),span(20171231,23,26)).
start_(span("services",32,39),span(20170101,23,26)).
patient_(span("services",32,39),span("jail",54,57)).
2025-06-14 15:03:31,504 - INFO - Test query:
:- s3306_c_21(span("services",32,39),"Alice",_,20170101).
2025-06-14 15:03:31,505 - INFO - 
Generated Prolog code:
:- ['/Users/sophie/code/2025-mcm-llms-applied-in-law_context/data/sara_v3/statutes/prolog/utils.pl'].
:- ['/Users/sophie/code/2025-mcm-llms-applied-in-law_context/data/sara_v3/statutes/prolog/init.pl'].
:- [statutes/prolog/init].
payment_(span("paid",10,13)).
service_(span("services",32,39)).
penal_institution_(span("jail",54,57)).
incarceration_(span("committed",70,78)).
agent_(span("committed",70,78),span("Alice",60,64)).
patient_(span("committed",70,78),span("jail",83,86)).
start_(span("committed",70,78),span(20150124,93,108)).
end_(span("committed",70,78),span(20190505,113,125)).
patient_(span("paid",10,13),span("Alice",0,4)).
amount_(span("paid",10,13),span(200,16,18)).
start_(span("paid",10,13),span(20170101,23,26)).
purpose_(span("paid",10,13),span("services",32,39)).
agent_(span("paid",10,13),span("jail",54,57)).
agent_(span("jail",54,57),span("jail",54,57)).
agent_(span("services",32,39),span("Alice",0,4)).
end_(span("services",32,39),span(20171231,23,26)).
start_(span("services",32,39),span(20170101,23,26)).
patient_(span("services",32,39),span("jail",54,57)).
2025-06-14 15:03:31,505 - INFO - 
Query:
s3306_c_21(span("services",32,39),"Alice",_,20170101).
2025-06-14 15:03:31,648 - INFO - 
Query result: {'truth': True}
2025-06-14 15:03:31,648 - INFO - Result: correct

2025-06-14 15:03:31,648 - INFO - 
==================================================
Processing case: s3306_c_2_neg
==================================================
2025-06-14 15:03:31,648 - INFO - Facts:
:- discontiguous s3306_b/8.
:- [statutes/prolog/init].
s3306_b(3200,span("paid",10,13),span("service",50,56),"Alice","Bob","Alice","Bob",_).
payment_(span("paid",10,13)).
service_(span("service",50,56)).
agent_(span("paid",10,13),span("Alice",0,4)).
amount_(span("paid",10,13),span(3200,25,28)).
patient_(span("paid",10,13),span("Bob",33,35)).
purpose_(span("paid",10,13),span("service",50,56)).
start_(span("paid",10,13),span(20170902,97,109)).
patient_(span("service",50,56),span("Alice",0,4)).
agent_(span("service",50,56),span("Bob",33,35)).
purpose_(span("service",50,56),span("domestic service",41,56)).
location_(span("service",50,56),span("home",70,73)).
start_(span("service",50,56),span(20170201,80,92)).
end_(span("service",50,56),span(20170902,97,109)).
location_(span("service",50,56),span("Baltimore",115,123)).
location_(span("service",50,56),span("Maryland",126,133)).
location_(span("service",50,56),span("USA",136,138)).
2025-06-14 15:03:31,648 - INFO - Test query:
:- \+ s3306_c_2(span("service",50,56),_,2017).
2025-06-14 15:03:31,649 - INFO - 
Generated Prolog code:
:- ['/Users/sophie/code/2025-mcm-llms-applied-in-law_context/data/sara_v3/statutes/prolog/section3306.pl'].
:- ['/Users/sophie/code/2025-mcm-llms-applied-in-law_context/data/sara_v3/statutes/prolog/utils.pl'].
:- ['/Users/sophie/code/2025-mcm-llms-applied-in-law_context/data/sara_v3/statutes/prolog/init.pl'].
:- discontiguous s3306_b/8.
:- [statutes/prolog/init].
s3306_b(3200,span("paid",10,13),span("service",50,56),"Alice","Bob","Alice","Bob",_).
payment_(span("paid",10,13)).
service_(span("service",50,56)).
agent_(span("paid",10,13),span("Alice",0,4)).
amount_(span("paid",10,13),span(3200,25,28)).
patient_(span("paid",10,13),span("Bob",33,35)).
purpose_(span("paid",10,13),span("service",50,56)).
start_(span("paid",10,13),span(20170902,97,109)).
patient_(span("service",50,56),span("Alice",0,4)).
agent_(span("service",50,56),span("Bob",33,35)).
purpose_(span("service",50,56),span("domestic service",41,56)).
location_(span("service",50,56),span("home",70,73)).
start_(span("service",50,56),span(20170201,80,92)).
end_(span("service",50,56),span(20170902,97,109)).
location_(span("service",50,56),span("Baltimore",115,123)).
location_(span("service",50,56),span("Maryland",126,133)).
location_(span("service",50,56),span("USA",136,138)).
2025-06-14 15:03:31,649 - INFO - 
Query:
\+ s3306_c_2(span("service",50,56),_,2017).
2025-06-14 15:03:31,794 - INFO - 
Query result: {'truth': True}
2025-06-14 15:03:31,794 - INFO - Result: correct

2025-06-14 15:03:31,795 - INFO - 
==================================================
Processing case: s3306_c_2_pos
==================================================
2025-06-14 15:03:31,795 - INFO - Facts:
:- discontiguous s3306_b/8.
:- [statutes/prolog/init].
s3306_b(300,span("paid",10,13),span("service",49,55),"Alice","Bob","Alice","Bob",_).
payment_(span("paid",10,13)).
service_(span("service",49,55)).
agent_(span("paid",10,13),span("Alice",0,4)).
amount_(span("paid",10,13),span(300,25,27)).
patient_(span("paid",10,13),span("Bob",32,34)).
purpose_(span("paid",10,13),span("service",49,55)).
start_(span("paid",10,13),span(20170902,99,111)).
patient_(span("service",49,55),span("Alice",0,4)).
agent_(span("service",49,55),span("Bob",32,34)).
purpose_(span("service",49,55),span("domestic service",40,55)).
location_(span("service",49,55),span("private home",64,75)).
start_(span("service",49,55),span(20170201,82,94)).
end_(span("service",49,55),span(20170902,99,111)).
2025-06-14 15:03:31,795 - INFO - Test query:
:- s3306_c_2(span("service",49,55),_,2017).
2025-06-14 15:03:31,795 - INFO - 
Generated Prolog code:
:- ['/Users/sophie/code/2025-mcm-llms-applied-in-law_context/data/sara_v3/statutes/prolog/section3306.pl'].
:- ['/Users/sophie/code/2025-mcm-llms-applied-in-law_context/data/sara_v3/statutes/prolog/utils.pl'].
:- ['/Users/sophie/code/2025-mcm-llms-applied-in-law_context/data/sara_v3/statutes/prolog/init.pl'].
:- discontiguous s3306_b/8.
:- [statutes/prolog/init].
s3306_b(300,span("paid",10,13),span("service",49,55),"Alice","Bob","Alice","Bob",_).
payment_(span("paid",10,13)).
service_(span("service",49,55)).
agent_(span("paid",10,13),span("Alice",0,4)).
amount_(span("paid",10,13),span(300,25,27)).
patient_(span("paid",10,13),span("Bob",32,34)).
purpose_(span("paid",10,13),span("service",49,55)).
start_(span("paid",10,13),span(20170902,99,111)).
patient_(span("service",49,55),span("Alice",0,4)).
agent_(span("service",49,55),span("Bob",32,34)).
purpose_(span("service",49,55),span("domestic service",40,55)).
location_(span("service",49,55),span("private home",64,75)).
start_(span("service",49,55),span(20170201,82,94)).
end_(span("service",49,55),span(20170902,99,111)).
2025-06-14 15:03:31,795 - INFO - 
Query:
s3306_c_2(span("service",49,55),_,2017).
2025-06-14 15:03:31,941 - INFO - 
Query result: {'truth': True}
2025-06-14 15:03:31,941 - INFO - Result: correct

2025-06-14 15:03:31,941 - INFO - 
==================================================
Processing case: s3306_c_5_neg
==================================================
2025-06-14 15:03:31,941 - INFO - Facts:
:- [statutes/prolog/init].
payment_(span("paid",10,13)).
brother_(span("brother",28,34)).
service_(span("work",44,47)).
agent_(span("paid",10,13),span("Alice",0,4)).
amount_(span("paid",10,13),span(3200,16,19)).
patient_(span("paid",10,13),span("Bob",36,38)).
purpose_(span("paid",10,13),span("work",44,47)).
start_(span("paid",10,13),span(20170902,76,88)).
patient_(span("work",44,47),span("Alice",0,4)).
agent_(span("work",44,47),span("Bob",36,38)).
start_(span("work",44,47),span(20170201,59,71)).
end_(span("work",44,47),span(20170902,76,88)).
location_(span("work",44,47),span("Baltimore",94,102)).
location_(span("work",44,47),span("Maryland",105,112)).
location_(span("work",44,47),span("USA",115,117)).
patient_(span("brother",28,34),span("Alice",0,4)).
agent_(span("brother",28,34),span("Bob",36,38)).
2025-06-14 15:03:31,941 - INFO - Test query:
:- \+ s3306_c_5(span("work",44,47),"Alice","Bob",20170201).
2025-06-14 15:03:31,942 - INFO - 
Generated Prolog code:
:- ['/Users/sophie/code/2025-mcm-llms-applied-in-law_context/data/sara_v3/statutes/prolog/utils.pl'].
:- ['/Users/sophie/code/2025-mcm-llms-applied-in-law_context/data/sara_v3/statutes/prolog/init.pl'].
:- [statutes/prolog/init].
payment_(span("paid",10,13)).
brother_(span("brother",28,34)).
service_(span("work",44,47)).
agent_(span("paid",10,13),span("Alice",0,4)).
amount_(span("paid",10,13),span(3200,16,19)).
patient_(span("paid",10,13),span("Bob",36,38)).
purpose_(span("paid",10,13),span("work",44,47)).
start_(span("paid",10,13),span(20170902,76,88)).
patient_(span("work",44,47),span("Alice",0,4)).
agent_(span("work",44,47),span("Bob",36,38)).
start_(span("work",44,47),span(20170201,59,71)).
end_(span("work",44,47),span(20170902,76,88)).
location_(span("work",44,47),span("Baltimore",94,102)).
location_(span("work",44,47),span("Maryland",105,112)).
location_(span("work",44,47),span("USA",115,117)).
patient_(span("brother",28,34),span("Alice",0,4)).
agent_(span("brother",28,34),span("Bob",36,38)).
2025-06-14 15:03:31,942 - INFO - 
Query:
\+ s3306_c_5(span("work",44,47),"Alice","Bob",20170201).
2025-06-14 15:03:32,083 - INFO - 
Query result: {'truth': True}
2025-06-14 15:03:32,083 - INFO - Result: correct

2025-06-14 15:03:32,084 - INFO - 
==================================================
Processing case: s3306_c_5_pos
==================================================
2025-06-14 15:03:32,084 - INFO - Facts:
:- [statutes/prolog/init].
payment_(span("paid",10,13)).
father_(span("father",28,33)).
service_(span("work",43,46)).
patient_(span("father",28,33),span("Alice",0,4)).
agent_(span("father",28,33),span("Bob",35,37)).
agent_(span("paid",10,13),span("Alice",0,4)).
amount_(span("paid",10,13),span(3200,16,19)).
patient_(span("paid",10,13),span("Bob",35,37)).
purpose_(span("paid",10,13),span("work",43,46)).
start_(span("paid",10,13),span(20170902,75,87)).
patient_(span("work",43,46),span("Alice",0,4)).
agent_(span("work",43,46),span("Bob",35,37)).
start_(span("work",43,46),span(20170201,58,70)).
end_(span("work",43,46),span(20170902,75,87)).
location_(span("work",43,46),span("Baltimore",93,101)).
location_(span("work",43,46),span("Maryland",104,111)).
location_(span("work",43,46),span("USA",114,116)).
2025-06-14 15:03:32,084 - INFO - Test query:
:- s3306_c_5(span("work",43,46),"Alice","Bob",20170201).
2025-06-14 15:03:32,084 - INFO - 
Generated Prolog code:
:- ['/Users/sophie/code/2025-mcm-llms-applied-in-law_context/data/sara_v3/statutes/prolog/utils.pl'].
:- ['/Users/sophie/code/2025-mcm-llms-applied-in-law_context/data/sara_v3/statutes/prolog/init.pl'].
:- [statutes/prolog/init].
payment_(span("paid",10,13)).
father_(span("father",28,33)).
service_(span("work",43,46)).
patient_(span("father",28,33),span("Alice",0,4)).
agent_(span("father",28,33),span("Bob",35,37)).
agent_(span("paid",10,13),span("Alice",0,4)).
amount_(span("paid",10,13),span(3200,16,19)).
patient_(span("paid",10,13),span("Bob",35,37)).
purpose_(span("paid",10,13),span("work",43,46)).
start_(span("paid",10,13),span(20170902,75,87)).
patient_(span("work",43,46),span("Alice",0,4)).
agent_(span("work",43,46),span("Bob",35,37)).
start_(span("work",43,46),span(20170201,58,70)).
end_(span("work",43,46),span(20170902,75,87)).
location_(span("work",43,46),span("Baltimore",93,101)).
location_(span("work",43,46),span("Maryland",104,111)).
location_(span("work",43,46),span("USA",114,116)).
2025-06-14 15:03:32,084 - INFO - 
Query:
s3306_c_5(span("work",43,46),"Alice","Bob",20170201).
2025-06-14 15:03:32,227 - INFO - 
Query result: {'truth': True}
2025-06-14 15:03:32,227 - INFO - Result: correct

2025-06-14 15:03:32,227 - INFO - 
==================================================
Processing case: s3306_c_A_neg
==================================================
2025-06-14 15:03:32,227 - INFO - Facts:
:- [statutes/prolog/init].
payment_(span("paid",10,13)).
service_(span("work",32,35)).
agent_(span("paid",10,13),span("Alice",0,4)).
amount_(span("paid",10,13),span(3200,16,19)).
patient_(span("paid",10,13),span("Bob",24,26)).
purpose_(span("paid",10,13),span("work",32,35)).
start_(span("paid",10,13),span(20170902,64,76)).
patient_(span("work",32,35),span("Alice",0,4)).
agent_(span("work",32,35),span("Bob",24,26)).
start_(span("work",32,35),span(20170201,47,59)).
end_(span("work",32,35),span(20170902,64,76)).
location_(span("work",32,35),span("Toronto, Ontario, Canada",82,105)).
country_(span("Toronto, Ontario, Canada",82,105),span("Canada",100,105)).
2025-06-14 15:03:32,227 - INFO - Test query:
:- \+ s3306_c_A(span("work",32,35),"Alice","Bob").
2025-06-14 15:03:32,227 - INFO - 
Generated Prolog code:
:- ['/Users/sophie/code/2025-mcm-llms-applied-in-law_context/data/sara_v3/statutes/prolog/utils.pl'].
:- ['/Users/sophie/code/2025-mcm-llms-applied-in-law_context/data/sara_v3/statutes/prolog/init.pl'].
:- [statutes/prolog/init].
payment_(span("paid",10,13)).
service_(span("work",32,35)).
agent_(span("paid",10,13),span("Alice",0,4)).
amount_(span("paid",10,13),span(3200,16,19)).
patient_(span("paid",10,13),span("Bob",24,26)).
purpose_(span("paid",10,13),span("work",32,35)).
start_(span("paid",10,13),span(20170902,64,76)).
patient_(span("work",32,35),span("Alice",0,4)).
agent_(span("work",32,35),span("Bob",24,26)).
start_(span("work",32,35),span(20170201,47,59)).
end_(span("work",32,35),span(20170902,64,76)).
location_(span("work",32,35),span("Toronto, Ontario, Canada",82,105)).
country_(span("Toronto, Ontario, Canada",82,105),span("Canada",100,105)).
2025-06-14 15:03:32,227 - INFO - 
Query:
\+ s3306_c_A(span("work",32,35),"Alice","Bob").
2025-06-14 15:03:32,365 - INFO - 
Query result: {'truth': True}
2025-06-14 15:03:32,365 - INFO - Result: correct

2025-06-14 15:03:32,366 - INFO - 
==================================================
Processing case: s3306_c_A_pos
==================================================
2025-06-14 15:03:32,366 - INFO - Facts:
:- [statutes/prolog/init].
payment_(span("paid",10,13)).
service_(span("work",32,35)).
agent_(span("paid",10,13),span("Alice",0,4)).
amount_(span("paid",10,13),span(3200,16,19)).
patient_(span("paid",10,13),span("Bob",24,26)).
purpose_(span("paid",10,13),span("work",32,35)).
start_(span("paid",10,13),span(20170902,64,76)).
patient_(span("work",32,35),span("Alice",0,4)).
agent_(span("work",32,35),span("Bob",24,26)).
start_(span("work",32,35),span(20170201,47,59)).
end_(span("work",32,35),span(20170902,64,76)).
location_(span("work",32,35),span("Baltimore, Maryland, USA",82,105)).
country_(span("Baltimore, Maryland, USA",82,105),span("USA",103,105)).
2025-06-14 15:03:32,366 - INFO - Test query:
:- s3306_c_A(span("work",32,35),"Alice","Bob").
2025-06-14 15:03:32,366 - INFO - 
Generated Prolog code:
:- ['/Users/sophie/code/2025-mcm-llms-applied-in-law_context/data/sara_v3/statutes/prolog/utils.pl'].
:- ['/Users/sophie/code/2025-mcm-llms-applied-in-law_context/data/sara_v3/statutes/prolog/init.pl'].
:- [statutes/prolog/init].
payment_(span("paid",10,13)).
service_(span("work",32,35)).
agent_(span("paid",10,13),span("Alice",0,4)).
amount_(span("paid",10,13),span(3200,16,19)).
patient_(span("paid",10,13),span("Bob",24,26)).
purpose_(span("paid",10,13),span("work",32,35)).
start_(span("paid",10,13),span(20170902,64,76)).
patient_(span("work",32,35),span("Alice",0,4)).
agent_(span("work",32,35),span("Bob",24,26)).
start_(span("work",32,35),span(20170201,47,59)).
end_(span("work",32,35),span(20170902,64,76)).
location_(span("work",32,35),span("Baltimore, Maryland, USA",82,105)).
country_(span("Baltimore, Maryland, USA",82,105),span("USA",103,105)).
2025-06-14 15:03:32,366 - INFO - 
Query:
s3306_c_A(span("work",32,35),"Alice","Bob").
2025-06-14 15:03:32,507 - INFO - 
Query result: {'truth': True}
2025-06-14 15:03:32,507 - INFO - Result: correct

2025-06-14 15:03:32,507 - INFO - 
==================================================
Processing case: s63_a_neg
==================================================
2025-06-14 15:03:32,508 - INFO - Facts:
:- discontiguous s151/5.
:- discontiguous s63_c/3.
:- [statutes/prolog/init].
s63_c("Alice",2017,2000).
s151("Alice",4000,_,_,2017).
payment_(span("paid",19,22)).
patient_(span("paid",19,22),span("Alice",9,13)).
amount_(span("paid",19,22),span(33200,25,29)).
start_(span("paid",19,22),span(20170101,3,6)).
2025-06-14 15:03:32,508 - INFO - Test query:
:- \+ s63_a("Alice",2017,31200,_,_).
2025-06-14 15:03:32,508 - INFO - 
Generated Prolog code:
:- ['/Users/sophie/code/2025-mcm-llms-applied-in-law_context/data/sara_v3/statutes/prolog/section63.pl'].
:- ['/Users/sophie/code/2025-mcm-llms-applied-in-law_context/data/sara_v3/statutes/prolog/utils.pl'].
:- ['/Users/sophie/code/2025-mcm-llms-applied-in-law_context/data/sara_v3/statutes/prolog/init.pl'].
:- discontiguous s151/5.
:- discontiguous s63_c/3.
:- [statutes/prolog/init].
s63_c("Alice",2017,2000).
s151("Alice",4000,_,_,2017).
payment_(span("paid",19,22)).
patient_(span("paid",19,22),span("Alice",9,13)).
amount_(span("paid",19,22),span(33200,25,29)).
start_(span("paid",19,22),span(20170101,3,6)).
2025-06-14 15:03:32,508 - INFO - 
Query:
\+ s63_a("Alice",2017,31200,_,_).
2025-06-14 15:03:32,648 - INFO - 
Query result: {'truth': True}
2025-06-14 15:03:32,648 - INFO - Result: correct

2025-06-14 15:03:32,649 - INFO - 
==================================================
Processing case: s63_a_pos
==================================================
2025-06-14 15:03:32,649 - INFO - Facts:
:- discontiguous s151/5.
:- [statutes/prolog/init].
s151("Alice",2000,_,_,2017).
payment_(span("paid",19,22)).
deduction_(span("deduction",131,139)).
agent_(span("deduction",131,139),span("Alice",9,13)).
amount_(span("deduction",131,139),span(4252,145,148)).
start_(span("deduction",131,139),span(20170101,153,156)).
patient_(span("paid",19,22),span("Alice",9,13)).
amount_(span("paid",19,22),span(33200,25,29)).
start_(span("paid",19,22),span(20170101,3,6)).
2025-06-14 15:03:32,649 - INFO - Test query:
:- s63_a("Alice",2017,26948,_,_).
2025-06-14 15:03:32,649 - INFO - 
Generated Prolog code:
:- ['/Users/sophie/code/2025-mcm-llms-applied-in-law_context/data/sara_v3/statutes/prolog/utils.pl'].
:- ['/Users/sophie/code/2025-mcm-llms-applied-in-law_context/data/sara_v3/statutes/prolog/init.pl'].
:- discontiguous s151/5.
:- [statutes/prolog/init].
s151("Alice",2000,_,_,2017).
payment_(span("paid",19,22)).
deduction_(span("deduction",131,139)).
agent_(span("deduction",131,139),span("Alice",9,13)).
amount_(span("deduction",131,139),span(4252,145,148)).
start_(span("deduction",131,139),span(20170101,153,156)).
patient_(span("paid",19,22),span("Alice",9,13)).
amount_(span("paid",19,22),span(33200,25,29)).
start_(span("paid",19,22),span(20170101,3,6)).
2025-06-14 15:03:32,649 - INFO - 
Query:
s63_a("Alice",2017,26948,_,_).
2025-06-14 15:03:32,792 - INFO - 
Query result: {'truth': True}
2025-06-14 15:03:32,792 - INFO - Result: correct

2025-06-14 15:03:32,792 - INFO - 
==================================================
Processing case: s63_c_1_neg
==================================================
2025-06-14 15:03:32,792 - INFO - Facts:
:- discontiguous s63_c_3/3.
:- discontiguous s63_c_2/3.
:- [statutes/prolog/init].
s63_c_2("Alice",2017,2000).
s63_c_3("Alice",3000,2017).
payment_(span("paid",19,22)).
patient_(span("paid",19,22),span("Alice",9,13)).
amount_(span("paid",19,22),span(33200,25,29)).
start_(span("paid",19,22),span(20170101,3,6)).
2025-06-14 15:03:32,793 - INFO - Test query:
:- \+ s63_c_1("Alice",2017,4000).
2025-06-14 15:03:32,793 - INFO - 
Generated Prolog code:
:- ['/Users/sophie/code/2025-mcm-llms-applied-in-law_context/data/sara_v3/statutes/prolog/section63.pl'].
:- ['/Users/sophie/code/2025-mcm-llms-applied-in-law_context/data/sara_v3/statutes/prolog/utils.pl'].
:- ['/Users/sophie/code/2025-mcm-llms-applied-in-law_context/data/sara_v3/statutes/prolog/init.pl'].
:- discontiguous s63_c_3/3.
:- discontiguous s63_c_2/3.
:- [statutes/prolog/init].
s63_c_2("Alice",2017,2000).
s63_c_3("Alice",3000,2017).
payment_(span("paid",19,22)).
patient_(span("paid",19,22),span("Alice",9,13)).
amount_(span("paid",19,22),span(33200,25,29)).
start_(span("paid",19,22),span(20170101,3,6)).
2025-06-14 15:03:32,793 - INFO - 
Query:
\+ s63_c_1("Alice",2017,4000).
2025-06-14 15:03:32,936 - INFO - 
Query result: {'truth': True}
2025-06-14 15:03:32,936 - INFO - Result: correct

2025-06-14 15:03:32,937 - INFO - 
==================================================
Processing case: s63_c_1_pos
==================================================
2025-06-14 15:03:32,937 - INFO - Facts:
:- discontiguous s63_c_2/3.
:- discontiguous s63_c_3/3.
:- [statutes/prolog/init].
s63_c_2("Alice",2017,2000).
s63_c_3("Alice",3000,2017).
payment_(span("paid",19,22)).
patient_(span("paid",19,22),span("Alice",9,13)).
amount_(span("paid",19,22),span(33200,25,29)).
start_(span("paid",19,22),span(20170101,3,6)).
2025-06-14 15:03:32,937 - INFO - Test query:
:- s63_c_1("Alice",2017,5000).
2025-06-14 15:03:32,937 - INFO - 
Generated Prolog code:
:- ['/Users/sophie/code/2025-mcm-llms-applied-in-law_context/data/sara_v3/statutes/prolog/section63.pl'].
:- ['/Users/sophie/code/2025-mcm-llms-applied-in-law_context/data/sara_v3/statutes/prolog/utils.pl'].
:- ['/Users/sophie/code/2025-mcm-llms-applied-in-law_context/data/sara_v3/statutes/prolog/init.pl'].
:- discontiguous s63_c_2/3.
:- discontiguous s63_c_3/3.
:- [statutes/prolog/init].
s63_c_2("Alice",2017,2000).
s63_c_3("Alice",3000,2017).
payment_(span("paid",19,22)).
patient_(span("paid",19,22),span("Alice",9,13)).
amount_(span("paid",19,22),span(33200,25,29)).
start_(span("paid",19,22),span(20170101,3,6)).
2025-06-14 15:03:32,937 - INFO - 
Query:
s63_c_1("Alice",2017,5000).
2025-06-14 15:03:33,081 - INFO - 
Query result: {'truth': True}
2025-06-14 15:03:33,081 - INFO - Result: correct

2025-06-14 15:03:33,082 - INFO - 
==================================================
Processing case: s63_c_2_B_neg
==================================================
2025-06-14 15:03:33,082 - INFO - Facts:
:- [statutes/prolog/init].
payment_(span("paid",19,22)).
marriage_(span("married",56,62)).
joint_return_(span("joint return",101,112)).
agent_(span("joint return",101,112),span("Alice",32,36)).
agent_(span("joint return",101,112),span("Bob",42,44)).
start_(span("joint return",101,112),span(20170101,118,121)).
agent_(span("married",56,62),span("Alice",32,36)).
agent_(span("married",56,62),span("Bob",42,44)).
start_(span("married",56,62),span(20170203,70,82)).
start_(span("paid",19,22),span(20170101,3,6)).
patient_(span("paid",19,22),span("Alice",9,13)).
amount_(span("paid",19,22),span(33200,25,29)).
2025-06-14 15:03:33,082 - INFO - Test query:
:- \+ s63_c_2_B("Alice",2017,4400).
2025-06-14 15:03:33,082 - INFO - 
Generated Prolog code:
:- ['/Users/sophie/code/2025-mcm-llms-applied-in-law_context/data/sara_v3/statutes/prolog/utils.pl'].
:- ['/Users/sophie/code/2025-mcm-llms-applied-in-law_context/data/sara_v3/statutes/prolog/init.pl'].
:- [statutes/prolog/init].
payment_(span("paid",19,22)).
marriage_(span("married",56,62)).
joint_return_(span("joint return",101,112)).
agent_(span("joint return",101,112),span("Alice",32,36)).
agent_(span("joint return",101,112),span("Bob",42,44)).
start_(span("joint return",101,112),span(20170101,118,121)).
agent_(span("married",56,62),span("Alice",32,36)).
agent_(span("married",56,62),span("Bob",42,44)).
start_(span("married",56,62),span(20170203,70,82)).
start_(span("paid",19,22),span(20170101,3,6)).
patient_(span("paid",19,22),span("Alice",9,13)).
amount_(span("paid",19,22),span(33200,25,29)).
2025-06-14 15:03:33,082 - INFO - 
Query:
\+ s63_c_2_B("Alice",2017,4400).
2025-06-14 15:03:33,223 - INFO - 
Query result: {'truth': True}
2025-06-14 15:03:33,223 - INFO - Result: correct

2025-06-14 15:03:33,224 - INFO - 
==================================================
Processing case: s63_c_2_B_pos
==================================================
2025-06-14 15:03:33,224 - INFO - Facts:
:- discontiguous s2_b/3.
:- [statutes/prolog/init].
s2_b("Alice",_,2017).
payment_(span("paid",19,22)).
patient_(span("paid",19,22),span("Alice",9,13)).
amount_(span("paid",19,22),span(33200,25,29)).
start_(span("paid",19,22),span(20170101,3,6)).
2025-06-14 15:03:33,224 - INFO - Test query:
:- s63_c_2_B("Alice",2017,4400).
2025-06-14 15:03:33,224 - INFO - 
Generated Prolog code:
:- ['/Users/sophie/code/2025-mcm-llms-applied-in-law_context/data/sara_v3/statutes/prolog/section2.pl'].
:- ['/Users/sophie/code/2025-mcm-llms-applied-in-law_context/data/sara_v3/statutes/prolog/utils.pl'].
:- ['/Users/sophie/code/2025-mcm-llms-applied-in-law_context/data/sara_v3/statutes/prolog/init.pl'].
:- discontiguous s2_b/3.
:- [statutes/prolog/init].
s2_b("Alice",_,2017).
payment_(span("paid",19,22)).
patient_(span("paid",19,22),span("Alice",9,13)).
amount_(span("paid",19,22),span(33200,25,29)).
start_(span("paid",19,22),span(20170101,3,6)).
2025-06-14 15:03:33,224 - INFO - 
Query:
s63_c_2_B("Alice",2017,4400).
2025-06-14 15:03:33,353 - INFO - 
Query result: {'truth': True}
2025-06-14 15:03:33,354 - INFO - Result: correct

2025-06-14 15:03:33,354 - INFO - 
==================================================
Processing case: s63_c_2_C_neg
==================================================
2025-06-14 15:03:33,354 - INFO - Facts:
:- [statutes/prolog/init].
payment_(span("paid",19,22)).
marriage_(span("married",56,62)).
joint_return_(span("joint return",101,112)).
agent_(span("joint return",101,112),span("Alice",32,36)).
agent_(span("joint return",101,112),span("Bob",42,44)).
start_(span("joint return",101,112),span(20170101,118,121)).
agent_(span("married",56,62),span("Alice",32,36)).
agent_(span("married",56,62),span("Bob",42,44)).
start_(span("married",56,62),span(20170203,70,82)).
start_(span("paid",19,22),span(20170101,3,6)).
patient_(span("paid",19,22),span("Alice",9,13)).
amount_(span("paid",19,22),span(33200,25,29)).
2025-06-14 15:03:33,354 - INFO - Test query:
:- \+ s63_c_2_C(2017,4400).
2025-06-14 15:03:33,354 - INFO - 
Generated Prolog code:
:- ['/Users/sophie/code/2025-mcm-llms-applied-in-law_context/data/sara_v3/statutes/prolog/utils.pl'].
:- ['/Users/sophie/code/2025-mcm-llms-applied-in-law_context/data/sara_v3/statutes/prolog/init.pl'].
:- [statutes/prolog/init].
payment_(span("paid",19,22)).
marriage_(span("married",56,62)).
joint_return_(span("joint return",101,112)).
agent_(span("joint return",101,112),span("Alice",32,36)).
agent_(span("joint return",101,112),span("Bob",42,44)).
start_(span("joint return",101,112),span(20170101,118,121)).
agent_(span("married",56,62),span("Alice",32,36)).
agent_(span("married",56,62),span("Bob",42,44)).
start_(span("married",56,62),span(20170203,70,82)).
start_(span("paid",19,22),span(20170101,3,6)).
patient_(span("paid",19,22),span("Alice",9,13)).
amount_(span("paid",19,22),span(33200,25,29)).
2025-06-14 15:03:33,354 - INFO - 
Query:
\+ s63_c_2_C(2017,4400).
2025-06-14 15:03:33,491 - INFO - 
Query result: {'truth': True}
2025-06-14 15:03:33,491 - INFO - Result: correct

2025-06-14 15:03:33,491 - INFO - 
==================================================
Processing case: s63_c_2_C_pos
==================================================
2025-06-14 15:03:33,491 - INFO - Facts:
:- [statutes/prolog/init].
payment_(span("paid",19,22)).
marriage_(span("married",56,62)).
agent_(span("married",56,62),span("Alice",32,36)).
agent_(span("married",56,62),span("Bob",42,44)).
start_(span("married",56,62),span(20170203,70,82)).
start_(span("paid",19,22),span(20170101,3,6)).
patient_(span("paid",19,22),span("Alice",9,13)).
amount_(span("paid",19,22),span(33200,25,29)).
2025-06-14 15:03:33,491 - INFO - Test query:
:- s63_c_2_C(2017,3000).
2025-06-14 15:03:33,492 - INFO - 
Generated Prolog code:
:- ['/Users/sophie/code/2025-mcm-llms-applied-in-law_context/data/sara_v3/statutes/prolog/utils.pl'].
:- ['/Users/sophie/code/2025-mcm-llms-applied-in-law_context/data/sara_v3/statutes/prolog/init.pl'].
:- [statutes/prolog/init].
payment_(span("paid",19,22)).
marriage_(span("married",56,62)).
agent_(span("married",56,62),span("Alice",32,36)).
agent_(span("married",56,62),span("Bob",42,44)).
start_(span("married",56,62),span(20170203,70,82)).
start_(span("paid",19,22),span(20170101,3,6)).
patient_(span("paid",19,22),span("Alice",9,13)).
amount_(span("paid",19,22),span(33200,25,29)).
2025-06-14 15:03:33,492 - INFO - 
Query:
s63_c_2_C(2017,3000).
2025-06-14 15:03:33,633 - INFO - 
Query result: {'truth': True}
2025-06-14 15:03:33,633 - INFO - Result: correct

2025-06-14 15:03:33,634 - INFO - 
==================================================
Processing case: s63_c_3_neg
==================================================
2025-06-14 15:03:33,634 - INFO - Facts:
:- discontiguous s63_f_1_B/3.
:- discontiguous s63_f_1_A/2.
:- [statutes/prolog/init].
s63_f_1_A("Alice",2017).
s63_f_1_B("Alice","Bob",2017).
payment_(span("paid",19,22)).
marriage_(span("married",56,62)).
agent_(span("married",56,62),span("Alice",32,36)).
agent_(span("married",56,62),span("Bob",42,44)).
start_(span("married",56,62),span(20170203,70,82)).
start_(span("paid",19,22),span(20170101,3,6)).
patient_(span("paid",19,22),span("Alice",9,13)).
amount_(span("paid",19,22),span(33200,25,29)).
2025-06-14 15:03:33,634 - INFO - Test query:
:- \+ s63_c_3("Alice",300,2017).
2025-06-14 15:03:33,634 - INFO - 
Generated Prolog code:
:- ['/Users/sophie/code/2025-mcm-llms-applied-in-law_context/data/sara_v3/statutes/prolog/section63.pl'].
:- ['/Users/sophie/code/2025-mcm-llms-applied-in-law_context/data/sara_v3/statutes/prolog/utils.pl'].
:- ['/Users/sophie/code/2025-mcm-llms-applied-in-law_context/data/sara_v3/statutes/prolog/init.pl'].
:- discontiguous s63_f_1_B/3.
:- discontiguous s63_f_1_A/2.
:- [statutes/prolog/init].
s63_f_1_A("Alice",2017).
s63_f_1_B("Alice","Bob",2017).
payment_(span("paid",19,22)).
marriage_(span("married",56,62)).
agent_(span("married",56,62),span("Alice",32,36)).
agent_(span("married",56,62),span("Bob",42,44)).
start_(span("married",56,62),span(20170203,70,82)).
start_(span("paid",19,22),span(20170101,3,6)).
patient_(span("paid",19,22),span("Alice",9,13)).
amount_(span("paid",19,22),span(33200,25,29)).
2025-06-14 15:03:33,634 - INFO - 
Query:
\+ s63_c_3("Alice",300,2017).
2025-06-14 15:03:33,779 - INFO - 
Query result: {'truth': True}
2025-06-14 15:03:33,779 - INFO - Result: correct

2025-06-14 15:03:33,780 - INFO - 
==================================================
Processing case: s63_c_3_pos
==================================================
2025-06-14 15:03:33,780 - INFO - Facts:
:- discontiguous s63_f_1_B/3.
:- discontiguous s63_f_1_A/2.
:- [statutes/prolog/init].
s63_f_1_A("Alice",2017).
s63_f_1_B("Alice","Bob",2017).
payment_(span("paid",19,22)).
marriage_(span("married",56,62)).
agent_(span("married",56,62),span("Alice",32,36)).
agent_(span("married",56,62),span("Bob",42,44)).
start_(span("married",56,62),span(20170203,70,82)).
start_(span("paid",19,22),span(20170101,3,6)).
patient_(span("paid",19,22),span("Alice",9,13)).
amount_(span("paid",19,22),span(33200,25,29)).
2025-06-14 15:03:33,780 - INFO - Test query:
:- s63_c_3("Alice",1200,2017).
2025-06-14 15:03:33,780 - INFO - 
Generated Prolog code:
:- ['/Users/sophie/code/2025-mcm-llms-applied-in-law_context/data/sara_v3/statutes/prolog/section63.pl'].
:- ['/Users/sophie/code/2025-mcm-llms-applied-in-law_context/data/sara_v3/statutes/prolog/utils.pl'].
:- ['/Users/sophie/code/2025-mcm-llms-applied-in-law_context/data/sara_v3/statutes/prolog/init.pl'].
:- discontiguous s63_f_1_B/3.
:- discontiguous s63_f_1_A/2.
:- [statutes/prolog/init].
s63_f_1_A("Alice",2017).
s63_f_1_B("Alice","Bob",2017).
payment_(span("paid",19,22)).
marriage_(span("married",56,62)).
agent_(span("married",56,62),span("Alice",32,36)).
agent_(span("married",56,62),span("Bob",42,44)).
start_(span("married",56,62),span(20170203,70,82)).
start_(span("paid",19,22),span(20170101,3,6)).
patient_(span("paid",19,22),span("Alice",9,13)).
amount_(span("paid",19,22),span(33200,25,29)).
2025-06-14 15:03:33,780 - INFO - 
Query:
s63_c_3("Alice",1200,2017).
2025-06-14 15:03:33,924 - INFO - 
Query result: {'truth': True}
2025-06-14 15:03:33,924 - INFO - Result: correct

2025-06-14 15:03:33,925 - INFO - 
==================================================
Processing case: s63_c_5_neg
==================================================
2025-06-14 15:03:33,925 - INFO - Facts:
:- [statutes/prolog/init].
payment_(span("paid",19,22)).
marriage_(span("married",56,62)).
payment_(span("earned",89,94)).
agent_(span("married",56,62),span("Alice",32,36)).
agent_(span("married",56,62),span("Bob",42,44)).
start_(span("married",56,62),span(20170203,70,82)).
patient_(span("earned",89,94),span("Bob",85,87)).
amount_(span("earned",89,94),span(10,97,98)).
start_(span("earned",89,94),span(20170101,103,106)).
start_(span("paid",19,22),span(20170101,3,6)).
patient_(span("paid",19,22),span("Alice",9,13)).
amount_(span("paid",19,22),span(33200,25,29)).
2025-06-14 15:03:33,925 - INFO - Test query:
:- \+ s63_c_5("Bob",_,_,2017,_).
2025-06-14 15:03:33,925 - INFO - 
Generated Prolog code:
:- ['/Users/sophie/code/2025-mcm-llms-applied-in-law_context/data/sara_v3/statutes/prolog/utils.pl'].
:- ['/Users/sophie/code/2025-mcm-llms-applied-in-law_context/data/sara_v3/statutes/prolog/init.pl'].
:- [statutes/prolog/init].
payment_(span("paid",19,22)).
marriage_(span("married",56,62)).
payment_(span("earned",89,94)).
agent_(span("married",56,62),span("Alice",32,36)).
agent_(span("married",56,62),span("Bob",42,44)).
start_(span("married",56,62),span(20170203,70,82)).
patient_(span("earned",89,94),span("Bob",85,87)).
amount_(span("earned",89,94),span(10,97,98)).
start_(span("earned",89,94),span(20170101,103,106)).
start_(span("paid",19,22),span(20170101,3,6)).
patient_(span("paid",19,22),span("Alice",9,13)).
amount_(span("paid",19,22),span(33200,25,29)).
2025-06-14 15:03:33,925 - INFO - 
Query:
\+ s63_c_5("Bob",_,_,2017,_).
2025-06-14 15:03:34,065 - INFO - 
Query result: {'truth': True}
2025-06-14 15:03:34,065 - INFO - Result: correct

2025-06-14 15:03:34,065 - INFO - 
==================================================
Processing case: s63_c_5_pos
==================================================
2025-06-14 15:03:34,065 - INFO - Facts:
:- discontiguous s151_b_applies/3.
:- [statutes/prolog/init].
s151_b_applies("Alice","Bob",2017).
payment_(span("paid",19,22)).
marriage_(span("married",56,62)).
agent_(span("married",56,62),span("Alice",32,36)).
agent_(span("married",56,62),span("Bob",42,44)).
start_(span("married",56,62),span(20170203,70,82)).
start_(span("paid",19,22),span(20170101,3,6)).
patient_(span("paid",19,22),span("Alice",9,13)).
amount_(span("paid",19,22),span(33200,25,29)).
2025-06-14 15:03:34,066 - INFO - Test query:
:- s63_c_5("Bob",_,_,2017,500).
2025-06-14 15:03:34,066 - INFO - 
Generated Prolog code:
:- ['/Users/sophie/code/2025-mcm-llms-applied-in-law_context/data/sara_v3/statutes/prolog/utils.pl'].
:- ['/Users/sophie/code/2025-mcm-llms-applied-in-law_context/data/sara_v3/statutes/prolog/section151.pl'].
:- ['/Users/sophie/code/2025-mcm-llms-applied-in-law_context/data/sara_v3/statutes/prolog/init.pl'].
:- discontiguous s151_b_applies/3.
:- [statutes/prolog/init].
s151_b_applies("Alice","Bob",2017).
payment_(span("paid",19,22)).
marriage_(span("married",56,62)).
agent_(span("married",56,62),span("Alice",32,36)).
agent_(span("married",56,62),span("Bob",42,44)).
start_(span("married",56,62),span(20170203,70,82)).
start_(span("paid",19,22),span(20170101,3,6)).
patient_(span("paid",19,22),span("Alice",9,13)).
amount_(span("paid",19,22),span(33200,25,29)).
2025-06-14 15:03:34,066 - INFO - 
Query:
s63_c_5("Bob",_,_,2017,500).
2025-06-14 15:03:34,210 - INFO - 
Query result: {'truth': True}
2025-06-14 15:03:34,210 - INFO - Result: correct

2025-06-14 15:03:34,210 - INFO - 
==================================================
Processing case: s63_c_6_A_neg
==================================================
2025-06-14 15:03:34,210 - INFO - Facts:
:- [statutes/prolog/init].
payment_(span("paid",19,22)).
marriage_(span("married",56,62)).
joint_return_(span("joint return",106,117)).
agent_(span("joint return",106,117),span("Bob",85,87)).
agent_(span("joint return",106,117),span("Alice",93,97)).
start_(span("joint return",106,117),span(20170101,123,126)).
agent_(span("married",56,62),span("Alice",32,36)).
agent_(span("married",56,62),span("Bob",42,44)).
start_(span("married",56,62),span(20170203,70,82)).
start_(span("paid",19,22),span(20170101,3,6)).
patient_(span("paid",19,22),span("Alice",9,13)).
amount_(span("paid",19,22),span(33200,25,29)).
2025-06-14 15:03:34,210 - INFO - Test query:
:- \+ s63_c_6_A("Alice",_,_,2017).
2025-06-14 15:03:34,211 - INFO - 
Generated Prolog code:
:- ['/Users/sophie/code/2025-mcm-llms-applied-in-law_context/data/sara_v3/statutes/prolog/utils.pl'].
:- ['/Users/sophie/code/2025-mcm-llms-applied-in-law_context/data/sara_v3/statutes/prolog/init.pl'].
:- [statutes/prolog/init].
payment_(span("paid",19,22)).
marriage_(span("married",56,62)).
joint_return_(span("joint return",106,117)).
agent_(span("joint return",106,117),span("Bob",85,87)).
agent_(span("joint return",106,117),span("Alice",93,97)).
start_(span("joint return",106,117),span(20170101,123,126)).
agent_(span("married",56,62),span("Alice",32,36)).
agent_(span("married",56,62),span("Bob",42,44)).
start_(span("married",56,62),span(20170203,70,82)).
start_(span("paid",19,22),span(20170101,3,6)).
patient_(span("paid",19,22),span("Alice",9,13)).
amount_(span("paid",19,22),span(33200,25,29)).
2025-06-14 15:03:34,211 - INFO - 
Query:
\+ s63_c_6_A("Alice",_,_,2017).
2025-06-14 15:03:34,348 - INFO - 
Query result: {'truth': True}
2025-06-14 15:03:34,348 - INFO - Result: correct

2025-06-14 15:03:34,349 - INFO - 
==================================================
Processing case: s63_c_6_A_pos
==================================================
2025-06-14 15:03:34,349 - INFO - Facts:
:- [statutes/prolog/init].
payment_(span("paid",19,22)).
marriage_(span("married",56,62)).
deduction_(span("deduction",112,120)).
start_(span("deduction",112,120),span(20170101,134,137)).
agent_(span("deduction",112,120),span("Bob",85,87)).
agent_(span("married",56,62),span("Alice",32,36)).
agent_(span("married",56,62),span("Bob",42,44)).
start_(span("married",56,62),span(20170203,70,82)).
start_(span("paid",19,22),span(20170101,3,6)).
patient_(span("paid",19,22),span("Alice",9,13)).
amount_(span("paid",19,22),span(33200,25,29)).
2025-06-14 15:03:34,349 - INFO - Test query:
:- s63_c_6_A("Alice",_,_,2017).
2025-06-14 15:03:34,349 - INFO - 
Generated Prolog code:
:- ['/Users/sophie/code/2025-mcm-llms-applied-in-law_context/data/sara_v3/statutes/prolog/utils.pl'].
:- ['/Users/sophie/code/2025-mcm-llms-applied-in-law_context/data/sara_v3/statutes/prolog/init.pl'].
:- [statutes/prolog/init].
payment_(span("paid",19,22)).
marriage_(span("married",56,62)).
deduction_(span("deduction",112,120)).
start_(span("deduction",112,120),span(20170101,134,137)).
agent_(span("deduction",112,120),span("Bob",85,87)).
agent_(span("married",56,62),span("Alice",32,36)).
agent_(span("married",56,62),span("Bob",42,44)).
start_(span("married",56,62),span(20170203,70,82)).
start_(span("paid",19,22),span(20170101,3,6)).
patient_(span("paid",19,22),span("Alice",9,13)).
amount_(span("paid",19,22),span(33200,25,29)).
2025-06-14 15:03:34,349 - INFO - 
Query:
s63_c_6_A("Alice",_,_,2017).
2025-06-14 15:03:34,491 - INFO - 
Query result: {'truth': True}
2025-06-14 15:03:34,491 - INFO - Result: correct

2025-06-14 15:03:34,492 - INFO - 
==================================================
Processing case: s63_c_7_ii_neg
==================================================
2025-06-14 15:03:34,492 - INFO - Facts:
:- [statutes/prolog/init].
payment_(span("paid",19,22)).
marriage_(span("married",56,62)).
agent_(span("married",56,62),span("Alice",32,36)).
agent_(span("married",56,62),span("Bob",42,44)).
start_(span("married",56,62),span(20190203,70,82)).
start_(span("paid",19,22),span(20190101,3,6)).
patient_(span("paid",19,22),span("Alice",9,13)).
amount_(span("paid",19,22),span(33200,25,29)).
2025-06-14 15:03:34,492 - INFO - Test query:
:- \+ s63_c_7_ii(2019,3000).
2025-06-14 15:03:34,492 - INFO - 
Generated Prolog code:
:- ['/Users/sophie/code/2025-mcm-llms-applied-in-law_context/data/sara_v3/statutes/prolog/utils.pl'].
:- ['/Users/sophie/code/2025-mcm-llms-applied-in-law_context/data/sara_v3/statutes/prolog/init.pl'].
:- [statutes/prolog/init].
payment_(span("paid",19,22)).
marriage_(span("married",56,62)).
agent_(span("married",56,62),span("Alice",32,36)).
agent_(span("married",56,62),span("Bob",42,44)).
start_(span("married",56,62),span(20190203,70,82)).
start_(span("paid",19,22),span(20190101,3,6)).
patient_(span("paid",19,22),span("Alice",9,13)).
amount_(span("paid",19,22),span(33200,25,29)).
2025-06-14 15:03:34,492 - INFO - 
Query:
\+ s63_c_7_ii(2019,3000).
2025-06-14 15:03:34,636 - INFO - 
Query result: {'truth': True}
2025-06-14 15:03:34,636 - INFO - Result: correct

2025-06-14 15:03:34,636 - INFO - 
==================================================
Processing case: s63_c_7_ii_pos
==================================================
2025-06-14 15:03:34,637 - INFO - Facts:
:- [statutes/prolog/init].
payment_(span("paid",19,22)).
marriage_(span("married",56,62)).
agent_(span("married",56,62),span("Alice",32,36)).
agent_(span("married",56,62),span("Bob",42,44)).
start_(span("married",56,62),span(20190203,70,82)).
start_(span("paid",19,22),span(20190101,3,6)).
patient_(span("paid",19,22),span("Alice",9,13)).
amount_(span("paid",19,22),span(33200,25,29)).
2025-06-14 15:03:34,637 - INFO - Test query:
:- s63_c_7_ii(2019,12000).
2025-06-14 15:03:34,637 - INFO - 
Generated Prolog code:
:- ['/Users/sophie/code/2025-mcm-llms-applied-in-law_context/data/sara_v3/statutes/prolog/utils.pl'].
:- ['/Users/sophie/code/2025-mcm-llms-applied-in-law_context/data/sara_v3/statutes/prolog/init.pl'].
:- [statutes/prolog/init].
payment_(span("paid",19,22)).
marriage_(span("married",56,62)).
agent_(span("married",56,62),span("Alice",32,36)).
agent_(span("married",56,62),span("Bob",42,44)).
start_(span("married",56,62),span(20190203,70,82)).
start_(span("paid",19,22),span(20190101,3,6)).
patient_(span("paid",19,22),span("Alice",9,13)).
amount_(span("paid",19,22),span(33200,25,29)).
2025-06-14 15:03:34,637 - INFO - 
Query:
s63_c_7_ii(2019,12000).
2025-06-14 15:03:34,777 - INFO - 
Query result: {'truth': True}
2025-06-14 15:03:34,777 - INFO - Result: correct

2025-06-14 15:03:34,777 - INFO - 
==================================================
Processing case: s63_d_2_neg
==================================================
2025-06-14 15:03:34,777 - INFO - Facts:
:- discontiguous s63_c_3/3.
:- [statutes/prolog/init].
s63_c_3("Alice",1200,2017).
payment_(span("paid",19,22)).
patient_(span("paid",19,22),span("Alice",9,13)).
amount_(span("paid",19,22),span(33200,25,29)).
start_(span("paid",19,22),span(20170101,3,6)).
2025-06-14 15:03:34,778 - INFO - Test query:
:- \+ s63_d_2("Alice",[1200],2017).
2025-06-14 15:03:34,778 - INFO - 
Generated Prolog code:
:- ['/Users/sophie/code/2025-mcm-llms-applied-in-law_context/data/sara_v3/statutes/prolog/section63.pl'].
:- ['/Users/sophie/code/2025-mcm-llms-applied-in-law_context/data/sara_v3/statutes/prolog/utils.pl'].
:- ['/Users/sophie/code/2025-mcm-llms-applied-in-law_context/data/sara_v3/statutes/prolog/init.pl'].
:- discontiguous s63_c_3/3.
:- [statutes/prolog/init].
s63_c_3("Alice",1200,2017).
payment_(span("paid",19,22)).
patient_(span("paid",19,22),span("Alice",9,13)).
amount_(span("paid",19,22),span(33200,25,29)).
start_(span("paid",19,22),span(20170101,3,6)).
2025-06-14 15:03:34,778 - INFO - 
Query:
\+ s63_d_2("Alice",[1200],2017).
2025-06-14 15:03:34,924 - INFO - 
Query result: {'truth': True}
2025-06-14 15:03:34,924 - INFO - Result: correct

2025-06-14 15:03:34,924 - INFO - 
==================================================
Processing case: s63_d_2_pos
==================================================
2025-06-14 15:03:34,925 - INFO - Facts:
:- discontiguous s151/5.
:- [statutes/prolog/init.pl].
s151("Alice",2000,["Alice"],_,2017).
payment_(span("paid",19,22)).
patient_(span("paid",19,22),span("Alice",9,13)).
amount_(span("paid",19,22),span(33200,25,29)).
start_(span("paid",19,22),span(20170101,3,6)).
2025-06-14 15:03:34,925 - INFO - Test query:
:- s63_d_2("Alice",[2000],2017).
2025-06-14 15:03:34,925 - INFO - 
Generated Prolog code:
:- ['/Users/sophie/code/2025-mcm-llms-applied-in-law_context/data/sara_v3/statutes/prolog/utils.pl'].
:- ['/Users/sophie/code/2025-mcm-llms-applied-in-law_context/data/sara_v3/statutes/prolog/init.pl'].
:- discontiguous s151/5.
:- [statutes/prolog/init.pl].
s151("Alice",2000,["Alice"],_,2017).
payment_(span("paid",19,22)).
patient_(span("paid",19,22),span("Alice",9,13)).
amount_(span("paid",19,22),span(33200,25,29)).
start_(span("paid",19,22),span(20170101,3,6)).
2025-06-14 15:03:34,925 - INFO - 
Query:
s63_d_2("Alice",[2000],2017).
2025-06-14 15:03:35,065 - INFO - 
Query result: {'truth': True}
2025-06-14 15:03:35,066 - INFO - Result: correct

2025-06-14 15:03:35,066 - INFO - 
==================================================
Processing case: s63_d_neg
==================================================
2025-06-14 15:03:35,066 - INFO - Facts:
:- discontiguous s151_b/3.
:- [statutes/prolog/init].
s151_b("Alice",2000,2017).
payment_(span("paid",19,22)).
patient_(span("paid",19,22),span("Alice",9,13)).
amount_(span("paid",19,22),span(33200,25,29)).
start_(span("paid",19,22),span(20170101,3,6)).
2025-06-14 15:03:35,067 - INFO - Test query:
:- \+ s63_d("Alice",_,_,2017).
2025-06-14 15:03:35,067 - INFO - 
Generated Prolog code:
:- ['/Users/sophie/code/2025-mcm-llms-applied-in-law_context/data/sara_v3/statutes/prolog/utils.pl'].
:- ['/Users/sophie/code/2025-mcm-llms-applied-in-law_context/data/sara_v3/statutes/prolog/section151.pl'].
:- ['/Users/sophie/code/2025-mcm-llms-applied-in-law_context/data/sara_v3/statutes/prolog/init.pl'].
:- discontiguous s151_b/3.
:- [statutes/prolog/init].
s151_b("Alice",2000,2017).
payment_(span("paid",19,22)).
patient_(span("paid",19,22),span("Alice",9,13)).
amount_(span("paid",19,22),span(33200,25,29)).
start_(span("paid",19,22),span(20170101,3,6)).
2025-06-14 15:03:35,067 - INFO - 
Query:
\+ s63_d("Alice",_,_,2017).
2025-06-14 15:03:35,210 - INFO - 
Query result: {'truth': True}
2025-06-14 15:03:35,210 - INFO - Result: correct

2025-06-14 15:03:35,211 - INFO - 
==================================================
Processing case: s63_d_pos
==================================================
2025-06-14 15:03:35,211 - INFO - Facts:
:- [statutes/prolog/init].
payment_(span("paid",19,22)).
deduction_(span("deduction",49,57)).
agent_(span("deduction",49,57),span("Alice",9,13)).
amount_(span("deduction",49,57),span(1200,63,66)).
start_(span("deduction",49,57),span(20170101,81,84)).
patient_(span("paid",19,22),span("Alice",9,13)).
amount_(span("paid",19,22),span(33200,25,29)).
start_(span("paid",19,22),span(20170101,3,6)).
2025-06-14 15:03:35,211 - INFO - Test query:
:- s63_d("Alice",_,_,2017).
2025-06-14 15:03:35,211 - INFO - 
Generated Prolog code:
:- ['/Users/sophie/code/2025-mcm-llms-applied-in-law_context/data/sara_v3/statutes/prolog/utils.pl'].
:- ['/Users/sophie/code/2025-mcm-llms-applied-in-law_context/data/sara_v3/statutes/prolog/init.pl'].
:- [statutes/prolog/init].
payment_(span("paid",19,22)).
deduction_(span("deduction",49,57)).
agent_(span("deduction",49,57),span("Alice",9,13)).
amount_(span("deduction",49,57),span(1200,63,66)).
start_(span("deduction",49,57),span(20170101,81,84)).
patient_(span("paid",19,22),span("Alice",9,13)).
amount_(span("paid",19,22),span(33200,25,29)).
start_(span("paid",19,22),span(20170101,3,6)).
2025-06-14 15:03:35,211 - INFO - 
Query:
s63_d("Alice",_,_,2017).
2025-06-14 15:03:35,354 - INFO - 
Query result: {'truth': True}
2025-06-14 15:03:35,354 - INFO - Result: correct

2025-06-14 15:03:35,354 - INFO - 
==================================================
Processing case: s63_f_1_B_neg
==================================================
2025-06-14 15:03:35,354 - INFO - Facts:
:- discontiguous s151_b_applies/3.
:- [statutes/prolog/init].
s151_b_applies("Alice","Bob",2017).
payment_(span("paid",19,22)).
marriage_(span("married",56,62)).
birth_(span("born",95,98)).
birth_(span("born",128,131)).
agent_(span("born",95,98),span("Alice",85,89)).
start_(span("born",95,98),span(19500302,100,114)).
agent_(span("born",128,131),span("Bob",120,122)).
start_(span("born",128,131),span(19550303,133,147)).
agent_(span("married",56,62),span("Alice",32,36)).
agent_(span("married",56,62),span("Bob",42,44)).
start_(span("married",56,62),span(20170203,70,82)).
start_(span("paid",19,22),span(20170101,3,6)).
patient_(span("paid",19,22),span("Alice",9,13)).
amount_(span("paid",19,22),span(33200,25,29)).
2025-06-14 15:03:35,354 - INFO - Test query:
:- \+ s63_f_1_B("Alice","Bob",2017).
2025-06-14 15:03:35,355 - INFO - 
Generated Prolog code:
:- ['/Users/sophie/code/2025-mcm-llms-applied-in-law_context/data/sara_v3/statutes/prolog/utils.pl'].
:- ['/Users/sophie/code/2025-mcm-llms-applied-in-law_context/data/sara_v3/statutes/prolog/section151.pl'].
:- ['/Users/sophie/code/2025-mcm-llms-applied-in-law_context/data/sara_v3/statutes/prolog/init.pl'].
:- discontiguous s151_b_applies/3.
:- [statutes/prolog/init].
s151_b_applies("Alice","Bob",2017).
payment_(span("paid",19,22)).
marriage_(span("married",56,62)).
birth_(span("born",95,98)).
birth_(span("born",128,131)).
agent_(span("born",95,98),span("Alice",85,89)).
start_(span("born",95,98),span(19500302,100,114)).
agent_(span("born",128,131),span("Bob",120,122)).
start_(span("born",128,131),span(19550303,133,147)).
agent_(span("married",56,62),span("Alice",32,36)).
agent_(span("married",56,62),span("Bob",42,44)).
start_(span("married",56,62),span(20170203,70,82)).
start_(span("paid",19,22),span(20170101,3,6)).
patient_(span("paid",19,22),span("Alice",9,13)).
amount_(span("paid",19,22),span(33200,25,29)).
2025-06-14 15:03:35,355 - INFO - 
Query:
\+ s63_f_1_B("Alice","Bob",2017).
2025-06-14 15:03:35,499 - INFO - 
Query result: {'truth': True}
2025-06-14 15:03:35,499 - INFO - Result: correct

2025-06-14 15:03:35,499 - INFO - 
==================================================
Processing case: s63_f_1_B_pos
==================================================
2025-06-14 15:03:35,499 - INFO - Facts:
:- discontiguous s151_b_applies/3.
:- [statutes/prolog/init.pl].
s151_b_applies("Bob","Alice",2017).
payment_(span("paid",19,22)).
marriage_(span("married",56,62)).
birth_(span("born",95,98)).
birth_(span("born",128,131)).
agent_(span("born",95,98),span("Alice",85,89)).
start_(span("born",95,98),span(19500302,100,114)).
agent_(span("born",128,131),span("Bob",120,122)).
start_(span("born",128,131),span(19550303,133,147)).
agent_(span("married",56,62),span("Alice",32,36)).
agent_(span("married",56,62),span("Bob",42,44)).
start_(span("married",56,62),span(20170203,70,82)).
start_(span("paid",19,22),span(20170101,3,6)).
patient_(span("paid",19,22),span("Alice",9,13)).
amount_(span("paid",19,22),span(33200,25,29)).
2025-06-14 15:03:35,500 - INFO - Test query:
:- s63_f_1_B("Bob","Alice",2017).
2025-06-14 15:03:35,500 - INFO - 
Generated Prolog code:
:- ['/Users/sophie/code/2025-mcm-llms-applied-in-law_context/data/sara_v3/statutes/prolog/utils.pl'].
:- ['/Users/sophie/code/2025-mcm-llms-applied-in-law_context/data/sara_v3/statutes/prolog/section151.pl'].
:- ['/Users/sophie/code/2025-mcm-llms-applied-in-law_context/data/sara_v3/statutes/prolog/init.pl'].
:- discontiguous s151_b_applies/3.
:- [statutes/prolog/init.pl].
s151_b_applies("Bob","Alice",2017).
payment_(span("paid",19,22)).
marriage_(span("married",56,62)).
birth_(span("born",95,98)).
birth_(span("born",128,131)).
agent_(span("born",95,98),span("Alice",85,89)).
start_(span("born",95,98),span(19500302,100,114)).
agent_(span("born",128,131),span("Bob",120,122)).
start_(span("born",128,131),span(19550303,133,147)).
agent_(span("married",56,62),span("Alice",32,36)).
agent_(span("married",56,62),span("Bob",42,44)).
start_(span("married",56,62),span(20170203,70,82)).
start_(span("paid",19,22),span(20170101,3,6)).
patient_(span("paid",19,22),span("Alice",9,13)).
amount_(span("paid",19,22),span(33200,25,29)).
2025-06-14 15:03:35,500 - INFO - 
Query:
s63_f_1_B("Bob","Alice",2017).
2025-06-14 15:03:35,644 - INFO - 
Query result: {'truth': True}
2025-06-14 15:03:35,644 - INFO - Result: correct

2025-06-14 15:03:35,645 - INFO - 
==================================================
Processing case: s63_f_2_A_neg
==================================================
2025-06-14 15:03:35,645 - INFO - Facts:
:- [statutes/prolog/init].
payment_(span("paid",19,22)).
marriage_(span("married",56,62)).
blindness_(span("blind",145,149)).
agent_(span("blind",145,149),span("Alice",130,134)).
start_(span("blind",145,149),span(20150419,157,170)).
agent_(span("married",56,62),span("Alice",32,36)).
agent_(span("married",56,62),span("Bob",42,44)).
start_(span("married",56,62),span(20170203,70,82)).
start_(span("paid",19,22),span(20170101,3,6)).
patient_(span("paid",19,22),span("Alice",9,13)).
amount_(span("paid",19,22),span(33200,25,29)).
2025-06-14 15:03:35,645 - INFO - Test query:
:- \+ s63_f_2_A("Bob",2017).
2025-06-14 15:03:35,645 - INFO - 
Generated Prolog code:
:- ['/Users/sophie/code/2025-mcm-llms-applied-in-law_context/data/sara_v3/statutes/prolog/utils.pl'].
:- ['/Users/sophie/code/2025-mcm-llms-applied-in-law_context/data/sara_v3/statutes/prolog/init.pl'].
:- [statutes/prolog/init].
payment_(span("paid",19,22)).
marriage_(span("married",56,62)).
blindness_(span("blind",145,149)).
agent_(span("blind",145,149),span("Alice",130,134)).
start_(span("blind",145,149),span(20150419,157,170)).
agent_(span("married",56,62),span("Alice",32,36)).
agent_(span("married",56,62),span("Bob",42,44)).
start_(span("married",56,62),span(20170203,70,82)).
start_(span("paid",19,22),span(20170101,3,6)).
patient_(span("paid",19,22),span("Alice",9,13)).
amount_(span("paid",19,22),span(33200,25,29)).
2025-06-14 15:03:35,645 - INFO - 
Query:
\+ s63_f_2_A("Bob",2017).
2025-06-14 15:03:35,783 - INFO - 
Query result: {'truth': True}
2025-06-14 15:03:35,783 - INFO - Result: correct

2025-06-14 15:03:35,783 - INFO - 
==================================================
Processing case: s63_f_2_A_pos
==================================================
2025-06-14 15:03:35,783 - INFO - Facts:
:- [statutes/prolog/init].
payment_(span("paid",19,22)).
marriage_(span("married",56,62)).
blindness_(span("blind",100,104)).
agent_(span("blind",100,104),span("Alice",85,89)).
start_(span("blind",100,104),span(20160320,112,125)).
agent_(span("married",56,62),span("Alice",32,36)).
agent_(span("married",56,62),span("Bob",42,44)).
start_(span("married",56,62),span(20170203,70,82)).
start_(span("paid",19,22),span(20170101,3,6)).
patient_(span("paid",19,22),span("Alice",9,13)).
amount_(span("paid",19,22),span(33200,25,29)).
2025-06-14 15:03:35,783 - INFO - Test query:
:- s63_f_2_A("Alice",2017).
2025-06-14 15:03:35,784 - INFO - 
Generated Prolog code:
:- ['/Users/sophie/code/2025-mcm-llms-applied-in-law_context/data/sara_v3/statutes/prolog/utils.pl'].
:- ['/Users/sophie/code/2025-mcm-llms-applied-in-law_context/data/sara_v3/statutes/prolog/init.pl'].
:- [statutes/prolog/init].
payment_(span("paid",19,22)).
marriage_(span("married",56,62)).
blindness_(span("blind",100,104)).
agent_(span("blind",100,104),span("Alice",85,89)).
start_(span("blind",100,104),span(20160320,112,125)).
agent_(span("married",56,62),span("Alice",32,36)).
agent_(span("married",56,62),span("Bob",42,44)).
start_(span("married",56,62),span(20170203,70,82)).
start_(span("paid",19,22),span(20170101,3,6)).
patient_(span("paid",19,22),span("Alice",9,13)).
amount_(span("paid",19,22),span(33200,25,29)).
2025-06-14 15:03:35,784 - INFO - 
Query:
s63_f_2_A("Alice",2017).
2025-06-14 15:03:35,925 - INFO - 
Query result: {'truth': True}
2025-06-14 15:03:35,926 - INFO - Result: correct

2025-06-14 15:03:35,926 - INFO - 
==================================================
Processing case: s63_f_3_neg
==================================================
2025-06-14 15:03:35,926 - INFO - Facts:
:- [statutes/prolog/init.pl].
payment_(span("paid",19,22)).
birth_(span("born",42,45)).
birth_(span("born",75,78)).
agent_(span("born",42,45),span("Alice",32,36)).
start_(span("born",42,45),span(19500302,47,61)).
agent_(span("born",75,78),span("Bob",67,69)).
start_(span("born",75,78),span(19550303,80,94)).
start_(span("paid",19,22),span(20170101,3,6)).
patient_(span("paid",19,22),span("Alice",9,13)).
amount_(span("paid",19,22),span(33200,25,29)).
2025-06-14 15:03:35,926 - INFO - Test query:
:- \+ s63_f_3("Alice",2017,600).
2025-06-14 15:03:35,926 - INFO - 
Generated Prolog code:
:- ['/Users/sophie/code/2025-mcm-llms-applied-in-law_context/data/sara_v3/statutes/prolog/utils.pl'].
:- ['/Users/sophie/code/2025-mcm-llms-applied-in-law_context/data/sara_v3/statutes/prolog/init.pl'].
:- [statutes/prolog/init.pl].
payment_(span("paid",19,22)).
birth_(span("born",42,45)).
birth_(span("born",75,78)).
agent_(span("born",42,45),span("Alice",32,36)).
start_(span("born",42,45),span(19500302,47,61)).
agent_(span("born",75,78),span("Bob",67,69)).
start_(span("born",75,78),span(19550303,80,94)).
start_(span("paid",19,22),span(20170101,3,6)).
patient_(span("paid",19,22),span("Alice",9,13)).
amount_(span("paid",19,22),span(33200,25,29)).
2025-06-14 15:03:35,927 - INFO - 
Query:
\+ s63_f_3("Alice",2017,600).
2025-06-14 15:03:36,071 - INFO - 
Query result: {'truth': True}
2025-06-14 15:03:36,071 - INFO - Result: correct

2025-06-14 15:03:36,071 - INFO - 
==================================================
Processing case: s63_f_3_pos
==================================================
2025-06-14 15:03:36,071 - INFO - Facts:
:- [statutes/prolog/init].
payment_(span("paid",19,22)).
birth_(span("born",42,45)).
birth_(span("born",75,78)).
agent_(span("born",42,45),span("Alice",32,36)).
start_(span("born",42,45),span(19500302,47,61)).
agent_(span("born",75,78),span("Bob",67,69)).
start_(span("born",75,78),span(19550303,80,94)).
start_(span("paid",19,22),span(20170101,3,6)).
patient_(span("paid",19,22),span("Alice",9,13)).
amount_(span("paid",19,22),span(33200,25,29)).
2025-06-14 15:03:36,071 - INFO - Test query:
:- s63_f_3("Alice",2017,750).
2025-06-14 15:03:36,072 - INFO - 
Generated Prolog code:
:- ['/Users/sophie/code/2025-mcm-llms-applied-in-law_context/data/sara_v3/statutes/prolog/utils.pl'].
:- ['/Users/sophie/code/2025-mcm-llms-applied-in-law_context/data/sara_v3/statutes/prolog/init.pl'].
:- [statutes/prolog/init].
payment_(span("paid",19,22)).
birth_(span("born",42,45)).
birth_(span("born",75,78)).
agent_(span("born",42,45),span("Alice",32,36)).
start_(span("born",42,45),span(19500302,47,61)).
agent_(span("born",75,78),span("Bob",67,69)).
start_(span("born",75,78),span(19550303,80,94)).
start_(span("paid",19,22),span(20170101,3,6)).
patient_(span("paid",19,22),span("Alice",9,13)).
amount_(span("paid",19,22),span(33200,25,29)).
2025-06-14 15:03:36,072 - INFO - 
Query:
s63_f_3("Alice",2017,750).
2025-06-14 15:03:36,215 - INFO - 
Query result: {'truth': True}
2025-06-14 15:03:36,215 - INFO - Result: correct

2025-06-14 15:03:36,216 - INFO - 
==================================================
Processing case: s68_a_1_neg
==================================================
2025-06-14 15:03:36,216 - INFO - Facts:
:- discontiguous s2_b/3.
:- [statutes/prolog/init].
s2_b("Alice",_,2016).
income_(span("income",17,22)).
agent_(span("income",17,22),span("Alice",9,13)).
amount_(span("income",17,22),span(267192,29,34)).
start_(span("income",17,22),span(20160101,3,6)).
2025-06-14 15:03:36,216 - INFO - Test query:
goal :- \+ (
    s68_b("Alice",Applicable_amount,2016),
    gross_income("Alice",2016,Gross_income),
    s68_a_1(Gross_income,Applicable_amount,306)
    ).
2025-06-14 15:03:36,216 - INFO - 
Generated Prolog code:
:- ['/Users/sophie/code/2025-mcm-llms-applied-in-law_context/data/sara_v3/statutes/prolog/section2.pl'].
:- ['/Users/sophie/code/2025-mcm-llms-applied-in-law_context/data/sara_v3/statutes/prolog/utils.pl'].
:- ['/Users/sophie/code/2025-mcm-llms-applied-in-law_context/data/sara_v3/statutes/prolog/init.pl'].
:- discontiguous s2_b/3.
:- [statutes/prolog/init].
s2_b("Alice",_,2016).
income_(span("income",17,22)).
agent_(span("income",17,22),span("Alice",9,13)).
amount_(span("income",17,22),span(267192,29,34)).
start_(span("income",17,22),span(20160101,3,6)).
2025-06-14 15:03:36,216 - INFO - 
Query:
goal :- \+ (
    s68_b("Alice",Applicable_amount,2016),
    gross_income("Alice",2016,Gross_income),
    s68_a_1(Gross_income,Applicable_amount,306)
    ).
2025-06-14 15:03:36,362 - ERROR - Error processing case s68_a_1_neg: janus:py_call/4: Unknown procedure: (:-)/2
  Rules must be loaded from a file
  See FAQ at https://www.swi-prolog.org/FAQ/ToplevelMode.html
2025-06-14 15:03:36,362 - INFO - 
==================================================
Processing case: s68_a_1_pos
==================================================
2025-06-14 15:03:36,362 - INFO - Facts:
:- discontiguous s2_a/3.
:- [statutes/prolog/init].
s2_a("Alice",_,2016).
income_(span("income",17,22)).
agent_(span("income",17,22),span("Alice",9,13)).
amount_(span("income",17,22),span(310192,29,34)).
start_(span("income",17,22),span(20160101,3,6)).
2025-06-14 15:03:36,363 - INFO - Test query:
goal :- s68_b("Alice",Applicable_amount,2016),
    gross_income("Alice",2016,Gross_income),
    s68_a_1(Gross_income,Applicable_amount,306).
2025-06-14 15:03:36,363 - INFO - 
Generated Prolog code:
:- ['/Users/sophie/code/2025-mcm-llms-applied-in-law_context/data/sara_v3/statutes/prolog/section2.pl'].
:- ['/Users/sophie/code/2025-mcm-llms-applied-in-law_context/data/sara_v3/statutes/prolog/utils.pl'].
:- ['/Users/sophie/code/2025-mcm-llms-applied-in-law_context/data/sara_v3/statutes/prolog/init.pl'].
:- discontiguous s2_a/3.
:- [statutes/prolog/init].
s2_a("Alice",_,2016).
income_(span("income",17,22)).
agent_(span("income",17,22),span("Alice",9,13)).
amount_(span("income",17,22),span(310192,29,34)).
start_(span("income",17,22),span(20160101,3,6)).
2025-06-14 15:03:36,363 - INFO - 
Query:
goal :- s68_b("Alice",Applicable_amount,2016),
    gross_income("Alice",2016,Gross_income),
    s68_a_1(Gross_income,Applicable_amount,306).
2025-06-14 15:03:36,508 - ERROR - Error processing case s68_a_1_pos: janus:py_call/4: Unknown procedure: (:-)/2
  Rules must be loaded from a file
  See FAQ at https://www.swi-prolog.org/FAQ/ToplevelMode.html
2025-06-14 15:03:36,509 - INFO - 
==================================================
Processing case: s68_b_1_A_neg
==================================================
2025-06-14 15:03:36,509 - INFO - Facts:
:- discontiguous s7703/4.
:- [statutes/prolog/init].
s7703("Alice",_,_,2016).
income_(span("income",17,22)).
agent_(span("income",17,22),span("Alice",9,13)).
amount_(span("income",17,22),span(567192,29,34)).
start_(span("income",17,22),span(20160101,3,6)).
2025-06-14 15:03:36,509 - INFO - Test query:
:- \+ s68_b_1_A("Alice",_,_,_,2016).
2025-06-14 15:03:36,509 - INFO - 
Generated Prolog code:
:- ['/Users/sophie/code/2025-mcm-llms-applied-in-law_context/data/sara_v3/statutes/prolog/utils.pl'].
:- ['/Users/sophie/code/2025-mcm-llms-applied-in-law_context/data/sara_v3/statutes/prolog/init.pl'].
:- discontiguous s7703/4.
:- [statutes/prolog/init].
s7703("Alice",_,_,2016).
income_(span("income",17,22)).
agent_(span("income",17,22),span("Alice",9,13)).
amount_(span("income",17,22),span(567192,29,34)).
start_(span("income",17,22),span(20160101,3,6)).
2025-06-14 15:03:36,509 - INFO - 
Query:
\+ s68_b_1_A("Alice",_,_,_,2016).
2025-06-14 15:03:36,652 - INFO - 
Query result: {'truth': True}
2025-06-14 15:03:36,653 - INFO - Result: correct

2025-06-14 15:03:36,653 - INFO - 
==================================================
Processing case: s68_b_1_A_pos
==================================================
2025-06-14 15:03:36,653 - INFO - Facts:
:- discontiguous s2_a/3.
:- [statutes/prolog/init].
s2_a("Alice",_,2016).
income_(span("income",17,22)).
agent_(span("income",17,22),span("Alice",9,13)).
amount_(span("income",17,22),span(567192,29,34)).
start_(span("income",17,22),span(20160101,3,6)).
2025-06-14 15:03:36,653 - INFO - Test query:
:- s68_b_1_A("Alice",_,"Alice",300000,2016).
2025-06-14 15:03:36,654 - INFO - 
Generated Prolog code:
:- ['/Users/sophie/code/2025-mcm-llms-applied-in-law_context/data/sara_v3/statutes/prolog/section2.pl'].
:- ['/Users/sophie/code/2025-mcm-llms-applied-in-law_context/data/sara_v3/statutes/prolog/utils.pl'].
:- ['/Users/sophie/code/2025-mcm-llms-applied-in-law_context/data/sara_v3/statutes/prolog/init.pl'].
:- discontiguous s2_a/3.
:- [statutes/prolog/init].
s2_a("Alice",_,2016).
income_(span("income",17,22)).
agent_(span("income",17,22),span("Alice",9,13)).
amount_(span("income",17,22),span(567192,29,34)).
start_(span("income",17,22),span(20160101,3,6)).
2025-06-14 15:03:36,654 - INFO - 
Query:
s68_b_1_A("Alice",_,"Alice",300000,2016).
2025-06-14 15:03:36,798 - INFO - 
Query result: {'truth': True}
2025-06-14 15:03:36,798 - INFO - Result: correct

2025-06-14 15:03:36,799 - INFO - 
==================================================
Processing case: s68_b_1_D_neg
==================================================
2025-06-14 15:03:36,799 - INFO - Facts:
:- discontiguous s2_a/3.
:- [statutes/prolog/init].
s2_a("Alice",_,2016).
income_(span("income",17,22)).
start_(span("income",17,22),span(20160101,3,6)).
agent_(span("income",17,22),span("Alice",9,13)).
amount_(span("income",17,22),span(567192,29,34)).
2025-06-14 15:03:36,799 - INFO - Test query:
:- \+ s68_b_1_D("Alice",150000,2016).
2025-06-14 15:03:36,799 - INFO - 
Generated Prolog code:
:- ['/Users/sophie/code/2025-mcm-llms-applied-in-law_context/data/sara_v3/statutes/prolog/section2.pl'].
:- ['/Users/sophie/code/2025-mcm-llms-applied-in-law_context/data/sara_v3/statutes/prolog/utils.pl'].
:- ['/Users/sophie/code/2025-mcm-llms-applied-in-law_context/data/sara_v3/statutes/prolog/init.pl'].
:- discontiguous s2_a/3.
:- [statutes/prolog/init].
s2_a("Alice",_,2016).
income_(span("income",17,22)).
start_(span("income",17,22),span(20160101,3,6)).
agent_(span("income",17,22),span("Alice",9,13)).
amount_(span("income",17,22),span(567192,29,34)).
2025-06-14 15:03:36,799 - INFO - 
Query:
\+ s68_b_1_D("Alice",150000,2016).
2025-06-14 15:03:36,943 - INFO - 
Query result: {'truth': True}
2025-06-14 15:03:36,943 - INFO - Result: correct

2025-06-14 15:03:36,944 - INFO - 
==================================================
Processing case: s68_b_1_D_pos
==================================================
2025-06-14 15:03:36,944 - INFO - Facts:
:- discontiguous s7703/4.
:- [statutes/prolog/init].
s7703("Alice",_,_,2016).
income_(span("income",17,22)).
agent_(span("income",17,22),span("Alice",9,13)).
amount_(span("income",17,22),span(567192,29,34)).
start_(span("income",17,22),span(20160101,3,6)).
2025-06-14 15:03:36,944 - INFO - Test query:
:- s68_b_1_D("Alice",150000,2016).
2025-06-14 15:03:36,944 - INFO - 
Generated Prolog code:
:- ['/Users/sophie/code/2025-mcm-llms-applied-in-law_context/data/sara_v3/statutes/prolog/utils.pl'].
:- ['/Users/sophie/code/2025-mcm-llms-applied-in-law_context/data/sara_v3/statutes/prolog/init.pl'].
:- discontiguous s7703/4.
:- [statutes/prolog/init].
s7703("Alice",_,_,2016).
income_(span("income",17,22)).
agent_(span("income",17,22),span("Alice",9,13)).
amount_(span("income",17,22),span(567192,29,34)).
start_(span("income",17,22),span(20160101,3,6)).
2025-06-14 15:03:36,944 - INFO - 
Query:
s68_b_1_D("Alice",150000,2016).
2025-06-14 15:03:37,081 - INFO - 
Query result: {'truth': True}
2025-06-14 15:03:37,081 - INFO - Result: correct

2025-06-14 15:03:37,082 - INFO - 
==================================================
Processing case: s68_f_neg
==================================================
2025-06-14 15:03:37,082 - INFO - Facts:
:- discontiguous s2_a/3.
:- [statutes/prolog/init].
s2_a("Alice",_,2014).
income_(span("income",17,22)).
agent_(span("income",17,22),span("Alice",9,13)).
amount_(span("income",17,22),span(310192,29,34)).
start_(span("income",17,22),span(20140101,3,6)).
2025-06-14 15:03:37,082 - INFO - Test query:
:- \+ s68_f(2014).
2025-06-14 15:03:37,082 - INFO - 
Generated Prolog code:
:- ['/Users/sophie/code/2025-mcm-llms-applied-in-law_context/data/sara_v3/statutes/prolog/section2.pl'].
:- ['/Users/sophie/code/2025-mcm-llms-applied-in-law_context/data/sara_v3/statutes/prolog/utils.pl'].
:- ['/Users/sophie/code/2025-mcm-llms-applied-in-law_context/data/sara_v3/statutes/prolog/init.pl'].
:- discontiguous s2_a/3.
:- [statutes/prolog/init].
s2_a("Alice",_,2014).
income_(span("income",17,22)).
agent_(span("income",17,22),span("Alice",9,13)).
amount_(span("income",17,22),span(310192,29,34)).
start_(span("income",17,22),span(20140101,3,6)).
2025-06-14 15:03:37,082 - INFO - 
Query:
\+ s68_f(2014).
2025-06-14 15:03:37,227 - INFO - 
Query result: {'truth': True}
2025-06-14 15:03:37,227 - INFO - Result: correct

2025-06-14 15:03:37,227 - INFO - 
==================================================
Processing case: s68_f_pos
==================================================
2025-06-14 15:03:37,227 - INFO - Facts:
:- discontiguous s2_a/3.
:- [statutes/prolog/init].
s2_a("Alice",_,2018).
income_(span("income",17,22)).
agent_(span("income",17,22),span("Alice",9,13)).
amount_(span("income",17,22),span(310192,29,34)).
start_(span("income",17,22),span(20180101,3,6)).
2025-06-14 15:03:37,227 - INFO - Test query:
:- s68_f(2018).
2025-06-14 15:03:37,227 - INFO - 
Generated Prolog code:
:- ['/Users/sophie/code/2025-mcm-llms-applied-in-law_context/data/sara_v3/statutes/prolog/section2.pl'].
:- ['/Users/sophie/code/2025-mcm-llms-applied-in-law_context/data/sara_v3/statutes/prolog/utils.pl'].
:- ['/Users/sophie/code/2025-mcm-llms-applied-in-law_context/data/sara_v3/statutes/prolog/init.pl'].
:- discontiguous s2_a/3.
:- [statutes/prolog/init].
s2_a("Alice",_,2018).
income_(span("income",17,22)).
agent_(span("income",17,22),span("Alice",9,13)).
amount_(span("income",17,22),span(310192,29,34)).
start_(span("income",17,22),span(20180101,3,6)).
2025-06-14 15:03:37,227 - INFO - 
Query:
s68_f(2018).
2025-06-14 15:03:37,367 - INFO - 
Query result: {'truth': True}
2025-06-14 15:03:37,367 - INFO - Result: correct

2025-06-14 15:03:37,368 - INFO - 
==================================================
Processing case: s7703_a_2_neg
==================================================
2025-06-14 15:03:37,368 - INFO - Facts:
:- [statutes/prolog/init].
marriage_(span("married",18,24)).
legal_separation_(span("separated",73,81)).
patient_(span("separated",73,81),span("married",18,24)).
agent_(span("separated",73,81),span("decree of divorce",91,107)).
start_(span("separated",73,81),span(20170916,112,131)).
agent_(span("married",18,24),span("Alice",0,4)).
agent_(span("married",18,24),span("Bob",10,12)).
start_(span("married",18,24),span(20120405,29,43)).
2025-06-14 15:03:37,368 - INFO - Test query:
:- \+ s7703_a_2("Alice",_,_,_,2012).
2025-06-14 15:03:37,368 - INFO - 
Generated Prolog code:
:- ['/Users/sophie/code/2025-mcm-llms-applied-in-law_context/data/sara_v3/statutes/prolog/utils.pl'].
:- ['/Users/sophie/code/2025-mcm-llms-applied-in-law_context/data/sara_v3/statutes/prolog/init.pl'].
:- [statutes/prolog/init].
marriage_(span("married",18,24)).
legal_separation_(span("separated",73,81)).
patient_(span("separated",73,81),span("married",18,24)).
agent_(span("separated",73,81),span("decree of divorce",91,107)).
start_(span("separated",73,81),span(20170916,112,131)).
agent_(span("married",18,24),span("Alice",0,4)).
agent_(span("married",18,24),span("Bob",10,12)).
start_(span("married",18,24),span(20120405,29,43)).
2025-06-14 15:03:37,368 - INFO - 
Query:
\+ s7703_a_2("Alice",_,_,_,2012).
2025-06-14 15:03:37,508 - INFO - 
Query result: {'truth': True}
2025-06-14 15:03:37,509 - INFO - Result: correct

2025-06-14 15:03:37,509 - INFO - 
==================================================
Processing case: s7703_a_2_pos
==================================================
2025-06-14 15:03:37,509 - INFO - Facts:
:- [statutes/prolog/init.pl].
marriage_(span("married",18,24)).
legal_separation_(span("separated",73,81)).
patient_(span("separated",73,81),span("married",18,24)).
agent_(span("separated",73,81),span("decree of divorce",91,107)).
start_(span("separated",73,81),span(20170916,112,131)).
agent_(span("married",18,24),span("Alice",0,4)).
agent_(span("married",18,24),span("Bob",10,12)).
start_(span("married",18,24),span(20120405,29,43)).
2025-06-14 15:03:37,509 - INFO - Test query:
:- s7703_a_2("Alice",_,_,_,2018).
2025-06-14 15:03:37,509 - INFO - 
Generated Prolog code:
:- ['/Users/sophie/code/2025-mcm-llms-applied-in-law_context/data/sara_v3/statutes/prolog/utils.pl'].
:- ['/Users/sophie/code/2025-mcm-llms-applied-in-law_context/data/sara_v3/statutes/prolog/init.pl'].
:- [statutes/prolog/init.pl].
marriage_(span("married",18,24)).
legal_separation_(span("separated",73,81)).
patient_(span("separated",73,81),span("married",18,24)).
agent_(span("separated",73,81),span("decree of divorce",91,107)).
start_(span("separated",73,81),span(20170916,112,131)).
agent_(span("married",18,24),span("Alice",0,4)).
agent_(span("married",18,24),span("Bob",10,12)).
start_(span("married",18,24),span(20120405,29,43)).
2025-06-14 15:03:37,509 - INFO - 
Query:
s7703_a_2("Alice",_,_,_,2018).
2025-06-14 15:03:37,652 - INFO - 
Query result: {'truth': True}
2025-06-14 15:03:37,653 - INFO - Result: correct

2025-06-14 15:03:37,653 - INFO - 
==================================================
Processing case: s7703_b_1_neg
==================================================
2025-06-14 15:03:37,653 - INFO - Facts:
:- discontiguous s151_c_applies/3.
:- [statutes/prolog/init].
alice_household_maintenance(Year,Event,Start_day,End_day) :-
    between(2017,2027,Year),
    atom_concat("maintained ",Year,Event),
    (
        (
            double_equal(Year, 2017),
            Start_day=20170916
        )
    ;
        (
            \+ double_equal(Year, 2017),
            first_day_year(Year,Start_day)
        )
    ),
    last_day_year(Year,End_day).
payment_(span(Event,152,161)) :- alice_household_maintenance(_,Event,_,_).
agent_(span(Event,152,161),span("Alice",166,170)) :- alice_household_maintenance(_,Event,_,_).
amount_(span(Event,152,161),span(1,152,161)) :- alice_household_maintenance(_,Event,_,_).
purpose_(span(Event,152,161),span("home",147,150)) :- alice_household_maintenance(_,Event,_,_).
start_(span(Event,152,161),span(Start_day,178,197)) :- alice_household_maintenance(_,Event,Start_day,_).
s151_c_applies("Alice","Charlie",Year) :- between(2017,2019,Year).
marriage_(span("married",18,24)).
son_(span("son",67,69)).
residence_(span("live",137,140)).
joint_return_(span("joint return",315,326)).
agent_(span("joint return",315,326),span("Alice",294,298)).
agent_(span("joint return",315,326),span("Bob",304,306)).
start_(span("joint return",315,326),span(20170101,342,345)).
start_(span("joint return",315,326),span(20180101,347,348)).
start_(span("joint return",315,326),span(20190101,350,353)).
agent_(span("married",18,24),span("Alice",0,4)).
agent_(span("married",18,24),span("Bob",10,12)).
start_(span("married",18,24),span(20120405,29,43)).
agent_(span("live",137,140),span("Alice",119,123)).
agent_(span("live",137,140),span("Charlie",129,135)).
patient_(span("live",137,140),span("home",147,150)).
start_(span("live",137,140),span(20170916,178,197)).
patient_(span("son",67,69),span("Alice",46,50)).
patient_(span("son",67,69),span("Bob",56,58)).
agent_(span("son",67,69),span("Charlie",72,78)).
start_(span("son",67,69),span(20170916,97,116)).
birth_(span("born",89,92)).
agent_(span("born",89,92),span("Charlie",72,78)).
start_(span("born",89,92),span(20170916,97,116)).
2025-06-14 15:03:37,653 - INFO - Test query:
:- \+ s7703_b_1("Alice",_,_,2018).
2025-06-14 15:03:37,654 - INFO - 
Generated Prolog code:
:- ['/Users/sophie/code/2025-mcm-llms-applied-in-law_context/data/sara_v3/statutes/prolog/utils.pl'].
:- ['/Users/sophie/code/2025-mcm-llms-applied-in-law_context/data/sara_v3/statutes/prolog/section151.pl'].
:- ['/Users/sophie/code/2025-mcm-llms-applied-in-law_context/data/sara_v3/statutes/prolog/init.pl'].
:- discontiguous s151_c_applies/3.
:- [statutes/prolog/init].
alice_household_maintenance(Year,Event,Start_day,End_day) :-
between(2017,2027,Year),
atom_concat("maintained ",Year,Event),
(
(
double_equal(Year, 2017),
Start_day=20170916
)
;
(
\+ double_equal(Year, 2017),
first_day_year(Year,Start_day)
)
),
last_day_year(Year,End_day).
payment_(span(Event,152,161)) :- alice_household_maintenance(_,Event,_,_).
agent_(span(Event,152,161),span("Alice",166,170)) :- alice_household_maintenance(_,Event,_,_).
amount_(span(Event,152,161),span(1,152,161)) :- alice_household_maintenance(_,Event,_,_).
purpose_(span(Event,152,161),span("home",147,150)) :- alice_household_maintenance(_,Event,_,_).
start_(span(Event,152,161),span(Start_day,178,197)) :- alice_household_maintenance(_,Event,Start_day,_).
s151_c_applies("Alice","Charlie",Year) :- between(2017,2019,Year).
marriage_(span("married",18,24)).
son_(span("son",67,69)).
residence_(span("live",137,140)).
joint_return_(span("joint return",315,326)).
agent_(span("joint return",315,326),span("Alice",294,298)).
agent_(span("joint return",315,326),span("Bob",304,306)).
start_(span("joint return",315,326),span(20170101,342,345)).
start_(span("joint return",315,326),span(20180101,347,348)).
start_(span("joint return",315,326),span(20190101,350,353)).
agent_(span("married",18,24),span("Alice",0,4)).
agent_(span("married",18,24),span("Bob",10,12)).
start_(span("married",18,24),span(20120405,29,43)).
agent_(span("live",137,140),span("Alice",119,123)).
agent_(span("live",137,140),span("Charlie",129,135)).
patient_(span("live",137,140),span("home",147,150)).
start_(span("live",137,140),span(20170916,178,197)).
patient_(span("son",67,69),span("Alice",46,50)).
patient_(span("son",67,69),span("Bob",56,58)).
agent_(span("son",67,69),span("Charlie",72,78)).
start_(span("son",67,69),span(20170916,97,116)).
birth_(span("born",89,92)).
agent_(span("born",89,92),span("Charlie",72,78)).
start_(span("born",89,92),span(20170916,97,116)).
2025-06-14 15:03:37,654 - INFO - 
Query:
\+ s7703_b_1("Alice",_,_,2018).
2025-06-14 15:03:37,799 - INFO - 
Query result: {'truth': True}
2025-06-14 15:03:37,800 - INFO - Result: correct

2025-06-14 15:03:37,800 - INFO - 
==================================================
Processing case: s7703_b_1_pos
==================================================
2025-06-14 15:03:37,800 - INFO - Facts:
:- discontiguous s151_c_applies/3.
:- [statutes/prolog/init.pl].
alice_household_maintenance(Year,Event,Start_day,End_day) :-
    between(2017,2027,Year),
    atom_concat("maintained ",Year,Event),
    (
        (
            double_equal(Year, 2017),
            Start_day=20170916
        )
    ;
        (
            \+ double_equal(Year, 2017),
            first_day_year(Year,Start_day)
        )
    ),
    last_day_year(Year,End_day).
payment_(span(Event,152,161)) :- alice_household_maintenance(_,Event,_,_).
agent_(span(Event,152,161),span("Alice",166,170)) :- alice_household_maintenance(_,Event,_,_).
amount_(span(Event,152,161),span(1,152,161)) :- alice_household_maintenance(_,Event,_,_).
purpose_(span(Event,152,161),span("home",147,150)) :- alice_household_maintenance(_,Event,_,_).
start_(span(Event,152,161),span(Start_day,178,197)) :- alice_household_maintenance(_,Event,Start_day,_).
s151_c_applies("Alice","Charlie",Year) :- between(2017,2019,Year).
marriage_(span("married",18,24)).
son_(span("son",67,69)).
residence_(span("live",137,140)).
agent_(span("married",18,24),span("Alice",0,4)).
agent_(span("married",18,24),span("Bob",10,12)).
start_(span("married",18,24),span(20120405,29,43)).
agent_(span("live",137,140),span("Alice",119,123)).
agent_(span("live",137,140),span("Charlie",129,135)).
patient_(span("live",137,140),span("home",147,150)).
start_(span("live",137,140),span(20170916,178,197)).
patient_(span("son",67,69),span("Alice",46,50)).
patient_(span("son",67,69),span("Bob",56,58)).
agent_(span("son",67,69),span("Charlie",72,78)).
start_(span("son",67,69),span(20170916,97,116)).
birth_(span("born",89,92)).
agent_(span("born",89,92),span("Charlie",72,78)).
start_(span("born",89,92),span(20170916,97,116)).
2025-06-14 15:03:37,800 - INFO - Test query:
:- s7703_b_1("Alice",_,_,2018).
2025-06-14 15:03:37,801 - INFO - 
Generated Prolog code:
:- ['/Users/sophie/code/2025-mcm-llms-applied-in-law_context/data/sara_v3/statutes/prolog/utils.pl'].
:- ['/Users/sophie/code/2025-mcm-llms-applied-in-law_context/data/sara_v3/statutes/prolog/section151.pl'].
:- ['/Users/sophie/code/2025-mcm-llms-applied-in-law_context/data/sara_v3/statutes/prolog/init.pl'].
:- discontiguous s151_c_applies/3.
:- [statutes/prolog/init.pl].
alice_household_maintenance(Year,Event,Start_day,End_day) :-
between(2017,2027,Year),
atom_concat("maintained ",Year,Event),
(
(
double_equal(Year, 2017),
Start_day=20170916
)
;
(
\+ double_equal(Year, 2017),
first_day_year(Year,Start_day)
)
),
last_day_year(Year,End_day).
payment_(span(Event,152,161)) :- alice_household_maintenance(_,Event,_,_).
agent_(span(Event,152,161),span("Alice",166,170)) :- alice_household_maintenance(_,Event,_,_).
amount_(span(Event,152,161),span(1,152,161)) :- alice_household_maintenance(_,Event,_,_).
purpose_(span(Event,152,161),span("home",147,150)) :- alice_household_maintenance(_,Event,_,_).
start_(span(Event,152,161),span(Start_day,178,197)) :- alice_household_maintenance(_,Event,Start_day,_).
s151_c_applies("Alice","Charlie",Year) :- between(2017,2019,Year).
marriage_(span("married",18,24)).
son_(span("son",67,69)).
residence_(span("live",137,140)).
agent_(span("married",18,24),span("Alice",0,4)).
agent_(span("married",18,24),span("Bob",10,12)).
start_(span("married",18,24),span(20120405,29,43)).
agent_(span("live",137,140),span("Alice",119,123)).
agent_(span("live",137,140),span("Charlie",129,135)).
patient_(span("live",137,140),span("home",147,150)).
start_(span("live",137,140),span(20170916,178,197)).
patient_(span("son",67,69),span("Alice",46,50)).
patient_(span("son",67,69),span("Bob",56,58)).
agent_(span("son",67,69),span("Charlie",72,78)).
start_(span("son",67,69),span(20170916,97,116)).
birth_(span("born",89,92)).
agent_(span("born",89,92),span("Charlie",72,78)).
start_(span("born",89,92),span(20170916,97,116)).
2025-06-14 15:03:37,801 - INFO - 
Query:
s7703_b_1("Alice",_,_,2018).
2025-06-14 15:03:37,945 - INFO - 
Query result: {'truth': True}
2025-06-14 15:03:37,945 - INFO - Result: correct

2025-06-14 15:03:37,946 - INFO - 
==================================================
Processing case: s7703_b_3_neg
==================================================
2025-06-14 15:03:37,946 - INFO - Facts:
:- discontiguous s151_c_applies/3.
:- [statutes/prolog/init.pl].
alice_household_maintenance(Year,Event,Start_day,End_day) :-
    between(2017,2027,Year),
    atom_concat("maintained ",Year,Event),
    (
        (
            double_equal(Year, 2017),
            Start_day=20170916
        )
    ;
        (
            \+ double_equal(Year, 2017),
            first_day_year(Year,Start_day)
        )
    ),
    last_day_year(Year,End_day).
payment_(span(Event,152,161)) :- alice_household_maintenance(_,Event,_,_).
agent_(span(Event,152,161),span("Alice",166,170)) :- alice_household_maintenance(_,Event,_,_).
amount_(span(Event,152,161),span(1,152,161)) :- alice_household_maintenance(_,Event,_,_).
purpose_(span(Event,152,161),span("home",147,150)) :- alice_household_maintenance(_,Event,_,_).
start_(span(Event,152,161),span(Start_day,178,197)) :- alice_household_maintenance(_,Event,Start_day,_).
s151_c_applies("Alice","Charlie",Year) :- between(2017,2019,Year).
marriage_(span("married",18,24)).
son_(span("son",67,69)).
residence_(span("live",137,140)).
agent_(span("live",137,140),span("Alice",119,123)).
agent_(span("live",137,140),span("Charlie",129,135)).
patient_(span("live",137,140),span("home",147,150)).
start_(span("live",137,140),span(20170916,178,197)).
residence_(span("lived",298,302)).
agent_(span("lived",298,302),span("Bob",294,296)).
patient_(span("lived",298,302),span("home",147,150)).
agent_(span("married",18,24),span("Alice",0,4)).
agent_(span("married",18,24),span("Bob",10,12)).
start_(span("married",18,24),span(20120405,29,43)).
start_(span("lived",298,302),span(20170916,348,367)).
end_(span("lived",298,302),span(20181010,375,392)).
patient_(span("son",67,69),span("Alice",46,50)).
patient_(span("son",67,69),span("Bob",56,58)).
agent_(span("son",67,69),span("Charlie",72,78)).
start_(span("son",67,69),span(20170916,97,116)).
birth_(span("born",89,92)).
agent_(span("born",89,92),span("Charlie",72,78)).
start_(span("born",89,92),span(20170916,97,116)).
2025-06-14 15:03:37,946 - INFO - Test query:
:- \+ s7703_b_3("Alice",_,"home",2018).
2025-06-14 15:03:37,946 - INFO - 
Generated Prolog code:
:- ['/Users/sophie/code/2025-mcm-llms-applied-in-law_context/data/sara_v3/statutes/prolog/utils.pl'].
:- ['/Users/sophie/code/2025-mcm-llms-applied-in-law_context/data/sara_v3/statutes/prolog/section151.pl'].
:- ['/Users/sophie/code/2025-mcm-llms-applied-in-law_context/data/sara_v3/statutes/prolog/init.pl'].
:- discontiguous s151_c_applies/3.
:- [statutes/prolog/init.pl].
alice_household_maintenance(Year,Event,Start_day,End_day) :-
between(2017,2027,Year),
atom_concat("maintained ",Year,Event),
(
(
double_equal(Year, 2017),
Start_day=20170916
)
;
(
\+ double_equal(Year, 2017),
first_day_year(Year,Start_day)
)
),
last_day_year(Year,End_day).
payment_(span(Event,152,161)) :- alice_household_maintenance(_,Event,_,_).
agent_(span(Event,152,161),span("Alice",166,170)) :- alice_household_maintenance(_,Event,_,_).
amount_(span(Event,152,161),span(1,152,161)) :- alice_household_maintenance(_,Event,_,_).
purpose_(span(Event,152,161),span("home",147,150)) :- alice_household_maintenance(_,Event,_,_).
start_(span(Event,152,161),span(Start_day,178,197)) :- alice_household_maintenance(_,Event,Start_day,_).
s151_c_applies("Alice","Charlie",Year) :- between(2017,2019,Year).
marriage_(span("married",18,24)).
son_(span("son",67,69)).
residence_(span("live",137,140)).
agent_(span("live",137,140),span("Alice",119,123)).
agent_(span("live",137,140),span("Charlie",129,135)).
patient_(span("live",137,140),span("home",147,150)).
start_(span("live",137,140),span(20170916,178,197)).
residence_(span("lived",298,302)).
agent_(span("lived",298,302),span("Bob",294,296)).
patient_(span("lived",298,302),span("home",147,150)).
agent_(span("married",18,24),span("Alice",0,4)).
agent_(span("married",18,24),span("Bob",10,12)).
start_(span("married",18,24),span(20120405,29,43)).
start_(span("lived",298,302),span(20170916,348,367)).
end_(span("lived",298,302),span(20181010,375,392)).
patient_(span("son",67,69),span("Alice",46,50)).
patient_(span("son",67,69),span("Bob",56,58)).
agent_(span("son",67,69),span("Charlie",72,78)).
start_(span("son",67,69),span(20170916,97,116)).
birth_(span("born",89,92)).
agent_(span("born",89,92),span("Charlie",72,78)).
start_(span("born",89,92),span(20170916,97,116)).
2025-06-14 15:03:37,947 - INFO - 
Query:
\+ s7703_b_3("Alice",_,"home",2018).
2025-06-14 15:03:38,091 - INFO - 
Query result: {'truth': True}
2025-06-14 15:03:38,092 - INFO - Result: correct

2025-06-14 15:03:38,092 - INFO - 
==================================================
Processing case: s7703_b_3_pos
==================================================
2025-06-14 15:03:38,092 - INFO - Facts:
:- discontiguous s151_c_applies/3.
:- [statutes/prolog/init].
alice_household_maintenance(Year,Event,Start_day,End_day) :-
    between(2017,2027,Year),
    atom_concat("maintained ",Year,Event),
    (
        (
            double_equal(Year, 2017),
            Start_day=20170916
        )
    ;
        (
            \+ double_equal(Year, 2017),
            first_day_year(Year,Start_day)
        )
    ),
    last_day_year(Year,End_day).
payment_(span(Event,152,161)) :- alice_household_maintenance(_,Event,_,_).
agent_(span(Event,152,161),span("Alice",166,170)) :- alice_household_maintenance(_,Event,_,_).
amount_(span(Event,152,161),span(1,152,161)) :- alice_household_maintenance(_,Event,_,_).
purpose_(span(Event,152,161),span("home",147,150)) :- alice_household_maintenance(_,Event,_,_).
start_(span(Event,152,161),span(Start_day,178,197)) :- alice_household_maintenance(_,Event,Start_day,_).
s151_c_applies("Alice","Charlie",Year) :- between(2017,2019,Year).
marriage_(span("married",18,24)).
son_(span("son",67,69)).
residence_(span("live",137,140)).
residence_(span("lived",298,302)).
agent_(span("married",18,24),span("Alice",0,4)).
agent_(span("married",18,24),span("Bob",10,12)).
start_(span("married",18,24),span(20120405,29,43)).
agent_(span("live",137,140),span("Alice",119,123)).
agent_(span("live",137,140),span("Charlie",129,135)).
patient_(span("lived",298,302),span("home",147,150)).
patient_(span("live",137,140),span("home",147,150)).
start_(span("live",137,140),span(20170916,178,197)).
patient_(span("lived",298,302),span("home",147,150)).
agent_(span("lived",298,302),span("Bob",294,296)).
start_(span("lived",298,302),span(20170916,348,367)).
end_(span("lived",298,302),span(20180210,375,393)).
patient_(span("son",67,69),span("Alice",46,50)).
patient_(span("son",67,69),span("Bob",56,58)).
agent_(span("son",67,69),span("Charlie",72,78)).
start_(span("son",67,69),span(20170916,97,116)).
birth_(span("born",89,92)).
agent_(span("born",89,92),span("Charlie",72,78)).
start_(span("born",89,92),span(20170916,97,116)).
2025-06-14 15:03:38,092 - INFO - Test query:
:- s7703_b_3("Alice",_,"home",2018).
2025-06-14 15:03:38,092 - INFO - 
Generated Prolog code:
:- ['/Users/sophie/code/2025-mcm-llms-applied-in-law_context/data/sara_v3/statutes/prolog/utils.pl'].
:- ['/Users/sophie/code/2025-mcm-llms-applied-in-law_context/data/sara_v3/statutes/prolog/section151.pl'].
:- ['/Users/sophie/code/2025-mcm-llms-applied-in-law_context/data/sara_v3/statutes/prolog/init.pl'].
:- discontiguous s151_c_applies/3.
:- [statutes/prolog/init].
alice_household_maintenance(Year,Event,Start_day,End_day) :-
between(2017,2027,Year),
atom_concat("maintained ",Year,Event),
(
(
double_equal(Year, 2017),
Start_day=20170916
)
;
(
\+ double_equal(Year, 2017),
first_day_year(Year,Start_day)
)
),
last_day_year(Year,End_day).
payment_(span(Event,152,161)) :- alice_household_maintenance(_,Event,_,_).
agent_(span(Event,152,161),span("Alice",166,170)) :- alice_household_maintenance(_,Event,_,_).
amount_(span(Event,152,161),span(1,152,161)) :- alice_household_maintenance(_,Event,_,_).
purpose_(span(Event,152,161),span("home",147,150)) :- alice_household_maintenance(_,Event,_,_).
start_(span(Event,152,161),span(Start_day,178,197)) :- alice_household_maintenance(_,Event,Start_day,_).
s151_c_applies("Alice","Charlie",Year) :- between(2017,2019,Year).
marriage_(span("married",18,24)).
son_(span("son",67,69)).
residence_(span("live",137,140)).
residence_(span("lived",298,302)).
agent_(span("married",18,24),span("Alice",0,4)).
agent_(span("married",18,24),span("Bob",10,12)).
start_(span("married",18,24),span(20120405,29,43)).
agent_(span("live",137,140),span("Alice",119,123)).
agent_(span("live",137,140),span("Charlie",129,135)).
patient_(span("lived",298,302),span("home",147,150)).
patient_(span("live",137,140),span("home",147,150)).
start_(span("live",137,140),span(20170916,178,197)).
patient_(span("lived",298,302),span("home",147,150)).
agent_(span("lived",298,302),span("Bob",294,296)).
start_(span("lived",298,302),span(20170916,348,367)).
end_(span("lived",298,302),span(20180210,375,393)).
patient_(span("son",67,69),span("Alice",46,50)).
patient_(span("son",67,69),span("Bob",56,58)).
agent_(span("son",67,69),span("Charlie",72,78)).
start_(span("son",67,69),span(20170916,97,116)).
birth_(span("born",89,92)).
agent_(span("born",89,92),span("Charlie",72,78)).
start_(span("born",89,92),span(20170916,97,116)).
2025-06-14 15:03:38,093 - INFO - 
Query:
s7703_b_3("Alice",_,"home",2018).
2025-06-14 15:03:38,231 - INFO - 
Query result: {'truth': True}
2025-06-14 15:03:38,231 - INFO - Result: correct

2025-06-14 15:03:38,231 - INFO - 
==================================================
Processing case: tax_case_1
==================================================
2025-06-14 15:03:38,231 - INFO - Facts:
:- [statutes/prolog/init].
payment_(span("paid",10,13)).
service_(span("services",33,40)).
penal_institution_(span("jail",55,58)).
incarceration_(span("committed",71,79)).
payment_(span("paid",175,178)).
agent_(span("committed",71,79),span("Alice",61,65)).
patient_(span("committed",71,79),span("jail",84,87)).
start_(span("committed",71,79),span(20150124,94,109)).
end_(span("committed",71,79),span(20190505,114,126)).
patient_(span("paid",10,13),span("Alice",0,4)).
amount_(span("paid",10,13),span(1200,16,19)).
purpose_(span("paid",10,13),span("services",33,40)).
agent_(span("paid",10,13),span("jail",55,58)).
start_(span("paid",10,13),span(20190101,24,27)).
start_(span("paid",175,178),span(20191231,150,162)).
patient_(span("paid",175,178),span("Alice",165,169)).
amount_(span("paid",175,178),span(5320,181,184)).
agent_(span("jail",84,87),span("jail",55,58)).
agent_(span("services",33,40),span("Alice",0,4)).
start_(span("services",33,40),span(20150124,94,109)).
patient_(span("services",33,40),span("jail",55,58)).
end_(span("services",33,40),span(20190505,114,126)).
2025-06-14 15:03:38,231 - INFO - Test query:
:- tax("Alice",2019,0).
2025-06-14 15:03:38,231 - INFO - 
Generated Prolog code:
:- ['/Users/sophie/code/2025-mcm-llms-applied-in-law_context/data/sara_v3/statutes/prolog/utils.pl'].
:- ['/Users/sophie/code/2025-mcm-llms-applied-in-law_context/data/sara_v3/statutes/prolog/init.pl'].
:- [statutes/prolog/init].
payment_(span("paid",10,13)).
service_(span("services",33,40)).
penal_institution_(span("jail",55,58)).
incarceration_(span("committed",71,79)).
payment_(span("paid",175,178)).
agent_(span("committed",71,79),span("Alice",61,65)).
patient_(span("committed",71,79),span("jail",84,87)).
start_(span("committed",71,79),span(20150124,94,109)).
end_(span("committed",71,79),span(20190505,114,126)).
patient_(span("paid",10,13),span("Alice",0,4)).
amount_(span("paid",10,13),span(1200,16,19)).
purpose_(span("paid",10,13),span("services",33,40)).
agent_(span("paid",10,13),span("jail",55,58)).
start_(span("paid",10,13),span(20190101,24,27)).
start_(span("paid",175,178),span(20191231,150,162)).
patient_(span("paid",175,178),span("Alice",165,169)).
amount_(span("paid",175,178),span(5320,181,184)).
agent_(span("jail",84,87),span("jail",55,58)).
agent_(span("services",33,40),span("Alice",0,4)).
start_(span("services",33,40),span(20150124,94,109)).
patient_(span("services",33,40),span("jail",55,58)).
end_(span("services",33,40),span(20190505,114,126)).
2025-06-14 15:03:38,231 - INFO - 
Query:
tax("Alice",2019,0).
2025-06-14 15:03:38,359 - INFO - 
Query result: {'truth': True}
2025-06-14 15:03:38,359 - INFO - Result: correct

2025-06-14 15:03:38,359 - INFO - 
==================================================
Processing case: tax_case_10
==================================================
2025-06-14 15:03:38,359 - INFO - Facts:
:- [statutes/prolog/init].
start_(span("maintained",179,188),span(Day,173,176)) :- between(1993,2023,Year), first_day_year(Year,Day).
alice_employer(Employee,Service_event,Payment_event) :-
    member(Employee,[span("Bob",330,332),span("Cameron",335,341),span("Dan",344,346),span("Emily",349,353),span("Fred",356,359),span("George",365,370)]),
    span(Employee_name, _, _) = Employee,
    atom_concat("employed ",Employee_name,Service_event_name),
    atom_concat("paid ",Employee_name,Payment_event_name),
    Service_event = span(Service_event_name,321,328),
    Payment_event = span(Payment_event_name,430,433).
service_(Service_event) :- alice_employer(_,Service_event,_).
agent_(Service_event,Employee) :- alice_employer(Employee,Service_event,_).
patient_(Service_event,span("Alice",311,315)) :- alice_employer(_,Service_event,_).
start_(Service_event,span(20170909,400,406)) :- alice_employer(_,Service_event,_).
end_(Service_event,span(20170930,411,423)) :- alice_employer(_,Service_event,_).
payment_(Payment_event) :- alice_employer(_,_,Payment_event).
patient_(Payment_event,Employee) :- alice_employer(Employee,_,Payment_event).
agent_(Payment_event,span("Alice",311,315)) :- alice_employer(_,_,Payment_event).
start_(Payment_event,span(20170930,411,423)) :- alice_employer(_,_,Payment_event).
amount_(Payment_event,span(5012,441,444)) :- alice_employer(_,_,Payment_event).
purpose_(Payment_event,Service_event) :- alice_employer(_,Service_event,Payment_event).
purpose_(Service_event,span("agricultural labor",376,393)) :- alice_employer(_,Service_event,_).
marriage_(span("married",21,27)).
son_(span("son",71,73)).
death_(span("died",104,107)).
residence_(span("living",142,147)).
payment_(span("maintained",179,188)).
residence_(span("continued",218,226)).
income_(span("income",273,278)).
agent_(span("died",104,107),span("Harold",97,102)).
start_(span("died",104,107),span(20160228,112,125)).
agent_(span("income",273,278),span("Alice",259,263)).
start_(span("income",273,278),span(20170101,293,296)).
amount_(span("income",273,278),span(236422,303,308)).
agent_(span("married",21,27),span("Alice",0,4)).
agent_(span("married",21,27),span("Harold",10,15)).
start_(span("married",21,27),span(19920903,32,44)).
purpose_(span("maintained",179,188),span("house",161,165)).
amount_(span("maintained",179,188),span(1993,173,176)).
agent_(span("maintained",179,188),span("Alice",193,197)).
start_(span("continued",218,226),span(20160228,112,125)).
patient_(span("continued",218,226),span("house",161,165)).
agent_(span("continued",218,226),span("Alice",200,204)).
agent_(span("continued",218,226),span("son",214,216)).
end_(span("living",142,147),span(20160228,112,125)).
patient_(span("living",142,147),span("house",161,165)).
start_(span("living",142,147),span(19930101,173,176)).
agent_(span("living",142,147),span("Harold",97,102)).
patient_(span("son",71,73),span("Harold",47,52)).
patient_(span("son",71,73),span("Alice",58,62)).
agent_(span("son",71,73),span("son",71,73)).
start_(span("son",71,73),span(20000125,81,94)).
birth_(span("born",76,79)).
agent_(span("born",76,79),span("son",71,73)).
start_(span("born",76,79),span(20000125,81,94)).
2025-06-14 15:03:38,360 - INFO - Test query:
:- tax("Alice",2017,68844).
2025-06-14 15:03:38,360 - INFO - 
Generated Prolog code:
:- ['/Users/sophie/code/2025-mcm-llms-applied-in-law_context/data/sara_v3/statutes/prolog/utils.pl'].
:- ['/Users/sophie/code/2025-mcm-llms-applied-in-law_context/data/sara_v3/statutes/prolog/init.pl'].
:- [statutes/prolog/init].
start_(span("maintained",179,188),span(Day,173,176)) :- between(1993,2023,Year), first_day_year(Year,Day).
alice_employer(Employee,Service_event,Payment_event) :-
member(Employee,[span("Bob",330,332),span("Cameron",335,341),span("Dan",344,346),span("Emily",349,353),span("Fred",356,359),span("George",365,370)]),
span(Employee_name, _, _) = Employee,
atom_concat("employed ",Employee_name,Service_event_name),
atom_concat("paid ",Employee_name,Payment_event_name),
Service_event = span(Service_event_name,321,328),
Payment_event = span(Payment_event_name,430,433).
service_(Service_event) :- alice_employer(_,Service_event,_).
agent_(Service_event,Employee) :- alice_employer(Employee,Service_event,_).
patient_(Service_event,span("Alice",311,315)) :- alice_employer(_,Service_event,_).
start_(Service_event,span(20170909,400,406)) :- alice_employer(_,Service_event,_).
end_(Service_event,span(20170930,411,423)) :- alice_employer(_,Service_event,_).
payment_(Payment_event) :- alice_employer(_,_,Payment_event).
patient_(Payment_event,Employee) :- alice_employer(Employee,_,Payment_event).
agent_(Payment_event,span("Alice",311,315)) :- alice_employer(_,_,Payment_event).
start_(Payment_event,span(20170930,411,423)) :- alice_employer(_,_,Payment_event).
amount_(Payment_event,span(5012,441,444)) :- alice_employer(_,_,Payment_event).
purpose_(Payment_event,Service_event) :- alice_employer(_,Service_event,Payment_event).
purpose_(Service_event,span("agricultural labor",376,393)) :- alice_employer(_,Service_event,_).
marriage_(span("married",21,27)).
son_(span("son",71,73)).
death_(span("died",104,107)).
residence_(span("living",142,147)).
payment_(span("maintained",179,188)).
residence_(span("continued",218,226)).
income_(span("income",273,278)).
agent_(span("died",104,107),span("Harold",97,102)).
start_(span("died",104,107),span(20160228,112,125)).
agent_(span("income",273,278),span("Alice",259,263)).
start_(span("income",273,278),span(20170101,293,296)).
amount_(span("income",273,278),span(236422,303,308)).
agent_(span("married",21,27),span("Alice",0,4)).
agent_(span("married",21,27),span("Harold",10,15)).
start_(span("married",21,27),span(19920903,32,44)).
purpose_(span("maintained",179,188),span("house",161,165)).
amount_(span("maintained",179,188),span(1993,173,176)).
agent_(span("maintained",179,188),span("Alice",193,197)).
start_(span("continued",218,226),span(20160228,112,125)).
patient_(span("continued",218,226),span("house",161,165)).
agent_(span("continued",218,226),span("Alice",200,204)).
agent_(span("continued",218,226),span("son",214,216)).
end_(span("living",142,147),span(20160228,112,125)).
patient_(span("living",142,147),span("house",161,165)).
start_(span("living",142,147),span(19930101,173,176)).
agent_(span("living",142,147),span("Harold",97,102)).
patient_(span("son",71,73),span("Harold",47,52)).
patient_(span("son",71,73),span("Alice",58,62)).
agent_(span("son",71,73),span("son",71,73)).
start_(span("son",71,73),span(20000125,81,94)).
birth_(span("born",76,79)).
agent_(span("born",76,79),span("son",71,73)).
start_(span("born",76,79),span(20000125,81,94)).
2025-06-14 15:03:38,360 - INFO - 
Query:
tax("Alice",2017,68844).
2025-06-14 15:03:38,565 - INFO - 
Query result: {'truth': True}
2025-06-14 15:03:38,565 - INFO - Result: correct

2025-06-14 15:03:38,565 - INFO - 
==================================================
Processing case: tax_case_100
==================================================
2025-06-14 15:03:38,565 - INFO - Facts:
:- [statutes/prolog/init.pl].
income_(span("income",14,19)).
income_(span("income",62,67)).
marriage_(span("married",123,129)).
joint_return_(span("joint return",173,184)).
agent_(span("income",14,19),span("Alice",0,4)).
start_(span("income",14,19),span(20060101,34,37)).
amount_(span("income",14,19),span(97407,43,47)).
agent_(span("income",62,67),span("Bob",50,52)).
start_(span("income",62,67),span(20060101,82,85)).
amount_(span("income",62,67),span(136370,91,96)).
agent_(span("joint return",173,184),span("Bob",152,154)).
agent_(span("joint return",173,184),span("Alice",160,164)).
start_(span("joint return",173,184),span(20060101,190,193)).
agent_(span("married",123,129),span("Alice",99,103)).
agent_(span("married",123,129),span("Bob",109,111)).
start_(span("married",123,129),span(20060203,137,149)).
2025-06-14 15:03:38,565 - INFO - Test query:
:- tax("Alice",2006,66088).
2025-06-14 15:03:38,565 - INFO - 
Generated Prolog code:
:- ['/Users/sophie/code/2025-mcm-llms-applied-in-law_context/data/sara_v3/statutes/prolog/utils.pl'].
:- ['/Users/sophie/code/2025-mcm-llms-applied-in-law_context/data/sara_v3/statutes/prolog/init.pl'].
:- [statutes/prolog/init.pl].
income_(span("income",14,19)).
income_(span("income",62,67)).
marriage_(span("married",123,129)).
joint_return_(span("joint return",173,184)).
agent_(span("income",14,19),span("Alice",0,4)).
start_(span("income",14,19),span(20060101,34,37)).
amount_(span("income",14,19),span(97407,43,47)).
agent_(span("income",62,67),span("Bob",50,52)).
start_(span("income",62,67),span(20060101,82,85)).
amount_(span("income",62,67),span(136370,91,96)).
agent_(span("joint return",173,184),span("Bob",152,154)).
agent_(span("joint return",173,184),span("Alice",160,164)).
start_(span("joint return",173,184),span(20060101,190,193)).
agent_(span("married",123,129),span("Alice",99,103)).
agent_(span("married",123,129),span("Bob",109,111)).
start_(span("married",123,129),span(20060203,137,149)).
2025-06-14 15:03:38,565 - INFO - 
Query:
tax("Alice",2006,66088).
2025-06-14 15:03:38,690 - INFO - 
Query result: {'truth': True}
2025-06-14 15:03:38,690 - INFO - Result: correct

2025-06-14 15:03:38,690 - INFO - 
==================================================
Processing case: tax_case_11
==================================================
2025-06-14 15:03:38,690 - INFO - Facts:
:- [statutes/prolog/init].
father_(span("father",17,22)).
residence_(span("lived",60,64)).
residence_(span("place",79,83)).
sister_(span("sister",116,121)).
income_(span("income",165,170)).
income_(span("income",215,220)).
agent_(span("father",17,22),span("Charlie",0,6)).
patient_(span("father",17,22),span("Bob",11,13)).
start_(span("father",17,22),span(20140415,30,45)).
agent_(span("income",215,220),span("Alice",201,205)).
amount_(span("income",215,220),span(2312,227,230)).
start_(span("income",215,220),span(20150101,195,198)).
agent_(span("income",165,170),span("Charlie",149,155)).
start_(span("income",165,170),span(20150101,175,178)).
amount_(span("income",165,170),span(52650,185,189)).
agent_(span("place",79,83),span("Charlie",69,75)).
patient_(span("place",79,83),span("place",79,83)).
start_(span("lived",60,64),span(20140415,30,45)).
agent_(span("lived",60,64),span("Bob",52,54)).
patient_(span("lived",60,64),span("place",79,83)).
agent_(span("sister",116,121),span("Alice",97,101)).
patient_(span("sister",116,121),span("Charlie",106,112)).
start_(span("sister",116,121),span(19921012,129,146)).
2025-06-14 15:03:38,690 - INFO - Test query:
:- tax("Alice",2015,0).
2025-06-14 15:03:38,691 - INFO - 
Generated Prolog code:
:- ['/Users/sophie/code/2025-mcm-llms-applied-in-law_context/data/sara_v3/statutes/prolog/utils.pl'].
:- ['/Users/sophie/code/2025-mcm-llms-applied-in-law_context/data/sara_v3/statutes/prolog/init.pl'].
:- [statutes/prolog/init].
father_(span("father",17,22)).
residence_(span("lived",60,64)).
residence_(span("place",79,83)).
sister_(span("sister",116,121)).
income_(span("income",165,170)).
income_(span("income",215,220)).
agent_(span("father",17,22),span("Charlie",0,6)).
patient_(span("father",17,22),span("Bob",11,13)).
start_(span("father",17,22),span(20140415,30,45)).
agent_(span("income",215,220),span("Alice",201,205)).
amount_(span("income",215,220),span(2312,227,230)).
start_(span("income",215,220),span(20150101,195,198)).
agent_(span("income",165,170),span("Charlie",149,155)).
start_(span("income",165,170),span(20150101,175,178)).
amount_(span("income",165,170),span(52650,185,189)).
agent_(span("place",79,83),span("Charlie",69,75)).
patient_(span("place",79,83),span("place",79,83)).
start_(span("lived",60,64),span(20140415,30,45)).
agent_(span("lived",60,64),span("Bob",52,54)).
patient_(span("lived",60,64),span("place",79,83)).
agent_(span("sister",116,121),span("Alice",97,101)).
patient_(span("sister",116,121),span("Charlie",106,112)).
start_(span("sister",116,121),span(19921012,129,146)).
2025-06-14 15:03:38,691 - INFO - 
Query:
tax("Alice",2015,0).
2025-06-14 15:03:38,826 - INFO - 
Query result: {'truth': True}
2025-06-14 15:03:38,826 - INFO - Result: correct

2025-06-14 15:03:38,826 - INFO - 
==================================================
Processing case: tax_case_12
==================================================
2025-06-14 15:03:38,826 - INFO - Facts:
:- [statutes/prolog/init].
payment_(span("paid",6,9)).
service_(span("labor",32,36)).
death_(span("died",130,133)).
payment_(span("paid",185,188)).
marriage_(span("spouse",215,220)).
payment_(span("income",281,286)).
deduction_(span("deduction",318,326)).
start_(span("died",130,133),span(20191125,111,123)).
agent_(span("died",130,133),span("Bob",126,128)).
start_(span("deduction",318,326),span(20200101,261,264)).
agent_(span("deduction",318,326),span("Alice",301,305)).
amount_(span("deduction",318,326),span(25000,332,336)).
agent_(span("spouse",215,220),span("Charlie",190,196)).
agent_(span("spouse",215,220),span("Bob",199,201)).
agent_(span("paid",6,9),span("Alice",0,4)).
patient_(span("paid",6,9),span("Bob",11,13)).
purpose_(span("paid",6,9),span("labor",32,36)).
start_(span("paid",6,9),span(20190101,102,105)).
amount_(span("paid",6,9),span(27371,93,97)).
purpose_(span("paid",185,188),span("labor",32,36)).
start_(span("paid",185,188),span(20200120,159,176)).
agent_(span("paid",185,188),span("Alice",179,183)).
patient_(span("paid",185,188),span("Charlie",190,196)).
amount_(span("paid",185,188),span(24500,251,255)).
start_(span("income",281,286),span(20200101,261,264)).
patient_(span("income",281,286),span("Alice",267,271)).
amount_(span("income",281,286),span(372109,293,298)).
patient_(span("labor",32,36),span("Alice",0,4)).
agent_(span("labor",32,36),span("Bob",11,13)).
purpose_(span("labor",32,36),span("agricultural labor",19,36)).
start_(span("labor",32,36),span(20190201,43,55)).
end_(span("labor",32,36),span(20191119,60,78)).
2025-06-14 15:03:38,826 - INFO - Test query:
:- tax("Alice",2020,118227).
2025-06-14 15:03:38,826 - INFO - 
Generated Prolog code:
:- ['/Users/sophie/code/2025-mcm-llms-applied-in-law_context/data/sara_v3/statutes/prolog/utils.pl'].
:- ['/Users/sophie/code/2025-mcm-llms-applied-in-law_context/data/sara_v3/statutes/prolog/init.pl'].
:- [statutes/prolog/init].
payment_(span("paid",6,9)).
service_(span("labor",32,36)).
death_(span("died",130,133)).
payment_(span("paid",185,188)).
marriage_(span("spouse",215,220)).
payment_(span("income",281,286)).
deduction_(span("deduction",318,326)).
start_(span("died",130,133),span(20191125,111,123)).
agent_(span("died",130,133),span("Bob",126,128)).
start_(span("deduction",318,326),span(20200101,261,264)).
agent_(span("deduction",318,326),span("Alice",301,305)).
amount_(span("deduction",318,326),span(25000,332,336)).
agent_(span("spouse",215,220),span("Charlie",190,196)).
agent_(span("spouse",215,220),span("Bob",199,201)).
agent_(span("paid",6,9),span("Alice",0,4)).
patient_(span("paid",6,9),span("Bob",11,13)).
purpose_(span("paid",6,9),span("labor",32,36)).
start_(span("paid",6,9),span(20190101,102,105)).
amount_(span("paid",6,9),span(27371,93,97)).
purpose_(span("paid",185,188),span("labor",32,36)).
start_(span("paid",185,188),span(20200120,159,176)).
agent_(span("paid",185,188),span("Alice",179,183)).
patient_(span("paid",185,188),span("Charlie",190,196)).
amount_(span("paid",185,188),span(24500,251,255)).
start_(span("income",281,286),span(20200101,261,264)).
patient_(span("income",281,286),span("Alice",267,271)).
amount_(span("income",281,286),span(372109,293,298)).
patient_(span("labor",32,36),span("Alice",0,4)).
agent_(span("labor",32,36),span("Bob",11,13)).
purpose_(span("labor",32,36),span("agricultural labor",19,36)).
start_(span("labor",32,36),span(20190201,43,55)).
end_(span("labor",32,36),span(20191119,60,78)).
2025-06-14 15:03:38,827 - INFO - 
Query:
tax("Alice",2020,118227).
2025-06-14 15:03:38,969 - INFO - 
Query result: {'truth': True}
2025-06-14 15:03:38,969 - INFO - Result: correct

2025-06-14 15:03:38,969 - INFO - 
==================================================
Processing case: tax_case_13
==================================================
2025-06-14 15:03:38,970 - INFO - Facts:
:- [statutes/prolog/init].
bob_household_maintenance(Year,Event,Start_day,End_day) :-
    between(2015,2019,Year),
    atom_concat("furnished ",Year,Event),
    (
        (
            double_equal(Year, 2015),
            Start_day=20150829
        )
    ;
        (
            \+ double_equal(Year, 2015),
            first_day_year(Year,Start_day)
        )
    ),
    (
        (
            double_equal(Year, 2019),
            End_day=20190530
        )
    ;
        (
            \+ double_equal(Year, 2019),
            last_day_year(Year,End_day)
        )
    ).
payment_(span(Event,318,326)) :- bob_household_maintenance(_,Event,_,_).
agent_(span(Event,318,326),span("Bob",314,317)) :- bob_household_maintenance(_,Event,_,_).
amount_(span(Event,318,326),span(1,328,330)) :- bob_household_maintenance(_,Event,_,_).
purpose_(span(Event,318,326),span("lived",282,286)) :- bob_household_maintenance(_,Event,_,_).
start_(span(Event,318,326),span(Start_day,188,202)) :- bob_household_maintenance(_,Event,Start_day,_).
end_(span(Event,318,326),span(End_day,207,220)) :- bob_household_maintenance(_,Event,_,End_day).
father_(span("father",8,13)).
payment_(span("paid",25,28)).
service_(span("services",65,72)).
educational_institution_(span("University",102,111)).
enrollment_(span("enrolled",124,131)).
attending_classes_(span("attending",165,173)).
residence_(span("lived",282,286)).
residence_(span("lived",282,286)).
agent_(span("attending",165,173),span("Alice",114,118)).
location_(span("attending",165,173),span("Johns Hopkins University",136,159)).
start_(span("attending",165,173),span(20150829,188,202)).
end_(span("attending",165,173),span(20190530,207,220)).
agent_(span("University",102,111),span("Johns Hopkins University",88,111)).
agent_(span("enrolled",124,131),span("Alice",114,118)).
patient_(span("enrolled",124,131),span("Johns Hopkins University",136,159)).
start_(span("enrolled",124,131),span(20150829,188,202)).
end_(span("enrolled",124,131),span(20190530,207,220)).
patient_(span("father",8,13),span("Alice",0,4)).
agent_(span("father",8,13),span("Bob",16,18)).
patient_(span("paid",25,28),span("Bob",16,18)).
amount_(span("paid",25,28),span(53249,31,35)).
start_(span("paid",25,28),span(20170101,56,59)).
purpose_(span("paid",25,28),span("services",65,72)).
agent_(span("paid",25,28),span("Johns Hopkins University",88,111)).
agent_(span("lived",282,286),span("Bob",291,293)).
patient_(span("lived",282,286),span("lived",282,286)).
start_(span("lived",282,286),span(20150829,188,202)).
end_(span("lived",282,286),span(20190530,207,220)).
agent_(span("lived",282,286),span("Alice",276,280)).
patient_(span("lived",282,286),span("lived",282,286)).
agent_(span("services",65,72),span("Bob",16,18)).
end_(span("services",65,72),span(20171231,56,59)).
start_(span("services",65,72),span(20170101,56,59)).
patient_(span("services",65,72),span("Johns Hopkins University",88,111)).
2025-06-14 15:03:38,970 - INFO - Test query:
:- tax("Bob",2017,8710).
2025-06-14 15:03:38,970 - INFO - 
Generated Prolog code:
:- ['/Users/sophie/code/2025-mcm-llms-applied-in-law_context/data/sara_v3/statutes/prolog/utils.pl'].
:- ['/Users/sophie/code/2025-mcm-llms-applied-in-law_context/data/sara_v3/statutes/prolog/init.pl'].
:- [statutes/prolog/init].
bob_household_maintenance(Year,Event,Start_day,End_day) :-
between(2015,2019,Year),
atom_concat("furnished ",Year,Event),
(
(
double_equal(Year, 2015),
Start_day=20150829
)
;
(
\+ double_equal(Year, 2015),
first_day_year(Year,Start_day)
)
),
(
(
double_equal(Year, 2019),
End_day=20190530
)
;
(
\+ double_equal(Year, 2019),
last_day_year(Year,End_day)
)
).
payment_(span(Event,318,326)) :- bob_household_maintenance(_,Event,_,_).
agent_(span(Event,318,326),span("Bob",314,317)) :- bob_household_maintenance(_,Event,_,_).
amount_(span(Event,318,326),span(1,328,330)) :- bob_household_maintenance(_,Event,_,_).
purpose_(span(Event,318,326),span("lived",282,286)) :- bob_household_maintenance(_,Event,_,_).
start_(span(Event,318,326),span(Start_day,188,202)) :- bob_household_maintenance(_,Event,Start_day,_).
end_(span(Event,318,326),span(End_day,207,220)) :- bob_household_maintenance(_,Event,_,End_day).
father_(span("father",8,13)).
payment_(span("paid",25,28)).
service_(span("services",65,72)).
educational_institution_(span("University",102,111)).
enrollment_(span("enrolled",124,131)).
attending_classes_(span("attending",165,173)).
residence_(span("lived",282,286)).
residence_(span("lived",282,286)).
agent_(span("attending",165,173),span("Alice",114,118)).
location_(span("attending",165,173),span("Johns Hopkins University",136,159)).
start_(span("attending",165,173),span(20150829,188,202)).
end_(span("attending",165,173),span(20190530,207,220)).
agent_(span("University",102,111),span("Johns Hopkins University",88,111)).
agent_(span("enrolled",124,131),span("Alice",114,118)).
patient_(span("enrolled",124,131),span("Johns Hopkins University",136,159)).
start_(span("enrolled",124,131),span(20150829,188,202)).
end_(span("enrolled",124,131),span(20190530,207,220)).
patient_(span("father",8,13),span("Alice",0,4)).
agent_(span("father",8,13),span("Bob",16,18)).
patient_(span("paid",25,28),span("Bob",16,18)).
amount_(span("paid",25,28),span(53249,31,35)).
start_(span("paid",25,28),span(20170101,56,59)).
purpose_(span("paid",25,28),span("services",65,72)).
agent_(span("paid",25,28),span("Johns Hopkins University",88,111)).
agent_(span("lived",282,286),span("Bob",291,293)).
patient_(span("lived",282,286),span("lived",282,286)).
start_(span("lived",282,286),span(20150829,188,202)).
end_(span("lived",282,286),span(20190530,207,220)).
agent_(span("lived",282,286),span("Alice",276,280)).
patient_(span("lived",282,286),span("lived",282,286)).
agent_(span("services",65,72),span("Bob",16,18)).
end_(span("services",65,72),span(20171231,56,59)).
start_(span("services",65,72),span(20170101,56,59)).
patient_(span("services",65,72),span("Johns Hopkins University",88,111)).
2025-06-14 15:03:38,970 - INFO - 
Query:
tax("Bob",2017,8710).
2025-06-14 15:03:39,258 - INFO - 
Query result: {'truth': True}
2025-06-14 15:03:39,258 - INFO - Result: correct

2025-06-14 15:03:39,258 - INFO - 
==================================================
Processing case: tax_case_14
==================================================
2025-06-14 15:03:39,258 - INFO - Facts:
:- [statutes/prolog/init].
residence_(span("Alice",264,268)).
agent_(span("Alice",264,268),span("Alice",264,268)).
patient_(span("Alice",264,268),span("Alice",264,268)).
start_(span("Alice",264,268),span(20170101,297,300)).
end_(span("Alice",264,268),span(20171231,297,300)).
residence_(span("Bob",274,276)).
agent_(span("Bob",274,276),span("Bob",274,276)).
patient_(span("Bob",274,276),span("Bob",274,276)).
start_(span("Bob",274,276),span(20170101,297,300)).
end_(span("Bob",274,276),span(20171231,297,300)).
income_(span("income",23,28)).
marriage_(span("married",66,72)).
payment_(span("paid",137,140)).
service_(span("labor",180,184)).
start_(span("income",23,28),span(20170101,3,6)).
agent_(span("income",23,28),span("Alice",9,13)).
amount_(span("income",23,28),span(44215,35,39)).
agent_(span("married",66,72),span("Alice",42,46)).
agent_(span("married",66,72),span("Bob",52,54)).
start_(span("married",66,72),span(20171010,80,93)).
agent_(span("paid",137,140),span("Alice",127,131)).
amount_(span("paid",137,140),span(3200,143,146)).
means_(span("paid",137,140),span("cash",151,154)).
patient_(span("paid",137,140),span("Bob",159,161)).
purpose_(span("paid",137,140),span("labor",180,184)).
start_(span("paid",137,140),span(20170902,213,225)).
patient_(span("labor",180,184),span("Alice",127,131)).
agent_(span("labor",180,184),span("Bob",159,161)).
purpose_(span("labor",180,184),span("agricultural labor",167,184)).
start_(span("labor",180,184),span(20170201,196,208)).
end_(span("labor",180,184),span(20170902,213,225)).
2025-06-14 15:03:39,258 - INFO - Test query:
:- tax("Alice",2017,8582).
2025-06-14 15:03:39,258 - INFO - 
Generated Prolog code:
:- ['/Users/sophie/code/2025-mcm-llms-applied-in-law_context/data/sara_v3/statutes/prolog/utils.pl'].
:- ['/Users/sophie/code/2025-mcm-llms-applied-in-law_context/data/sara_v3/statutes/prolog/init.pl'].
:- [statutes/prolog/init].
residence_(span("Alice",264,268)).
agent_(span("Alice",264,268),span("Alice",264,268)).
patient_(span("Alice",264,268),span("Alice",264,268)).
start_(span("Alice",264,268),span(20170101,297,300)).
end_(span("Alice",264,268),span(20171231,297,300)).
residence_(span("Bob",274,276)).
agent_(span("Bob",274,276),span("Bob",274,276)).
patient_(span("Bob",274,276),span("Bob",274,276)).
start_(span("Bob",274,276),span(20170101,297,300)).
end_(span("Bob",274,276),span(20171231,297,300)).
income_(span("income",23,28)).
marriage_(span("married",66,72)).
payment_(span("paid",137,140)).
service_(span("labor",180,184)).
start_(span("income",23,28),span(20170101,3,6)).
agent_(span("income",23,28),span("Alice",9,13)).
amount_(span("income",23,28),span(44215,35,39)).
agent_(span("married",66,72),span("Alice",42,46)).
agent_(span("married",66,72),span("Bob",52,54)).
start_(span("married",66,72),span(20171010,80,93)).
agent_(span("paid",137,140),span("Alice",127,131)).
amount_(span("paid",137,140),span(3200,143,146)).
means_(span("paid",137,140),span("cash",151,154)).
patient_(span("paid",137,140),span("Bob",159,161)).
purpose_(span("paid",137,140),span("labor",180,184)).
start_(span("paid",137,140),span(20170902,213,225)).
patient_(span("labor",180,184),span("Alice",127,131)).
agent_(span("labor",180,184),span("Bob",159,161)).
purpose_(span("labor",180,184),span("agricultural labor",167,184)).
start_(span("labor",180,184),span(20170201,196,208)).
end_(span("labor",180,184),span(20170902,213,225)).
2025-06-14 15:03:39,258 - INFO - 
Query:
tax("Alice",2017,8582).
2025-06-14 15:03:39,382 - INFO - 
Query result: {'truth': True}
2025-06-14 15:03:39,382 - INFO - Result: correct

2025-06-14 15:03:39,382 - INFO - 
==================================================
Processing case: tax_case_15
==================================================
2025-06-14 15:03:39,382 - INFO - Facts:
:- [statutes/prolog/init].
payment_(span("paid",19,22)).
marriage_(span("married",56,62)).
birth_(span("born",95,98)).
birth_(span("born",128,131)).
residence_(span("abode",299,303)).
agent_(span("born",95,98),span("Alice",85,89)).
start_(span("born",95,98),span(19500302,100,114)).
agent_(span("born",128,131),span("Bob",120,122)).
start_(span("born",128,131),span(19510303,133,147)).
agent_(span("married",56,62),span("Alice",32,36)).
agent_(span("married",56,62),span("Bob",42,44)).
start_(span("married",56,62),span(20170203,70,82)).
start_(span("paid",19,22),span(20170101,3,6)).
patient_(span("paid",19,22),span("Alice",9,13)).
amount_(span("paid",19,22),span(36266,25,29)).
agent_(span("abode",299,303),span("Alice",252,256)).
agent_(span("abode",299,303),span("Bob",262,264)).
patient_(span("abode",299,303),span("place",290,294)).
end_(span("abode",299,303),span(20171231,308,311)).
start_(span("abode",299,303),span(20170101,308,311)).
2025-06-14 15:03:39,383 - INFO - Test query:
:- tax("Alice",2017,5460).
2025-06-14 15:03:39,383 - INFO - 
Generated Prolog code:
:- ['/Users/sophie/code/2025-mcm-llms-applied-in-law_context/data/sara_v3/statutes/prolog/utils.pl'].
:- ['/Users/sophie/code/2025-mcm-llms-applied-in-law_context/data/sara_v3/statutes/prolog/init.pl'].
:- [statutes/prolog/init].
payment_(span("paid",19,22)).
marriage_(span("married",56,62)).
birth_(span("born",95,98)).
birth_(span("born",128,131)).
residence_(span("abode",299,303)).
agent_(span("born",95,98),span("Alice",85,89)).
start_(span("born",95,98),span(19500302,100,114)).
agent_(span("born",128,131),span("Bob",120,122)).
start_(span("born",128,131),span(19510303,133,147)).
agent_(span("married",56,62),span("Alice",32,36)).
agent_(span("married",56,62),span("Bob",42,44)).
start_(span("married",56,62),span(20170203,70,82)).
start_(span("paid",19,22),span(20170101,3,6)).
patient_(span("paid",19,22),span("Alice",9,13)).
amount_(span("paid",19,22),span(36266,25,29)).
agent_(span("abode",299,303),span("Alice",252,256)).
agent_(span("abode",299,303),span("Bob",262,264)).
patient_(span("abode",299,303),span("place",290,294)).
end_(span("abode",299,303),span(20171231,308,311)).
start_(span("abode",299,303),span(20170101,308,311)).
2025-06-14 15:03:39,383 - INFO - 
Query:
tax("Alice",2017,5460).
2025-06-14 15:03:39,521 - INFO - 
Query result: {'truth': True}
2025-06-14 15:03:39,521 - INFO - Result: correct

2025-06-14 15:03:39,522 - INFO - 
==================================================
Processing case: tax_case_16
==================================================
2025-06-14 15:03:39,522 - INFO - Facts:
:- [statutes/prolog/init].
payment_(span("paid",19,22)).
marriage_(span("married",56,62)).
residence_(span("abode",239,243)).
agent_(span("married",56,62),span("Alice",32,36)).
agent_(span("married",56,62),span("Bob",42,44)).
start_(span("married",56,62),span(20170203,70,82)).
start_(span("paid",19,22),span(20170101,3,6)).
patient_(span("paid",19,22),span("Alice",9,13)).
amount_(span("paid",19,22),span(33200,25,29)).
agent_(span("abode",239,243),span("Alice",192,196)).
agent_(span("abode",239,243),span("Bob",202,204)).
patient_(span("abode",239,243),span("place",230,234)).
end_(span("abode",239,243),span(20171231,248,251)).
start_(span("abode",239,243),span(20170101,248,251)).
2025-06-14 15:03:39,522 - INFO - Test query:
:- tax("Alice",2017,4938).
2025-06-14 15:03:39,522 - INFO - 
Generated Prolog code:
:- ['/Users/sophie/code/2025-mcm-llms-applied-in-law_context/data/sara_v3/statutes/prolog/utils.pl'].
:- ['/Users/sophie/code/2025-mcm-llms-applied-in-law_context/data/sara_v3/statutes/prolog/init.pl'].
:- [statutes/prolog/init].
payment_(span("paid",19,22)).
marriage_(span("married",56,62)).
residence_(span("abode",239,243)).
agent_(span("married",56,62),span("Alice",32,36)).
agent_(span("married",56,62),span("Bob",42,44)).
start_(span("married",56,62),span(20170203,70,82)).
start_(span("paid",19,22),span(20170101,3,6)).
patient_(span("paid",19,22),span("Alice",9,13)).
amount_(span("paid",19,22),span(33200,25,29)).
agent_(span("abode",239,243),span("Alice",192,196)).
agent_(span("abode",239,243),span("Bob",202,204)).
patient_(span("abode",239,243),span("place",230,234)).
end_(span("abode",239,243),span(20171231,248,251)).
start_(span("abode",239,243),span(20170101,248,251)).
2025-06-14 15:03:39,522 - INFO - 
Query:
tax("Alice",2017,4938).
2025-06-14 15:03:39,662 - INFO - 
Query result: {'truth': True}
2025-06-14 15:03:39,662 - INFO - Result: correct

2025-06-14 15:03:39,663 - INFO - 
==================================================
Processing case: tax_case_17
==================================================
2025-06-14 15:03:39,663 - INFO - Facts:
:- [statutes/prolog/init].
bob_household_maintenance(Year,Event,Start_day,End_day) :-
    between(2004,2019,Year),
    atom_concat("furnished the costs ",Year,Event_name),
    Event = span(Event_name,158,166),
    first_day_year(Year,Start_day),
    last_day_year(Year,End_day).
payment_(Event) :- bob_household_maintenance(_,Event,_,_).
agent_(Event,span("Bob",154,156)) :- bob_household_maintenance(_,Event,_,_).
amount_(Event,span(1,168,171)) :- bob_household_maintenance(_,Event,_,_).
purpose_(Event,span("home",197,200)) :- bob_household_maintenance(_,Event,_,_).
start_(Event,span(Start_day,140,143)) :- bob_household_maintenance(_,Event,Start_day,_).
end_(Event,span(End_day,148,151)) :- bob_household_maintenance(_,Event,_,End_day).
marriage_(span("married",18,24)).
son_(span("child",65,69)).
death_(span("died",111,114)).
residence_(span("lived",223,227)).
income_(span("income",268,273)).
agent_(span("died",111,114),span("Alice",105,109)).
start_(span("died",111,114),span(20140709,119,132)).
agent_(span("income",268,273),span("Bob",256,258)).
amount_(span("income",268,273),span(40059,280,284)).
start_(span("income",268,273),span(20150101,250,253)).
agent_(span("married",18,24),span("Alice",0,4)).
agent_(span("married",18,24),span("Bob",10,12)).
start_(span("married",18,24),span(19920203,29,41)).
start_(span("lived",223,227),span(20040101,140,143)).
end_(span("lived",223,227),span(20191231,148,151)).
agent_(span("lived",223,227),span("Bob",154,156)).
patient_(span("lived",223,227),span("home",197,200)).
agent_(span("lived",223,227),span("Charlie",215,221)).
patient_(span("child",65,69),span("Alice",44,48)).
patient_(span("child",65,69),span("Bob",54,56)).
agent_(span("child",65,69),span("Charlie",72,78)).
start_(span("child",65,69),span(20001009,86,102)).
birth_(span("born",81,84)).
agent_(span("born",81,84),span("Charlie",72,78)).
start_(span("born",81,84),span(20001009,86,102)).
2025-06-14 15:03:39,663 - INFO - Test query:
:- tax("Bob",2015,4509).
2025-06-14 15:03:39,663 - INFO - 
Generated Prolog code:
:- ['/Users/sophie/code/2025-mcm-llms-applied-in-law_context/data/sara_v3/statutes/prolog/utils.pl'].
:- ['/Users/sophie/code/2025-mcm-llms-applied-in-law_context/data/sara_v3/statutes/prolog/init.pl'].
:- [statutes/prolog/init].
bob_household_maintenance(Year,Event,Start_day,End_day) :-
between(2004,2019,Year),
atom_concat("furnished the costs ",Year,Event_name),
Event = span(Event_name,158,166),
first_day_year(Year,Start_day),
last_day_year(Year,End_day).
payment_(Event) :- bob_household_maintenance(_,Event,_,_).
agent_(Event,span("Bob",154,156)) :- bob_household_maintenance(_,Event,_,_).
amount_(Event,span(1,168,171)) :- bob_household_maintenance(_,Event,_,_).
purpose_(Event,span("home",197,200)) :- bob_household_maintenance(_,Event,_,_).
start_(Event,span(Start_day,140,143)) :- bob_household_maintenance(_,Event,Start_day,_).
end_(Event,span(End_day,148,151)) :- bob_household_maintenance(_,Event,_,End_day).
marriage_(span("married",18,24)).
son_(span("child",65,69)).
death_(span("died",111,114)).
residence_(span("lived",223,227)).
income_(span("income",268,273)).
agent_(span("died",111,114),span("Alice",105,109)).
start_(span("died",111,114),span(20140709,119,132)).
agent_(span("income",268,273),span("Bob",256,258)).
amount_(span("income",268,273),span(40059,280,284)).
start_(span("income",268,273),span(20150101,250,253)).
agent_(span("married",18,24),span("Alice",0,4)).
agent_(span("married",18,24),span("Bob",10,12)).
start_(span("married",18,24),span(19920203,29,41)).
start_(span("lived",223,227),span(20040101,140,143)).
end_(span("lived",223,227),span(20191231,148,151)).
agent_(span("lived",223,227),span("Bob",154,156)).
patient_(span("lived",223,227),span("home",197,200)).
agent_(span("lived",223,227),span("Charlie",215,221)).
patient_(span("child",65,69),span("Alice",44,48)).
patient_(span("child",65,69),span("Bob",54,56)).
agent_(span("child",65,69),span("Charlie",72,78)).
start_(span("child",65,69),span(20001009,86,102)).
birth_(span("born",81,84)).
agent_(span("born",81,84),span("Charlie",72,78)).
start_(span("born",81,84),span(20001009,86,102)).
2025-06-14 15:03:39,663 - INFO - 
Query:
tax("Bob",2015,4509).
2025-06-14 15:03:39,848 - INFO - 
Query result: {'truth': True}
2025-06-14 15:03:39,848 - INFO - Result: correct

2025-06-14 15:03:39,848 - INFO - 
==================================================
Processing case: tax_case_18
==================================================
2025-06-14 15:03:39,848 - INFO - Facts:
:- [statutes/prolog/init].
father_(span("father",19,24)).
brother_(span("brother",67,73)).
income_(span("income",115,120)).
agent_(span("brother",67,73),span("Bob",50,52)).
patient_(span("brother",67,73),span("Charlie",57,63)).
start_(span("brother",67,73),span(19921012,81,98)).
patient_(span("father",19,24),span("Alice",11,15)).
start_(span("father",19,24),span(19940415,32,47)).
agent_(span("father",19,24),span("Charlie",0,6)).
agent_(span("income",115,120),span("Alice",101,105)).
start_(span("income",115,120),span(20150101,125,128)).
amount_(span("income",115,120),span(87319,134,138)).
2025-06-14 15:03:39,848 - INFO - Test query:
:- tax("Alice",2015,19801).
2025-06-14 15:03:39,848 - INFO - 
Generated Prolog code:
:- ['/Users/sophie/code/2025-mcm-llms-applied-in-law_context/data/sara_v3/statutes/prolog/utils.pl'].
:- ['/Users/sophie/code/2025-mcm-llms-applied-in-law_context/data/sara_v3/statutes/prolog/init.pl'].
:- [statutes/prolog/init].
father_(span("father",19,24)).
brother_(span("brother",67,73)).
income_(span("income",115,120)).
agent_(span("brother",67,73),span("Bob",50,52)).
patient_(span("brother",67,73),span("Charlie",57,63)).
start_(span("brother",67,73),span(19921012,81,98)).
patient_(span("father",19,24),span("Alice",11,15)).
start_(span("father",19,24),span(19940415,32,47)).
agent_(span("father",19,24),span("Charlie",0,6)).
agent_(span("income",115,120),span("Alice",101,105)).
start_(span("income",115,120),span(20150101,125,128)).
amount_(span("income",115,120),span(87319,134,138)).
2025-06-14 15:03:39,848 - INFO - 
Query:
tax("Alice",2015,19801).
2025-06-14 15:03:39,976 - INFO - 
Query result: {'truth': True}
2025-06-14 15:03:39,976 - INFO - Result: correct

2025-06-14 15:03:39,976 - INFO - 
==================================================
Processing case: tax_case_19
==================================================
2025-06-14 15:03:39,977 - INFO - Facts:
:- [statutes/prolog/init.pl].
payment_(span("paid",10,13)).
service_(span("employee",36,43)).
patient_(span("paid",10,13),span("Alice",0,4)).
amount_(span("paid",10,13),span(73200,16,20)).
start_(span("paid",10,13),span(20170101,25,28)).
purpose_(span("paid",10,13),span("employee",36,43)).
agent_(span("paid",10,13),span("State of Maryland",52,68)).
agent_(span("employee",36,43),span("Alice",0,4)).
end_(span("employee",36,43),span(20171231,25,28)).
start_(span("employee",36,43),span(20170101,25,28)).
patient_(span("employee",36,43),span("State of Maryland",52,68)).
location_(span("employee",36,43),span("Maryland",84,91)).
location_(span("employee",36,43),span("Baltimore",73,81)).
location_(span("employee",36,43),span("USA",94,96)).
2025-06-14 15:03:39,977 - INFO - Test query:
:- tax("Alice",2017,16664).
2025-06-14 15:03:39,977 - INFO - 
Generated Prolog code:
:- ['/Users/sophie/code/2025-mcm-llms-applied-in-law_context/data/sara_v3/statutes/prolog/utils.pl'].
:- ['/Users/sophie/code/2025-mcm-llms-applied-in-law_context/data/sara_v3/statutes/prolog/init.pl'].
:- [statutes/prolog/init.pl].
payment_(span("paid",10,13)).
service_(span("employee",36,43)).
patient_(span("paid",10,13),span("Alice",0,4)).
amount_(span("paid",10,13),span(73200,16,20)).
start_(span("paid",10,13),span(20170101,25,28)).
purpose_(span("paid",10,13),span("employee",36,43)).
agent_(span("paid",10,13),span("State of Maryland",52,68)).
agent_(span("employee",36,43),span("Alice",0,4)).
end_(span("employee",36,43),span(20171231,25,28)).
start_(span("employee",36,43),span(20170101,25,28)).
patient_(span("employee",36,43),span("State of Maryland",52,68)).
location_(span("employee",36,43),span("Maryland",84,91)).
location_(span("employee",36,43),span("Baltimore",73,81)).
location_(span("employee",36,43),span("USA",94,96)).
2025-06-14 15:03:39,977 - INFO - 
Query:
tax("Alice",2017,16664).
2025-06-14 15:03:40,113 - INFO - 
Query result: {'truth': True}
2025-06-14 15:03:40,113 - INFO - Result: correct

2025-06-14 15:03:40,113 - INFO - 
==================================================
Processing case: tax_case_2
==================================================
2025-06-14 15:03:40,113 - INFO - Facts:
:- [statutes/prolog/init].
bob_household_maintenance(Year,Event,Start_day,End_day) :-
    between(2004,2019,Year),
    atom_concat("furnished 40% of the costs ",Year,Event_name),
    Event = span(Event_name,158,166),
    first_day_year(Year,Start_day),
    last_day_year(Year,End_day).
payment_(Event) :- bob_household_maintenance(_,Event,_,_).
agent_(Event,span("Bob",154,157)) :- bob_household_maintenance(_,Event,_,_).
amount_(Event,span(40,168,169)) :- bob_household_maintenance(_,Event,_,_).
purpose_(Event,span("home",204,207)) :- bob_household_maintenance(_,Event,_,_).
start_(Event,span(Start_day,140,143)) :- bob_household_maintenance(_,Event,Start_day,_).
end_(Event,span(End_day,148,151)) :- bob_household_maintenance(_,Event,_,End_day).
someone_household_maintenance(Year,Event,Start_day,End_day) :-
    between(2004,2019,Year),
    atom_concat("maintaining the home ",Year,Event_name),
    Event = span(Event_name,158,166),
    first_day_year(Year,Start_day),
    last_day_year(Year,End_day).
payment_(Event) :- someone_household_maintenance(_,Event,_,_).
agent_(Event,span("someone",154,157)) :- someone_household_maintenance(_,Event,_,_).
amount_(Event,span(60,168,169)) :- someone_household_maintenance(_,Event,_,_).
purpose_(Event,span("home",204,207)) :- someone_household_maintenance(_,Event,_,_).
start_(Event,span(Start_day,140,143)) :- someone_household_maintenance(_,Event,Start_day,_).
end_(Event,span(End_day,148,151)) :- someone_household_maintenance(_,Event,_,End_day).
marriage_(span("married",18,24)).
son_(span("child",65,69)).
death_(span("died",111,114)).
residence_(span("lived",230,234)).
joint_return_(span("jointly",283,289)).
income_(span("earned",340,345)).
income_(span("earned",362,367)).
agent_(span("died",111,114),span("Alice",105,109)).
start_(span("died",111,114),span(20140709,119,132)).
start_(span("earned",340,345),span(20130101,328,331)).
agent_(span("earned",340,345),span("Alice",334,338)).
amount_(span("earned",340,345),span(65400,348,352)).
start_(span("earned",362,367),span(20130101,328,331)).
agent_(span("earned",362,367),span("Bob",358,360)).
amount_(span("earned",362,367),span(56400,370,374)).
start_(span("jointly",283,289),span(20130101,257,260)).
agent_(span("jointly",283,289),span("Alice",263,267)).
agent_(span("jointly",283,289),span("Bob",273,275)).
agent_(span("married",18,24),span("Alice",0,4)).
agent_(span("married",18,24),span("Bob",10,12)).
start_(span("married",18,24),span(19920203,29,41)).
start_(span("lived",230,234),span(20040101,140,143)).
end_(span("lived",230,234),span(20191231,148,151)).
agent_(span("lived",230,234),span("Bob",154,156)).
patient_(span("lived",230,234),span("home",204,207)).
agent_(span("lived",230,234),span("Charlie",222,228)).
patient_(span("child",65,69),span("Alice",44,48)).
patient_(span("child",65,69),span("Bob",54,56)).
agent_(span("child",65,69),span("Charlie",72,78)).
start_(span("child",65,69),span(20001009,86,102)).
birth_(span("born",81,84)).
agent_(span("born",81,84),span("Charlie",72,78)).
start_(span("born",81,84),span(20001009,86,102)).
2025-06-14 15:03:40,114 - INFO - Test query:
:- tax("Alice",2013,26567).
2025-06-14 15:03:40,114 - INFO - 
Generated Prolog code:
:- ['/Users/sophie/code/2025-mcm-llms-applied-in-law_context/data/sara_v3/statutes/prolog/utils.pl'].
:- ['/Users/sophie/code/2025-mcm-llms-applied-in-law_context/data/sara_v3/statutes/prolog/init.pl'].
:- [statutes/prolog/init].
bob_household_maintenance(Year,Event,Start_day,End_day) :-
between(2004,2019,Year),
atom_concat("furnished 40% of the costs ",Year,Event_name),
Event = span(Event_name,158,166),
first_day_year(Year,Start_day),
last_day_year(Year,End_day).
payment_(Event) :- bob_household_maintenance(_,Event,_,_).
agent_(Event,span("Bob",154,157)) :- bob_household_maintenance(_,Event,_,_).
amount_(Event,span(40,168,169)) :- bob_household_maintenance(_,Event,_,_).
purpose_(Event,span("home",204,207)) :- bob_household_maintenance(_,Event,_,_).
start_(Event,span(Start_day,140,143)) :- bob_household_maintenance(_,Event,Start_day,_).
end_(Event,span(End_day,148,151)) :- bob_household_maintenance(_,Event,_,End_day).
someone_household_maintenance(Year,Event,Start_day,End_day) :-
between(2004,2019,Year),
atom_concat("maintaining the home ",Year,Event_name),
Event = span(Event_name,158,166),
first_day_year(Year,Start_day),
last_day_year(Year,End_day).
payment_(Event) :- someone_household_maintenance(_,Event,_,_).
agent_(Event,span("someone",154,157)) :- someone_household_maintenance(_,Event,_,_).
amount_(Event,span(60,168,169)) :- someone_household_maintenance(_,Event,_,_).
purpose_(Event,span("home",204,207)) :- someone_household_maintenance(_,Event,_,_).
start_(Event,span(Start_day,140,143)) :- someone_household_maintenance(_,Event,Start_day,_).
end_(Event,span(End_day,148,151)) :- someone_household_maintenance(_,Event,_,End_day).
marriage_(span("married",18,24)).
son_(span("child",65,69)).
death_(span("died",111,114)).
residence_(span("lived",230,234)).
joint_return_(span("jointly",283,289)).
income_(span("earned",340,345)).
income_(span("earned",362,367)).
agent_(span("died",111,114),span("Alice",105,109)).
start_(span("died",111,114),span(20140709,119,132)).
start_(span("earned",340,345),span(20130101,328,331)).
agent_(span("earned",340,345),span("Alice",334,338)).
amount_(span("earned",340,345),span(65400,348,352)).
start_(span("earned",362,367),span(20130101,328,331)).
agent_(span("earned",362,367),span("Bob",358,360)).
amount_(span("earned",362,367),span(56400,370,374)).
start_(span("jointly",283,289),span(20130101,257,260)).
agent_(span("jointly",283,289),span("Alice",263,267)).
agent_(span("jointly",283,289),span("Bob",273,275)).
agent_(span("married",18,24),span("Alice",0,4)).
agent_(span("married",18,24),span("Bob",10,12)).
start_(span("married",18,24),span(19920203,29,41)).
start_(span("lived",230,234),span(20040101,140,143)).
end_(span("lived",230,234),span(20191231,148,151)).
agent_(span("lived",230,234),span("Bob",154,156)).
patient_(span("lived",230,234),span("home",204,207)).
agent_(span("lived",230,234),span("Charlie",222,228)).
patient_(span("child",65,69),span("Alice",44,48)).
patient_(span("child",65,69),span("Bob",54,56)).
agent_(span("child",65,69),span("Charlie",72,78)).
start_(span("child",65,69),span(20001009,86,102)).
birth_(span("born",81,84)).
agent_(span("born",81,84),span("Charlie",72,78)).
start_(span("born",81,84),span(20001009,86,102)).
2025-06-14 15:03:40,114 - INFO - 
Query:
tax("Alice",2013,26567).
2025-06-14 15:03:40,291 - INFO - 
Query result: {'truth': True}
2025-06-14 15:03:40,291 - INFO - Result: correct

2025-06-14 15:03:40,291 - INFO - 
==================================================
Processing case: tax_case_20
==================================================
2025-06-14 15:03:40,291 - INFO - Facts:
:- [statutes/prolog/init].
start_(span("maintains",61,69),span(Day,43,52)) :- between(2014,2024,Year), first_day_year(Year,Day).
purpose_(span("paid",335,338),span("make provisions for employees in case of retirement",353,367)).
income_(span("income",23,28)).
payment_(span("maintains",61,69)).
daughter_(span("daughter",97,104)).
residence_(span("live",106,109)).
marriage_(span("married",122,128)).
death_(span("died",169,172)).
deduction_(span("deductions",228,237)).
payment_(span("paid",260,263)).
service_(span("work",283,286)).
payment_(span("paid",335,338)).
plan_(span("retirement fund",353,367)).
payment_(span("paid",382,385)).
plan_(span("health insurance",398,413)).
father_(span("father",443,448)).
retirement_(span("retired",458,464)).
patient_(span("daughter",97,104),span("Alice",55,59)).
agent_(span("daughter",97,104),span("daughter",97,104)).
agent_(span("died",169,172),span("husband",161,167)).
start_(span("died",169,172),span(20161123,177,190)).
agent_(span("deductions",228,237),span("Alice",202,206)).
amount_(span("deductions",228,237),span(17890,243,247)).
start_(span("deductions",228,237),span(20170101,196,199)).
patient_(span("father",443,448),span("Alice",435,439)).
agent_(span("father",443,448),span("Charlie",419,425)).
start_(span("income",23,28),span(20170101,3,6)).
agent_(span("income",23,28),span("Alice",9,13)).
amount_(span("income",23,28),span(310192,35,40)).
agent_(span("married",122,128),span("Alice",112,116)).
start_(span("married",122,128),span(20100114,136,149)).
agent_(span("married",122,128),span("husband",161,167)).
start_(span("paid",382,385),span(20170101,314,317)).
amount_(span("paid",382,385),span(5322,388,391)).
purpose_(span("paid",382,385),span("make provisions for employees in case of sickness",398,413)).
patient_(span("paid",382,385),span("health insurance",398,413)).
beneficiary_(span("paid",382,385),span("Charlie",419,425)).
agent_(span("paid",382,385),span("Alice",320,324)).
start_(span("paid",335,338),span(20170101,314,317)).
agent_(span("paid",335,338),span("Alice",320,324)).
amount_(span("paid",335,338),span(9832,341,344)).
patient_(span("paid",335,338),span("retirement fund",353,367)).
beneficiary_(span("paid",335,338),span("Bob",373,375)).
start_(span("paid",260,263),span(20170101,305,308)).
agent_(span("paid",260,263),span("Alice",250,254)).
amount_(span("paid",260,263),span(45252,266,270)).
patient_(span("paid",260,263),span("Bob",275,277)).
purpose_(span("paid",260,263),span("work",283,286)).
agent_(span("maintains",61,69),span("Alice",55,59)).
patient_(span("maintains",61,69),span("house",73,77)).
purpose_(span("maintains",61,69),span("house",73,77)).
amount_(span("maintains",61,69),span(1,61,69)).
agent_(span("live",106,109),span("Alice",55,59)).
patient_(span("live",106,109),span("house",73,77)).
agent_(span("live",106,109),span("daughter",97,104)).
start_(span("live",106,109),span(20140101,49,52)).
start_(span("retired",453,459),span(20160101,469,472)).
agent_(span("retired",453,459),span("Charlie",419,425)).
start_(span("work",283,286),span(20170101,305,308)).
patient_(span("work",283,286),span("Alice",250,254)).
agent_(span("work",283,286),span("Bob",275,277)).
end_(span("work",283,286),span(20171231,305,308)).
2025-06-14 15:03:40,291 - INFO - Test query:
:- tax("Alice",2017,90683).
2025-06-14 15:03:40,291 - INFO - 
Generated Prolog code:
:- ['/Users/sophie/code/2025-mcm-llms-applied-in-law_context/data/sara_v3/statutes/prolog/utils.pl'].
:- ['/Users/sophie/code/2025-mcm-llms-applied-in-law_context/data/sara_v3/statutes/prolog/init.pl'].
:- [statutes/prolog/init].
start_(span("maintains",61,69),span(Day,43,52)) :- between(2014,2024,Year), first_day_year(Year,Day).
purpose_(span("paid",335,338),span("make provisions for employees in case of retirement",353,367)).
income_(span("income",23,28)).
payment_(span("maintains",61,69)).
daughter_(span("daughter",97,104)).
residence_(span("live",106,109)).
marriage_(span("married",122,128)).
death_(span("died",169,172)).
deduction_(span("deductions",228,237)).
payment_(span("paid",260,263)).
service_(span("work",283,286)).
payment_(span("paid",335,338)).
plan_(span("retirement fund",353,367)).
payment_(span("paid",382,385)).
plan_(span("health insurance",398,413)).
father_(span("father",443,448)).
retirement_(span("retired",458,464)).
patient_(span("daughter",97,104),span("Alice",55,59)).
agent_(span("daughter",97,104),span("daughter",97,104)).
agent_(span("died",169,172),span("husband",161,167)).
start_(span("died",169,172),span(20161123,177,190)).
agent_(span("deductions",228,237),span("Alice",202,206)).
amount_(span("deductions",228,237),span(17890,243,247)).
start_(span("deductions",228,237),span(20170101,196,199)).
patient_(span("father",443,448),span("Alice",435,439)).
agent_(span("father",443,448),span("Charlie",419,425)).
start_(span("income",23,28),span(20170101,3,6)).
agent_(span("income",23,28),span("Alice",9,13)).
amount_(span("income",23,28),span(310192,35,40)).
agent_(span("married",122,128),span("Alice",112,116)).
start_(span("married",122,128),span(20100114,136,149)).
agent_(span("married",122,128),span("husband",161,167)).
start_(span("paid",382,385),span(20170101,314,317)).
amount_(span("paid",382,385),span(5322,388,391)).
purpose_(span("paid",382,385),span("make provisions for employees in case of sickness",398,413)).
patient_(span("paid",382,385),span("health insurance",398,413)).
beneficiary_(span("paid",382,385),span("Charlie",419,425)).
agent_(span("paid",382,385),span("Alice",320,324)).
start_(span("paid",335,338),span(20170101,314,317)).
agent_(span("paid",335,338),span("Alice",320,324)).
amount_(span("paid",335,338),span(9832,341,344)).
patient_(span("paid",335,338),span("retirement fund",353,367)).
beneficiary_(span("paid",335,338),span("Bob",373,375)).
start_(span("paid",260,263),span(20170101,305,308)).
agent_(span("paid",260,263),span("Alice",250,254)).
amount_(span("paid",260,263),span(45252,266,270)).
patient_(span("paid",260,263),span("Bob",275,277)).
purpose_(span("paid",260,263),span("work",283,286)).
agent_(span("maintains",61,69),span("Alice",55,59)).
patient_(span("maintains",61,69),span("house",73,77)).
purpose_(span("maintains",61,69),span("house",73,77)).
amount_(span("maintains",61,69),span(1,61,69)).
agent_(span("live",106,109),span("Alice",55,59)).
patient_(span("live",106,109),span("house",73,77)).
agent_(span("live",106,109),span("daughter",97,104)).
start_(span("live",106,109),span(20140101,49,52)).
start_(span("retired",453,459),span(20160101,469,472)).
agent_(span("retired",453,459),span("Charlie",419,425)).
start_(span("work",283,286),span(20170101,305,308)).
patient_(span("work",283,286),span("Alice",250,254)).
agent_(span("work",283,286),span("Bob",275,277)).
end_(span("work",283,286),span(20171231,305,308)).
2025-06-14 15:03:40,291 - INFO - 
Query:
tax("Alice",2017,90683).
2025-06-14 15:03:40,432 - INFO - 
Query result: {'truth': True}
2025-06-14 15:03:40,432 - INFO - Result: correct

2025-06-14 15:03:40,432 - INFO - 
==================================================
Processing case: tax_case_21
==================================================
2025-06-14 15:03:40,432 - INFO - Facts:
:- [statutes/prolog/init].
bob_household_maintenance(Year,Event,Start_day,End_day) :-
    between(2004,2019,Year),
    atom_concat("furnished the costs ",Year,Event_name),
    Event = span(Event_name,128,136),
    first_day_year(Year,Start_day),
    last_day_year(Year,End_day).
payment_(Event) :- bob_household_maintenance(_,Event,_,_).
agent_(Event,span("Bob",124,126)) :- bob_household_maintenance(_,Event,_,_).
amount_(Event,span(1,138,140)) :- bob_household_maintenance(_,Event,_,_).
purpose_(Event,span("home",167,170)) :- bob_household_maintenance(_,Event,_,_).
start_(Event,span(Start_day,110,113)) :- bob_household_maintenance(_,Event,Start_day,_).
marriage_(span("married",18,24)).
son_(span("child",65,69)).
residence_(span("lived",201,205)).
marriage_(span("married",233,239)).
residence_(span("abode",332,336)).
residence_(span("Charlie's",365,373)).
income_(span("income",390,395)).
income_(span("income",433,438)).
joint_return_(span("joint return",473,484)).
agent_(span("income",390,395),span("Alice",376,380)).
start_(span("income",390,395),span(20180101,400,403)).
amount_(span("income",390,395),span(54232,410,414)).
agent_(span("income",433,438),span("Bob",421,423)).
amount_(span("income",433,438),span(43245,445,449)).
start_(span("income",433,438),span(20180101,400,403)).
agent_(span("joint return",473,484),span("Alice",452,456)).
agent_(span("joint return",473,484),span("Bob",462,464)).
start_(span("joint return",473,484),span(20180101,489,492)).
agent_(span("married",18,24),span("Alice",0,4)).
agent_(span("married",18,24),span("Bob",10,12)).
start_(span("married",18,24),span(19920203,29,41)).
agent_(span("married",233,239),span("Charlie",225,231)).
agent_(span("married",233,239),span("Dan",241,243)).
start_(span("married",233,239),span(20180214,248,261)).
end_(span("Charlie's",365,373),span(20181231,342,345)).
start_(span("Charlie's",365,373),span(20180101,342,345)).
agent_(span("Charlie's",365,373),span("Charlie",365,371)).
patient_(span("Charlie's",365,373),span("Charlie's",365,373)).
agent_(span("abode",332,336),span("Dan",307,309)).
patient_(span("abode",332,336),span("abode",323,327)).
end_(span("abode",332,336),span(20181231,342,345)).
start_(span("abode",332,336),span(20180101,342,345)).
start_(span("lived",201,205),span(20040101,110,113)).
end_(span("lived",201,205),span(20191231,118,121)).
patient_(span("lived",201,205),span("home",167,170)).
agent_(span("lived",201,205),span("Bob",185,187)).
agent_(span("lived",201,205),span("Charlie",193,199)).
agent_(span("lived",201,205),span("Alice",178,182)).
patient_(span("child",65,69),span("Alice",44,48)).
patient_(span("child",65,69),span("Bob",54,56)).
agent_(span("child",65,69),span("Charlie",72,78)).
start_(span("child",65,69),span(20001009,86,102)).
birth_(span("born",81,84)).
agent_(span("born",81,84),span("Charlie",72,78)).
start_(span("born",81,84),span(20001009,86,102)).
2025-06-14 15:03:40,433 - INFO - Test query:
:- tax("Alice",2018,15777).
2025-06-14 15:03:40,433 - INFO - 
Generated Prolog code:
:- ['/Users/sophie/code/2025-mcm-llms-applied-in-law_context/data/sara_v3/statutes/prolog/utils.pl'].
:- ['/Users/sophie/code/2025-mcm-llms-applied-in-law_context/data/sara_v3/statutes/prolog/init.pl'].
:- [statutes/prolog/init].
bob_household_maintenance(Year,Event,Start_day,End_day) :-
between(2004,2019,Year),
atom_concat("furnished the costs ",Year,Event_name),
Event = span(Event_name,128,136),
first_day_year(Year,Start_day),
last_day_year(Year,End_day).
payment_(Event) :- bob_household_maintenance(_,Event,_,_).
agent_(Event,span("Bob",124,126)) :- bob_household_maintenance(_,Event,_,_).
amount_(Event,span(1,138,140)) :- bob_household_maintenance(_,Event,_,_).
purpose_(Event,span("home",167,170)) :- bob_household_maintenance(_,Event,_,_).
start_(Event,span(Start_day,110,113)) :- bob_household_maintenance(_,Event,Start_day,_).
marriage_(span("married",18,24)).
son_(span("child",65,69)).
residence_(span("lived",201,205)).
marriage_(span("married",233,239)).
residence_(span("abode",332,336)).
residence_(span("Charlie's",365,373)).
income_(span("income",390,395)).
income_(span("income",433,438)).
joint_return_(span("joint return",473,484)).
agent_(span("income",390,395),span("Alice",376,380)).
start_(span("income",390,395),span(20180101,400,403)).
amount_(span("income",390,395),span(54232,410,414)).
agent_(span("income",433,438),span("Bob",421,423)).
amount_(span("income",433,438),span(43245,445,449)).
start_(span("income",433,438),span(20180101,400,403)).
agent_(span("joint return",473,484),span("Alice",452,456)).
agent_(span("joint return",473,484),span("Bob",462,464)).
start_(span("joint return",473,484),span(20180101,489,492)).
agent_(span("married",18,24),span("Alice",0,4)).
agent_(span("married",18,24),span("Bob",10,12)).
start_(span("married",18,24),span(19920203,29,41)).
agent_(span("married",233,239),span("Charlie",225,231)).
agent_(span("married",233,239),span("Dan",241,243)).
start_(span("married",233,239),span(20180214,248,261)).
end_(span("Charlie's",365,373),span(20181231,342,345)).
start_(span("Charlie's",365,373),span(20180101,342,345)).
agent_(span("Charlie's",365,373),span("Charlie",365,371)).
patient_(span("Charlie's",365,373),span("Charlie's",365,373)).
agent_(span("abode",332,336),span("Dan",307,309)).
patient_(span("abode",332,336),span("abode",323,327)).
end_(span("abode",332,336),span(20181231,342,345)).
start_(span("abode",332,336),span(20180101,342,345)).
start_(span("lived",201,205),span(20040101,110,113)).
end_(span("lived",201,205),span(20191231,118,121)).
patient_(span("lived",201,205),span("home",167,170)).
agent_(span("lived",201,205),span("Bob",185,187)).
agent_(span("lived",201,205),span("Charlie",193,199)).
agent_(span("lived",201,205),span("Alice",178,182)).
patient_(span("child",65,69),span("Alice",44,48)).
patient_(span("child",65,69),span("Bob",54,56)).
agent_(span("child",65,69),span("Charlie",72,78)).
start_(span("child",65,69),span(20001009,86,102)).
birth_(span("born",81,84)).
agent_(span("born",81,84),span("Charlie",72,78)).
start_(span("born",81,84),span(20001009,86,102)).
2025-06-14 15:03:40,433 - INFO - 
Query:
tax("Alice",2018,15777).
2025-06-14 15:03:40,588 - INFO - 
Query result: {'truth': True}
2025-06-14 15:03:40,588 - INFO - Result: correct

2025-06-14 15:03:40,588 - INFO - 
==================================================
Processing case: tax_case_22
==================================================
2025-06-14 15:03:40,588 - INFO - Facts:
:- [statutes/prolog/init].
son_(span("son",12,14)).
patient_(span("son",12,14),span("Alice",0,4)).
agent_(span("son",12,14),span("Bob",17,19)).
start_(span("son",12,14),span(20140131,35,52)).
birth_(span("born",30,33)).
agent_(span("born",30,33),span("Bob",17,19)).
start_(span("born",30,33),span(20140131,35,52)).
residence_(span("place",80,84)).
agent_(span("place",80,84),span("Alice",72,76)).
patient_(span("place",80,84),span("place",80,84)).
residence_(span("lived",63,67)).
patient_(span("lived",63,67),span("place",80,84)).
agent_(span("lived",63,67),span("Bob",17,19)).
payment_(span("Alice's",72,78)).
agent_(span("Alice's",72,78),span("Alice",72,76)).
purpose_(span("Alice's",72,78),span("place",80,84)).
amount_(span("Alice's",72,78),span(1,72,78)).
start_(span("Alice's",72,78),span(20170101,132,135)).
income_(span("income",112,117)).
agent_(span("income",112,117),span("Alice",98,102)).
start_(span("income",112,117),span(20170101,132,135)).
amount_(span("income",112,117),span(22895,141,145)).
2025-06-14 15:03:40,588 - INFO - Test query:
:- tax("Alice",2017,2174).
2025-06-14 15:03:40,588 - INFO - 
Generated Prolog code:
:- ['/Users/sophie/code/2025-mcm-llms-applied-in-law_context/data/sara_v3/statutes/prolog/utils.pl'].
:- ['/Users/sophie/code/2025-mcm-llms-applied-in-law_context/data/sara_v3/statutes/prolog/init.pl'].
:- [statutes/prolog/init].
son_(span("son",12,14)).
patient_(span("son",12,14),span("Alice",0,4)).
agent_(span("son",12,14),span("Bob",17,19)).
start_(span("son",12,14),span(20140131,35,52)).
birth_(span("born",30,33)).
agent_(span("born",30,33),span("Bob",17,19)).
start_(span("born",30,33),span(20140131,35,52)).
residence_(span("place",80,84)).
agent_(span("place",80,84),span("Alice",72,76)).
patient_(span("place",80,84),span("place",80,84)).
residence_(span("lived",63,67)).
patient_(span("lived",63,67),span("place",80,84)).
agent_(span("lived",63,67),span("Bob",17,19)).
payment_(span("Alice's",72,78)).
agent_(span("Alice's",72,78),span("Alice",72,76)).
purpose_(span("Alice's",72,78),span("place",80,84)).
amount_(span("Alice's",72,78),span(1,72,78)).
start_(span("Alice's",72,78),span(20170101,132,135)).
income_(span("income",112,117)).
agent_(span("income",112,117),span("Alice",98,102)).
start_(span("income",112,117),span(20170101,132,135)).
amount_(span("income",112,117),span(22895,141,145)).
2025-06-14 15:03:40,588 - INFO - 
Query:
tax("Alice",2017,2174).
2025-06-14 15:03:40,716 - INFO - 
Query result: {'truth': True}
2025-06-14 15:03:40,716 - INFO - Result: correct

2025-06-14 15:03:40,716 - INFO - 
==================================================
Processing case: tax_case_23
==================================================
2025-06-14 15:03:40,716 - INFO - Facts:
:- [statutes/prolog/init].
marriage_(span("married",18,24)).
death_(span("died",50,53)).
income_(span("income",97,102)).
income_(span("income",131,136)).
joint_return_(span("joint return",162,173)).
agent_(span("died",50,53),span("Alice",44,48)).
start_(span("died",50,53),span(20140709,58,71)).
agent_(span("income",97,102),span("Alice",83,87)).
amount_(span("income",97,102),span(55431,109,113)).
start_(span("income",97,102),span(20140101,77,80)).
agent_(span("income",131,136),span("Bob",119,121)).
amount_(span("income",131,136),span(64314,143,147)).
start_(span("income",131,136),span(20140101,77,80)).
agent_(span("joint return",162,173),span("Bob",150,152)).
agent_(span("joint return",162,173),span("Alice",191,195)).
start_(span("joint return",162,173),span(20140101,201,204)).
agent_(span("married",18,24),span("Alice",0,4)).
agent_(span("married",18,24),span("Bob",10,12)).
start_(span("married",18,24),span(19920203,29,41)).
2025-06-14 15:03:40,716 - INFO - Test query:
:- tax("Bob",2014,26549).
2025-06-14 15:03:40,716 - INFO - 
Generated Prolog code:
:- ['/Users/sophie/code/2025-mcm-llms-applied-in-law_context/data/sara_v3/statutes/prolog/utils.pl'].
:- ['/Users/sophie/code/2025-mcm-llms-applied-in-law_context/data/sara_v3/statutes/prolog/init.pl'].
:- [statutes/prolog/init].
marriage_(span("married",18,24)).
death_(span("died",50,53)).
income_(span("income",97,102)).
income_(span("income",131,136)).
joint_return_(span("joint return",162,173)).
agent_(span("died",50,53),span("Alice",44,48)).
start_(span("died",50,53),span(20140709,58,71)).
agent_(span("income",97,102),span("Alice",83,87)).
amount_(span("income",97,102),span(55431,109,113)).
start_(span("income",97,102),span(20140101,77,80)).
agent_(span("income",131,136),span("Bob",119,121)).
amount_(span("income",131,136),span(64314,143,147)).
start_(span("income",131,136),span(20140101,77,80)).
agent_(span("joint return",162,173),span("Bob",150,152)).
agent_(span("joint return",162,173),span("Alice",191,195)).
start_(span("joint return",162,173),span(20140101,201,204)).
agent_(span("married",18,24),span("Alice",0,4)).
agent_(span("married",18,24),span("Bob",10,12)).
start_(span("married",18,24),span(19920203,29,41)).
2025-06-14 15:03:40,716 - INFO - 
Query:
tax("Bob",2014,26549).
2025-06-14 15:03:40,849 - INFO - 
Query result: {'truth': True}
2025-06-14 15:03:40,849 - INFO - Result: correct

2025-06-14 15:03:40,849 - INFO - 
==================================================
Processing case: tax_case_24
==================================================
2025-06-14 15:03:40,849 - INFO - Facts:
:- [statutes/prolog/init].
marriage_(span("married",18,24)).
son_(span("son",56,58)).
death_(span("died",100,103)).
residence_(span("lived",153,157)).
payment_(span("maintained",170,179)).
income_(span("income",205,210)).
agent_(span("died",100,103),span("Bob",96,98)).
start_(span("died",100,103),span(20150315,108,123)).
agent_(span("income",205,210),span("Alice",191,195)).
start_(span("income",205,210),span(20170101,225,228)).
amount_(span("income",205,210),span(95129,234,238)).
agent_(span("married",18,24),span("Alice",0,4)).
agent_(span("married",18,24),span("Bob",10,12)).
start_(span("married",18,24),span(19941123,29,47)).
purpose_(span("maintained",170,179),span("house",164,168)).
agent_(span("maintained",170,179),span("Alice",184,188)).
amount_(span("maintained",170,179),span(1,170,179)).
start_(span("maintained",170,179),span(20170101,129,132)).
agent_(span("lived",153,157),span("Alice",135,139)).
agent_(span("lived",153,157),span("Charlie",145,151)).
patient_(span("lived",153,157),span("house",164,168)).
end_(span("lived",153,157),span(20171231,129,132)).
start_(span("lived",153,157),span(20170101,129,132)).
patient_(span("son",56,58),span("Alice",0,4)).
agent_(span("son",56,58),span("Charlie",60,66)).
start_(span("son",56,58),span(20000705,80,93)).
patient_(span("son",56,58),span("Bob",10,12)).
birth_(span("born",72,75)).
agent_(span("born",72,75),span("Charlie",60,66)).
start_(span("born",72,75),span(20000705,80,93)).
2025-06-14 15:03:40,849 - INFO - Test query:
:- tax("Alice",2017,19039).
2025-06-14 15:03:40,849 - INFO - 
Generated Prolog code:
:- ['/Users/sophie/code/2025-mcm-llms-applied-in-law_context/data/sara_v3/statutes/prolog/utils.pl'].
:- ['/Users/sophie/code/2025-mcm-llms-applied-in-law_context/data/sara_v3/statutes/prolog/init.pl'].
:- [statutes/prolog/init].
marriage_(span("married",18,24)).
son_(span("son",56,58)).
death_(span("died",100,103)).
residence_(span("lived",153,157)).
payment_(span("maintained",170,179)).
income_(span("income",205,210)).
agent_(span("died",100,103),span("Bob",96,98)).
start_(span("died",100,103),span(20150315,108,123)).
agent_(span("income",205,210),span("Alice",191,195)).
start_(span("income",205,210),span(20170101,225,228)).
amount_(span("income",205,210),span(95129,234,238)).
agent_(span("married",18,24),span("Alice",0,4)).
agent_(span("married",18,24),span("Bob",10,12)).
start_(span("married",18,24),span(19941123,29,47)).
purpose_(span("maintained",170,179),span("house",164,168)).
agent_(span("maintained",170,179),span("Alice",184,188)).
amount_(span("maintained",170,179),span(1,170,179)).
start_(span("maintained",170,179),span(20170101,129,132)).
agent_(span("lived",153,157),span("Alice",135,139)).
agent_(span("lived",153,157),span("Charlie",145,151)).
patient_(span("lived",153,157),span("house",164,168)).
end_(span("lived",153,157),span(20171231,129,132)).
start_(span("lived",153,157),span(20170101,129,132)).
patient_(span("son",56,58),span("Alice",0,4)).
agent_(span("son",56,58),span("Charlie",60,66)).
start_(span("son",56,58),span(20000705,80,93)).
patient_(span("son",56,58),span("Bob",10,12)).
birth_(span("born",72,75)).
agent_(span("born",72,75),span("Charlie",60,66)).
start_(span("born",72,75),span(20000705,80,93)).
2025-06-14 15:03:40,850 - INFO - 
Query:
tax("Alice",2017,19039).
2025-06-14 15:03:40,996 - INFO - 
Query result: {'truth': True}
2025-06-14 15:03:40,996 - INFO - Result: correct

2025-06-14 15:03:40,996 - INFO - 
==================================================
Processing case: tax_case_25
==================================================
2025-06-14 15:03:40,996 - INFO - Facts:
:- [statutes/prolog/init].
son_(span("son",29,31)).
marriage_(span("married",66,72)).
income_(span("Charlie's",115,123)).
income_(span("Alice's",103,109)).
residence_(span("abode",242,246)).
joint_return_(span("jointly",280,286)).
agent_(span("Charlie's",115,123),span("Charlie",115,121)).
agent_(span("Alice's",103,109),span("Alice",103,107)).
start_(span("Charlie's",115,123),span(20180101,142,145)).
start_(span("Alice's",103,109),span(20180101,142,145)).
amount_(span("Charlie's",115,123),span(414231,165,170)).
amount_(span("Alice's",103,109),span(324311,153,158)).
agent_(span("jointly",280,286),span("Alice",257,261)).
agent_(span("jointly",280,286),span("Charlie",267,273)).
start_(span("jointly",280,286),span(20180101,291,294)).
agent_(span("married",66,72),span("Alice",60,64)).
agent_(span("married",66,72),span("Charlie",74,80)).
start_(span("married",66,72),span(20180808,85,100)).
agent_(span("abode",242,246),span("Bob",193,195)).
agent_(span("abode",242,246),span("Charlie",201,207)).
patient_(span("abode",242,246),span("abode",242,246)).
end_(span("abode",242,246),span(20181231,251,254)).
start_(span("abode",242,246),span(20180101,251,254)).
agent_(span("abode",242,246),span("Alice",186,190)).
agent_(span("son",29,31),span("Bob",0,2)).
patient_(span("son",29,31),span("Charlie",7,13)).
patient_(span("son",29,31),span("Dorothy",19,25)).
start_(span("son",29,31),span(20150415,42,57)).
birth_(span("born",34,37)).
agent_(span("born",34,37),span("Bob",0,2)).
start_(span("born",34,37),span(20150415,42,57)).
2025-06-14 15:03:40,996 - INFO - Test query:
:- tax("Alice",2018,259487).
2025-06-14 15:03:40,997 - INFO - 
Generated Prolog code:
:- ['/Users/sophie/code/2025-mcm-llms-applied-in-law_context/data/sara_v3/statutes/prolog/utils.pl'].
:- ['/Users/sophie/code/2025-mcm-llms-applied-in-law_context/data/sara_v3/statutes/prolog/init.pl'].
:- [statutes/prolog/init].
son_(span("son",29,31)).
marriage_(span("married",66,72)).
income_(span("Charlie's",115,123)).
income_(span("Alice's",103,109)).
residence_(span("abode",242,246)).
joint_return_(span("jointly",280,286)).
agent_(span("Charlie's",115,123),span("Charlie",115,121)).
agent_(span("Alice's",103,109),span("Alice",103,107)).
start_(span("Charlie's",115,123),span(20180101,142,145)).
start_(span("Alice's",103,109),span(20180101,142,145)).
amount_(span("Charlie's",115,123),span(414231,165,170)).
amount_(span("Alice's",103,109),span(324311,153,158)).
agent_(span("jointly",280,286),span("Alice",257,261)).
agent_(span("jointly",280,286),span("Charlie",267,273)).
start_(span("jointly",280,286),span(20180101,291,294)).
agent_(span("married",66,72),span("Alice",60,64)).
agent_(span("married",66,72),span("Charlie",74,80)).
start_(span("married",66,72),span(20180808,85,100)).
agent_(span("abode",242,246),span("Bob",193,195)).
agent_(span("abode",242,246),span("Charlie",201,207)).
patient_(span("abode",242,246),span("abode",242,246)).
end_(span("abode",242,246),span(20181231,251,254)).
start_(span("abode",242,246),span(20180101,251,254)).
agent_(span("abode",242,246),span("Alice",186,190)).
agent_(span("son",29,31),span("Bob",0,2)).
patient_(span("son",29,31),span("Charlie",7,13)).
patient_(span("son",29,31),span("Dorothy",19,25)).
start_(span("son",29,31),span(20150415,42,57)).
birth_(span("born",34,37)).
agent_(span("born",34,37),span("Bob",0,2)).
start_(span("born",34,37),span(20150415,42,57)).
2025-06-14 15:03:40,997 - INFO - 
Query:
tax("Alice",2018,259487).
2025-06-14 15:03:41,134 - INFO - 
Query result: {'truth': True}
2025-06-14 15:03:41,134 - INFO - Result: correct

2025-06-14 15:03:41,134 - INFO - 
==================================================
Processing case: tax_case_26
==================================================
2025-06-14 15:03:41,134 - INFO - Facts:
:- [statutes/prolog/init].
service_(span("employed",6,13)).
patient_(span("employed",6,13),span("Alice",0,4)).
agent_(span("employed",6,13),span("Bob",15,17)).
start_(span("employed",6,13),span(20110101,24,36)).
end_(span("employed",6,13),span(20191010,41,52)).
payment_(span("paying",55,60)).
purpose_(span("paying",55,60),span("employed",6,13)).
amount_(span("paying",55,60),span(1513,67,70)).
start_(span("paying",55,60),span(20190101,75,78)).
patient_(span("paying",55,60),span("Bob",15,17)).
agent_(span("paying",55,60),span("Alice",140,144)).
disability_(span("disabled",118,125)).
start_(span("disabled",118,125),span(20191010,84,95)).
agent_(span("disabled",118,125),span("Bob",97,99)).
retirement_(span("retired",131,137)).
start_(span("retired",131,137),span(20191010,84,95)).
agent_(span("retired",131,137),span("Bob",97,99)).
reason_(span("retired",131,137),span("disability",217,226)).
payment_(span("paid",146,149)).
start_(span("paid",146,149),span(20191010,84,95)).
agent_(span("paid",146,149),span("Alice",140,144)).
patient_(span("paid",146,149),span("Bob",151,153)).
amount_(span("paid",146,149),span(298,156,158)).
purpose_(span("paid",146,149),span("terminate",179,187)).
termination_(span("terminate",179,187)).
patient_(span("terminate",179,187),span("employed",6,13)).
agent_(span("terminate",179,187),span("Alice",140,144)).
reason_(span("terminate",179,187),span("disability",217,226)).
income_(span("income",252,257)).
agent_(span("income",252,257),span("Alice",238,242)).
amount_(span("income",252,257),span(567192,264,269)).
start_(span("income",252,257),span(20190101,232,235)).
residence_(span("lived",287,291)).
start_(span("lived",287,291),span(20190101,275,278)).
end_(span("lived",287,291),span(20191231,275,278)).
agent_(span("lived",287,291),span("Alice",281,285)).
agent_(span("lived",287,291),span("Charlie",307,313)).
patient_(span("lived",287,291),span("house",333,337)).
father_(span("father",320,325)).
patient_(span("father",320,325),span("Alice",281,285)).
agent_(span("father",320,325),span("Charlie",307,313)).
payment_(span("maintains",348,356)).
start_(span("maintains",348,356),span(20190101,275,278)).
purpose_(span("maintains",348,356),span("house",333,337)).
amount_(span("maintains",348,356),span(1,348,356)).
agent_(span("maintains",348,356),span("Alice",281,285)).
2025-06-14 15:03:41,134 - INFO - Test query:
:- tax("Alice",2019,196056).
2025-06-14 15:03:41,134 - INFO - 
Generated Prolog code:
:- ['/Users/sophie/code/2025-mcm-llms-applied-in-law_context/data/sara_v3/statutes/prolog/utils.pl'].
:- ['/Users/sophie/code/2025-mcm-llms-applied-in-law_context/data/sara_v3/statutes/prolog/init.pl'].
:- [statutes/prolog/init].
service_(span("employed",6,13)).
patient_(span("employed",6,13),span("Alice",0,4)).
agent_(span("employed",6,13),span("Bob",15,17)).
start_(span("employed",6,13),span(20110101,24,36)).
end_(span("employed",6,13),span(20191010,41,52)).
payment_(span("paying",55,60)).
purpose_(span("paying",55,60),span("employed",6,13)).
amount_(span("paying",55,60),span(1513,67,70)).
start_(span("paying",55,60),span(20190101,75,78)).
patient_(span("paying",55,60),span("Bob",15,17)).
agent_(span("paying",55,60),span("Alice",140,144)).
disability_(span("disabled",118,125)).
start_(span("disabled",118,125),span(20191010,84,95)).
agent_(span("disabled",118,125),span("Bob",97,99)).
retirement_(span("retired",131,137)).
start_(span("retired",131,137),span(20191010,84,95)).
agent_(span("retired",131,137),span("Bob",97,99)).
reason_(span("retired",131,137),span("disability",217,226)).
payment_(span("paid",146,149)).
start_(span("paid",146,149),span(20191010,84,95)).
agent_(span("paid",146,149),span("Alice",140,144)).
patient_(span("paid",146,149),span("Bob",151,153)).
amount_(span("paid",146,149),span(298,156,158)).
purpose_(span("paid",146,149),span("terminate",179,187)).
termination_(span("terminate",179,187)).
patient_(span("terminate",179,187),span("employed",6,13)).
agent_(span("terminate",179,187),span("Alice",140,144)).
reason_(span("terminate",179,187),span("disability",217,226)).
income_(span("income",252,257)).
agent_(span("income",252,257),span("Alice",238,242)).
amount_(span("income",252,257),span(567192,264,269)).
start_(span("income",252,257),span(20190101,232,235)).
residence_(span("lived",287,291)).
start_(span("lived",287,291),span(20190101,275,278)).
end_(span("lived",287,291),span(20191231,275,278)).
agent_(span("lived",287,291),span("Alice",281,285)).
agent_(span("lived",287,291),span("Charlie",307,313)).
patient_(span("lived",287,291),span("house",333,337)).
father_(span("father",320,325)).
patient_(span("father",320,325),span("Alice",281,285)).
agent_(span("father",320,325),span("Charlie",307,313)).
payment_(span("maintains",348,356)).
start_(span("maintains",348,356),span(20190101,275,278)).
purpose_(span("maintains",348,356),span("house",333,337)).
amount_(span("maintains",348,356),span(1,348,356)).
agent_(span("maintains",348,356),span("Alice",281,285)).
2025-06-14 15:03:41,134 - INFO - 
Query:
tax("Alice",2019,196056).
2025-06-14 15:03:41,265 - INFO - 
Query result: {'truth': True}
2025-06-14 15:03:41,266 - INFO - Result: correct

2025-06-14 15:03:41,266 - INFO - 
==================================================
Processing case: tax_case_27
==================================================
2025-06-14 15:03:41,266 - INFO - Facts:
:- [statutes/prolog/init].
payment_(span("paid",19,22)).
father_(span("father",47,52)).
residence_(span("lived",101,105)).
payment_(span("maintained",129,138)).
agent_(span("father",47,52),span("Bob",32,34)).
patient_(span("father",47,52),span("Alice",39,43)).
start_(span("father",47,52),span(19780415,60,75)).
purpose_(span("maintained",129,138),span("house",112,116)).
agent_(span("maintained",129,138),span("Alice",123,127)).
amount_(span("maintained",129,138),span(1,129,138)).
start_(span("maintained",129,138),span(20170101,81,84)).
start_(span("paid",19,22),span(20170101,3,6)).
patient_(span("paid",19,22),span("Alice",9,13)).
amount_(span("paid",19,22),span(33200,25,29)).
agent_(span("lived",101,105),span("Alice",87,91)).
agent_(span("lived",101,105),span("Bob",97,99)).
patient_(span("lived",101,105),span("house",112,116)).
end_(span("lived",101,105),span(20171231,81,84)).
start_(span("lived",101,105),span(20170101,81,84)).
2025-06-14 15:03:41,266 - INFO - Test query:
:- tax("Alice",2017,3720).
2025-06-14 15:03:41,266 - INFO - 
Generated Prolog code:
:- ['/Users/sophie/code/2025-mcm-llms-applied-in-law_context/data/sara_v3/statutes/prolog/utils.pl'].
:- ['/Users/sophie/code/2025-mcm-llms-applied-in-law_context/data/sara_v3/statutes/prolog/init.pl'].
:- [statutes/prolog/init].
payment_(span("paid",19,22)).
father_(span("father",47,52)).
residence_(span("lived",101,105)).
payment_(span("maintained",129,138)).
agent_(span("father",47,52),span("Bob",32,34)).
patient_(span("father",47,52),span("Alice",39,43)).
start_(span("father",47,52),span(19780415,60,75)).
purpose_(span("maintained",129,138),span("house",112,116)).
agent_(span("maintained",129,138),span("Alice",123,127)).
amount_(span("maintained",129,138),span(1,129,138)).
start_(span("maintained",129,138),span(20170101,81,84)).
start_(span("paid",19,22),span(20170101,3,6)).
patient_(span("paid",19,22),span("Alice",9,13)).
amount_(span("paid",19,22),span(33200,25,29)).
agent_(span("lived",101,105),span("Alice",87,91)).
agent_(span("lived",101,105),span("Bob",97,99)).
patient_(span("lived",101,105),span("house",112,116)).
end_(span("lived",101,105),span(20171231,81,84)).
start_(span("lived",101,105),span(20170101,81,84)).
2025-06-14 15:03:41,266 - INFO - 
Query:
tax("Alice",2017,3720).
2025-06-14 15:03:41,402 - INFO - 
Query result: {'truth': True}
2025-06-14 15:03:41,402 - INFO - Result: correct

2025-06-14 15:03:41,402 - INFO - 
==================================================
Processing case: tax_case_29
==================================================
2025-06-14 15:03:41,402 - INFO - Facts:
:- [statutes/prolog/init.pl].
marriage_(span("married",15,21)).
joint_return_(span("joint return",60,71)).
income_(span("income",130,135)).
payment_(span("paid",177,180)).
service_(span("work",199,202)).
payment_(span("paid",251,254)).
plan_(span("retirement fund",269,283)).
payment_(span("paid",298,301)).
plan_(span("health insurance",314,329)).
father_(span("father",359,364)).
retirement_(span("retired",374,380)).
patient_(span("father",359,364),span("Alice",351,355)).
agent_(span("father",359,364),span("Charlie",335,341)).
agent_(span("income",130,135),span("Alice",99,103)).
start_(span("income",130,135),span(20160101,150,153)).
amount_(span("income",130,135),span(164612,159,164)).
agent_(span("joint return",60,71),span("Alice",46,50)).
agent_(span("joint return",60,71),span("spouse",82,87)).
start_(span("joint return",60,71),span(20160101,93,96)).
agent_(span("married",15,21),span("Alice",0,4)).
start_(span("married",15,21),span(20150404,29,43)).
agent_(span("married",15,21),span("spouse",82,87)).
purpose_(span("paid",298,301),span("make provisions for employees in case of sickness",314,329)).
amount_(span("paid",298,301),span(5322,304,307)).
patient_(span("paid",298,301),span("health insurance",314,329)).
beneficiary_(span("paid",298,301),span("Charlie",335,341)).
agent_(span("paid",298,301),span("Alice",236,240)).
start_(span("paid",298,301),span(20160101,230,233)).
start_(span("paid",251,254),span(20160101,230,233)).
agent_(span("paid",251,254),span("Alice",236,240)).
amount_(span("paid",251,254),span(9832,257,260)).
patient_(span("paid",251,254),span("retirement fund",269,283)).
purpose_(span("paid",251,254),span("make provisions for employees in case of retirement",269,283)).
beneficiary_(span("paid",251,254),span("Bob",289,291)).
agent_(span("paid",177,180),span("Alice",167,171)).
amount_(span("paid",177,180),span(4525,183,186)).
patient_(span("paid",177,180),span("Bob",191,193)).
purpose_(span("paid",177,180),span("work",199,202)).
start_(span("paid",177,180),span(20160101,221,224)).
start_(span("retired",374,380),span(20160101,385,388)).
agent_(span("retired",374,380),span("Charlie",335,341)).
patient_(span("work",199,202),span("Alice",167,171)).
agent_(span("work",199,202),span("Bob",191,193)).
end_(span("work",199,202),span(20161231,221,224)).
start_(span("work",199,202),span(20160101,221,224)).
2025-06-14 15:03:41,403 - INFO - Test query:
:- tax("Alice",2016,40741).
2025-06-14 15:03:41,403 - INFO - 
Generated Prolog code:
:- ['/Users/sophie/code/2025-mcm-llms-applied-in-law_context/data/sara_v3/statutes/prolog/utils.pl'].
:- ['/Users/sophie/code/2025-mcm-llms-applied-in-law_context/data/sara_v3/statutes/prolog/init.pl'].
:- [statutes/prolog/init.pl].
marriage_(span("married",15,21)).
joint_return_(span("joint return",60,71)).
income_(span("income",130,135)).
payment_(span("paid",177,180)).
service_(span("work",199,202)).
payment_(span("paid",251,254)).
plan_(span("retirement fund",269,283)).
payment_(span("paid",298,301)).
plan_(span("health insurance",314,329)).
father_(span("father",359,364)).
retirement_(span("retired",374,380)).
patient_(span("father",359,364),span("Alice",351,355)).
agent_(span("father",359,364),span("Charlie",335,341)).
agent_(span("income",130,135),span("Alice",99,103)).
start_(span("income",130,135),span(20160101,150,153)).
amount_(span("income",130,135),span(164612,159,164)).
agent_(span("joint return",60,71),span("Alice",46,50)).
agent_(span("joint return",60,71),span("spouse",82,87)).
start_(span("joint return",60,71),span(20160101,93,96)).
agent_(span("married",15,21),span("Alice",0,4)).
start_(span("married",15,21),span(20150404,29,43)).
agent_(span("married",15,21),span("spouse",82,87)).
purpose_(span("paid",298,301),span("make provisions for employees in case of sickness",314,329)).
amount_(span("paid",298,301),span(5322,304,307)).
patient_(span("paid",298,301),span("health insurance",314,329)).
beneficiary_(span("paid",298,301),span("Charlie",335,341)).
agent_(span("paid",298,301),span("Alice",236,240)).
start_(span("paid",298,301),span(20160101,230,233)).
start_(span("paid",251,254),span(20160101,230,233)).
agent_(span("paid",251,254),span("Alice",236,240)).
amount_(span("paid",251,254),span(9832,257,260)).
patient_(span("paid",251,254),span("retirement fund",269,283)).
purpose_(span("paid",251,254),span("make provisions for employees in case of retirement",269,283)).
beneficiary_(span("paid",251,254),span("Bob",289,291)).
agent_(span("paid",177,180),span("Alice",167,171)).
amount_(span("paid",177,180),span(4525,183,186)).
patient_(span("paid",177,180),span("Bob",191,193)).
purpose_(span("paid",177,180),span("work",199,202)).
start_(span("paid",177,180),span(20160101,221,224)).
start_(span("retired",374,380),span(20160101,385,388)).
agent_(span("retired",374,380),span("Charlie",335,341)).
patient_(span("work",199,202),span("Alice",167,171)).
agent_(span("work",199,202),span("Bob",191,193)).
end_(span("work",199,202),span(20161231,221,224)).
start_(span("work",199,202),span(20160101,221,224)).
2025-06-14 15:03:41,403 - INFO - 
Query:
tax("Alice",2016,40741).
2025-06-14 15:03:41,542 - INFO - 
Query result: {'truth': True}
2025-06-14 15:03:41,542 - INFO - Result: correct

2025-06-14 15:03:41,543 - INFO - 
==================================================
Processing case: tax_case_3
==================================================
2025-06-14 15:03:41,543 - INFO - Facts:
:- [statutes/prolog/init].
income_(span("income",23,28)).
marriage_(span("married",66,72)).
blindness_(span("blind",110,114)).
joint_return_(span("jointly",158,164)).
residence_(span("abode",298,302)).
agent_(span("blind",110,114),span("Alice",95,99)).
start_(span("blind",110,114),span(20131004,122,136)).
start_(span("income",23,28),span(20170101,3,6)).
agent_(span("income",23,28),span("Alice",9,13)).
amount_(span("income",23,28),span(33200,35,39)).
agent_(span("jointly",158,164),span("Alice",139,143)).
agent_(span("jointly",158,164),span("Bob",149,151)).
start_(span("jointly",158,164),span(20170101,169,172)).
agent_(span("married",66,72),span("Alice",42,46)).
agent_(span("married",66,72),span("Bob",52,54)).
start_(span("married",66,72),span(20170203,80,92)).
agent_(span("abode",298,302),span("Alice",251,255)).
agent_(span("abode",298,302),span("Bob",261,263)).
patient_(span("abode",298,302),span("place",289,293)).
start_(span("abode",298,302),span(20170101,309,312)).
end_(span("abode",298,302),span(20201231,317,320)).
2025-06-14 15:03:41,543 - INFO - Test query:
:- tax("Alice",2017,3390).
2025-06-14 15:03:41,543 - INFO - 
Generated Prolog code:
:- ['/Users/sophie/code/2025-mcm-llms-applied-in-law_context/data/sara_v3/statutes/prolog/utils.pl'].
:- ['/Users/sophie/code/2025-mcm-llms-applied-in-law_context/data/sara_v3/statutes/prolog/init.pl'].
:- [statutes/prolog/init].
income_(span("income",23,28)).
marriage_(span("married",66,72)).
blindness_(span("blind",110,114)).
joint_return_(span("jointly",158,164)).
residence_(span("abode",298,302)).
agent_(span("blind",110,114),span("Alice",95,99)).
start_(span("blind",110,114),span(20131004,122,136)).
start_(span("income",23,28),span(20170101,3,6)).
agent_(span("income",23,28),span("Alice",9,13)).
amount_(span("income",23,28),span(33200,35,39)).
agent_(span("jointly",158,164),span("Alice",139,143)).
agent_(span("jointly",158,164),span("Bob",149,151)).
start_(span("jointly",158,164),span(20170101,169,172)).
agent_(span("married",66,72),span("Alice",42,46)).
agent_(span("married",66,72),span("Bob",52,54)).
start_(span("married",66,72),span(20170203,80,92)).
agent_(span("abode",298,302),span("Alice",251,255)).
agent_(span("abode",298,302),span("Bob",261,263)).
patient_(span("abode",298,302),span("place",289,293)).
start_(span("abode",298,302),span(20170101,309,312)).
end_(span("abode",298,302),span(20201231,317,320)).
2025-06-14 15:03:41,543 - INFO - 
Query:
tax("Alice",2017,3390).
2025-06-14 15:03:41,682 - INFO - 
Query result: {'truth': True}
2025-06-14 15:03:41,683 - INFO - Result: correct

2025-06-14 15:03:41,683 - INFO - 
==================================================
Processing case: tax_case_32
==================================================
2025-06-14 15:03:41,683 - INFO - Facts:
:- [statutes/prolog/init].
income_(span("income",14,19)).
service_(span("employed",53,60)).
payment_(span("paid",109,112)).
retirement_(span("retired",153,159)).
payment_(span("paid",194,197)).
agent_(span("income",14,19),span("Alice",0,4)).
start_(span("income",14,19),span(20190101,24,27)).
amount_(span("income",14,19),span(5723215,34,40)).
purpose_(span("paid",194,197),span("employed",53,60)).
start_(span("paid",194,197),span(20190209,88,100)).
agent_(span("paid",194,197),span("Alice",188,192)).
patient_(span("paid",194,197),span("Bob",199,201)).
amount_(span("paid",194,197),span(12980,204,208)).
purpose_(span("paid",109,112),span("employed",53,60)).
agent_(span("paid",109,112),span("Alice",103,107)).
patient_(span("paid",109,112),span("Bob",114,116)).
amount_(span("paid",109,112),span(3255,119,122)).
start_(span("paid",109,112),span(20190101,127,130)).
start_(span("retired",153,159),span(20190209,88,100)).
agent_(span("retired",153,159),span("Bob",149,151)).
reason_(span("retired",153,159),span("reached age 65",172,185)).
patient_(span("employed",53,60),span("Alice",43,47)).
agent_(span("employed",53,60),span("Bob",62,64)).
start_(span("employed",53,60),span(20110101,71,83)).
end_(span("employed",53,60),span(20191010,136,147)).
2025-06-14 15:03:41,683 - INFO - Test query:
:- tax("Alice",2019,2242833).
2025-06-14 15:03:41,683 - INFO - 
Generated Prolog code:
:- ['/Users/sophie/code/2025-mcm-llms-applied-in-law_context/data/sara_v3/statutes/prolog/utils.pl'].
:- ['/Users/sophie/code/2025-mcm-llms-applied-in-law_context/data/sara_v3/statutes/prolog/init.pl'].
:- [statutes/prolog/init].
income_(span("income",14,19)).
service_(span("employed",53,60)).
payment_(span("paid",109,112)).
retirement_(span("retired",153,159)).
payment_(span("paid",194,197)).
agent_(span("income",14,19),span("Alice",0,4)).
start_(span("income",14,19),span(20190101,24,27)).
amount_(span("income",14,19),span(5723215,34,40)).
purpose_(span("paid",194,197),span("employed",53,60)).
start_(span("paid",194,197),span(20190209,88,100)).
agent_(span("paid",194,197),span("Alice",188,192)).
patient_(span("paid",194,197),span("Bob",199,201)).
amount_(span("paid",194,197),span(12980,204,208)).
purpose_(span("paid",109,112),span("employed",53,60)).
agent_(span("paid",109,112),span("Alice",103,107)).
patient_(span("paid",109,112),span("Bob",114,116)).
amount_(span("paid",109,112),span(3255,119,122)).
start_(span("paid",109,112),span(20190101,127,130)).
start_(span("retired",153,159),span(20190209,88,100)).
agent_(span("retired",153,159),span("Bob",149,151)).
reason_(span("retired",153,159),span("reached age 65",172,185)).
patient_(span("employed",53,60),span("Alice",43,47)).
agent_(span("employed",53,60),span("Bob",62,64)).
start_(span("employed",53,60),span(20110101,71,83)).
end_(span("employed",53,60),span(20191010,136,147)).
2025-06-14 15:03:41,683 - INFO - 
Query:
tax("Alice",2019,2242833).
2025-06-14 15:03:41,827 - INFO - 
Query result: {'truth': True}
2025-06-14 15:03:41,827 - INFO - Result: correct

2025-06-14 15:03:41,827 - INFO - 
==================================================
Processing case: tax_case_33
==================================================
2025-06-14 15:03:41,827 - INFO - Facts:
:- [statutes/prolog/init].
service_(span(Service_event,70,78)) :-
    between(1,87,Employee_id),
    atom_concat('workforalice_2015_',Employee_id,Service_event).
agent_(span(Service_event,70,78),span(Employee,70,78)) :-
    split_event_name(Service_event,X,Y,Z),
    double_equal(X, "workforalice"),
    double_equal(Y, "2015"),
    atom_concat('employee_2015_',Z,Employee).
patient_(span(Service_event,70,78),span("Alice",44,48)) :-
    split_event_name(Service_event,X,_,_),
    double_equal(X, "workforalice").
patient_(span(Service_event,135,143),span("Alice",109,113)) :-
    split_event_name(Service_event,X,_,_),
    double_equal(X, "workforalice").
start_(span(Service_event,70,78),span(20150101,103,106)) :-
    split_event_name(Service_event,X,Y,_),
    double_equal(X, "workforalice"),
    double_equal(Y, "2015").
end_(span(Service_event,70,78),span(20151231,103,106)) :-
    split_event_name(Service_event,X,Y,_),
    double_equal(X, "workforalice"),
    double_equal(Y, "2015").
payment_(span(Payment_event,50,53)) :-
    between(1,87,Employee_id),
    atom_concat('payment_2015_',Employee_id,Payment_event).
agent_(span(Payment_event,50,53),span("Alice",44,48)) :-
    split_event_name(Payment_event,X,_,_),
    double_equal(X, "payment"). 
agent_(span(Payment_event,115,118),span("Alice",109,113)) :-
    split_event_name(Payment_event,X,_,_),
    double_equal(X, "payment"). 
purpose_(span(Payment_event,_,_),span(Service_event,_,_)) :-
    split_event_name(Payment_event,Xp,Yp,Zp),
    split_event_name(Service_event,Xs,Ys,Zs),
    double_equal(Xp, "payment"),
    double_equal(Xs, "workforalice"),
    double_equal(Yp, Ys),
    double_equal(Zp, Zs).
amount_(span(Payment_event,_,_),span(5207,81,84)) :-
    split_event_name(Payment_event,X,Y,_),
    double_equal(X, "payment"),
    double_equal(Y, "2015").
patient_(span(Payment_event,_,_),span(Employee,70,78)) :-
    split_event_name(Payment_event,X,Y,Z),
    atom_number(Z,Employee_id),
    double_equal(X, "payment"),
    double_equal(Y, "2015"),
    between(1,87,Employee_id),
    atom_concat('employee_2015_',Z,Employee).
start_(span(Payment_event,50,53),span(20150101,103,106)) :-
    split_event_name(Payment_event,X,Y,_),
    double_equal(X, "payment"),
    double_equal(Y, "2015").
service_(span(Service_event,135,143)) :-
    between(1,70,Employee_id),
    atom_concat('workforalice_2016_',Employee_id,Service_event).
agent_(span(Service_event,_,_),span(Employee,135,143)) :-
    split_event_name(Service_event,X,Y,Z),
    double_equal(X, "workforalice"),
    double_equal(Y, "2016"), 
    atom_concat('employee_2016_',Z,Employee). 
start_(span(Service_event,_,_),span(20160101,168,171)) :-
    split_event_name(Service_event,X,Y,_),
    double_equal(X, "workforalice"),
    double_equal(Y, "2016").
end_(span(Service_event,_,_),span(20161231,168,171)) :-
    split_event_name(Service_event,X,Y,_),
    double_equal(X, "workforalice"),
    double_equal(Y, "2016").
payment_(span(Payment_event,115,118)) :-
    between(1,70,Employee_id),
    atom_concat('payment_2016_',Employee_id,Payment_event).
amount_(span(Payment_event,_,_),span(6341,146,149)) :-
    split_event_name(Payment_event,X,Y,_),
    double_equal(X, "payment"),
    double_equal(Y, "2016").
patient_(span(Payment_event,_,_),span(Employee,135,143)) :-
    split_event_name(Payment_event,X,Y,Z),
    atom_number(Z,Employee_id),
    double_equal(X, "payment"),
    double_equal(Y, "2016"),
    between(1,70,Employee_id),
    atom_concat('employee_2016_',Z,Employee).
start_(span(Payment_event,_,_),span(20161231,168,171)) :-
    split_event_name(Payment_event,X,Y,_),
    double_equal(X, "payment"),
    double_equal(Y, "2016").
marriage_(span("married",18,24)).
joint_return_(span("jointly",193,199)).
agent_(span("jointly",193,199),span("Alice",174,178)).
agent_(span("jointly",193,199),span("Bob",184,186)).
end_(span("jointly",193,199),span(20151231,204,207)).
start_(span("jointly",193,199),span(20150101,204,207)).
agent_(span("married",18,24),span("Alice",0,4)).
agent_(span("married",18,24),span("Bob",10,12)).
start_(span("married",18,24),span(19920203,29,41)).
2025-06-14 15:03:41,827 - INFO - Test query:
:- tax("Alice",2015,27181).
2025-06-14 15:03:41,828 - INFO - 
Generated Prolog code:
:- ['/Users/sophie/code/2025-mcm-llms-applied-in-law_context/data/sara_v3/statutes/prolog/utils.pl'].
:- ['/Users/sophie/code/2025-mcm-llms-applied-in-law_context/data/sara_v3/statutes/prolog/init.pl'].
:- [statutes/prolog/init].
service_(span(Service_event,70,78)) :-
between(1,87,Employee_id),
atom_concat('workforalice_2015_',Employee_id,Service_event).
agent_(span(Service_event,70,78),span(Employee,70,78)) :-
split_event_name(Service_event,X,Y,Z),
double_equal(X, "workforalice"),
double_equal(Y, "2015"),
atom_concat('employee_2015_',Z,Employee).
patient_(span(Service_event,70,78),span("Alice",44,48)) :-
split_event_name(Service_event,X,_,_),
double_equal(X, "workforalice").
patient_(span(Service_event,135,143),span("Alice",109,113)) :-
split_event_name(Service_event,X,_,_),
double_equal(X, "workforalice").
start_(span(Service_event,70,78),span(20150101,103,106)) :-
split_event_name(Service_event,X,Y,_),
double_equal(X, "workforalice"),
double_equal(Y, "2015").
end_(span(Service_event,70,78),span(20151231,103,106)) :-
split_event_name(Service_event,X,Y,_),
double_equal(X, "workforalice"),
double_equal(Y, "2015").
payment_(span(Payment_event,50,53)) :-
between(1,87,Employee_id),
atom_concat('payment_2015_',Employee_id,Payment_event).
agent_(span(Payment_event,50,53),span("Alice",44,48)) :-
split_event_name(Payment_event,X,_,_),
double_equal(X, "payment").
agent_(span(Payment_event,115,118),span("Alice",109,113)) :-
split_event_name(Payment_event,X,_,_),
double_equal(X, "payment").
purpose_(span(Payment_event,_,_),span(Service_event,_,_)) :-
split_event_name(Payment_event,Xp,Yp,Zp),
split_event_name(Service_event,Xs,Ys,Zs),
double_equal(Xp, "payment"),
double_equal(Xs, "workforalice"),
double_equal(Yp, Ys),
double_equal(Zp, Zs).
amount_(span(Payment_event,_,_),span(5207,81,84)) :-
split_event_name(Payment_event,X,Y,_),
double_equal(X, "payment"),
double_equal(Y, "2015").
patient_(span(Payment_event,_,_),span(Employee,70,78)) :-
split_event_name(Payment_event,X,Y,Z),
atom_number(Z,Employee_id),
double_equal(X, "payment"),
double_equal(Y, "2015"),
between(1,87,Employee_id),
atom_concat('employee_2015_',Z,Employee).
start_(span(Payment_event,50,53),span(20150101,103,106)) :-
split_event_name(Payment_event,X,Y,_),
double_equal(X, "payment"),
double_equal(Y, "2015").
service_(span(Service_event,135,143)) :-
between(1,70,Employee_id),
atom_concat('workforalice_2016_',Employee_id,Service_event).
agent_(span(Service_event,_,_),span(Employee,135,143)) :-
split_event_name(Service_event,X,Y,Z),
double_equal(X, "workforalice"),
double_equal(Y, "2016"),
atom_concat('employee_2016_',Z,Employee).
start_(span(Service_event,_,_),span(20160101,168,171)) :-
split_event_name(Service_event,X,Y,_),
double_equal(X, "workforalice"),
double_equal(Y, "2016").
end_(span(Service_event,_,_),span(20161231,168,171)) :-
split_event_name(Service_event,X,Y,_),
double_equal(X, "workforalice"),
double_equal(Y, "2016").
payment_(span(Payment_event,115,118)) :-
between(1,70,Employee_id),
atom_concat('payment_2016_',Employee_id,Payment_event).
amount_(span(Payment_event,_,_),span(6341,146,149)) :-
split_event_name(Payment_event,X,Y,_),
double_equal(X, "payment"),
double_equal(Y, "2016").
patient_(span(Payment_event,_,_),span(Employee,135,143)) :-
split_event_name(Payment_event,X,Y,Z),
atom_number(Z,Employee_id),
double_equal(X, "payment"),
double_equal(Y, "2016"),
between(1,70,Employee_id),
atom_concat('employee_2016_',Z,Employee).
start_(span(Payment_event,_,_),span(20161231,168,171)) :-
split_event_name(Payment_event,X,Y,_),
double_equal(X, "payment"),
double_equal(Y, "2016").
marriage_(span("married",18,24)).
joint_return_(span("jointly",193,199)).
agent_(span("jointly",193,199),span("Alice",174,178)).
agent_(span("jointly",193,199),span("Bob",184,186)).
end_(span("jointly",193,199),span(20151231,204,207)).
start_(span("jointly",193,199),span(20150101,204,207)).
agent_(span("married",18,24),span("Alice",0,4)).
agent_(span("married",18,24),span("Bob",10,12)).
start_(span("married",18,24),span(19920203,29,41)).
2025-06-14 15:03:41,828 - INFO - 
Query:
tax("Alice",2015,27181).
2025-06-14 15:03:42,452 - INFO - 
Query result: {'truth': True}
2025-06-14 15:03:42,453 - INFO - Result: correct

2025-06-14 15:03:42,453 - INFO - 
==================================================
Processing case: tax_case_35
==================================================
2025-06-14 15:03:42,453 - INFO - Facts:
:- [statutes/prolog/init].
income_(span("income",14,19)).
son_(span("son",107,109)).
residence_(span("abode",153,157)).
agent_(span("income",14,19),span("Alice",0,4)).
start_(span("income",14,19),span(20170101,34,37)).
amount_(span("income",14,19),span(22895,43,47)).
agent_(span("abode",153,157),span("Alice",95,99)).
agent_(span("abode",153,157),span("Bob",112,114)).
patient_(span("abode",153,157),span("place",144,148)).
start_(span("abode",153,157),span(20170101,169,172)).
patient_(span("son",107,109),span("Alice",95,99)).
agent_(span("son",107,109),span("Bob",112,114)).
2025-06-14 15:03:42,453 - INFO - Test query:
:- tax("Alice",2017,2384).
2025-06-14 15:03:42,453 - INFO - 
Generated Prolog code:
:- ['/Users/sophie/code/2025-mcm-llms-applied-in-law_context/data/sara_v3/statutes/prolog/utils.pl'].
:- ['/Users/sophie/code/2025-mcm-llms-applied-in-law_context/data/sara_v3/statutes/prolog/init.pl'].
:- [statutes/prolog/init].
income_(span("income",14,19)).
son_(span("son",107,109)).
residence_(span("abode",153,157)).
agent_(span("income",14,19),span("Alice",0,4)).
start_(span("income",14,19),span(20170101,34,37)).
amount_(span("income",14,19),span(22895,43,47)).
agent_(span("abode",153,157),span("Alice",95,99)).
agent_(span("abode",153,157),span("Bob",112,114)).
patient_(span("abode",153,157),span("place",144,148)).
start_(span("abode",153,157),span(20170101,169,172)).
patient_(span("son",107,109),span("Alice",95,99)).
agent_(span("son",107,109),span("Bob",112,114)).
2025-06-14 15:03:42,453 - INFO - 
Query:
tax("Alice",2017,2384).
2025-06-14 15:03:42,577 - INFO - 
Query result: {'truth': True}
2025-06-14 15:03:42,577 - INFO - Result: correct

2025-06-14 15:03:42,577 - INFO - 
==================================================
Processing case: tax_case_36
==================================================
2025-06-14 15:03:42,578 - INFO - Facts:
:- [statutes/prolog/init.pl].
bob_household_maintenance(Year,Event,Start_day,End_day) :-
    between(2004,2019,Year),
    atom_concat("furnished the costs ",Year,Event),
    first_day_year(Year,Start_day),
    last_day_year(Year,End_day).
payment_(span(Event,128,136)) :- bob_household_maintenance(_,Event,_,_).
agent_(span(Event,128,136),span("Bob",124,126)) :- bob_household_maintenance(_,Event,_,_).
amount_(span(Event,128,136),span(1,138,140)) :- bob_household_maintenance(_,Event,_,_).
purpose_(span(Event,128,136),span("home",167,170)) :- bob_household_maintenance(_,Event,_,_).
start_(span(Event,128,136),span(Start_day,110,113)) :- bob_household_maintenance(_,Event,Start_day,_).
end_(span(Event,128,136),span(End_day,118,121)) :- bob_household_maintenance(_,Event,_,End_day).
marriage_(span("married",18,24)).
son_(span("child",65,69)).
residence_(span("lived",193,197)).
residence_(span("abode",277,281)).
payment_(span("paid",303,306)).
income_(span("income",326,331)).
birth_(span("born",355,358)).
agent_(span("born",355,358),span("Alice",345,349)).
start_(span("born",355,358),span(19500302,360,374)).
birth_(span("born",388,391)).
agent_(span("born",388,391),span("Bob",380,382)).
start_(span("born",388,391),span(19550303,393,407)).
joint_return_(span("file jointly",433,444)).
start_(span("income",326,331),span(20170101,287,290)).
agent_(span("income",326,331),span("Bob",320,322)).
amount_(span("income",326,331),span(32311,338,342)).
start_(span("file jointly",433,444),span(20170101,413,416)).
agent_(span("file jointly",433,444),span("Alice",419,423)).
agent_(span("file jointly",433,444),span("Bob",429,431)).
agent_(span("married",18,24),span("Alice",0,4)).
agent_(span("married",18,24),span("Bob",10,12)).
start_(span("married",18,24),span(19920203,29,41)).
start_(span("paid",303,306),span(20170101,287,290)).
patient_(span("paid",303,306),span("Alice",293,297)).
amount_(span("paid",303,306),span(33200,309,313)).
start_(span("lived",193,197),span(20040101,110,113)).
end_(span("lived",193,197),span(20191231,118,121)).
agent_(span("lived",193,197),span("Bob",124,126)).
patient_(span("lived",193,197),span("home",167,170)).
agent_(span("lived",193,197),span("Charlie",185,191)).
agent_(span("abode",277,281),span("Alice",236,240)).
start_(span("abode",277,281),span(20150101,222,225)).
end_(span("abode",277,281),span(20181231,230,233)).
patient_(span("abode",277,281),span("place",268,272)).
patient_(span("child",65,69),span("Alice",44,48)).
patient_(span("child",65,69),span("Bob",54,56)).
agent_(span("child",65,69),span("Charlie",72,78)).
start_(span("child",65,69),span(20001009,86,102)).
birth_(span("born",81,84)).
agent_(span("born",81,84),span("Charlie",72,78)).
start_(span("born",81,84),span(20001009,86,102)).
2025-06-14 15:03:42,578 - INFO - Test query:
:- tax("Alice",2017,10018).
2025-06-14 15:03:42,578 - INFO - 
Generated Prolog code:
:- ['/Users/sophie/code/2025-mcm-llms-applied-in-law_context/data/sara_v3/statutes/prolog/utils.pl'].
:- ['/Users/sophie/code/2025-mcm-llms-applied-in-law_context/data/sara_v3/statutes/prolog/init.pl'].
:- [statutes/prolog/init.pl].
bob_household_maintenance(Year,Event,Start_day,End_day) :-
between(2004,2019,Year),
atom_concat("furnished the costs ",Year,Event),
first_day_year(Year,Start_day),
last_day_year(Year,End_day).
payment_(span(Event,128,136)) :- bob_household_maintenance(_,Event,_,_).
agent_(span(Event,128,136),span("Bob",124,126)) :- bob_household_maintenance(_,Event,_,_).
amount_(span(Event,128,136),span(1,138,140)) :- bob_household_maintenance(_,Event,_,_).
purpose_(span(Event,128,136),span("home",167,170)) :- bob_household_maintenance(_,Event,_,_).
start_(span(Event,128,136),span(Start_day,110,113)) :- bob_household_maintenance(_,Event,Start_day,_).
end_(span(Event,128,136),span(End_day,118,121)) :- bob_household_maintenance(_,Event,_,End_day).
marriage_(span("married",18,24)).
son_(span("child",65,69)).
residence_(span("lived",193,197)).
residence_(span("abode",277,281)).
payment_(span("paid",303,306)).
income_(span("income",326,331)).
birth_(span("born",355,358)).
agent_(span("born",355,358),span("Alice",345,349)).
start_(span("born",355,358),span(19500302,360,374)).
birth_(span("born",388,391)).
agent_(span("born",388,391),span("Bob",380,382)).
start_(span("born",388,391),span(19550303,393,407)).
joint_return_(span("file jointly",433,444)).
start_(span("income",326,331),span(20170101,287,290)).
agent_(span("income",326,331),span("Bob",320,322)).
amount_(span("income",326,331),span(32311,338,342)).
start_(span("file jointly",433,444),span(20170101,413,416)).
agent_(span("file jointly",433,444),span("Alice",419,423)).
agent_(span("file jointly",433,444),span("Bob",429,431)).
agent_(span("married",18,24),span("Alice",0,4)).
agent_(span("married",18,24),span("Bob",10,12)).
start_(span("married",18,24),span(19920203,29,41)).
start_(span("paid",303,306),span(20170101,287,290)).
patient_(span("paid",303,306),span("Alice",293,297)).
amount_(span("paid",303,306),span(33200,309,313)).
start_(span("lived",193,197),span(20040101,110,113)).
end_(span("lived",193,197),span(20191231,118,121)).
agent_(span("lived",193,197),span("Bob",124,126)).
patient_(span("lived",193,197),span("home",167,170)).
agent_(span("lived",193,197),span("Charlie",185,191)).
agent_(span("abode",277,281),span("Alice",236,240)).
start_(span("abode",277,281),span(20150101,222,225)).
end_(span("abode",277,281),span(20181231,230,233)).
patient_(span("abode",277,281),span("place",268,272)).
patient_(span("child",65,69),span("Alice",44,48)).
patient_(span("child",65,69),span("Bob",54,56)).
agent_(span("child",65,69),span("Charlie",72,78)).
start_(span("child",65,69),span(20001009,86,102)).
birth_(span("born",81,84)).
agent_(span("born",81,84),span("Charlie",72,78)).
start_(span("born",81,84),span(20001009,86,102)).
2025-06-14 15:03:42,578 - INFO - 
Query:
tax("Alice",2017,10018).
2025-06-14 15:03:42,720 - INFO - 
Query result: {'truth': True}
2025-06-14 15:03:42,720 - INFO - Result: correct

2025-06-14 15:03:42,720 - INFO - 
==================================================
Processing case: tax_case_37
==================================================
2025-06-14 15:03:42,720 - INFO - Facts:
:- [statutes/prolog/init].
birth_(span("born",10,13)).
agent_(span("born",10,13),span("Alice",0,4)).
start_(span("born",10,13),span(19920110,15,32)).
birth_(span("born",43,46)).
agent_(span("born",43,46),span("Bob",35,37)).
start_(span("born",43,46),span(20140131,48,65)).
son_(span("adopted",74,80)).
patient_(span("adopted",74,80),span("Alice",68,72)).
agent_(span("adopted",74,80),span("Bob",82,84)).
start_(span("adopted",74,80),span(20180304,89,103)).
residence_(span("lived",117,121)).
start_(span("lived",117,121),span(20180101,100,103)).
agent_(span("lived",117,121),span("Bob",109,111)).
agent_(span("lived",117,121),span("Alice",128,132)).
patient_(span("lived",117,121),span("house",146,150)).
payment_(span("maintains",163,171)).
start_(span("maintains",163,171),span(20180101,100,103)).
purpose_(span("maintains",163,171),span("house",146,150)).
agent_(span("maintains",163,171),span("Alice",157,161)).
amount_(span("maintains",163,171),span(1,163,171)).
income_(span("income",188,193)).
agent_(span("income",188,193),span("Alice",174,178)).
start_(span("income",188,193),span(20180101,198,201)).
amount_(span("income",188,193),span(141177,208,213)).
2025-06-14 15:03:42,720 - INFO - Test query:
:- tax("Alice",2018,32045).
2025-06-14 15:03:42,720 - INFO - 
Generated Prolog code:
:- ['/Users/sophie/code/2025-mcm-llms-applied-in-law_context/data/sara_v3/statutes/prolog/utils.pl'].
:- ['/Users/sophie/code/2025-mcm-llms-applied-in-law_context/data/sara_v3/statutes/prolog/init.pl'].
:- [statutes/prolog/init].
birth_(span("born",10,13)).
agent_(span("born",10,13),span("Alice",0,4)).
start_(span("born",10,13),span(19920110,15,32)).
birth_(span("born",43,46)).
agent_(span("born",43,46),span("Bob",35,37)).
start_(span("born",43,46),span(20140131,48,65)).
son_(span("adopted",74,80)).
patient_(span("adopted",74,80),span("Alice",68,72)).
agent_(span("adopted",74,80),span("Bob",82,84)).
start_(span("adopted",74,80),span(20180304,89,103)).
residence_(span("lived",117,121)).
start_(span("lived",117,121),span(20180101,100,103)).
agent_(span("lived",117,121),span("Bob",109,111)).
agent_(span("lived",117,121),span("Alice",128,132)).
patient_(span("lived",117,121),span("house",146,150)).
payment_(span("maintains",163,171)).
start_(span("maintains",163,171),span(20180101,100,103)).
purpose_(span("maintains",163,171),span("house",146,150)).
agent_(span("maintains",163,171),span("Alice",157,161)).
amount_(span("maintains",163,171),span(1,163,171)).
income_(span("income",188,193)).
agent_(span("income",188,193),span("Alice",174,178)).
start_(span("income",188,193),span(20180101,198,201)).
amount_(span("income",188,193),span(141177,208,213)).
2025-06-14 15:03:42,720 - INFO - 
Query:
tax("Alice",2018,32045).
2025-06-14 15:03:42,858 - INFO - 
Query result: {'truth': True}
2025-06-14 15:03:42,858 - INFO - Result: correct

2025-06-14 15:03:42,858 - INFO - 
==================================================
Processing case: tax_case_38
==================================================
2025-06-14 15:03:42,858 - INFO - Facts:
:- [statutes/prolog/init].
marriage_(span("married",10,16)).
joint_return_(span("joint return",56,67)).
income_(span("income",126,131)).
deduction_(span("deductions",182,191)).
start_(span("deductions",182,191),span(20170101,146,149)).
agent_(span("deductions",182,191),span("Alice",163,167)).
amount_(span("deductions",182,191),span(23029,197,201)).
agent_(span("income",126,131),span("Alice",95,99)).
start_(span("income",126,131),span(20170101,146,149)).
amount_(span("income",126,131),span(684642,155,160)).
agent_(span("joint return",56,67),span("Alice",42,46)).
agent_(span("joint return",56,67),span("spouse",78,83)).
start_(span("joint return",56,67),span(20170101,89,92)).
agent_(span("married",10,16),span("Alice",0,4)).
start_(span("married",10,16),span(20171230,21,39)).
agent_(span("married",10,16),span("spouse",78,83)).
2025-06-14 15:03:42,858 - INFO - Test query:
:- tax("Alice",2017,243097).
2025-06-14 15:03:42,858 - INFO - 
Generated Prolog code:
:- ['/Users/sophie/code/2025-mcm-llms-applied-in-law_context/data/sara_v3/statutes/prolog/utils.pl'].
:- ['/Users/sophie/code/2025-mcm-llms-applied-in-law_context/data/sara_v3/statutes/prolog/init.pl'].
:- [statutes/prolog/init].
marriage_(span("married",10,16)).
joint_return_(span("joint return",56,67)).
income_(span("income",126,131)).
deduction_(span("deductions",182,191)).
start_(span("deductions",182,191),span(20170101,146,149)).
agent_(span("deductions",182,191),span("Alice",163,167)).
amount_(span("deductions",182,191),span(23029,197,201)).
agent_(span("income",126,131),span("Alice",95,99)).
start_(span("income",126,131),span(20170101,146,149)).
amount_(span("income",126,131),span(684642,155,160)).
agent_(span("joint return",56,67),span("Alice",42,46)).
agent_(span("joint return",56,67),span("spouse",78,83)).
start_(span("joint return",56,67),span(20170101,89,92)).
agent_(span("married",10,16),span("Alice",0,4)).
start_(span("married",10,16),span(20171230,21,39)).
agent_(span("married",10,16),span("spouse",78,83)).
2025-06-14 15:03:42,858 - INFO - 
Query:
tax("Alice",2017,243097).
2025-06-14 15:03:42,999 - INFO - 
Query result: {'truth': True}
2025-06-14 15:03:42,999 - INFO - Result: correct

2025-06-14 15:03:42,999 - INFO - 
==================================================
Processing case: tax_case_39
==================================================
2025-06-14 15:03:42,999 - INFO - Facts:
:- [statutes/prolog/init].
birth_(span("born",7,10)).
agent_(span("born",7,10),span("Alice",0,4)).
start_(span("born",7,10),span(19640607,12,22)).
birth_(span("born",41,44)).
agent_(span("born",41,44),span("Bob",36,38)).
start_(span("born",41,44),span(19880207,46,56)).
birth_(span("born",83,86)).
agent_(span("born",83,86),span("Charlie",74,80)).
start_(span("born",83,86),span(20140629,88,99)).
son_(span("son",31,33)).
son_(span("son",69,71)).
residence_(span("abode",158,162)).
income_(span("income",185,190)).
agent_(span("income",185,190),span("Bob",173,175)).
start_(span("income",185,190),span(20150101,195,198)).
amount_(span("income",185,190),span(43591,204,208)).
agent_(span("abode",158,162),span("Alice",102,106)).
agent_(span("abode",158,162),span("Bob",109,111)).
agent_(span("abode",158,162),span("Charlie",117,123)).
patient_(span("abode",158,162),span("place",149,153)).
end_(span("abode",158,162),span(20151231,167,170)).
start_(span("abode",158,162),span(20150101,167,170)).
patient_(span("son",31,33),span("Alice",0,4)).
agent_(span("son",31,33),span("Bob",36,38)).
start_(span("son",31,33),span(19880207,46,56)).
patient_(span("son",69,71),span("Bob",59,61)).
agent_(span("son",69,71),span("Charlie",74,80)).
start_(span("son",69,71),span(20140629,88,99)).
2025-06-14 15:03:42,999 - INFO - Test query:
:- tax("Bob",2015,6812).
2025-06-14 15:03:43,000 - INFO - 
Generated Prolog code:
:- ['/Users/sophie/code/2025-mcm-llms-applied-in-law_context/data/sara_v3/statutes/prolog/utils.pl'].
:- ['/Users/sophie/code/2025-mcm-llms-applied-in-law_context/data/sara_v3/statutes/prolog/init.pl'].
:- [statutes/prolog/init].
birth_(span("born",7,10)).
agent_(span("born",7,10),span("Alice",0,4)).
start_(span("born",7,10),span(19640607,12,22)).
birth_(span("born",41,44)).
agent_(span("born",41,44),span("Bob",36,38)).
start_(span("born",41,44),span(19880207,46,56)).
birth_(span("born",83,86)).
agent_(span("born",83,86),span("Charlie",74,80)).
start_(span("born",83,86),span(20140629,88,99)).
son_(span("son",31,33)).
son_(span("son",69,71)).
residence_(span("abode",158,162)).
income_(span("income",185,190)).
agent_(span("income",185,190),span("Bob",173,175)).
start_(span("income",185,190),span(20150101,195,198)).
amount_(span("income",185,190),span(43591,204,208)).
agent_(span("abode",158,162),span("Alice",102,106)).
agent_(span("abode",158,162),span("Bob",109,111)).
agent_(span("abode",158,162),span("Charlie",117,123)).
patient_(span("abode",158,162),span("place",149,153)).
end_(span("abode",158,162),span(20151231,167,170)).
start_(span("abode",158,162),span(20150101,167,170)).
patient_(span("son",31,33),span("Alice",0,4)).
agent_(span("son",31,33),span("Bob",36,38)).
start_(span("son",31,33),span(19880207,46,56)).
patient_(span("son",69,71),span("Bob",59,61)).
agent_(span("son",69,71),span("Charlie",74,80)).
start_(span("son",69,71),span(20140629,88,99)).
2025-06-14 15:03:43,000 - INFO - 
Query:
tax("Bob",2015,6812).
2025-06-14 15:03:43,149 - INFO - 
Query result: {'truth': True}
2025-06-14 15:03:43,149 - INFO - Result: correct

2025-06-14 15:03:43,149 - INFO - 
==================================================
Processing case: tax_case_4
==================================================
2025-06-14 15:03:43,149 - INFO - Facts:
:- [statutes/prolog/init].
payment_(span("paid",10,13)).
service_(span("service",41,47)).
payment_(span("paid",128,131)).
service_(span("work",152,155)).
agent_(span("paid",10,13),span("Alice",0,4)).
amount_(span("paid",10,13),span(3200,16,19)).
patient_(span("paid",10,13),span("Bob",24,26)).
purpose_(span("paid",10,13),span("service",41,47)).
start_(span("paid",10,13),span(20120901,76,88)).
start_(span("paid",128,131),span(20120901,76,88)).
agent_(span("paid",128,131),span("Bob",120,122)).
amount_(span("paid",128,131),span(4500,134,137)).
patient_(span("paid",128,131),span("Alice",142,146)).
purpose_(span("paid",128,131),span("work",152,155)).
patient_(span("service",41,47),span("Alice",0,4)).
agent_(span("service",41,47),span("Bob",24,26)).
purpose_(span("service",41,47),span("domestic service",32,47)).
start_(span("service",41,47),span(20120201,59,71)).
end_(span("service",41,47),span(20120901,76,88)).
location_(span("service",41,47),span("Baltimore, Maryland, USA",94,117)).
patient_(span("work",152,155),span("Bob",120,122)).
agent_(span("work",152,155),span("Alice",142,146)).
start_(span("work",152,155),span(20120331,167,180)).
end_(span("work",152,155),span(20121231,185,198)).
country_(span("Baltimore, Maryland, USA",94,117),span("USA",115,117)).
2025-06-14 15:03:43,150 - INFO - Test query:
:- tax("Alice",2012,192).
2025-06-14 15:03:43,150 - INFO - 
Generated Prolog code:
:- ['/Users/sophie/code/2025-mcm-llms-applied-in-law_context/data/sara_v3/statutes/prolog/utils.pl'].
:- ['/Users/sophie/code/2025-mcm-llms-applied-in-law_context/data/sara_v3/statutes/prolog/init.pl'].
:- [statutes/prolog/init].
payment_(span("paid",10,13)).
service_(span("service",41,47)).
payment_(span("paid",128,131)).
service_(span("work",152,155)).
agent_(span("paid",10,13),span("Alice",0,4)).
amount_(span("paid",10,13),span(3200,16,19)).
patient_(span("paid",10,13),span("Bob",24,26)).
purpose_(span("paid",10,13),span("service",41,47)).
start_(span("paid",10,13),span(20120901,76,88)).
start_(span("paid",128,131),span(20120901,76,88)).
agent_(span("paid",128,131),span("Bob",120,122)).
amount_(span("paid",128,131),span(4500,134,137)).
patient_(span("paid",128,131),span("Alice",142,146)).
purpose_(span("paid",128,131),span("work",152,155)).
patient_(span("service",41,47),span("Alice",0,4)).
agent_(span("service",41,47),span("Bob",24,26)).
purpose_(span("service",41,47),span("domestic service",32,47)).
start_(span("service",41,47),span(20120201,59,71)).
end_(span("service",41,47),span(20120901,76,88)).
location_(span("service",41,47),span("Baltimore, Maryland, USA",94,117)).
patient_(span("work",152,155),span("Bob",120,122)).
agent_(span("work",152,155),span("Alice",142,146)).
start_(span("work",152,155),span(20120331,167,180)).
end_(span("work",152,155),span(20121231,185,198)).
country_(span("Baltimore, Maryland, USA",94,117),span("USA",115,117)).
2025-06-14 15:03:43,150 - INFO - 
Query:
tax("Alice",2012,192).
2025-06-14 15:03:43,290 - INFO - 
Query result: {'truth': True}
2025-06-14 15:03:43,290 - INFO - Result: correct

2025-06-14 15:03:43,290 - INFO - 
==================================================
Processing case: tax_case_40
==================================================
2025-06-14 15:03:43,290 - INFO - Facts:
:- [statutes/prolog/init].
payment_(span("paid",10,13)).
father_(span("father",28,33)).
service_(span("work",43,46)).
marriage_(span("married",141,147)).
legal_separation_(span("separated",200,208)).
income_(span("income",275,280)).
patient_(span("father",28,33),span("Alice",0,4)).
agent_(span("father",28,33),span("Bob",35,37)).
agent_(span("income",275,280),span("Alice",261,265)).
start_(span("income",275,280),span(20170101,285,288)).
amount_(span("income",275,280),span(756420,295,300)).
patient_(span("separated",200,208),span("married",141,147)).
agent_(span("separated",200,208),span("decree of divorce",218,234)).
start_(span("separated",200,208),span(20170916,239,258)).
agent_(span("married",141,147),span("Alice",119,123)).
agent_(span("married",141,147),span("Charlie",129,135)).
start_(span("married",141,147),span(20120405,152,166)).
agent_(span("paid",10,13),span("Alice",0,4)).
amount_(span("paid",10,13),span(3200,16,19)).
patient_(span("paid",10,13),span("Bob",35,37)).
purpose_(span("paid",10,13),span("work",43,46)).
start_(span("paid",10,13),span(20170902,75,87)).
patient_(span("work",43,46),span("Alice",0,4)).
agent_(span("work",43,46),span("Bob",35,37)).
start_(span("work",43,46),span(20170201,58,70)).
end_(span("work",43,46),span(20170902,75,87)).
location_(span("work",43,46),span("Baltimore",93,101)).
location_(span("work",43,46),span("Maryland",104,111)).
location_(span("work",43,46),span("USA",114,116)).
2025-06-14 15:03:43,290 - INFO - Test query:
:- tax("Alice",2017,279126).
2025-06-14 15:03:43,290 - INFO - 
Generated Prolog code:
:- ['/Users/sophie/code/2025-mcm-llms-applied-in-law_context/data/sara_v3/statutes/prolog/utils.pl'].
:- ['/Users/sophie/code/2025-mcm-llms-applied-in-law_context/data/sara_v3/statutes/prolog/init.pl'].
:- [statutes/prolog/init].
payment_(span("paid",10,13)).
father_(span("father",28,33)).
service_(span("work",43,46)).
marriage_(span("married",141,147)).
legal_separation_(span("separated",200,208)).
income_(span("income",275,280)).
patient_(span("father",28,33),span("Alice",0,4)).
agent_(span("father",28,33),span("Bob",35,37)).
agent_(span("income",275,280),span("Alice",261,265)).
start_(span("income",275,280),span(20170101,285,288)).
amount_(span("income",275,280),span(756420,295,300)).
patient_(span("separated",200,208),span("married",141,147)).
agent_(span("separated",200,208),span("decree of divorce",218,234)).
start_(span("separated",200,208),span(20170916,239,258)).
agent_(span("married",141,147),span("Alice",119,123)).
agent_(span("married",141,147),span("Charlie",129,135)).
start_(span("married",141,147),span(20120405,152,166)).
agent_(span("paid",10,13),span("Alice",0,4)).
amount_(span("paid",10,13),span(3200,16,19)).
patient_(span("paid",10,13),span("Bob",35,37)).
purpose_(span("paid",10,13),span("work",43,46)).
start_(span("paid",10,13),span(20170902,75,87)).
patient_(span("work",43,46),span("Alice",0,4)).
agent_(span("work",43,46),span("Bob",35,37)).
start_(span("work",43,46),span(20170201,58,70)).
end_(span("work",43,46),span(20170902,75,87)).
location_(span("work",43,46),span("Baltimore",93,101)).
location_(span("work",43,46),span("Maryland",104,111)).
location_(span("work",43,46),span("USA",114,116)).
2025-06-14 15:03:43,290 - INFO - 
Query:
tax("Alice",2017,279126).
2025-06-14 15:03:43,468 - INFO - 
Query result: {'truth': True}
2025-06-14 15:03:43,468 - INFO - Result: correct

2025-06-14 15:03:43,468 - INFO - 
==================================================
Processing case: tax_case_41
==================================================
2025-06-14 15:03:43,468 - INFO - Facts:
:- [statutes/prolog/init].
marriage_(span("married",18,24)).
nonresident_alien_(span("nonresident alien",56,72)).
death_(span("died",100,103)).
income_(span("income",141,146)).
income_(span("income",180,185)).
agent_(span("died",100,103),span("Bob",96,98)).
start_(span("died",100,103),span(20170916,105,124)).
agent_(span("income",141,146),span("Alice",127,131)).
start_(span("income",141,146),span(20130101,151,154)).
amount_(span("income",141,146),span(71414,161,165)).
agent_(span("income",180,185),span("Bob",168,170)).
start_(span("income",180,185),span(20130101,190,193)).
amount_(span("income",180,185),span(56404,200,204)).
agent_(span("married",18,24),span("Alice",0,4)).
agent_(span("married",18,24),span("Bob",10,12)).
start_(span("married",18,24),span(19920203,29,41)).
agent_(span("nonresident alien",56,72),span("Alice",44,48)).
end_(span("nonresident alien",56,72),span(20140709,80,93)).
2025-06-14 15:03:43,468 - INFO - Test query:
:- tax("Alice",2013,17783).
2025-06-14 15:03:43,468 - INFO - 
Generated Prolog code:
:- ['/Users/sophie/code/2025-mcm-llms-applied-in-law_context/data/sara_v3/statutes/prolog/utils.pl'].
:- ['/Users/sophie/code/2025-mcm-llms-applied-in-law_context/data/sara_v3/statutes/prolog/init.pl'].
:- [statutes/prolog/init].
marriage_(span("married",18,24)).
nonresident_alien_(span("nonresident alien",56,72)).
death_(span("died",100,103)).
income_(span("income",141,146)).
income_(span("income",180,185)).
agent_(span("died",100,103),span("Bob",96,98)).
start_(span("died",100,103),span(20170916,105,124)).
agent_(span("income",141,146),span("Alice",127,131)).
start_(span("income",141,146),span(20130101,151,154)).
amount_(span("income",141,146),span(71414,161,165)).
agent_(span("income",180,185),span("Bob",168,170)).
start_(span("income",180,185),span(20130101,190,193)).
amount_(span("income",180,185),span(56404,200,204)).
agent_(span("married",18,24),span("Alice",0,4)).
agent_(span("married",18,24),span("Bob",10,12)).
start_(span("married",18,24),span(19920203,29,41)).
agent_(span("nonresident alien",56,72),span("Alice",44,48)).
end_(span("nonresident alien",56,72),span(20140709,80,93)).
2025-06-14 15:03:43,469 - INFO - 
Query:
tax("Alice",2013,17783).
2025-06-14 15:03:43,601 - INFO - 
Query result: {'truth': True}
2025-06-14 15:03:43,601 - INFO - Result: correct

2025-06-14 15:03:43,601 - INFO - 
==================================================
Processing case: tax_case_42
==================================================
2025-06-14 15:03:43,601 - INFO - Facts:
:- [statutes/prolog/init].
marriage_(span("married",18,24)).
nonresident_alien_(span("nonresident alien",56,72)).
death_(span("died",81,84)).
marriage_(span("married",109,115)).
income_(span("income",162,167)).
income_(span("income",214,219)).
joint_return_(span("file jointly",248,259)).
agent_(span("died",81,84),span("Alice",75,79)).
start_(span("died",81,84),span(20140709,89,102)).
agent_(span("income",162,167),span("Bob",150,152)).
start_(span("income",162,167),span(20150101,182,185)).
amount_(span("income",162,167),span(28864,191,195)).
agent_(span("income",214,219),span("Charlie",198,204)).
amount_(span("income",214,219),span(27953,225,229)).
start_(span("income",214,219),span(20150101,182,185)).
agent_(span("file jointly",248,259),span("Bob",232,234)).
agent_(span("file jointly",248,259),span("Charlie",240,246)).
start_(span("file jointly",248,259),span(20150101,264,267)).
agent_(span("married",18,24),span("Alice",0,4)).
agent_(span("married",18,24),span("Bob",10,12)).
start_(span("married",18,24),span(19920203,29,41)).
agent_(span("married",109,115),span("Bob",105,107)).
agent_(span("married",109,115),span("Charlie",117,123)).
start_(span("married",109,115),span(20150914,128,147)).
agent_(span("nonresident alien",56,72),span("Alice",44,48)).
2025-06-14 15:03:43,601 - INFO - Test query:
:- tax("Bob",2015,8312).
2025-06-14 15:03:43,601 - INFO - 
Generated Prolog code:
:- ['/Users/sophie/code/2025-mcm-llms-applied-in-law_context/data/sara_v3/statutes/prolog/utils.pl'].
:- ['/Users/sophie/code/2025-mcm-llms-applied-in-law_context/data/sara_v3/statutes/prolog/init.pl'].
:- [statutes/prolog/init].
marriage_(span("married",18,24)).
nonresident_alien_(span("nonresident alien",56,72)).
death_(span("died",81,84)).
marriage_(span("married",109,115)).
income_(span("income",162,167)).
income_(span("income",214,219)).
joint_return_(span("file jointly",248,259)).
agent_(span("died",81,84),span("Alice",75,79)).
start_(span("died",81,84),span(20140709,89,102)).
agent_(span("income",162,167),span("Bob",150,152)).
start_(span("income",162,167),span(20150101,182,185)).
amount_(span("income",162,167),span(28864,191,195)).
agent_(span("income",214,219),span("Charlie",198,204)).
amount_(span("income",214,219),span(27953,225,229)).
start_(span("income",214,219),span(20150101,182,185)).
agent_(span("file jointly",248,259),span("Bob",232,234)).
agent_(span("file jointly",248,259),span("Charlie",240,246)).
start_(span("file jointly",248,259),span(20150101,264,267)).
agent_(span("married",18,24),span("Alice",0,4)).
agent_(span("married",18,24),span("Bob",10,12)).
start_(span("married",18,24),span(19920203,29,41)).
agent_(span("married",109,115),span("Bob",105,107)).
agent_(span("married",109,115),span("Charlie",117,123)).
start_(span("married",109,115),span(20150914,128,147)).
agent_(span("nonresident alien",56,72),span("Alice",44,48)).
2025-06-14 15:03:43,601 - INFO - 
Query:
tax("Bob",2015,8312).
2025-06-14 15:03:43,742 - INFO - 
Query result: {'truth': True}
2025-06-14 15:03:43,743 - INFO - Result: correct

2025-06-14 15:03:43,743 - INFO - 
==================================================
Processing case: tax_case_44
==================================================
2025-06-14 15:03:43,743 - INFO - Facts:
:- [statutes/prolog/init].
payment_(span("paid",19,22)).
marriage_(span("married",51,57)).
nonresident_alien_(span("nonresident alien",89,105)).
income_(span("earned",159,164)).
agent_(span("earned",159,164),span("Bob",155,157)).
amount_(span("earned",159,164),span(37820,167,171)).
start_(span("earned",159,164),span(20170101,176,179)).
agent_(span("married",51,57),span("Alice",33,37)).
agent_(span("married",51,57),span("Bob",43,45)).
start_(span("married",51,57),span(20170203,62,74)).
agent_(span("nonresident alien",89,105),span("Alice",77,81)).
start_(span("nonresident alien",89,105),span(20160823,112,128)).
end_(span("nonresident alien",89,105),span(20180815,133,152)).
start_(span("paid",19,22),span(20170101,3,6)).
patient_(span("paid",19,22),span("Alice",9,13)).
amount_(span("paid",19,22),span(117192,25,30)).
2025-06-14 15:03:43,743 - INFO - Test query:
:- tax("Alice",2017,34233).
2025-06-14 15:03:43,743 - INFO - 
Generated Prolog code:
:- ['/Users/sophie/code/2025-mcm-llms-applied-in-law_context/data/sara_v3/statutes/prolog/utils.pl'].
:- ['/Users/sophie/code/2025-mcm-llms-applied-in-law_context/data/sara_v3/statutes/prolog/init.pl'].
:- [statutes/prolog/init].
payment_(span("paid",19,22)).
marriage_(span("married",51,57)).
nonresident_alien_(span("nonresident alien",89,105)).
income_(span("earned",159,164)).
agent_(span("earned",159,164),span("Bob",155,157)).
amount_(span("earned",159,164),span(37820,167,171)).
start_(span("earned",159,164),span(20170101,176,179)).
agent_(span("married",51,57),span("Alice",33,37)).
agent_(span("married",51,57),span("Bob",43,45)).
start_(span("married",51,57),span(20170203,62,74)).
agent_(span("nonresident alien",89,105),span("Alice",77,81)).
start_(span("nonresident alien",89,105),span(20160823,112,128)).
end_(span("nonresident alien",89,105),span(20180815,133,152)).
start_(span("paid",19,22),span(20170101,3,6)).
patient_(span("paid",19,22),span("Alice",9,13)).
amount_(span("paid",19,22),span(117192,25,30)).
2025-06-14 15:03:43,743 - INFO - 
Query:
tax("Alice",2017,34233).
2025-06-14 15:03:43,882 - INFO - 
Query result: {'truth': True}
2025-06-14 15:03:43,882 - INFO - Result: correct

2025-06-14 15:03:43,883 - INFO - 
==================================================
Processing case: tax_case_45
==================================================
2025-06-14 15:03:43,883 - INFO - Facts:
:- [statutes/prolog/init].
payment_(span("paid",10,13)).
service_(span("services",38,45)).
hospital_(span("Hospital",74,81)).
medical_patient_(span("patient",96,102)).
son_(span("son",187,189)).
residence_(span("abode",262,266)).
payment_(span("maintained",277,286)).
agent_(span("Hospital",74,81),span("Johns Hopkins Hospital",60,81)).
agent_(span("patient",96,102),span("Alice",84,88)).
patient_(span("patient",96,102),span("Johns Hopkins Hospital",107,128)).
start_(span("patient",96,102),span(20170315,135,150)).
end_(span("patient",96,102),span(20170402,155,169)).
purpose_(span("maintained",277,286),span("house",271,275)).
agent_(span("maintained",277,286),span("Alice",291,295)).
amount_(span("maintained",277,286),span(1,277,286)).
start_(span("maintained",277,286),span(20170101,336,339)).
patient_(span("paid",10,13),span("Alice",0,4)).
amount_(span("paid",10,13),span(200,16,18)).
start_(span("paid",10,13),span(20170301,23,32)).
purpose_(span("paid",10,13),span("services",38,45)).
agent_(span("paid",10,13),span("Johns Hopkins Hospital",60,81)).
agent_(span("abode",262,266),span("Bob",215,217)).
agent_(span("abode",262,266),span("Alice",223,227)).
patient_(span("abode",262,266),span("house",271,275)).
end_(span("abode",262,266),span(20171231,336,339)).
start_(span("abode",262,266),span(20170101,336,339)).
agent_(span("services",38,45),span("Alice",0,4)).
end_(span("services",38,45),span(20170331,23,32)).
patient_(span("services",38,45),span("Johns Hopkins Hospital",60,81)).
start_(span("services",38,45),span(20170315,135,150)).
agent_(span("son",187,189),span("Bob",172,174)).
patient_(span("son",187,189),span("Alice",179,183)).
start_(span("son",187,189),span(20140415,197,212)).
2025-06-14 15:03:43,883 - INFO - Test query:
:- tax("Alice",2017,0).
2025-06-14 15:03:43,883 - INFO - 
Generated Prolog code:
:- ['/Users/sophie/code/2025-mcm-llms-applied-in-law_context/data/sara_v3/statutes/prolog/utils.pl'].
:- ['/Users/sophie/code/2025-mcm-llms-applied-in-law_context/data/sara_v3/statutes/prolog/init.pl'].
:- [statutes/prolog/init].
payment_(span("paid",10,13)).
service_(span("services",38,45)).
hospital_(span("Hospital",74,81)).
medical_patient_(span("patient",96,102)).
son_(span("son",187,189)).
residence_(span("abode",262,266)).
payment_(span("maintained",277,286)).
agent_(span("Hospital",74,81),span("Johns Hopkins Hospital",60,81)).
agent_(span("patient",96,102),span("Alice",84,88)).
patient_(span("patient",96,102),span("Johns Hopkins Hospital",107,128)).
start_(span("patient",96,102),span(20170315,135,150)).
end_(span("patient",96,102),span(20170402,155,169)).
purpose_(span("maintained",277,286),span("house",271,275)).
agent_(span("maintained",277,286),span("Alice",291,295)).
amount_(span("maintained",277,286),span(1,277,286)).
start_(span("maintained",277,286),span(20170101,336,339)).
patient_(span("paid",10,13),span("Alice",0,4)).
amount_(span("paid",10,13),span(200,16,18)).
start_(span("paid",10,13),span(20170301,23,32)).
purpose_(span("paid",10,13),span("services",38,45)).
agent_(span("paid",10,13),span("Johns Hopkins Hospital",60,81)).
agent_(span("abode",262,266),span("Bob",215,217)).
agent_(span("abode",262,266),span("Alice",223,227)).
patient_(span("abode",262,266),span("house",271,275)).
end_(span("abode",262,266),span(20171231,336,339)).
start_(span("abode",262,266),span(20170101,336,339)).
agent_(span("services",38,45),span("Alice",0,4)).
end_(span("services",38,45),span(20170331,23,32)).
patient_(span("services",38,45),span("Johns Hopkins Hospital",60,81)).
start_(span("services",38,45),span(20170315,135,150)).
agent_(span("son",187,189),span("Bob",172,174)).
patient_(span("son",187,189),span("Alice",179,183)).
start_(span("son",187,189),span(20140415,197,212)).
2025-06-14 15:03:43,883 - INFO - 
Query:
tax("Alice",2017,0).
2025-06-14 15:03:44,035 - INFO - 
Query result: {'truth': True}
2025-06-14 15:03:44,036 - INFO - Result: correct

2025-06-14 15:03:44,036 - INFO - 
==================================================
Processing case: tax_case_47
==================================================
2025-06-14 15:03:44,036 - INFO - Facts:
:- [statutes/prolog/init].
income_(span("earned",15,20)).
agent_(span("earned",15,20),span("Alice",9,13)).
amount_(span("earned",15,20),span(133200,23,28)).
start_(span("earned",15,20),span(20170101,3,6)).
income_(span("income",37,42)).
agent_(span("income",37,42),span("Bob",31,33)).
start_(span("income",37,42),span(20170101,47,50)).
amount_(span("income",37,42),span(44311,57,61)).
marriage_(span("married",88,94)).
agent_(span("married",88,94),span("Alice",64,68)).
agent_(span("married",88,94),span("Bob",74,76)).
start_(span("married",88,94),span(20170203,102,114)).
blindness_(span("blind",132,136)).
agent_(span("blind",132,136),span("Alice",117,121)).
start_(span("blind",132,136),span(20140228,144,155)).
service_(span("work",194,197)).
patient_(span("work",194,197),span("Alice",158,162)).
agent_(span("work",194,197),span("Charlie",182,188)).
end_(span("work",194,197),span(20171231,216,219)).
start_(span("work",194,197),span(20170101,216,219)).
payment_(span("paid",168,171)).
agent_(span("paid",168,171),span("Alice",158,162)).
amount_(span("paid",168,171),span(4525,174,177)).
patient_(span("paid",168,171),span("Charlie",182,188)).
purpose_(span("paid",168,171),span("work",194,197)).
start_(span("paid",168,171),span(20170101,216,219)).
payment_(span("paid",246,249)).
purpose_(span("paid",246,249),span("work",194,197)).
start_(span("paid",246,249),span(20170101,225,228)).
agent_(span("paid",246,249),span("Alice",231,235)).
amount_(span("paid",246,249),span(983,252,254)).
patient_(span("paid",246,249),span("retirement fund",263,277)).
plan_(span("retirement fund",263,277)).
beneficiary_(span("retirement fund",263,277),span("Charlie",283,289)).
purpose_(span("retirement fund",263,277),span("make provisions for employees in case of retirement",263,277)).
payment_(span("paid",296,299)).
purpose_(span("paid",296,299),span("work",194,197)).
start_(span("paid",296,299),span(20170101,225,228)).
agent_(span("paid",296,299),span("Alice",231,235)).
amount_(span("paid",296,299),span(5322,302,305)).
patient_(span("paid",296,299),span("health insurance",312,327)).
plan_(span("health insurance",312,327)).
beneficiary_(span("health insurance",312,327),span("Charlie",333,339)).
purpose_(span("health insurance",312,327),span("make provisions for employees in case of sickness",312,327)).
joint_return_(span("file jointly",375,386)).
start_(span("file jointly",375,386),span(20170101,225,228)).
agent_(span("file jointly",375,386),span("Alice",361,365)).
agent_(span("file jointly",375,386),span("Bob",371,373)).
2025-06-14 15:03:44,036 - INFO - Test query:
:- tax("Alice",2017,45946).
2025-06-14 15:03:44,036 - INFO - 
Generated Prolog code:
:- ['/Users/sophie/code/2025-mcm-llms-applied-in-law_context/data/sara_v3/statutes/prolog/utils.pl'].
:- ['/Users/sophie/code/2025-mcm-llms-applied-in-law_context/data/sara_v3/statutes/prolog/init.pl'].
:- [statutes/prolog/init].
income_(span("earned",15,20)).
agent_(span("earned",15,20),span("Alice",9,13)).
amount_(span("earned",15,20),span(133200,23,28)).
start_(span("earned",15,20),span(20170101,3,6)).
income_(span("income",37,42)).
agent_(span("income",37,42),span("Bob",31,33)).
start_(span("income",37,42),span(20170101,47,50)).
amount_(span("income",37,42),span(44311,57,61)).
marriage_(span("married",88,94)).
agent_(span("married",88,94),span("Alice",64,68)).
agent_(span("married",88,94),span("Bob",74,76)).
start_(span("married",88,94),span(20170203,102,114)).
blindness_(span("blind",132,136)).
agent_(span("blind",132,136),span("Alice",117,121)).
start_(span("blind",132,136),span(20140228,144,155)).
service_(span("work",194,197)).
patient_(span("work",194,197),span("Alice",158,162)).
agent_(span("work",194,197),span("Charlie",182,188)).
end_(span("work",194,197),span(20171231,216,219)).
start_(span("work",194,197),span(20170101,216,219)).
payment_(span("paid",168,171)).
agent_(span("paid",168,171),span("Alice",158,162)).
amount_(span("paid",168,171),span(4525,174,177)).
patient_(span("paid",168,171),span("Charlie",182,188)).
purpose_(span("paid",168,171),span("work",194,197)).
start_(span("paid",168,171),span(20170101,216,219)).
payment_(span("paid",246,249)).
purpose_(span("paid",246,249),span("work",194,197)).
start_(span("paid",246,249),span(20170101,225,228)).
agent_(span("paid",246,249),span("Alice",231,235)).
amount_(span("paid",246,249),span(983,252,254)).
patient_(span("paid",246,249),span("retirement fund",263,277)).
plan_(span("retirement fund",263,277)).
beneficiary_(span("retirement fund",263,277),span("Charlie",283,289)).
purpose_(span("retirement fund",263,277),span("make provisions for employees in case of retirement",263,277)).
payment_(span("paid",296,299)).
purpose_(span("paid",296,299),span("work",194,197)).
start_(span("paid",296,299),span(20170101,225,228)).
agent_(span("paid",296,299),span("Alice",231,235)).
amount_(span("paid",296,299),span(5322,302,305)).
patient_(span("paid",296,299),span("health insurance",312,327)).
plan_(span("health insurance",312,327)).
beneficiary_(span("health insurance",312,327),span("Charlie",333,339)).
purpose_(span("health insurance",312,327),span("make provisions for employees in case of sickness",312,327)).
joint_return_(span("file jointly",375,386)).
start_(span("file jointly",375,386),span(20170101,225,228)).
agent_(span("file jointly",375,386),span("Alice",361,365)).
agent_(span("file jointly",375,386),span("Bob",371,373)).
2025-06-14 15:03:44,036 - INFO - 
Query:
tax("Alice",2017,45946).
2025-06-14 15:03:44,180 - INFO - 
Query result: {'truth': True}
2025-06-14 15:03:44,180 - INFO - Result: correct

2025-06-14 15:03:44,181 - INFO - 
==================================================
Processing case: tax_case_5
==================================================
2025-06-14 15:03:44,181 - INFO - Facts:
:- [statutes/prolog/init].
income_(span("income",23,28)).
start_(span("income",23,28),span(20170101,3,6)).
agent_(span("income",23,28),span("Alice",9,13)).
amount_(span("income",23,28),span(326332,35,40)).
marriage_(span("married",67,73)).
agent_(span("married",67,73),span("Alice",43,47)).
agent_(span("married",67,73),span("Bob",53,55)).
start_(span("married",67,73),span(20170203,81,93)).
residence_(span("abode",137,141)).
patient_(span("abode",137,141),span("place",128,132)).
start_(span("abode",137,141),span(20150101,149,152)).
agent_(span("abode",137,141),span("Alice",43,47)).
agent_(span("abode",137,141),span("Bob",53,55)).
birth_(span("born",165,168)).
start_(span("born",165,168),span(19500302,170,184)).
agent_(span("born",165,168),span("Alice",155,159)).
birth_(span("born",198,201)).
agent_(span("born",198,201),span("Bob",190,192)).
start_(span("born",198,201),span(19550303,203,217)).
2025-06-14 15:03:44,181 - INFO - Test query:
:- tax("Alice",2017,116066).
2025-06-14 15:03:44,181 - INFO - 
Generated Prolog code:
:- ['/Users/sophie/code/2025-mcm-llms-applied-in-law_context/data/sara_v3/statutes/prolog/utils.pl'].
:- ['/Users/sophie/code/2025-mcm-llms-applied-in-law_context/data/sara_v3/statutes/prolog/init.pl'].
:- [statutes/prolog/init].
income_(span("income",23,28)).
start_(span("income",23,28),span(20170101,3,6)).
agent_(span("income",23,28),span("Alice",9,13)).
amount_(span("income",23,28),span(326332,35,40)).
marriage_(span("married",67,73)).
agent_(span("married",67,73),span("Alice",43,47)).
agent_(span("married",67,73),span("Bob",53,55)).
start_(span("married",67,73),span(20170203,81,93)).
residence_(span("abode",137,141)).
patient_(span("abode",137,141),span("place",128,132)).
start_(span("abode",137,141),span(20150101,149,152)).
agent_(span("abode",137,141),span("Alice",43,47)).
agent_(span("abode",137,141),span("Bob",53,55)).
birth_(span("born",165,168)).
start_(span("born",165,168),span(19500302,170,184)).
agent_(span("born",165,168),span("Alice",155,159)).
birth_(span("born",198,201)).
agent_(span("born",198,201),span("Bob",190,192)).
start_(span("born",198,201),span(19550303,203,217)).
2025-06-14 15:03:44,181 - INFO - 
Query:
tax("Alice",2017,116066).
2025-06-14 15:03:44,325 - INFO - 
Query result: {'truth': True}
2025-06-14 15:03:44,325 - INFO - Result: correct

2025-06-14 15:03:44,325 - INFO - 
==================================================
Processing case: tax_case_50
==================================================
2025-06-14 15:03:44,325 - INFO - Facts:
:- [statutes/prolog/init].
marriage_(span("married",10,16)).
joint_return_(span("joint return",54,65)).
income_(span("income",124,129)).
agent_(span("income",124,129),span("Alice",93,97)).
start_(span("income",124,129),span(20170101,144,147)).
amount_(span("income",124,129),span(42876,153,157)).
agent_(span("joint return",54,65),span("Alice",40,44)).
agent_(span("joint return",54,65),span("spouse",76,81)).
start_(span("joint return",54,65),span(20170101,87,90)).
agent_(span("married",10,16),span("Alice",0,4)).
start_(span("married",10,16),span(20161009,21,37)).
agent_(span("married",10,16),span("spouse",76,81)).
2025-06-14 15:03:44,326 - INFO - Test query:
:- tax("Alice",2017,4931).
2025-06-14 15:03:44,326 - INFO - 
Generated Prolog code:
:- ['/Users/sophie/code/2025-mcm-llms-applied-in-law_context/data/sara_v3/statutes/prolog/utils.pl'].
:- ['/Users/sophie/code/2025-mcm-llms-applied-in-law_context/data/sara_v3/statutes/prolog/init.pl'].
:- [statutes/prolog/init].
marriage_(span("married",10,16)).
joint_return_(span("joint return",54,65)).
income_(span("income",124,129)).
agent_(span("income",124,129),span("Alice",93,97)).
start_(span("income",124,129),span(20170101,144,147)).
amount_(span("income",124,129),span(42876,153,157)).
agent_(span("joint return",54,65),span("Alice",40,44)).
agent_(span("joint return",54,65),span("spouse",76,81)).
start_(span("joint return",54,65),span(20170101,87,90)).
agent_(span("married",10,16),span("Alice",0,4)).
start_(span("married",10,16),span(20161009,21,37)).
agent_(span("married",10,16),span("spouse",76,81)).
2025-06-14 15:03:44,326 - INFO - 
Query:
tax("Alice",2017,4931).
2025-06-14 15:03:44,464 - INFO - 
Query result: {'truth': True}
2025-06-14 15:03:44,465 - INFO - Result: correct

2025-06-14 15:03:44,465 - INFO - 
==================================================
Processing case: tax_case_51
==================================================
2025-06-14 15:03:44,465 - INFO - Facts:
:- [statutes/prolog/init].
payment_(span("paid",10,13)).
service_(span("labor",62,66)).
citizenship_(span("citizen",152,158)).
american_employer_(span("American employer",173,189)).
payment_(span("maintains",207,215)).
residence_(span("abode",243,247)).
mother_(span("mother",267,272)).
residence_(span("lives",282,286)).
income_(span("income",303,308)).
agent_(span("American employer",173,189),span("Alice",161,165)).
agent_(span("citizen",152,158),span("Bob",133,135)).
agent_(span("income",303,308),span("Alice",289,293)).
start_(span("income",303,308),span(20170101,323,326)).
amount_(span("income",303,308),span(197407,332,337)).
patient_(span("mother",267,272),span("Alice",201,205)).
agent_(span("mother",267,272),span("Dorothy",274,280)).
agent_(span("maintains",207,215),span("Alice",201,205)).
purpose_(span("maintains",207,215),span("house",251,255)).
amount_(span("maintains",207,215),span(1,207,215)).
start_(span("maintains",207,215),span(20170101,195,198)).
agent_(span("paid",10,13),span("Alice",0,4)).
amount_(span("paid",10,13),span(23200,16,20)).
patient_(span("paid",10,13),span("Bob",41,43)).
purpose_(span("paid",10,13),span("labor",62,66)).
start_(span("paid",10,13),span(20170902,95,107)).
agent_(span("abode",243,247),span("Alice",201,205)).
patient_(span("abode",243,247),span("house",251,255)).
end_(span("abode",243,247),span(20171231,195,198)).
start_(span("abode",243,247),span(20170101,195,198)).
patient_(span("lives",282,286),span("house",251,255)).
agent_(span("lives",282,286),span("Dorothy",274,280)).
end_(span("lives",282,286),span(20171231,195,198)).
start_(span("lives",282,286),span(20170101,195,198)).
patient_(span("labor",62,66),span("Alice",0,4)).
agent_(span("labor",62,66),span("Bob",41,43)).
purpose_(span("labor",62,66),span("agricultural labor",49,66)).
start_(span("labor",62,66),span(20170201,78,90)).
end_(span("labor",62,66),span(20170902,95,107)).
location_(span("labor",62,66),span("Caracas, Venezuela",113,130)).
country_(span("Caracas, Venezuela",113,130),span("Venezuela",122,130)).
patient_(span("citizen",152,158),span("American",143,150)).
2025-06-14 15:03:44,465 - INFO - Test query:
:- tax("Alice",2017,55528).
2025-06-14 15:03:44,465 - INFO - 
Generated Prolog code:
:- ['/Users/sophie/code/2025-mcm-llms-applied-in-law_context/data/sara_v3/statutes/prolog/utils.pl'].
:- ['/Users/sophie/code/2025-mcm-llms-applied-in-law_context/data/sara_v3/statutes/prolog/init.pl'].
:- [statutes/prolog/init].
payment_(span("paid",10,13)).
service_(span("labor",62,66)).
citizenship_(span("citizen",152,158)).
american_employer_(span("American employer",173,189)).
payment_(span("maintains",207,215)).
residence_(span("abode",243,247)).
mother_(span("mother",267,272)).
residence_(span("lives",282,286)).
income_(span("income",303,308)).
agent_(span("American employer",173,189),span("Alice",161,165)).
agent_(span("citizen",152,158),span("Bob",133,135)).
agent_(span("income",303,308),span("Alice",289,293)).
start_(span("income",303,308),span(20170101,323,326)).
amount_(span("income",303,308),span(197407,332,337)).
patient_(span("mother",267,272),span("Alice",201,205)).
agent_(span("mother",267,272),span("Dorothy",274,280)).
agent_(span("maintains",207,215),span("Alice",201,205)).
purpose_(span("maintains",207,215),span("house",251,255)).
amount_(span("maintains",207,215),span(1,207,215)).
start_(span("maintains",207,215),span(20170101,195,198)).
agent_(span("paid",10,13),span("Alice",0,4)).
amount_(span("paid",10,13),span(23200,16,20)).
patient_(span("paid",10,13),span("Bob",41,43)).
purpose_(span("paid",10,13),span("labor",62,66)).
start_(span("paid",10,13),span(20170902,95,107)).
agent_(span("abode",243,247),span("Alice",201,205)).
patient_(span("abode",243,247),span("house",251,255)).
end_(span("abode",243,247),span(20171231,195,198)).
start_(span("abode",243,247),span(20170101,195,198)).
patient_(span("lives",282,286),span("house",251,255)).
agent_(span("lives",282,286),span("Dorothy",274,280)).
end_(span("lives",282,286),span(20171231,195,198)).
start_(span("lives",282,286),span(20170101,195,198)).
patient_(span("labor",62,66),span("Alice",0,4)).
agent_(span("labor",62,66),span("Bob",41,43)).
purpose_(span("labor",62,66),span("agricultural labor",49,66)).
start_(span("labor",62,66),span(20170201,78,90)).
end_(span("labor",62,66),span(20170902,95,107)).
location_(span("labor",62,66),span("Caracas, Venezuela",113,130)).
country_(span("Caracas, Venezuela",113,130),span("Venezuela",122,130)).
patient_(span("citizen",152,158),span("American",143,150)).
2025-06-14 15:03:44,466 - INFO - 
Query:
tax("Alice",2017,55528).
2025-06-14 15:03:44,617 - INFO - 
Query result: {'truth': True}
2025-06-14 15:03:44,618 - INFO - Result: correct

2025-06-14 15:03:44,618 - INFO - 
==================================================
Processing case: tax_case_52
==================================================
2025-06-14 15:03:44,618 - INFO - Facts:
:- [statutes/prolog/init].
payment_(span("paid",10,13)).
service_(span("work",33,36)).
payment_(span("paid",85,88)).
plan_(span("retirement fund",103,117)).
payment_(span("paid",132,135)).
plan_(span("health insurance",148,163)).
payment_(span("paid",193,196)).
agent_(span("paid",132,135),span("Alice",70,74)).
amount_(span("paid",132,135),span(5322,138,141)).
patient_(span("paid",132,135),span("health insurance",148,163)).
start_(span("paid",132,135),span(20170101,177,180)).
start_(span("paid",85,88),span(20170101,64,67)).
agent_(span("paid",85,88),span("Alice",70,74)).
amount_(span("paid",85,88),span(9832,91,94)).
patient_(span("paid",85,88),span("retirement fund",103,117)).
agent_(span("paid",10,13),span("Alice",0,4)).
amount_(span("paid",10,13),span(45252,16,20)).
patient_(span("paid",10,13),span("Bob",25,27)).
purpose_(span("paid",10,13),span("work",33,36)).
start_(span("paid",10,13),span(20170101,55,58)).
start_(span("paid",193,196),span(20170101,177,180)).
patient_(span("paid",193,196),span("Alice",183,187)).
amount_(span("paid",193,196),span(233200,199,204)).
beneficiary_(span("health insurance",148,163),span("Bob",169,171)).
beneficiary_(span("retirement fund",103,117),span("Bob",123,125)).
patient_(span("work",33,36),span("Alice",0,4)).
agent_(span("work",33,36),span("Bob",25,27)).
end_(span("work",33,36),span(20171231,55,58)).
start_(span("work",33,36),span(20170101,55,58)).
purpose_(span("retirement fund",103,117),span("make provisions for employees in case of retirement",103,117)).
purpose_(span("health insurance",148,163),span("make provisions for employees in case of sickness",148,163)).
2025-06-14 15:03:44,618 - INFO - Test query:
:- tax("Alice",2017,72344).
2025-06-14 15:03:44,618 - INFO - 
Generated Prolog code:
:- ['/Users/sophie/code/2025-mcm-llms-applied-in-law_context/data/sara_v3/statutes/prolog/utils.pl'].
:- ['/Users/sophie/code/2025-mcm-llms-applied-in-law_context/data/sara_v3/statutes/prolog/init.pl'].
:- [statutes/prolog/init].
payment_(span("paid",10,13)).
service_(span("work",33,36)).
payment_(span("paid",85,88)).
plan_(span("retirement fund",103,117)).
payment_(span("paid",132,135)).
plan_(span("health insurance",148,163)).
payment_(span("paid",193,196)).
agent_(span("paid",132,135),span("Alice",70,74)).
amount_(span("paid",132,135),span(5322,138,141)).
patient_(span("paid",132,135),span("health insurance",148,163)).
start_(span("paid",132,135),span(20170101,177,180)).
start_(span("paid",85,88),span(20170101,64,67)).
agent_(span("paid",85,88),span("Alice",70,74)).
amount_(span("paid",85,88),span(9832,91,94)).
patient_(span("paid",85,88),span("retirement fund",103,117)).
agent_(span("paid",10,13),span("Alice",0,4)).
amount_(span("paid",10,13),span(45252,16,20)).
patient_(span("paid",10,13),span("Bob",25,27)).
purpose_(span("paid",10,13),span("work",33,36)).
start_(span("paid",10,13),span(20170101,55,58)).
start_(span("paid",193,196),span(20170101,177,180)).
patient_(span("paid",193,196),span("Alice",183,187)).
amount_(span("paid",193,196),span(233200,199,204)).
beneficiary_(span("health insurance",148,163),span("Bob",169,171)).
beneficiary_(span("retirement fund",103,117),span("Bob",123,125)).
patient_(span("work",33,36),span("Alice",0,4)).
agent_(span("work",33,36),span("Bob",25,27)).
end_(span("work",33,36),span(20171231,55,58)).
start_(span("work",33,36),span(20170101,55,58)).
purpose_(span("retirement fund",103,117),span("make provisions for employees in case of retirement",103,117)).
purpose_(span("health insurance",148,163),span("make provisions for employees in case of sickness",148,163)).
2025-06-14 15:03:44,618 - INFO - 
Query:
tax("Alice",2017,72344).
2025-06-14 15:03:44,755 - INFO - 
Query result: {'truth': True}
2025-06-14 15:03:44,755 - INFO - Result: correct

2025-06-14 15:03:44,756 - INFO - 
==================================================
Processing case: tax_case_54
==================================================
2025-06-14 15:03:44,756 - INFO - Facts:
:- [statutes/prolog/init].
birth_(span("born",68,71)).
agent_(span("born",68,71),span("Charlie",59,65)).
start_(span("born",68,71),span(19990401,73,87)).
marriage_(span("married",18,24)).
son_(span("son",55,57)).
death_(span("died",94,97)).
residence_(span("lives",134,138)).
payment_(span("maintains",164,172)).
residence_(span("abode",200,204)).
income_(span("income",221,226)).
agent_(span("died",94,97),span("Bob",90,92)).
start_(span("died",94,97),span(20170101,102,114)).
agent_(span("income",221,226),span("Alice",207,211)).
start_(span("income",221,226),span(20190101,241,244)).
amount_(span("income",221,226),span(236422,250,255)).
agent_(span("married",18,24),span("Alice",0,4)).
agent_(span("married",18,24),span("Bob",10,12)).
start_(span("married",18,24),span(19980203,29,41)).
start_(span("maintains",164,172),span(20190101,120,123)).
purpose_(span("maintains",164,172),span("house",147,151)).
agent_(span("maintains",164,172),span("Alice",158,162)).
amount_(span("maintains",164,172),span(1,164,172)).
start_(span("lives",134,138),span(20190101,120,123)).
agent_(span("lives",134,138),span("Charlie",126,132)).
patient_(span("lives",134,138),span("house",147,151)).
end_(span("lives",134,138),span(20191231,120,123)).
start_(span("abode",200,204),span(20190101,120,123)).
patient_(span("abode",200,204),span("house",147,151)).
agent_(span("abode",200,204),span("Alice",158,162)).
end_(span("abode",200,204),span(20191231,120,123)).
patient_(span("son",55,57),span("Alice",0,4)).
patient_(span("son",55,57),span("Bob",10,12)).
agent_(span("son",55,57),span("Charlie",59,65)).
start_(span("son",55,57),span(19990401,73,87)).
2025-06-14 15:03:44,756 - INFO - Test query:
:- tax("Alice",2019,62000).
2025-06-14 15:03:44,756 - INFO - 
Generated Prolog code:
:- ['/Users/sophie/code/2025-mcm-llms-applied-in-law_context/data/sara_v3/statutes/prolog/utils.pl'].
:- ['/Users/sophie/code/2025-mcm-llms-applied-in-law_context/data/sara_v3/statutes/prolog/init.pl'].
:- [statutes/prolog/init].
birth_(span("born",68,71)).
agent_(span("born",68,71),span("Charlie",59,65)).
start_(span("born",68,71),span(19990401,73,87)).
marriage_(span("married",18,24)).
son_(span("son",55,57)).
death_(span("died",94,97)).
residence_(span("lives",134,138)).
payment_(span("maintains",164,172)).
residence_(span("abode",200,204)).
income_(span("income",221,226)).
agent_(span("died",94,97),span("Bob",90,92)).
start_(span("died",94,97),span(20170101,102,114)).
agent_(span("income",221,226),span("Alice",207,211)).
start_(span("income",221,226),span(20190101,241,244)).
amount_(span("income",221,226),span(236422,250,255)).
agent_(span("married",18,24),span("Alice",0,4)).
agent_(span("married",18,24),span("Bob",10,12)).
start_(span("married",18,24),span(19980203,29,41)).
start_(span("maintains",164,172),span(20190101,120,123)).
purpose_(span("maintains",164,172),span("house",147,151)).
agent_(span("maintains",164,172),span("Alice",158,162)).
amount_(span("maintains",164,172),span(1,164,172)).
start_(span("lives",134,138),span(20190101,120,123)).
agent_(span("lives",134,138),span("Charlie",126,132)).
patient_(span("lives",134,138),span("house",147,151)).
end_(span("lives",134,138),span(20191231,120,123)).
start_(span("abode",200,204),span(20190101,120,123)).
patient_(span("abode",200,204),span("house",147,151)).
agent_(span("abode",200,204),span("Alice",158,162)).
end_(span("abode",200,204),span(20191231,120,123)).
patient_(span("son",55,57),span("Alice",0,4)).
patient_(span("son",55,57),span("Bob",10,12)).
agent_(span("son",55,57),span("Charlie",59,65)).
start_(span("son",55,57),span(19990401,73,87)).
2025-06-14 15:03:44,756 - INFO - 
Query:
tax("Alice",2019,62000).
2025-06-14 15:03:44,905 - INFO - 
Query result: {'truth': True}
2025-06-14 15:03:44,905 - INFO - Result: correct

2025-06-14 15:03:44,905 - INFO - 
==================================================
Processing case: tax_case_55
==================================================
2025-06-14 15:03:44,905 - INFO - Facts:
:- [statutes/prolog/init].
start_(span("maintained",108,117),span(Day,145,163)) :- between(2015,2019,Year), first_day_year(Year,Day).
son_(span("son",12,14)).
residence_(span("lived",84,88)).
payment_(span("maintained",108,117)).
income_(span("income",180,185)).
income_(span("income",231,236)).
income_(span("income",282,287)).
agent_(span("income",180,185),span("Alice",166,170)).
start_(span("income",180,185),span(20170101,200,203)).
amount_(span("income",180,185),span(545547,209,214)).
agent_(span("income",231,236),span("Alice",217,221)).
start_(span("income",231,236),span(20180101,251,254)).
amount_(span("income",231,236),span(545947,260,265)).
agent_(span("income",282,287),span("Alice",268,272)).
start_(span("income",282,287),span(20190101,302,305)).
amount_(span("income",282,287),span(545927,311,316)).
purpose_(span("maintained",108,117),span("home",102,105)).
agent_(span("maintained",108,117),span("Alice",122,126)).
amount_(span("maintained",108,117),span(1,108,117)).
end_(span("lived",84,88),span(20191103,50,67)).
agent_(span("lived",84,88),span("Alice",70,74)).
agent_(span("lived",84,88),span("Bob",80,82)).
patient_(span("lived",84,88),span("home",102,105)).
start_(span("lived",84,88),span(20150901,27,45)).
patient_(span("son",12,14),span("Alice",0,4)).
agent_(span("son",12,14),span("Bob",17,19)).
start_(span("son",12,14),span(20150901,145,163)).
birth_(span("born",137,140)).
agent_(span("born",137,140),span("Bob",129,131)).
start_(span("born",137,140),span(20150901,145,163)).
2025-06-14 15:03:44,905 - INFO - Test query:
:- tax("Alice",2018,187552).
2025-06-14 15:03:44,905 - INFO - 
Generated Prolog code:
:- ['/Users/sophie/code/2025-mcm-llms-applied-in-law_context/data/sara_v3/statutes/prolog/utils.pl'].
:- ['/Users/sophie/code/2025-mcm-llms-applied-in-law_context/data/sara_v3/statutes/prolog/init.pl'].
:- [statutes/prolog/init].
start_(span("maintained",108,117),span(Day,145,163)) :- between(2015,2019,Year), first_day_year(Year,Day).
son_(span("son",12,14)).
residence_(span("lived",84,88)).
payment_(span("maintained",108,117)).
income_(span("income",180,185)).
income_(span("income",231,236)).
income_(span("income",282,287)).
agent_(span("income",180,185),span("Alice",166,170)).
start_(span("income",180,185),span(20170101,200,203)).
amount_(span("income",180,185),span(545547,209,214)).
agent_(span("income",231,236),span("Alice",217,221)).
start_(span("income",231,236),span(20180101,251,254)).
amount_(span("income",231,236),span(545947,260,265)).
agent_(span("income",282,287),span("Alice",268,272)).
start_(span("income",282,287),span(20190101,302,305)).
amount_(span("income",282,287),span(545927,311,316)).
purpose_(span("maintained",108,117),span("home",102,105)).
agent_(span("maintained",108,117),span("Alice",122,126)).
amount_(span("maintained",108,117),span(1,108,117)).
end_(span("lived",84,88),span(20191103,50,67)).
agent_(span("lived",84,88),span("Alice",70,74)).
agent_(span("lived",84,88),span("Bob",80,82)).
patient_(span("lived",84,88),span("home",102,105)).
start_(span("lived",84,88),span(20150901,27,45)).
patient_(span("son",12,14),span("Alice",0,4)).
agent_(span("son",12,14),span("Bob",17,19)).
start_(span("son",12,14),span(20150901,145,163)).
birth_(span("born",137,140)).
agent_(span("born",137,140),span("Bob",129,131)).
start_(span("born",137,140),span(20150901,145,163)).
2025-06-14 15:03:44,906 - INFO - 
Query:
tax("Alice",2018,187552).
2025-06-14 15:03:45,047 - INFO - 
Query result: {'truth': True}
2025-06-14 15:03:45,047 - INFO - Result: correct

2025-06-14 15:03:45,048 - INFO - 
==================================================
Processing case: tax_case_56
==================================================
2025-06-14 15:03:45,048 - INFO - Facts:
:- [statutes/prolog/init].
income_(span("income",14,19)).
deduction_(span("$4571",81,85)).
deduction_(span("$1973",88,92)).
deduction_(span("$15271",98,103)).
start_(span("$15271",98,103),span(20150101,24,27)).
agent_(span("$15271",98,103),span("Alice",41,45)).
amount_(span("$15271",98,103),span(15271,99,103)).
start_(span("$1973",88,92),span(20150101,24,27)).
agent_(span("$1973",88,92),span("Alice",41,45)).
amount_(span("$1973",88,92),span(1973,89,92)).
start_(span("$4571",81,85),span(20150101,24,27)).
agent_(span("$4571",81,85),span("Alice",41,45)).
amount_(span("$4571",81,85),span(4571,82,85)).
agent_(span("income",14,19),span("Alice",0,4)).
start_(span("income",14,19),span(20150101,24,27)).
amount_(span("income",14,19),span(395276,33,38)).
2025-06-14 15:03:45,048 - INFO - Test query:
:- tax("Alice",2015,130388).
2025-06-14 15:03:45,048 - INFO - 
Generated Prolog code:
:- ['/Users/sophie/code/2025-mcm-llms-applied-in-law_context/data/sara_v3/statutes/prolog/utils.pl'].
:- ['/Users/sophie/code/2025-mcm-llms-applied-in-law_context/data/sara_v3/statutes/prolog/init.pl'].
:- [statutes/prolog/init].
income_(span("income",14,19)).
deduction_(span("$4571",81,85)).
deduction_(span("$1973",88,92)).
deduction_(span("$15271",98,103)).
start_(span("$15271",98,103),span(20150101,24,27)).
agent_(span("$15271",98,103),span("Alice",41,45)).
amount_(span("$15271",98,103),span(15271,99,103)).
start_(span("$1973",88,92),span(20150101,24,27)).
agent_(span("$1973",88,92),span("Alice",41,45)).
amount_(span("$1973",88,92),span(1973,89,92)).
start_(span("$4571",81,85),span(20150101,24,27)).
agent_(span("$4571",81,85),span("Alice",41,45)).
amount_(span("$4571",81,85),span(4571,82,85)).
agent_(span("income",14,19),span("Alice",0,4)).
start_(span("income",14,19),span(20150101,24,27)).
amount_(span("income",14,19),span(395276,33,38)).
2025-06-14 15:03:45,048 - INFO - 
Query:
tax("Alice",2015,130388).
2025-06-14 15:03:45,191 - INFO - 
Query result: {'truth': True}
2025-06-14 15:03:45,191 - INFO - Result: correct

2025-06-14 15:03:45,192 - INFO - 
==================================================
Processing case: tax_case_58
==================================================
2025-06-14 15:03:45,192 - INFO - Facts:
:- [statutes/prolog/init.pl].
marriage_(span("married",10,16)).
joint_return_(span("joint return",51,62)).
income_(span("income",141,146)).
payment_(span("paid",219,222)).
brother_(span("brother",237,243)).
service_(span("work",253,256)).
patient_(span("brother",237,243),span("Alice",209,213)).
agent_(span("brother",237,243),span("Bob",245,247)).
agent_(span("income",141,146),span("Alice",127,131)).
start_(span("income",141,146),span(20170101,161,164)).
amount_(span("income",141,146),span(103272,170,175)).
agent_(span("joint return",51,62),span("Alice",37,41)).
agent_(span("joint return",51,62),span("spouse",73,78)).
start_(span("joint return",51,62),span(20170101,84,87)).
agent_(span("married",10,16),span("Alice",0,4)).
start_(span("married",10,16),span(20140530,21,34)).
agent_(span("married",10,16),span("spouse",73,78)).
agent_(span("paid",219,222),span("Alice",209,213)).
amount_(span("paid",219,222),span(3200,225,228)).
patient_(span("paid",219,222),span("Bob",245,247)).
purpose_(span("paid",219,222),span("work",253,256)).
start_(span("paid",219,222),span(20170902,285,297)).
patient_(span("work",253,256),span("Alice",209,213)).
agent_(span("work",253,256),span("Bob",245,247)).
start_(span("work",253,256),span(20170201,268,280)).
end_(span("work",253,256),span(20170902,285,297)).
location_(span("work",253,256),span("Baltimore",303,311)).
location_(span("work",253,256),span("Maryland",314,321)).
location_(span("work",253,256),span("USA",324,326)).
2025-06-14 15:03:45,192 - INFO - Test query:
:- tax("Alice",2017,21635).
2025-06-14 15:03:45,192 - INFO - 
Generated Prolog code:
:- ['/Users/sophie/code/2025-mcm-llms-applied-in-law_context/data/sara_v3/statutes/prolog/utils.pl'].
:- ['/Users/sophie/code/2025-mcm-llms-applied-in-law_context/data/sara_v3/statutes/prolog/init.pl'].
:- [statutes/prolog/init.pl].
marriage_(span("married",10,16)).
joint_return_(span("joint return",51,62)).
income_(span("income",141,146)).
payment_(span("paid",219,222)).
brother_(span("brother",237,243)).
service_(span("work",253,256)).
patient_(span("brother",237,243),span("Alice",209,213)).
agent_(span("brother",237,243),span("Bob",245,247)).
agent_(span("income",141,146),span("Alice",127,131)).
start_(span("income",141,146),span(20170101,161,164)).
amount_(span("income",141,146),span(103272,170,175)).
agent_(span("joint return",51,62),span("Alice",37,41)).
agent_(span("joint return",51,62),span("spouse",73,78)).
start_(span("joint return",51,62),span(20170101,84,87)).
agent_(span("married",10,16),span("Alice",0,4)).
start_(span("married",10,16),span(20140530,21,34)).
agent_(span("married",10,16),span("spouse",73,78)).
agent_(span("paid",219,222),span("Alice",209,213)).
amount_(span("paid",219,222),span(3200,225,228)).
patient_(span("paid",219,222),span("Bob",245,247)).
purpose_(span("paid",219,222),span("work",253,256)).
start_(span("paid",219,222),span(20170902,285,297)).
patient_(span("work",253,256),span("Alice",209,213)).
agent_(span("work",253,256),span("Bob",245,247)).
start_(span("work",253,256),span(20170201,268,280)).
end_(span("work",253,256),span(20170902,285,297)).
location_(span("work",253,256),span("Baltimore",303,311)).
location_(span("work",253,256),span("Maryland",314,321)).
location_(span("work",253,256),span("USA",324,326)).
2025-06-14 15:03:45,192 - INFO - 
Query:
tax("Alice",2017,21635).
2025-06-14 15:03:45,337 - INFO - 
Query result: {'truth': True}
2025-06-14 15:03:45,337 - INFO - Result: correct

2025-06-14 15:03:45,338 - INFO - 
==================================================
Processing case: tax_case_59
==================================================
2025-06-14 15:03:45,338 - INFO - Facts:
:- [statutes/prolog/init].
son_(span("son",29,31)).
birth_(span("born",34,37)).
agent_(span("born",34,37),span("Bob",0,2)).
start_(span("born",34,37),span(20150415,39,54)).
marriage_(span("married",63,69)).
payment_(span("paid",110,113)).
service_(span("employee",136,143)).
residence_(span("live",305,308)).
payment_(span("maintained",321,330)).
agent_(span("married",63,69),span("Alice",57,61)).
agent_(span("married",63,69),span("Charlie",71,77)).
start_(span("married",63,69),span(20180808,82,97)).
start_(span("maintained",321,330),span(20200101,276,279)).
amount_(span("maintained",321,330),span(1,321,330)).
start_(span("maintained",321,330),span(20190101,276,279)).
agent_(span("maintained",321,330),span("Alice",335,339)).
agent_(span("maintained",321,330),span("Charlie",345,351)).
patient_(span("paid",110,113),span("Alice",100,104)).
amount_(span("paid",110,113),span(73200,116,120)).
start_(span("paid",110,113),span(20200101,125,128)).
purpose_(span("paid",110,113),span("employee",136,143)).
agent_(span("paid",110,113),span("United States Government",152,175)).
start_(span("live",305,308),span(20190101,276,279)).
agent_(span("live",305,308),span("Bob",289,291)).
agent_(span("live",305,308),span("Charlie",297,303)).
patient_(span("live",305,308),span("house",315,319)).
agent_(span("live",305,308),span("Alice",335,339)).
agent_(span("employee",136,143),span("Alice",100,104)).
end_(span("employee",136,143),span(20201231,125,128)).
start_(span("employee",136,143),span(20200101,125,128)).
patient_(span("employee",136,143),span("United States Government",152,175)).
location_(span("employee",136,143),span("Arlington",180,188)).
location_(span("employee",136,143),span("Virginia",191,198)).
location_(span("employee",136,143),span("USA",201,203)).
agent_(span("son",29,31),span("Bob",0,2)).
patient_(span("son",29,31),span("Charlie",7,13)).
patient_(span("son",29,31),span("Dorothy",19,25)).
start_(span("son",29,31),span(20150415,39,54)).
2025-06-14 15:03:45,338 - INFO - Test query:
:- tax("Alice",2020,15236).
2025-06-14 15:03:45,338 - INFO - 
Generated Prolog code:
:- ['/Users/sophie/code/2025-mcm-llms-applied-in-law_context/data/sara_v3/statutes/prolog/utils.pl'].
:- ['/Users/sophie/code/2025-mcm-llms-applied-in-law_context/data/sara_v3/statutes/prolog/init.pl'].
:- [statutes/prolog/init].
son_(span("son",29,31)).
birth_(span("born",34,37)).
agent_(span("born",34,37),span("Bob",0,2)).
start_(span("born",34,37),span(20150415,39,54)).
marriage_(span("married",63,69)).
payment_(span("paid",110,113)).
service_(span("employee",136,143)).
residence_(span("live",305,308)).
payment_(span("maintained",321,330)).
agent_(span("married",63,69),span("Alice",57,61)).
agent_(span("married",63,69),span("Charlie",71,77)).
start_(span("married",63,69),span(20180808,82,97)).
start_(span("maintained",321,330),span(20200101,276,279)).
amount_(span("maintained",321,330),span(1,321,330)).
start_(span("maintained",321,330),span(20190101,276,279)).
agent_(span("maintained",321,330),span("Alice",335,339)).
agent_(span("maintained",321,330),span("Charlie",345,351)).
patient_(span("paid",110,113),span("Alice",100,104)).
amount_(span("paid",110,113),span(73200,116,120)).
start_(span("paid",110,113),span(20200101,125,128)).
purpose_(span("paid",110,113),span("employee",136,143)).
agent_(span("paid",110,113),span("United States Government",152,175)).
start_(span("live",305,308),span(20190101,276,279)).
agent_(span("live",305,308),span("Bob",289,291)).
agent_(span("live",305,308),span("Charlie",297,303)).
patient_(span("live",305,308),span("house",315,319)).
agent_(span("live",305,308),span("Alice",335,339)).
agent_(span("employee",136,143),span("Alice",100,104)).
end_(span("employee",136,143),span(20201231,125,128)).
start_(span("employee",136,143),span(20200101,125,128)).
patient_(span("employee",136,143),span("United States Government",152,175)).
location_(span("employee",136,143),span("Arlington",180,188)).
location_(span("employee",136,143),span("Virginia",191,198)).
location_(span("employee",136,143),span("USA",201,203)).
agent_(span("son",29,31),span("Bob",0,2)).
patient_(span("son",29,31),span("Charlie",7,13)).
patient_(span("son",29,31),span("Dorothy",19,25)).
start_(span("son",29,31),span(20150415,39,54)).
2025-06-14 15:03:45,338 - INFO - 
Query:
tax("Alice",2020,15236).
2025-06-14 15:03:45,485 - INFO - 
Query result: {'truth': True}
2025-06-14 15:03:45,485 - INFO - Result: correct

2025-06-14 15:03:45,485 - INFO - 
==================================================
Processing case: tax_case_6
==================================================
2025-06-14 15:03:45,485 - INFO - Facts:
:- [statutes/prolog/init].
marriage_(span("married",6,12)).
son_(span("son",43,45)).
death_(span("died",87,90)).
income_(span("income",126,131)).
income_(span("income",187,192)).
residence_(span("lived",234,238)).
payment_(span("maintained",251,260)).
deduction_(span("deduction",307,315)).
agent_(span("died",87,90),span("Bob",83,85)).
start_(span("died",87,90),span(20161022,92,109)).
start_(span("deduction",307,315),span(20170101,210,213)).
agent_(span("deduction",307,315),span("Alice",288,292)).
amount_(span("deduction",307,315),span(59850,321,325)).
agent_(span("income",126,131),span("Alice",112,116)).
start_(span("income",126,131),span(20160101,146,149)).
amount_(span("income",126,131),span(113580,156,161)).
start_(span("income",187,192),span(20170101,167,170)).
agent_(span("income",187,192),span("Alice",173,177)).
amount_(span("income",187,192),span(567192,199,204)).
agent_(span("married",6,12),span("Alice",0,4)).
agent_(span("married",6,12),span("Bob",14,16)).
start_(span("married",6,12),span(20080529,21,34)).
amount_(span("maintained",251,260),span(1,251,260)).
start_(span("maintained",251,260),span(20170101,210,213)).
purpose_(span("maintained",251,260),span("house",245,249)).
agent_(span("maintained",251,260),span("Alice",265,269)).
end_(span("lived",234,238),span(20171231,210,213)).
start_(span("lived",234,238),span(20170101,210,213)).
agent_(span("lived",234,238),span("Alice",216,220)).
agent_(span("lived",234,238),span("Charlie",226,232)).
patient_(span("lived",234,238),span("house",245,249)).
patient_(span("son",43,45),span("Alice",0,4)).
agent_(span("son",43,45),span("Charlie",47,53)).
start_(span("son",43,45),span(20041004,64,80)).
birth_(span("born",59,62)).
agent_(span("born",59,62),span("Charlie",47,53)).
start_(span("born",59,62),span(20041004,64,80)).
patient_(span("son",43,45),span("Bob",14,16)).
2025-06-14 15:03:45,485 - INFO - Test query:
:- tax("Alice",2017,180610).
2025-06-14 15:03:45,485 - INFO - 
Generated Prolog code:
:- ['/Users/sophie/code/2025-mcm-llms-applied-in-law_context/data/sara_v3/statutes/prolog/utils.pl'].
:- ['/Users/sophie/code/2025-mcm-llms-applied-in-law_context/data/sara_v3/statutes/prolog/init.pl'].
:- [statutes/prolog/init].
marriage_(span("married",6,12)).
son_(span("son",43,45)).
death_(span("died",87,90)).
income_(span("income",126,131)).
income_(span("income",187,192)).
residence_(span("lived",234,238)).
payment_(span("maintained",251,260)).
deduction_(span("deduction",307,315)).
agent_(span("died",87,90),span("Bob",83,85)).
start_(span("died",87,90),span(20161022,92,109)).
start_(span("deduction",307,315),span(20170101,210,213)).
agent_(span("deduction",307,315),span("Alice",288,292)).
amount_(span("deduction",307,315),span(59850,321,325)).
agent_(span("income",126,131),span("Alice",112,116)).
start_(span("income",126,131),span(20160101,146,149)).
amount_(span("income",126,131),span(113580,156,161)).
start_(span("income",187,192),span(20170101,167,170)).
agent_(span("income",187,192),span("Alice",173,177)).
amount_(span("income",187,192),span(567192,199,204)).
agent_(span("married",6,12),span("Alice",0,4)).
agent_(span("married",6,12),span("Bob",14,16)).
start_(span("married",6,12),span(20080529,21,34)).
amount_(span("maintained",251,260),span(1,251,260)).
start_(span("maintained",251,260),span(20170101,210,213)).
purpose_(span("maintained",251,260),span("house",245,249)).
agent_(span("maintained",251,260),span("Alice",265,269)).
end_(span("lived",234,238),span(20171231,210,213)).
start_(span("lived",234,238),span(20170101,210,213)).
agent_(span("lived",234,238),span("Alice",216,220)).
agent_(span("lived",234,238),span("Charlie",226,232)).
patient_(span("lived",234,238),span("house",245,249)).
patient_(span("son",43,45),span("Alice",0,4)).
agent_(span("son",43,45),span("Charlie",47,53)).
start_(span("son",43,45),span(20041004,64,80)).
birth_(span("born",59,62)).
agent_(span("born",59,62),span("Charlie",47,53)).
start_(span("born",59,62),span(20041004,64,80)).
patient_(span("son",43,45),span("Bob",14,16)).
2025-06-14 15:03:45,486 - INFO - 
Query:
tax("Alice",2017,180610).
2025-06-14 15:03:45,632 - INFO - 
Query result: {'truth': True}
2025-06-14 15:03:45,632 - INFO - Result: correct

2025-06-14 15:03:45,633 - INFO - 
==================================================
Processing case: tax_case_60
==================================================
2025-06-14 15:03:45,633 - INFO - Facts:
:- [statutes/prolog/init].
marriage_(span("married",10,16)).
joint_return_(span("joint return",50,61)).
income_(span("income",120,125)).
son_(span("son",218,220)).
residence_(span("abode",264,268)).
son_(span("son",296,298)).
residence_(span("abode",351,355)).
agent_(span("income",120,125),span("Alice",89,93)).
start_(span("income",120,125),span(20150101,140,143)).
amount_(span("income",120,125),span(42876,149,153)).
agent_(span("joint return",50,61),span("Alice",36,40)).
agent_(span("joint return",50,61),span("spouse",72,77)).
start_(span("joint return",50,61),span(20150101,83,86)).
agent_(span("married",10,16),span("Alice",0,4)).
start_(span("married",10,16),span(20050106,21,33)).
agent_(span("married",10,16),span("spouse",72,77)).
agent_(span("abode",264,268),span("Alice",206,210)).
agent_(span("abode",264,268),span("Bob",223,225)).
patient_(span("abode",264,268),span("place",255,259)).
end_(span("abode",264,268),span(20151231,280,283)).
start_(span("abode",264,268),span(20150101,280,283)).
patient_(span("abode",351,355),span("place",342,346)).
agent_(span("abode",351,355),span("Bob",286,288)).
agent_(span("abode",351,355),span("Charlie",301,307)).
end_(span("abode",351,355),span(20151231,374,377)).
start_(span("abode",351,355),span(20150101,374,377)).
patient_(span("son",218,220),span("Alice",206,210)).
agent_(span("son",218,220),span("Bob",223,225)).
patient_(span("son",296,298),span("Bob",286,288)).
agent_(span("son",296,298),span("Charlie",301,307)).
2025-06-14 15:03:45,633 - INFO - Test query:
:- tax("Alice",2015,4331).
2025-06-14 15:03:45,633 - INFO - 
Generated Prolog code:
:- ['/Users/sophie/code/2025-mcm-llms-applied-in-law_context/data/sara_v3/statutes/prolog/utils.pl'].
:- ['/Users/sophie/code/2025-mcm-llms-applied-in-law_context/data/sara_v3/statutes/prolog/init.pl'].
:- [statutes/prolog/init].
marriage_(span("married",10,16)).
joint_return_(span("joint return",50,61)).
income_(span("income",120,125)).
son_(span("son",218,220)).
residence_(span("abode",264,268)).
son_(span("son",296,298)).
residence_(span("abode",351,355)).
agent_(span("income",120,125),span("Alice",89,93)).
start_(span("income",120,125),span(20150101,140,143)).
amount_(span("income",120,125),span(42876,149,153)).
agent_(span("joint return",50,61),span("Alice",36,40)).
agent_(span("joint return",50,61),span("spouse",72,77)).
start_(span("joint return",50,61),span(20150101,83,86)).
agent_(span("married",10,16),span("Alice",0,4)).
start_(span("married",10,16),span(20050106,21,33)).
agent_(span("married",10,16),span("spouse",72,77)).
agent_(span("abode",264,268),span("Alice",206,210)).
agent_(span("abode",264,268),span("Bob",223,225)).
patient_(span("abode",264,268),span("place",255,259)).
end_(span("abode",264,268),span(20151231,280,283)).
start_(span("abode",264,268),span(20150101,280,283)).
patient_(span("abode",351,355),span("place",342,346)).
agent_(span("abode",351,355),span("Bob",286,288)).
agent_(span("abode",351,355),span("Charlie",301,307)).
end_(span("abode",351,355),span(20151231,374,377)).
start_(span("abode",351,355),span(20150101,374,377)).
patient_(span("son",218,220),span("Alice",206,210)).
agent_(span("son",218,220),span("Bob",223,225)).
patient_(span("son",296,298),span("Bob",286,288)).
agent_(span("son",296,298),span("Charlie",301,307)).
2025-06-14 15:03:45,633 - INFO - 
Query:
tax("Alice",2015,4331).
2025-06-14 15:03:45,777 - INFO - 
Query result: {'truth': True}
2025-06-14 15:03:45,778 - INFO - Result: correct

2025-06-14 15:03:45,778 - INFO - 
==================================================
Processing case: tax_case_61
==================================================
2025-06-14 15:03:45,778 - INFO - Facts:
:- [statutes/prolog/init].
father_(span("father",13,18)).
residence_(span("abode",53,57)).
income_(span("income",123,128)).
agent_(span("father",13,18),span("Bob",0,2)).
patient_(span("father",13,18),span("Alice",5,9)).
agent_(span("income",123,128),span("Alice",109,113)).
start_(span("income",123,128),span(20150101,143,146)).
amount_(span("income",123,128),span(102268,152,157)).
agent_(span("abode",53,57),span("Bob",0,2)).
patient_(span("abode",53,57),span("place",44,48)).
agent_(span("abode",53,57),span("Alice",62,66)).
start_(span("abode",53,57),span(20120101,74,77)).
2025-06-14 15:03:45,778 - INFO - Test query:
:- tax("Alice",2015,25055).
2025-06-14 15:03:45,778 - INFO - 
Generated Prolog code:
:- ['/Users/sophie/code/2025-mcm-llms-applied-in-law_context/data/sara_v3/statutes/prolog/utils.pl'].
:- ['/Users/sophie/code/2025-mcm-llms-applied-in-law_context/data/sara_v3/statutes/prolog/init.pl'].
:- [statutes/prolog/init].
father_(span("father",13,18)).
residence_(span("abode",53,57)).
income_(span("income",123,128)).
agent_(span("father",13,18),span("Bob",0,2)).
patient_(span("father",13,18),span("Alice",5,9)).
agent_(span("income",123,128),span("Alice",109,113)).
start_(span("income",123,128),span(20150101,143,146)).
amount_(span("income",123,128),span(102268,152,157)).
agent_(span("abode",53,57),span("Bob",0,2)).
patient_(span("abode",53,57),span("place",44,48)).
agent_(span("abode",53,57),span("Alice",62,66)).
start_(span("abode",53,57),span(20120101,74,77)).
2025-06-14 15:03:45,778 - INFO - 
Query:
tax("Alice",2015,25055).
2025-06-14 15:03:45,920 - INFO - 
Query result: {'truth': True}
2025-06-14 15:03:45,920 - INFO - Result: correct

2025-06-14 15:03:45,921 - INFO - 
==================================================
Processing case: tax_case_62
==================================================
2025-06-14 15:03:45,921 - INFO - Facts:
:- [statutes/prolog/init].
marriage_(span("married",6,12)).
joint_return_(span("joint return",54,65)).
income_(span("income",118,123)).
birth_(span("old",209,211)).
agent_(span("old",209,211),span("Alice",191,195)).
start_(span("old",209,211),span(19500101,200,207)).
agent_(span("income",118,123),span("Alice",94,98)).
start_(span("income",118,123),span(20170101,138,141)).
amount_(span("income",118,123),span(22895,147,151)).
agent_(span("joint return",54,65),span("Alice",40,44)).
start_(span("joint return",54,65),span(20170101,88,91)).
agent_(span("joint return",54,65),span("Bob",14,16)).
agent_(span("married",6,12),span("Alice",0,4)).
agent_(span("married",6,12),span("Bob",14,16)).
start_(span("married",6,12),span(20110825,21,37)).
2025-06-14 15:03:45,921 - INFO - Test query:
:- tax("Alice",2017,1844).
2025-06-14 15:03:45,921 - INFO - 
Generated Prolog code:
:- ['/Users/sophie/code/2025-mcm-llms-applied-in-law_context/data/sara_v3/statutes/prolog/utils.pl'].
:- ['/Users/sophie/code/2025-mcm-llms-applied-in-law_context/data/sara_v3/statutes/prolog/init.pl'].
:- [statutes/prolog/init].
marriage_(span("married",6,12)).
joint_return_(span("joint return",54,65)).
income_(span("income",118,123)).
birth_(span("old",209,211)).
agent_(span("old",209,211),span("Alice",191,195)).
start_(span("old",209,211),span(19500101,200,207)).
agent_(span("income",118,123),span("Alice",94,98)).
start_(span("income",118,123),span(20170101,138,141)).
amount_(span("income",118,123),span(22895,147,151)).
agent_(span("joint return",54,65),span("Alice",40,44)).
start_(span("joint return",54,65),span(20170101,88,91)).
agent_(span("joint return",54,65),span("Bob",14,16)).
agent_(span("married",6,12),span("Alice",0,4)).
agent_(span("married",6,12),span("Bob",14,16)).
start_(span("married",6,12),span(20110825,21,37)).
2025-06-14 15:03:45,921 - INFO - 
Query:
tax("Alice",2017,1844).
2025-06-14 15:03:46,064 - INFO - 
Query result: {'truth': True}
2025-06-14 15:03:46,064 - INFO - Result: correct

2025-06-14 15:03:46,065 - INFO - 
==================================================
Processing case: tax_case_63
==================================================
2025-06-14 15:03:46,065 - INFO - Facts:
:- [statutes/prolog/init].
marriage_(span("married",24,30)).
birth_(span("born",63,66)).
birth_(span("born",96,99)).
income_(span("income",130,135)).
joint_return_(span("file jointly",181,192)).
agent_(span("born",63,66),span("Alice",53,57)).
start_(span("born",63,66),span(19500302,68,82)).
agent_(span("born",96,99),span("Bob",88,90)).
start_(span("born",96,99),span(19550303,101,115)).
agent_(span("income",130,135),span("Bob",118,120)).
start_(span("income",130,135),span(20190101,150,153)).
amount_(span("income",130,135),span(113580,159,164)).
agent_(span("file jointly",181,192),span("Alice",167,171)).
agent_(span("file jointly",181,192),span("Bob",177,179)).
start_(span("file jointly",181,192),span(20190101,197,200)).
agent_(span("married",24,30),span("Alice",0,4)).
agent_(span("married",24,30),span("Bob",10,12)).
start_(span("married",24,30),span(20170203,38,50)).
2025-06-14 15:03:46,065 - INFO - Test query:
:- tax("Bob",2019,20298).
2025-06-14 15:03:46,065 - INFO - 
Generated Prolog code:
:- ['/Users/sophie/code/2025-mcm-llms-applied-in-law_context/data/sara_v3/statutes/prolog/utils.pl'].
:- ['/Users/sophie/code/2025-mcm-llms-applied-in-law_context/data/sara_v3/statutes/prolog/init.pl'].
:- [statutes/prolog/init].
marriage_(span("married",24,30)).
birth_(span("born",63,66)).
birth_(span("born",96,99)).
income_(span("income",130,135)).
joint_return_(span("file jointly",181,192)).
agent_(span("born",63,66),span("Alice",53,57)).
start_(span("born",63,66),span(19500302,68,82)).
agent_(span("born",96,99),span("Bob",88,90)).
start_(span("born",96,99),span(19550303,101,115)).
agent_(span("income",130,135),span("Bob",118,120)).
start_(span("income",130,135),span(20190101,150,153)).
amount_(span("income",130,135),span(113580,159,164)).
agent_(span("file jointly",181,192),span("Alice",167,171)).
agent_(span("file jointly",181,192),span("Bob",177,179)).
start_(span("file jointly",181,192),span(20190101,197,200)).
agent_(span("married",24,30),span("Alice",0,4)).
agent_(span("married",24,30),span("Bob",10,12)).
start_(span("married",24,30),span(20170203,38,50)).
2025-06-14 15:03:46,065 - INFO - 
Query:
tax("Bob",2019,20298).
2025-06-14 15:03:46,210 - INFO - 
Query result: {'truth': True}
2025-06-14 15:03:46,210 - INFO - Result: correct

2025-06-14 15:03:46,210 - INFO - 
==================================================
Processing case: tax_case_64
==================================================
2025-06-14 15:03:46,210 - INFO - Facts:
:- [statutes/prolog/init].
brother_(span("brother",12,18)).
income_(span("income",73,78)).
residence_(span("lived",105,109)).
patient_(span("brother",12,18),span("Alice",0,4)).
agent_(span("brother",12,18),span("Bob",21,23)).
start_(span("brother",12,18),span(20140131,39,56)).
birth_(span("born",34,37)).
agent_(span("born",34,37),span("Bob",21,23)).
start_(span("born",34,37),span(20140131,39,56)).
agent_(span("income",73,78),span("Alice",59,63)).
start_(span("income",73,78),span(20150101,83,86)).
amount_(span("income",73,78),span(260932,93,98)).
agent_(span("lived",105,109),span("Bob",101,103)).
agent_(span("lived",105,109),span("Alice",114,118)).
patient_(span("lived",105,109),span("house",122,126)).
end_(span("lived",105,109),span(20151231,131,134)).
start_(span("lived",105,109),span(20150101,131,134)).
2025-06-14 15:03:46,210 - INFO - Test query:
:- tax("Alice",2015,81487).
2025-06-14 15:03:46,211 - INFO - 
Generated Prolog code:
:- ['/Users/sophie/code/2025-mcm-llms-applied-in-law_context/data/sara_v3/statutes/prolog/utils.pl'].
:- ['/Users/sophie/code/2025-mcm-llms-applied-in-law_context/data/sara_v3/statutes/prolog/init.pl'].
:- [statutes/prolog/init].
brother_(span("brother",12,18)).
income_(span("income",73,78)).
residence_(span("lived",105,109)).
patient_(span("brother",12,18),span("Alice",0,4)).
agent_(span("brother",12,18),span("Bob",21,23)).
start_(span("brother",12,18),span(20140131,39,56)).
birth_(span("born",34,37)).
agent_(span("born",34,37),span("Bob",21,23)).
start_(span("born",34,37),span(20140131,39,56)).
agent_(span("income",73,78),span("Alice",59,63)).
start_(span("income",73,78),span(20150101,83,86)).
amount_(span("income",73,78),span(260932,93,98)).
agent_(span("lived",105,109),span("Bob",101,103)).
agent_(span("lived",105,109),span("Alice",114,118)).
patient_(span("lived",105,109),span("house",122,126)).
end_(span("lived",105,109),span(20151231,131,134)).
start_(span("lived",105,109),span(20150101,131,134)).
2025-06-14 15:03:46,211 - INFO - 
Query:
tax("Alice",2015,81487).
2025-06-14 15:03:46,356 - INFO - 
Query result: {'truth': True}
2025-06-14 15:03:46,357 - INFO - Result: correct

2025-06-14 15:03:46,357 - INFO - 
==================================================
Processing case: tax_case_65
==================================================
2025-06-14 15:03:46,357 - INFO - Facts:
:- [statutes/prolog/init].
payment_(span("paid",19,22)).
marriage_(span("married",72,78)).
joint_return_(span("joint return",117,128)).
income_(span("income",152,157)).
deduction_(span("deductions",207,216)).
start_(span("deductions",207,216),span(20160101,162,165)).
agent_(span("deductions",207,216),span("Alice",179,183)).
amount_(span("deductions",207,216),span(21137,222,226)).
agent_(span("income",152,157),span("Bob",140,142)).
start_(span("income",152,157),span(20160101,162,165)).
amount_(span("income",152,157),span(42939,172,176)).
start_(span("joint return",117,128),span(20160101,134,137)).
agent_(span("joint return",117,128),span("Bob",58,60)).
agent_(span("joint return",117,128),span("Alice",48,52)).
agent_(span("married",72,78),span("Alice",48,52)).
agent_(span("married",72,78),span("Bob",58,60)).
start_(span("married",72,78),span(20160203,86,98)).
start_(span("paid",19,22),span(20160101,3,6)).
patient_(span("paid",19,22),span("Alice",9,13)).
amount_(span("paid",19,22),span(51020,25,29)).
2025-06-14 15:03:46,357 - INFO - Test query:
:- tax("Alice",2016,14473).
2025-06-14 15:03:46,357 - INFO - 
Generated Prolog code:
:- ['/Users/sophie/code/2025-mcm-llms-applied-in-law_context/data/sara_v3/statutes/prolog/utils.pl'].
:- ['/Users/sophie/code/2025-mcm-llms-applied-in-law_context/data/sara_v3/statutes/prolog/init.pl'].
:- [statutes/prolog/init].
payment_(span("paid",19,22)).
marriage_(span("married",72,78)).
joint_return_(span("joint return",117,128)).
income_(span("income",152,157)).
deduction_(span("deductions",207,216)).
start_(span("deductions",207,216),span(20160101,162,165)).
agent_(span("deductions",207,216),span("Alice",179,183)).
amount_(span("deductions",207,216),span(21137,222,226)).
agent_(span("income",152,157),span("Bob",140,142)).
start_(span("income",152,157),span(20160101,162,165)).
amount_(span("income",152,157),span(42939,172,176)).
start_(span("joint return",117,128),span(20160101,134,137)).
agent_(span("joint return",117,128),span("Bob",58,60)).
agent_(span("joint return",117,128),span("Alice",48,52)).
agent_(span("married",72,78),span("Alice",48,52)).
agent_(span("married",72,78),span("Bob",58,60)).
start_(span("married",72,78),span(20160203,86,98)).
start_(span("paid",19,22),span(20160101,3,6)).
patient_(span("paid",19,22),span("Alice",9,13)).
amount_(span("paid",19,22),span(51020,25,29)).
2025-06-14 15:03:46,357 - INFO - 
Query:
tax("Alice",2016,14473).
2025-06-14 15:03:46,501 - INFO - 
Query result: {'truth': True}
2025-06-14 15:03:46,501 - INFO - Result: correct

2025-06-14 15:03:46,502 - INFO - 
==================================================
Processing case: tax_case_66
==================================================
2025-06-14 15:03:46,502 - INFO - Facts:
:- [statutes/prolog/init].
bob_household_maintenance(Year,Event,Start_day,End_day) :-
    between(2004,2019,Year),
    atom_concat("furnished the costs ",Year,Event),
    first_day_year(Year,Start_day),
    last_day_year(Year,End_day).
payment_(span(Event,158,166)) :- bob_household_maintenance(_,Event,_,_).
agent_(span(Event,158,166),span("Bob",154,156)) :- bob_household_maintenance(_,Event,_,_).
amount_(span(Event,158,166),span(1,168,170)) :- bob_household_maintenance(_,Event,_,_).
purpose_(span(Event,158,166),span("home",197,200)) :- bob_household_maintenance(_,Event,_,_).
start_(span(Event,158,166),span(Start_day,140,143)) :- bob_household_maintenance(_,Event,Start_day,_).
end_(span(Event,158,166),span(End_day,148,151)) :- bob_household_maintenance(_,Event,_,End_day).
marriage_(span("married",18,24)).
son_(span("child",65,69)).
death_(span("died",111,114)).
residence_(span("lived",223,227)).
income_(span("income",259,264)).
agent_(span("died",111,114),span("Alice",105,109)).
start_(span("died",111,114),span(20140709,119,132)).
agent_(span("income",259,264),span("Bob",247,249)).
start_(span("income",259,264),span(20160101,269,272)).
amount_(span("income",259,264),span(84356,279,283)).
agent_(span("married",18,24),span("Alice",0,4)).
agent_(span("married",18,24),span("Bob",10,12)).
start_(span("married",18,24),span(19920203,29,41)).
start_(span("lived",223,227),span(20040401,140,143)).
end_(span("lived",223,227),span(20191231,148,151)).
agent_(span("lived",223,227),span("Bob",154,156)).
patient_(span("lived",223,227),span("home",197,200)).
agent_(span("lived",223,227),span("Charlie",215,221)).
patient_(span("child",65,69),span("Alice",44,48)).
patient_(span("child",65,69),span("Bob",54,56)).
agent_(span("child",65,69),span("Charlie",72,78)).
start_(span("child",65,69),span(20001009,86,102)).
birth_(span("born",81,84)).
agent_(span("born",81,84),span("Charlie",72,78)).
start_(span("born",81,84),span(20001009,86,102)).
2025-06-14 15:03:46,502 - INFO - Test query:
:- tax("Bob",2016,16023).
2025-06-14 15:03:46,502 - INFO - 
Generated Prolog code:
:- ['/Users/sophie/code/2025-mcm-llms-applied-in-law_context/data/sara_v3/statutes/prolog/utils.pl'].
:- ['/Users/sophie/code/2025-mcm-llms-applied-in-law_context/data/sara_v3/statutes/prolog/init.pl'].
:- [statutes/prolog/init].
bob_household_maintenance(Year,Event,Start_day,End_day) :-
between(2004,2019,Year),
atom_concat("furnished the costs ",Year,Event),
first_day_year(Year,Start_day),
last_day_year(Year,End_day).
payment_(span(Event,158,166)) :- bob_household_maintenance(_,Event,_,_).
agent_(span(Event,158,166),span("Bob",154,156)) :- bob_household_maintenance(_,Event,_,_).
amount_(span(Event,158,166),span(1,168,170)) :- bob_household_maintenance(_,Event,_,_).
purpose_(span(Event,158,166),span("home",197,200)) :- bob_household_maintenance(_,Event,_,_).
start_(span(Event,158,166),span(Start_day,140,143)) :- bob_household_maintenance(_,Event,Start_day,_).
end_(span(Event,158,166),span(End_day,148,151)) :- bob_household_maintenance(_,Event,_,End_day).
marriage_(span("married",18,24)).
son_(span("child",65,69)).
death_(span("died",111,114)).
residence_(span("lived",223,227)).
income_(span("income",259,264)).
agent_(span("died",111,114),span("Alice",105,109)).
start_(span("died",111,114),span(20140709,119,132)).
agent_(span("income",259,264),span("Bob",247,249)).
start_(span("income",259,264),span(20160101,269,272)).
amount_(span("income",259,264),span(84356,279,283)).
agent_(span("married",18,24),span("Alice",0,4)).
agent_(span("married",18,24),span("Bob",10,12)).
start_(span("married",18,24),span(19920203,29,41)).
start_(span("lived",223,227),span(20040401,140,143)).
end_(span("lived",223,227),span(20191231,148,151)).
agent_(span("lived",223,227),span("Bob",154,156)).
patient_(span("lived",223,227),span("home",197,200)).
agent_(span("lived",223,227),span("Charlie",215,221)).
patient_(span("child",65,69),span("Alice",44,48)).
patient_(span("child",65,69),span("Bob",54,56)).
agent_(span("child",65,69),span("Charlie",72,78)).
start_(span("child",65,69),span(20001009,86,102)).
birth_(span("born",81,84)).
agent_(span("born",81,84),span("Charlie",72,78)).
start_(span("born",81,84),span(20001009,86,102)).
2025-06-14 15:03:46,502 - INFO - 
Query:
tax("Bob",2016,16023).
2025-06-14 15:03:46,669 - INFO - 
Query result: {'truth': True}
2025-06-14 15:03:46,669 - INFO - Result: correct

2025-06-14 15:03:46,669 - INFO - 
==================================================
Processing case: tax_case_67
==================================================
2025-06-14 15:03:46,669 - INFO - Facts:
:- [statutes/prolog/init].
marriage_(span("married",10,16)).
income_(span("income",51,56)).
income_(span("income",165,170)).
deduction_(span("deductions",212,221)).
agent_(span("deductions",212,221),span("husband",149,155)).
start_(span("deductions",212,221),span(20160101,175,178)).
amount_(span("deductions",212,221),span(4421,227,230)).
agent_(span("income",51,56),span("Alice",37,41)).
start_(span("income",51,56),span(20160101,71,74)).
amount_(span("income",51,56),span(554313,80,85)).
agent_(span("income",165,170),span("husband",149,155)).
start_(span("income",165,170),span(20160101,175,178)).
amount_(span("income",165,170),span(56298,184,188)).
agent_(span("married",10,16),span("Alice",0,4)).
start_(span("married",10,16),span(20091210,21,34)).
agent_(span("married",10,16),span("husband",149,155)).
2025-06-14 15:03:46,669 - INFO - Test query:
:- tax("Alice",2016,207772).
2025-06-14 15:03:46,670 - INFO - 
Generated Prolog code:
:- ['/Users/sophie/code/2025-mcm-llms-applied-in-law_context/data/sara_v3/statutes/prolog/utils.pl'].
:- ['/Users/sophie/code/2025-mcm-llms-applied-in-law_context/data/sara_v3/statutes/prolog/init.pl'].
:- [statutes/prolog/init].
marriage_(span("married",10,16)).
income_(span("income",51,56)).
income_(span("income",165,170)).
deduction_(span("deductions",212,221)).
agent_(span("deductions",212,221),span("husband",149,155)).
start_(span("deductions",212,221),span(20160101,175,178)).
amount_(span("deductions",212,221),span(4421,227,230)).
agent_(span("income",51,56),span("Alice",37,41)).
start_(span("income",51,56),span(20160101,71,74)).
amount_(span("income",51,56),span(554313,80,85)).
agent_(span("income",165,170),span("husband",149,155)).
start_(span("income",165,170),span(20160101,175,178)).
amount_(span("income",165,170),span(56298,184,188)).
agent_(span("married",10,16),span("Alice",0,4)).
start_(span("married",10,16),span(20091210,21,34)).
agent_(span("married",10,16),span("husband",149,155)).
2025-06-14 15:03:46,670 - INFO - 
Query:
tax("Alice",2016,207772).
2025-06-14 15:03:46,803 - INFO - 
Query result: {'truth': True}
2025-06-14 15:03:46,803 - INFO - Result: correct

2025-06-14 15:03:46,803 - INFO - 
==================================================
Processing case: tax_case_7
==================================================
2025-06-14 15:03:46,803 - INFO - Facts:
:- [statutes/prolog/init].
bob_household_maintenance(Year,Event,Start_day,End_day) :-
    between(2004,2019,Year),
    atom_concat("furnished the costs ",Year,Event),
    first_day_year(Year,Start_day),
    last_day_year(Year,End_day).
payment_(span(Event,128,136)) :- bob_household_maintenance(_,Event,_,_).
agent_(span(Event,128,136),span("Bob",124,126)) :- bob_household_maintenance(_,Event,_,_).
amount_(span(Event,128,136),span(1,138,140)) :- bob_household_maintenance(_,Event,_,_).
purpose_(span(Event,128,136),span("home",167,170)) :- bob_household_maintenance(_,Event,_,_).
start_(span(Event,128,136),span(Start_day,110,113)) :- bob_household_maintenance(_,Event,Start_day,_).
end_(span(Event,128,136),span(End_day,118,121)) :- bob_household_maintenance(_,Event,_,End_day).
marriage_(span("married",18,24)).
death_(span("died",50,53)).
nonresident_alien_(span("nonresident alien",86,102)).
father_(span("father",189,194)).
residence_(span("lived",204,208)).
income_(span("income",281,286)).
agent_(span("died",50,53),span("Alice",44,48)).
start_(span("died",50,53),span(20140709,58,71)).
agent_(span("father",189,194),span("Bob",124,126)).
patient_(span("father",189,194),span("Charlie",196,202)).
agent_(span("income",281,286),span("Bob",269,271)).
start_(span("income",281,286),span(20150101,291,294)).
amount_(span("income",281,286),span(678323,301,306)).
agent_(span("married",18,24),span("Alice",0,4)).
agent_(span("married",18,24),span("Bob",10,12)).
start_(span("married",18,24),span(20130203,29,41)).
agent_(span("nonresident alien",86,102),span("Alice",74,78)).
start_(span("lived",204,208),span(20040101,110,113)).
agent_(span("lived",204,208),span("Bob",124,126)).
patient_(span("lived",204,208),span("home",167,170)).
agent_(span("lived",204,208),span("Charlie",196,202)).
end_(span("lived",204,208),span(20191231,118,121)).
2025-06-14 15:03:46,803 - INFO - Test query:
:- tax("Bob",2015,245359).
2025-06-14 15:03:46,803 - INFO - 
Generated Prolog code:
:- ['/Users/sophie/code/2025-mcm-llms-applied-in-law_context/data/sara_v3/statutes/prolog/utils.pl'].
:- ['/Users/sophie/code/2025-mcm-llms-applied-in-law_context/data/sara_v3/statutes/prolog/init.pl'].
:- [statutes/prolog/init].
bob_household_maintenance(Year,Event,Start_day,End_day) :-
between(2004,2019,Year),
atom_concat("furnished the costs ",Year,Event),
first_day_year(Year,Start_day),
last_day_year(Year,End_day).
payment_(span(Event,128,136)) :- bob_household_maintenance(_,Event,_,_).
agent_(span(Event,128,136),span("Bob",124,126)) :- bob_household_maintenance(_,Event,_,_).
amount_(span(Event,128,136),span(1,138,140)) :- bob_household_maintenance(_,Event,_,_).
purpose_(span(Event,128,136),span("home",167,170)) :- bob_household_maintenance(_,Event,_,_).
start_(span(Event,128,136),span(Start_day,110,113)) :- bob_household_maintenance(_,Event,Start_day,_).
end_(span(Event,128,136),span(End_day,118,121)) :- bob_household_maintenance(_,Event,_,End_day).
marriage_(span("married",18,24)).
death_(span("died",50,53)).
nonresident_alien_(span("nonresident alien",86,102)).
father_(span("father",189,194)).
residence_(span("lived",204,208)).
income_(span("income",281,286)).
agent_(span("died",50,53),span("Alice",44,48)).
start_(span("died",50,53),span(20140709,58,71)).
agent_(span("father",189,194),span("Bob",124,126)).
patient_(span("father",189,194),span("Charlie",196,202)).
agent_(span("income",281,286),span("Bob",269,271)).
start_(span("income",281,286),span(20150101,291,294)).
amount_(span("income",281,286),span(678323,301,306)).
agent_(span("married",18,24),span("Alice",0,4)).
agent_(span("married",18,24),span("Bob",10,12)).
start_(span("married",18,24),span(20130203,29,41)).
agent_(span("nonresident alien",86,102),span("Alice",74,78)).
start_(span("lived",204,208),span(20040101,110,113)).
agent_(span("lived",204,208),span("Bob",124,126)).
patient_(span("lived",204,208),span("home",167,170)).
agent_(span("lived",204,208),span("Charlie",196,202)).
end_(span("lived",204,208),span(20191231,118,121)).
2025-06-14 15:03:46,806 - INFO - 
Query:
tax("Bob",2015,245359).
2025-06-14 15:03:47,024 - INFO - 
Query result: {'truth': True}
2025-06-14 15:03:47,024 - INFO - Result: correct

2025-06-14 15:03:47,025 - INFO - 
==================================================
Processing case: tax_case_70
==================================================
2025-06-14 15:03:47,025 - INFO - Facts:
:- [statutes/prolog/init].
brother_(span("brother",12,18)).
residence_(span("lived",73,77)).
son_(span("parents",86,92)).
residence_(span("parents' place",86,99)).
income_(span("income",125,130)).
marriage_(span("married",155,161)).
deduction_(span("deductions",270,279)).
patient_(span("brother",12,18),span("Alice",0,4)).
agent_(span("brother",12,18),span("Bob",21,23)).
start_(span("brother",12,18),span(20140131,39,56)).
start_(span("deductions",270,279),span(20160101,209,212)).
agent_(span("deductions",270,279),span("Alice",251,255)).
amount_(span("deductions",270,279),span(100206,285,290)).
start_(span("income",125,130),span(20160101,105,108)).
agent_(span("income",125,130),span("Alice",111,115)).
amount_(span("income",125,130),span(567192,137,142)).
agent_(span("married",155,161),span("Alice",145,149)).
start_(span("married",155,161),span(20160112,166,177)).
agent_(span("married",155,161),span("husband",184,190)).
agent_(span("parents' place",86,99),span("parents",86,92)).
patient_(span("parents' place",86,99),span("place",95,99)).
agent_(span("lived",73,77),span("Bob",21,23)).
start_(span("lived",73,77),span(20140131,39,56)).
patient_(span("lived",73,77),span("place",95,99)).
agent_(span("parents",86,92),span("Bob",21,23)).
start_(span("parents",86,92),span(20140131,39,56)).
patient_(span("parents",86,92),span("parents",86,92)).
birth_(span("born",34,37)).
agent_(span("born",34,37),span("Bob",21,23)).
start_(span("born",34,37),span(20140131,39,56)).
2025-06-14 15:03:47,025 - INFO - Test query:
:- tax("Alice",2016,178147).
2025-06-14 15:03:47,025 - INFO - 
Generated Prolog code:
:- ['/Users/sophie/code/2025-mcm-llms-applied-in-law_context/data/sara_v3/statutes/prolog/utils.pl'].
:- ['/Users/sophie/code/2025-mcm-llms-applied-in-law_context/data/sara_v3/statutes/prolog/init.pl'].
:- [statutes/prolog/init].
brother_(span("brother",12,18)).
residence_(span("lived",73,77)).
son_(span("parents",86,92)).
residence_(span("parents' place",86,99)).
income_(span("income",125,130)).
marriage_(span("married",155,161)).
deduction_(span("deductions",270,279)).
patient_(span("brother",12,18),span("Alice",0,4)).
agent_(span("brother",12,18),span("Bob",21,23)).
start_(span("brother",12,18),span(20140131,39,56)).
start_(span("deductions",270,279),span(20160101,209,212)).
agent_(span("deductions",270,279),span("Alice",251,255)).
amount_(span("deductions",270,279),span(100206,285,290)).
start_(span("income",125,130),span(20160101,105,108)).
agent_(span("income",125,130),span("Alice",111,115)).
amount_(span("income",125,130),span(567192,137,142)).
agent_(span("married",155,161),span("Alice",145,149)).
start_(span("married",155,161),span(20160112,166,177)).
agent_(span("married",155,161),span("husband",184,190)).
agent_(span("parents' place",86,99),span("parents",86,92)).
patient_(span("parents' place",86,99),span("place",95,99)).
agent_(span("lived",73,77),span("Bob",21,23)).
start_(span("lived",73,77),span(20140131,39,56)).
patient_(span("lived",73,77),span("place",95,99)).
agent_(span("parents",86,92),span("Bob",21,23)).
start_(span("parents",86,92),span(20140131,39,56)).
patient_(span("parents",86,92),span("parents",86,92)).
birth_(span("born",34,37)).
agent_(span("born",34,37),span("Bob",21,23)).
start_(span("born",34,37),span(20140131,39,56)).
2025-06-14 15:03:47,025 - INFO - 
Query:
tax("Alice",2016,178147).
2025-06-14 15:03:47,185 - INFO - 
Query result: {'truth': True}
2025-06-14 15:03:47,186 - INFO - Result: correct

2025-06-14 15:03:47,186 - INFO - 
==================================================
Processing case: tax_case_71
==================================================
2025-06-14 15:03:47,186 - INFO - Facts:
:- [statutes/prolog/init].
payment_(span("paid",19,22)).
marriage_(span("married",67,73)).
income_(span("income",105,110)).
joint_return_(span("joint return",154,165)).
agent_(span("income",105,110),span("Bob",93,95)).
start_(span("income",105,110),span(20170101,116,119)).
amount_(span("income",105,110),span(532134,125,130)).
start_(span("joint return",154,165),span(20170101,180,183)).
agent_(span("joint return",154,165),span("Alice",133,137)).
agent_(span("joint return",154,165),span("Bob",143,145)).
agent_(span("married",67,73),span("Alice",49,53)).
agent_(span("married",67,73),span("Bob",59,61)).
start_(span("married",67,73),span(20150101,78,90)).
start_(span("paid",19,22),span(20170101,3,6)).
patient_(span("paid",19,22),span("Alice",9,13)).
amount_(span("paid",19,22),span(433320,25,30)).
2025-06-14 15:03:47,186 - INFO - Test query:
:- tax("Alice",2017,356472).
2025-06-14 15:03:47,186 - INFO - 
Generated Prolog code:
:- ['/Users/sophie/code/2025-mcm-llms-applied-in-law_context/data/sara_v3/statutes/prolog/utils.pl'].
:- ['/Users/sophie/code/2025-mcm-llms-applied-in-law_context/data/sara_v3/statutes/prolog/init.pl'].
:- [statutes/prolog/init].
payment_(span("paid",19,22)).
marriage_(span("married",67,73)).
income_(span("income",105,110)).
joint_return_(span("joint return",154,165)).
agent_(span("income",105,110),span("Bob",93,95)).
start_(span("income",105,110),span(20170101,116,119)).
amount_(span("income",105,110),span(532134,125,130)).
start_(span("joint return",154,165),span(20170101,180,183)).
agent_(span("joint return",154,165),span("Alice",133,137)).
agent_(span("joint return",154,165),span("Bob",143,145)).
agent_(span("married",67,73),span("Alice",49,53)).
agent_(span("married",67,73),span("Bob",59,61)).
start_(span("married",67,73),span(20150101,78,90)).
start_(span("paid",19,22),span(20170101,3,6)).
patient_(span("paid",19,22),span("Alice",9,13)).
amount_(span("paid",19,22),span(433320,25,30)).
2025-06-14 15:03:47,186 - INFO - 
Query:
tax("Alice",2017,356472).
2025-06-14 15:03:47,314 - INFO - 
Query result: {'truth': True}
2025-06-14 15:03:47,314 - INFO - Result: correct

2025-06-14 15:03:47,314 - INFO - 
==================================================
Processing case: tax_case_72
==================================================
2025-06-14 15:03:47,315 - INFO - Facts:
:- [statutes/prolog/init].
father_(span("father",15,20)).
payment_(span("paid",33,36)).
service_(span("work",55,58)).
income_(span("income",145,150)).
agent_(span("father",15,20),span("Bob",0,2)).
patient_(span("father",15,20),span("Alice",7,11)).
agent_(span("income",145,150),span("Alice",131,135)).
start_(span("income",145,150),span(20130101,155,158)).
amount_(span("income",145,150),span(42384,164,168)).
agent_(span("paid",33,36),span("Alice",23,27)).
amount_(span("paid",33,36),span(2561,39,42)).
patient_(span("paid",33,36),span("Bob",47,49)).
purpose_(span("paid",33,36),span("work",55,58)).
start_(span("paid",33,36),span(20130902,87,99)).
patient_(span("work",55,58),span("Alice",23,27)).
agent_(span("work",55,58),span("Bob",47,49)).
start_(span("work",55,58),span(20130201,70,82)).
end_(span("work",55,58),span(20130902,87,99)).
location_(span("work",55,58),span("Baltimore",105,113)).
location_(span("work",55,58),span("Maryland",116,123)).
location_(span("work",55,58),span("USA",126,128)).
2025-06-14 15:03:47,315 - INFO - Test query:
:- tax("Alice",2013,7595).
2025-06-14 15:03:47,315 - INFO - 
Generated Prolog code:
:- ['/Users/sophie/code/2025-mcm-llms-applied-in-law_context/data/sara_v3/statutes/prolog/utils.pl'].
:- ['/Users/sophie/code/2025-mcm-llms-applied-in-law_context/data/sara_v3/statutes/prolog/init.pl'].
:- [statutes/prolog/init].
father_(span("father",15,20)).
payment_(span("paid",33,36)).
service_(span("work",55,58)).
income_(span("income",145,150)).
agent_(span("father",15,20),span("Bob",0,2)).
patient_(span("father",15,20),span("Alice",7,11)).
agent_(span("income",145,150),span("Alice",131,135)).
start_(span("income",145,150),span(20130101,155,158)).
amount_(span("income",145,150),span(42384,164,168)).
agent_(span("paid",33,36),span("Alice",23,27)).
amount_(span("paid",33,36),span(2561,39,42)).
patient_(span("paid",33,36),span("Bob",47,49)).
purpose_(span("paid",33,36),span("work",55,58)).
start_(span("paid",33,36),span(20130902,87,99)).
patient_(span("work",55,58),span("Alice",23,27)).
agent_(span("work",55,58),span("Bob",47,49)).
start_(span("work",55,58),span(20130201,70,82)).
end_(span("work",55,58),span(20130902,87,99)).
location_(span("work",55,58),span("Baltimore",105,113)).
location_(span("work",55,58),span("Maryland",116,123)).
location_(span("work",55,58),span("USA",126,128)).
2025-06-14 15:03:47,315 - INFO - 
Query:
tax("Alice",2013,7595).
2025-06-14 15:03:47,450 - INFO - 
Query result: {'truth': True}
2025-06-14 15:03:47,450 - INFO - Result: correct

2025-06-14 15:03:47,450 - INFO - 
==================================================
Processing case: tax_case_73
==================================================
2025-06-14 15:03:47,450 - INFO - Facts:
:- [statutes/prolog/init].
bob_household_maintenance(Year,Event,Start_day,End_day) :-
    between(2004,2019,Year),
    atom_concat("furnished 40% of the costs ",Year,Event),
    first_day_year(Year,Start_day),
    last_day_year(Year,End_day).
payment_(span(Event,214,222)) :- bob_household_maintenance(_,Event,_,_).
agent_(span(Event,214,222),span("Bob",210,212)) :- bob_household_maintenance(_,Event,_,_).
amount_(span(Event,214,222),span(40,224,225)) :- bob_household_maintenance(_,Event,_,_).
purpose_(span(Event,214,222),span("home",260,263)) :- bob_household_maintenance(_,Event,_,_).
start_(span(Event,214,222),span(Start_day,196,199)) :- bob_household_maintenance(_,Event,Start_day,_).
end_(span(Event,214,222),span(End_day,204,207)) :- bob_household_maintenance(_,Event,_,End_day).
alice_household_maintenance(Year,Event,Start_day,End_day) :-
    between(2004,2019,Year),
    atom_concat("furnished the remaining costs ",Year,Event),
    first_day_year(Year,Start_day),
    last_day_year(Year,End_day).
payment_(span(Event,320,328)) :- alice_household_maintenance(_,Event,_,_).
agent_(span(Event,320,328),span("Alice",314,318)) :- alice_household_maintenance(_,Event,_,_).
amount_(span(Event,320,328),span(60,334,342)) :- alice_household_maintenance(_,Event,_,_).
purpose_(span(Event,320,328),span("home",260,263)) :- alice_household_maintenance(_,Event,_,_).
start_(span(Event,320,328),span(Start_day,196,199)) :- alice_household_maintenance(_,Event,Start_day,_).
end_(span(Event,320,328),span(End_day,204,207)) :- alice_household_maintenance(_,Event,_,End_day).
income_(span("Alice's",0,6)).
agent_(span("Alice's",0,6),span("Alice",0,4)).
amount_(span("Alice's",0,6),span(71879,55,59)).
start_(span("Alice's",0,6),span(20130101,45,48)).
income_(span("Bob's",12,16)).
marriage_(span("married",104,110)).
son_(span("child",151,155)).
residence_(span("lived",286,290)).
joint_return_(span("file jointly",374,385)).
agent_(span("Bob's",12,16),span("Bob",12,14)).
start_(span("Bob's",12,16),span(20130101,45,48)).
amount_(span("Bob's",12,16),span(11213,66,70)).
start_(span("file jointly",374,385),span(20130101,354,357)).
agent_(span("file jointly",374,385),span("Alice",360,364)).
agent_(span("file jointly",374,385),span("Bob",370,372)).
agent_(span("married",104,110),span("Alice",86,90)).
agent_(span("married",104,110),span("Bob",96,98)).
start_(span("married",104,110),span(19920203,115,127)).
start_(span("lived",286,290),span(20040101,196,199)).
end_(span("lived",286,290),span(20191231,204,207)).
agent_(span("lived",286,290),span("Bob",210,212)).
patient_(span("lived",286,290),span("home",260,263)).
agent_(span("lived",286,290),span("Charlie",278,284)).
patient_(span("child",151,155),span("Alice",130,134)).
patient_(span("child",151,155),span("Bob",140,142)).
agent_(span("child",151,155),span("Charlie",158,164)).
start_(span("child",151,155),span(20001009,172,188)).
birth_(span("born",167,170)).
agent_(span("born",167,170),span("Charlie",158,164)).
start_(span("born",167,170),span(20001009,172,188)).
2025-06-14 15:03:47,451 - INFO - Test query:
:- tax("Alice",2013,15109).
2025-06-14 15:03:47,451 - INFO - 
Generated Prolog code:
:- ['/Users/sophie/code/2025-mcm-llms-applied-in-law_context/data/sara_v3/statutes/prolog/utils.pl'].
:- ['/Users/sophie/code/2025-mcm-llms-applied-in-law_context/data/sara_v3/statutes/prolog/init.pl'].
:- [statutes/prolog/init].
bob_household_maintenance(Year,Event,Start_day,End_day) :-
between(2004,2019,Year),
atom_concat("furnished 40% of the costs ",Year,Event),
first_day_year(Year,Start_day),
last_day_year(Year,End_day).
payment_(span(Event,214,222)) :- bob_household_maintenance(_,Event,_,_).
agent_(span(Event,214,222),span("Bob",210,212)) :- bob_household_maintenance(_,Event,_,_).
amount_(span(Event,214,222),span(40,224,225)) :- bob_household_maintenance(_,Event,_,_).
purpose_(span(Event,214,222),span("home",260,263)) :- bob_household_maintenance(_,Event,_,_).
start_(span(Event,214,222),span(Start_day,196,199)) :- bob_household_maintenance(_,Event,Start_day,_).
end_(span(Event,214,222),span(End_day,204,207)) :- bob_household_maintenance(_,Event,_,End_day).
alice_household_maintenance(Year,Event,Start_day,End_day) :-
between(2004,2019,Year),
atom_concat("furnished the remaining costs ",Year,Event),
first_day_year(Year,Start_day),
last_day_year(Year,End_day).
payment_(span(Event,320,328)) :- alice_household_maintenance(_,Event,_,_).
agent_(span(Event,320,328),span("Alice",314,318)) :- alice_household_maintenance(_,Event,_,_).
amount_(span(Event,320,328),span(60,334,342)) :- alice_household_maintenance(_,Event,_,_).
purpose_(span(Event,320,328),span("home",260,263)) :- alice_household_maintenance(_,Event,_,_).
start_(span(Event,320,328),span(Start_day,196,199)) :- alice_household_maintenance(_,Event,Start_day,_).
end_(span(Event,320,328),span(End_day,204,207)) :- alice_household_maintenance(_,Event,_,End_day).
income_(span("Alice's",0,6)).
agent_(span("Alice's",0,6),span("Alice",0,4)).
amount_(span("Alice's",0,6),span(71879,55,59)).
start_(span("Alice's",0,6),span(20130101,45,48)).
income_(span("Bob's",12,16)).
marriage_(span("married",104,110)).
son_(span("child",151,155)).
residence_(span("lived",286,290)).
joint_return_(span("file jointly",374,385)).
agent_(span("Bob's",12,16),span("Bob",12,14)).
start_(span("Bob's",12,16),span(20130101,45,48)).
amount_(span("Bob's",12,16),span(11213,66,70)).
start_(span("file jointly",374,385),span(20130101,354,357)).
agent_(span("file jointly",374,385),span("Alice",360,364)).
agent_(span("file jointly",374,385),span("Bob",370,372)).
agent_(span("married",104,110),span("Alice",86,90)).
agent_(span("married",104,110),span("Bob",96,98)).
start_(span("married",104,110),span(19920203,115,127)).
start_(span("lived",286,290),span(20040101,196,199)).
end_(span("lived",286,290),span(20191231,204,207)).
agent_(span("lived",286,290),span("Bob",210,212)).
patient_(span("lived",286,290),span("home",260,263)).
agent_(span("lived",286,290),span("Charlie",278,284)).
patient_(span("child",151,155),span("Alice",130,134)).
patient_(span("child",151,155),span("Bob",140,142)).
agent_(span("child",151,155),span("Charlie",158,164)).
start_(span("child",151,155),span(20001009,172,188)).
birth_(span("born",167,170)).
agent_(span("born",167,170),span("Charlie",158,164)).
start_(span("born",167,170),span(20001009,172,188)).
2025-06-14 15:03:47,451 - INFO - 
Query:
tax("Alice",2013,15109).
2025-06-14 15:03:47,602 - INFO - 
Query result: {'truth': True}
2025-06-14 15:03:47,602 - INFO - Result: correct

2025-06-14 15:03:47,602 - INFO - 
==================================================
Processing case: tax_case_74
==================================================
2025-06-14 15:03:47,602 - INFO - Facts:
:- [statutes/prolog/init].
payment_(span("paid",10,13)).
service_(span("services",38,45)).
hospital_(span("Hospital",74,81)).
agent_(span("Hospital",74,81),span("Johns Hopkins Hospital",60,81)).
patient_(span("patient",96,102),span("Johns Hopkins Hospital",107,128)).
agent_(span("paid",10,13),span("Johns Hopkins Hospital",60,81)).
patient_(span("services",38,45),span("Johns Hopkins Hospital",60,81)).
medical_patient_(span("patient",96,102)).
income_(span("paid",196,199)).
start_(span("paid",196,199),span(20170101,175,178)).
agent_(span("paid",196,199),span("Alice",181,185)).
amount_(span("paid",196,199),span(31220,202,206)).
agent_(span("patient",96,102),span("Alice",84,88)).
start_(span("patient",96,102),span(20170315,135,150)).
end_(span("patient",96,102),span(20170402,155,169)).
patient_(span("paid",10,13),span("Alice",0,4)).
amount_(span("paid",10,13),span(200,16,18)).
start_(span("paid",10,13),span(20170301,23,32)).
purpose_(span("paid",10,13),span("services",38,45)).
agent_(span("services",38,45),span("Alice",0,4)).
end_(span("services",38,45),span(20170402,155,169)).
start_(span("services",38,45),span(20170315,135,150)).
2025-06-14 15:03:47,602 - INFO - Test query:
:- tax("Alice",2017,4525).
2025-06-14 15:03:47,602 - INFO - 
Generated Prolog code:
:- ['/Users/sophie/code/2025-mcm-llms-applied-in-law_context/data/sara_v3/statutes/prolog/utils.pl'].
:- ['/Users/sophie/code/2025-mcm-llms-applied-in-law_context/data/sara_v3/statutes/prolog/init.pl'].
:- [statutes/prolog/init].
payment_(span("paid",10,13)).
service_(span("services",38,45)).
hospital_(span("Hospital",74,81)).
agent_(span("Hospital",74,81),span("Johns Hopkins Hospital",60,81)).
patient_(span("patient",96,102),span("Johns Hopkins Hospital",107,128)).
agent_(span("paid",10,13),span("Johns Hopkins Hospital",60,81)).
patient_(span("services",38,45),span("Johns Hopkins Hospital",60,81)).
medical_patient_(span("patient",96,102)).
income_(span("paid",196,199)).
start_(span("paid",196,199),span(20170101,175,178)).
agent_(span("paid",196,199),span("Alice",181,185)).
amount_(span("paid",196,199),span(31220,202,206)).
agent_(span("patient",96,102),span("Alice",84,88)).
start_(span("patient",96,102),span(20170315,135,150)).
end_(span("patient",96,102),span(20170402,155,169)).
patient_(span("paid",10,13),span("Alice",0,4)).
amount_(span("paid",10,13),span(200,16,18)).
start_(span("paid",10,13),span(20170301,23,32)).
purpose_(span("paid",10,13),span("services",38,45)).
agent_(span("services",38,45),span("Alice",0,4)).
end_(span("services",38,45),span(20170402,155,169)).
start_(span("services",38,45),span(20170315,135,150)).
2025-06-14 15:03:47,602 - INFO - 
Query:
tax("Alice",2017,4525).
2025-06-14 15:03:47,732 - INFO - 
Query result: {'truth': True}
2025-06-14 15:03:47,732 - INFO - Result: correct

2025-06-14 15:03:47,732 - INFO - 
==================================================
Processing case: tax_case_76
==================================================
2025-06-14 15:03:47,732 - INFO - Facts:
:- [statutes/prolog/init].
start_(span("maintains",154,162),span(Day,56,73)) :- between(1984,2004,Year),
    first_day_year(Year,Day).
birth_(span("born",7,10)).
son_(span("son",33,35)).
residence_(span("abode",124,128)).
payment_(span("maintains",154,162)).
income_(span("income",179,184)).
agent_(span("born",7,10),span("Alice",0,4)).
start_(span("born",7,10),span(19501104,12,24)).
agent_(span("income",179,184),span("Alice",165,169)).
start_(span("income",179,184),span(19970101,199,202)).
amount_(span("income",179,184),span(172980,208,213)).
purpose_(span("maintains",154,162),span("place",115,119)).
agent_(span("maintains",154,162),span("Alice",148,152)).
amount_(span("maintains",154,162),span(1,154,162)).
start_(span("abode",124,128),span(19840131,56,73)).
agent_(span("abode",124,128),span("Alice",76,80)).
agent_(span("abode",124,128),span("Bob",86,88)).
patient_(span("abode",124,128),span("place",115,119)).
patient_(span("son",33,35),span("Alice",0,4)).
agent_(span("son",33,35),span("Bob",38,40)).
start_(span("son",33,35),span(19840131,56,73)).
birth_(span("born",51,54)).
agent_(span("born",51,54),span("Bob",38,40)).
start_(span("born",51,54),span(19840131,56,73)).
2025-06-14 15:03:47,732 - INFO - Test query:
:- tax("Alice",1997,46734).
2025-06-14 15:03:47,732 - INFO - 
Generated Prolog code:
:- ['/Users/sophie/code/2025-mcm-llms-applied-in-law_context/data/sara_v3/statutes/prolog/utils.pl'].
:- ['/Users/sophie/code/2025-mcm-llms-applied-in-law_context/data/sara_v3/statutes/prolog/init.pl'].
:- [statutes/prolog/init].
start_(span("maintains",154,162),span(Day,56,73)) :- between(1984,2004,Year),
first_day_year(Year,Day).
birth_(span("born",7,10)).
son_(span("son",33,35)).
residence_(span("abode",124,128)).
payment_(span("maintains",154,162)).
income_(span("income",179,184)).
agent_(span("born",7,10),span("Alice",0,4)).
start_(span("born",7,10),span(19501104,12,24)).
agent_(span("income",179,184),span("Alice",165,169)).
start_(span("income",179,184),span(19970101,199,202)).
amount_(span("income",179,184),span(172980,208,213)).
purpose_(span("maintains",154,162),span("place",115,119)).
agent_(span("maintains",154,162),span("Alice",148,152)).
amount_(span("maintains",154,162),span(1,154,162)).
start_(span("abode",124,128),span(19840131,56,73)).
agent_(span("abode",124,128),span("Alice",76,80)).
agent_(span("abode",124,128),span("Bob",86,88)).
patient_(span("abode",124,128),span("place",115,119)).
patient_(span("son",33,35),span("Alice",0,4)).
agent_(span("son",33,35),span("Bob",38,40)).
start_(span("son",33,35),span(19840131,56,73)).
birth_(span("born",51,54)).
agent_(span("born",51,54),span("Bob",38,40)).
start_(span("born",51,54),span(19840131,56,73)).
2025-06-14 15:03:47,733 - INFO - 
Query:
tax("Alice",1997,46734).
2025-06-14 15:03:47,870 - INFO - 
Query result: {'truth': True}
2025-06-14 15:03:47,870 - INFO - Result: correct

2025-06-14 15:03:47,870 - INFO - 
==================================================
Processing case: tax_case_79
==================================================
2025-06-14 15:03:47,870 - INFO - Facts:
:- [statutes/prolog/init].
marriage_(span("married",24,30)).
joint_return_(span("joint return",67,78)).
income_(span("income",120,125)).
payment_(span("earned",161,166)).
agent_(span("income",120,125),span("Alice",106,110)).
start_(span("income",120,125),span(20200101,140,143)).
amount_(span("income",120,125),span(103272,149,154)).
agent_(span("joint return",67,78),span("Alice",53,57)).
start_(span("joint return",67,78),span(20200101,100,103)).
agent_(span("joint return",67,78),span("Bob",10,12)).
agent_(span("married",24,30),span("Alice",0,4)).
agent_(span("married",24,30),span("Bob",10,12)).
start_(span("married",24,30),span(20170203,38,50)).
patient_(span("earned",161,166),span("Bob",157,159)).
amount_(span("earned",161,166),span(10,169,170)).
start_(span("earned",161,166),span(20200101,175,178)).
2025-06-14 15:03:47,870 - INFO - Test query:
:- tax("Bob",2020,17402).
2025-06-14 15:03:47,871 - INFO - 
Generated Prolog code:
:- ['/Users/sophie/code/2025-mcm-llms-applied-in-law_context/data/sara_v3/statutes/prolog/utils.pl'].
:- ['/Users/sophie/code/2025-mcm-llms-applied-in-law_context/data/sara_v3/statutes/prolog/init.pl'].
:- [statutes/prolog/init].
marriage_(span("married",24,30)).
joint_return_(span("joint return",67,78)).
income_(span("income",120,125)).
payment_(span("earned",161,166)).
agent_(span("income",120,125),span("Alice",106,110)).
start_(span("income",120,125),span(20200101,140,143)).
amount_(span("income",120,125),span(103272,149,154)).
agent_(span("joint return",67,78),span("Alice",53,57)).
start_(span("joint return",67,78),span(20200101,100,103)).
agent_(span("joint return",67,78),span("Bob",10,12)).
agent_(span("married",24,30),span("Alice",0,4)).
agent_(span("married",24,30),span("Bob",10,12)).
start_(span("married",24,30),span(20170203,38,50)).
patient_(span("earned",161,166),span("Bob",157,159)).
amount_(span("earned",161,166),span(10,169,170)).
start_(span("earned",161,166),span(20200101,175,178)).
2025-06-14 15:03:47,871 - INFO - 
Query:
tax("Bob",2020,17402).
2025-06-14 15:03:48,002 - INFO - 
Query result: {'truth': True}
2025-06-14 15:03:48,002 - INFO - Result: correct

2025-06-14 15:03:48,003 - INFO - 
==================================================
Processing case: tax_case_8
==================================================
2025-06-14 15:03:48,003 - INFO - Facts:
:- [statutes/prolog/init].
marriage_(span("married",18,24)).
son_(span("son",51,53)).
death_(span("passed away",95,105)).
residence_(span("live",151,154)).
payment_(span("maintained",167,176)).
income_(span("income",202,207)).
agent_(span("passed away",95,105),span("Bob",91,93)).
start_(span("passed away",95,105),span(20150302,107,121)).
agent_(span("income",202,207),span("Alice",188,192)).
start_(span("income",202,207),span(20170101,222,225)).
amount_(span("income",202,207),span(70117,232,236)).
agent_(span("married",18,24),span("Alice",0,4)).
agent_(span("married",18,24),span("Bob",10,12)).
start_(span("married",18,24),span(19980912,29,42)).
purpose_(span("maintained",167,176),span("house",161,165)).
agent_(span("maintained",167,176),span("Alice",181,185)).
amount_(span("maintained",167,176),span(1,167,176)).
start_(span("maintained",167,176),span(20170101,127,130)).
agent_(span("live",151,154),span("Alice",133,137)).
agent_(span("live",151,154),span("Charlie",143,149)).
patient_(span("live",151,154),span("house",161,165)).
end_(span("live",151,154),span(20171231,127,130)).
start_(span("live",151,154),span(20170101,127,130)).
patient_(span("son",51,53),span("Alice",0,4)).
agent_(span("son",51,53),span("Charlie",55,61)).
start_(span("son",51,53),span(20131001,72,88)).
patient_(span("son",51,53),span("Bob",10,12)).
birth_(span("born",67,70)).
agent_(span("born",67,70),span("Charlie",55,61)).
start_(span("born",67,70),span(20131001,72,88)).
2025-06-14 15:03:48,003 - INFO - Test query:
:- tax("Alice",2017,12036).
2025-06-14 15:03:48,003 - INFO - 
Generated Prolog code:
:- ['/Users/sophie/code/2025-mcm-llms-applied-in-law_context/data/sara_v3/statutes/prolog/utils.pl'].
:- ['/Users/sophie/code/2025-mcm-llms-applied-in-law_context/data/sara_v3/statutes/prolog/init.pl'].
:- [statutes/prolog/init].
marriage_(span("married",18,24)).
son_(span("son",51,53)).
death_(span("passed away",95,105)).
residence_(span("live",151,154)).
payment_(span("maintained",167,176)).
income_(span("income",202,207)).
agent_(span("passed away",95,105),span("Bob",91,93)).
start_(span("passed away",95,105),span(20150302,107,121)).
agent_(span("income",202,207),span("Alice",188,192)).
start_(span("income",202,207),span(20170101,222,225)).
amount_(span("income",202,207),span(70117,232,236)).
agent_(span("married",18,24),span("Alice",0,4)).
agent_(span("married",18,24),span("Bob",10,12)).
start_(span("married",18,24),span(19980912,29,42)).
purpose_(span("maintained",167,176),span("house",161,165)).
agent_(span("maintained",167,176),span("Alice",181,185)).
amount_(span("maintained",167,176),span(1,167,176)).
start_(span("maintained",167,176),span(20170101,127,130)).
agent_(span("live",151,154),span("Alice",133,137)).
agent_(span("live",151,154),span("Charlie",143,149)).
patient_(span("live",151,154),span("house",161,165)).
end_(span("live",151,154),span(20171231,127,130)).
start_(span("live",151,154),span(20170101,127,130)).
patient_(span("son",51,53),span("Alice",0,4)).
agent_(span("son",51,53),span("Charlie",55,61)).
start_(span("son",51,53),span(20131001,72,88)).
patient_(span("son",51,53),span("Bob",10,12)).
birth_(span("born",67,70)).
agent_(span("born",67,70),span("Charlie",55,61)).
start_(span("born",67,70),span(20131001,72,88)).
2025-06-14 15:03:48,003 - INFO - 
Query:
tax("Alice",2017,12036).
2025-06-14 15:03:48,151 - INFO - 
Query result: {'truth': True}
2025-06-14 15:03:48,152 - INFO - Result: correct

2025-06-14 15:03:48,152 - INFO - 
==================================================
Processing case: tax_case_80
==================================================
2025-06-14 15:03:48,152 - INFO - Facts:
:- [statutes/prolog/init].
income_(span("income",14,19)).
father_(span("father",67,72)).
residence_(span("lived",78,82)).
payment_(span("maintains",108,116)).
residence_(span("resides",122,128)).
patient_(span("father",67,72),span("Alice",59,63)).
agent_(span("father",67,72),span("Bob",74,76)).
agent_(span("income",14,19),span("Alice",0,4)).
start_(span("income",14,19),span(20140101,34,37)).
amount_(span("income",14,19),span(97407,43,47)).
purpose_(span("maintains",108,116),span("house",91,95)).
agent_(span("maintains",108,116),span("Alice",102,106)).
amount_(span("maintains",108,116),span(1,108,116)).
start_(span("maintains",108,116),span(20140101,53,56)).
agent_(span("lived",78,82),span("Bob",74,76)).
patient_(span("lived",78,82),span("house",91,95)).
end_(span("lived",78,82),span(20141231,53,56)).
start_(span("lived",78,82),span(20140101,53,56)).
patient_(span("resides",122,128),span("house",91,95)).
agent_(span("resides",122,128),span("Alice",102,106)).
end_(span("resides",122,128),span(20141231,53,56)).
start_(span("resides",122,128),span(20140101,53,56)).
2025-06-14 15:03:48,152 - INFO - Test query:
:- tax("Alice",2014,21452).
2025-06-14 15:03:48,152 - INFO - 
Generated Prolog code:
:- ['/Users/sophie/code/2025-mcm-llms-applied-in-law_context/data/sara_v3/statutes/prolog/utils.pl'].
:- ['/Users/sophie/code/2025-mcm-llms-applied-in-law_context/data/sara_v3/statutes/prolog/init.pl'].
:- [statutes/prolog/init].
income_(span("income",14,19)).
father_(span("father",67,72)).
residence_(span("lived",78,82)).
payment_(span("maintains",108,116)).
residence_(span("resides",122,128)).
patient_(span("father",67,72),span("Alice",59,63)).
agent_(span("father",67,72),span("Bob",74,76)).
agent_(span("income",14,19),span("Alice",0,4)).
start_(span("income",14,19),span(20140101,34,37)).
amount_(span("income",14,19),span(97407,43,47)).
purpose_(span("maintains",108,116),span("house",91,95)).
agent_(span("maintains",108,116),span("Alice",102,106)).
amount_(span("maintains",108,116),span(1,108,116)).
start_(span("maintains",108,116),span(20140101,53,56)).
agent_(span("lived",78,82),span("Bob",74,76)).
patient_(span("lived",78,82),span("house",91,95)).
end_(span("lived",78,82),span(20141231,53,56)).
start_(span("lived",78,82),span(20140101,53,56)).
patient_(span("resides",122,128),span("house",91,95)).
agent_(span("resides",122,128),span("Alice",102,106)).
end_(span("resides",122,128),span(20141231,53,56)).
start_(span("resides",122,128),span(20140101,53,56)).
2025-06-14 15:03:48,152 - INFO - 
Query:
tax("Alice",2014,21452).
2025-06-14 15:03:48,282 - INFO - 
Query result: {'truth': True}
2025-06-14 15:03:48,282 - INFO - Result: correct

2025-06-14 15:03:48,282 - INFO - 
==================================================
Processing case: tax_case_81
==================================================
2025-06-14 15:03:48,282 - INFO - Facts:
:- [statutes/prolog/init].
payment_(span("paid",19,22)).
payment_(span("paid",104,107)).
service_(span("work",127,130)).
citizenship_(span("citizen",216,222)).
agent_(span("citizen",216,222),span("Bob",197,199)).
agent_(span("paid",104,107),span("Alice",94,98)).
amount_(span("paid",104,107),span(11571,110,114)).
patient_(span("paid",104,107),span("Bob",119,121)).
purpose_(span("paid",104,107),span("work",127,130)).
start_(span("paid",104,107),span(20120901,159,171)).
start_(span("paid",19,22),span(20120101,3,6)).
patient_(span("paid",19,22),span("Alice",9,13)).
amount_(span("paid",19,22),span(54268,25,29)).
patient_(span("work",127,130),span("Alice",94,98)).
agent_(span("work",127,130),span("Bob",119,121)).
start_(span("work",127,130),span(20120201,142,154)).
end_(span("work",127,130),span(20120901,159,171)).
location_(span("work",127,130),span("Caracas, Venezuela",177,194)).
country_(span("Caracas, Venezuela",177,194),span("Venezuela",186,194)).
patient_(span("citizen",216,222),span("American",207,214)).
2025-06-14 15:03:48,282 - INFO - Test query:
:- tax("Alice",2012,10922).
2025-06-14 15:03:48,282 - INFO - 
Generated Prolog code:
:- ['/Users/sophie/code/2025-mcm-llms-applied-in-law_context/data/sara_v3/statutes/prolog/utils.pl'].
:- ['/Users/sophie/code/2025-mcm-llms-applied-in-law_context/data/sara_v3/statutes/prolog/init.pl'].
:- [statutes/prolog/init].
payment_(span("paid",19,22)).
payment_(span("paid",104,107)).
service_(span("work",127,130)).
citizenship_(span("citizen",216,222)).
agent_(span("citizen",216,222),span("Bob",197,199)).
agent_(span("paid",104,107),span("Alice",94,98)).
amount_(span("paid",104,107),span(11571,110,114)).
patient_(span("paid",104,107),span("Bob",119,121)).
purpose_(span("paid",104,107),span("work",127,130)).
start_(span("paid",104,107),span(20120901,159,171)).
start_(span("paid",19,22),span(20120101,3,6)).
patient_(span("paid",19,22),span("Alice",9,13)).
amount_(span("paid",19,22),span(54268,25,29)).
patient_(span("work",127,130),span("Alice",94,98)).
agent_(span("work",127,130),span("Bob",119,121)).
start_(span("work",127,130),span(20120201,142,154)).
end_(span("work",127,130),span(20120901,159,171)).
location_(span("work",127,130),span("Caracas, Venezuela",177,194)).
country_(span("Caracas, Venezuela",177,194),span("Venezuela",186,194)).
patient_(span("citizen",216,222),span("American",207,214)).
2025-06-14 15:03:48,283 - INFO - 
Query:
tax("Alice",2012,10922).
2025-06-14 15:03:48,408 - INFO - 
Query result: {'truth': True}
2025-06-14 15:03:48,408 - INFO - Result: correct

2025-06-14 15:03:48,408 - INFO - 
==================================================
Processing case: tax_case_83
==================================================
2025-06-14 15:03:48,408 - INFO - Facts:
:- [statutes/prolog/init].
agricultural_service(Event,Employee,Day) :-
    member(Dayi, [20160123,20160204,20160303,20160319,20160402,20160509,20161015,20161025,20161108,20161122,20161201,20161203]),
    (
        (
            double_equal(Dayi, 20160123),
            Day = span(Dayi,172,177),
            member(Employee, [span("Bob",180,182),span("Cameron",185,191),span("Dan",194,196),span("Emily",199,203),span("Fred",209,212)])
        );
        (
            double_equal(Dayi, 20160204),
            Day = span(Dayi,216,220),
            member(Employee, [span("Bob",223,225),span("Cameron",228,234),span("Fred",240,243)])
        );
        (
            double_equal(Dayi, 20160303),
            Day = span(Dayi,247,251),
            member(Employee, [span("Bob",254,256),span("Cameron",259,265),span("Dan",268,270),span("Emily",273,277),span("Fred",283,286)])
        );
        (
            double_equal(Dayi, 20160319),
            Day = span(Dayi,290,295),
            member(Employee, [span("Cameron",298,304),span("Dan",307,309),span("Emily",312,316),span("Fred",319,322),span("George",328,333)])
        );
        (
            double_equal(Dayi, 20160402),
            Day = span(Dayi,337,341),
            member(Employee, [span("Bob",344,346),span("Cameron",349,355),span("Dan",358,360),span("Fred",363,366),span("George",372,377)])
        );
        (
            double_equal(Dayi, 20160509),
            Day = span(Dayi,381,385),
            member(Employee, [span("Cameron",388,394),span("Dan",397,399),span("Emily",402,406),span("Fred",409,412),span("George",418,423)])
        );
        (
            double_equal(Dayi, 20161015),
            Day = span(Dayi,427,432),
            member(Employee, [span("Bob",435,437),span("Cameron",440,446),span("Dan",449,451),span("Emily",454,458),span("George",464,469)])
        );
        (
            double_equal(Dayi, 20161025),
            Day = span(Dayi,473,478),
            member(Employee, [span("Bob",481,483),span("Emily",486,490),span("Fred",493,496),span("George",502,507)])
        );
        (
            double_equal(Dayi, 20161108),
            Day = span(Dayi,511,515),
            member(Employee, [span("Bob",518,520),span("Cameron",523,529),span("Emily",532,536),span("Fred",539,542),span("George",548,553)])
        );
        (
            double_equal(Dayi, 20161122),
            Day = span(Dayi,557,562),
            member(Employee, [span("Bob",565,567),span("Cameron",570,576),span("Dan",579,581),span("Emily",584,588),span("Fred",594,597)])
        );
        (
            double_equal(Dayi, 20161201),
            Day = span(Dayi,601,605),
            member(Employee, [span("Bob",608,610),span("Cameron",613,619),span("Dan",622,624),span("Emily",627,631),span("George",637,642)])
        );
        (
            double_equal(Dayi, 20161203),
            Day = span(Dayi,646,650),
            member(Employee, [span("Bob",653,655),span("Cameron",658,664),span("Dan",667,669),span("Emily",672,676),span("George",682,687)])
        )
    ),
    atom_concat("employed ",Dayi,Tmp),
    atom_concat(Tmp,"_",Tmp2),
    span(Employee_name,_,_) = Employee,
    atom_concat(Tmp2,Employee_name,Event_name),
    Event=span(Event_name,121,125).
purpose_(Event,span("agricultural labor",108,125)) :-
    agricultural_service(Event,_,_).
service_(Event) :- agricultural_service(Event,_,_).
agent_(Event,Employee) :- agricultural_service(Event,Employee,_).
patient_(Event,span("Alice",43,47)) :- agricultural_service(Event,_,_).
start_(Event,Day) :- agricultural_service(Event,_,Day).
end_(Event,Day) :- agricultural_service(Event,_,Day).
payment_for_labor(Payment_event,Service_event,Employee,Day) :-
    agricultural_service(Service_event,Employee,Day),
    span(Service_event_name,_,_) = Service_event,
    atom_concat(Service_event_name," paid ",Payment_event_name),
    Payment_event = span(Payment_event_name,713,716).
payment_(Event) :- payment_for_labor(Event,_,_,_).
agent_(Event,span("Alice",707,711)) :- payment_for_labor(Event,_,_,_).
patient_(Event,Employee) :- payment_for_labor(Event,_,Employee,_).
start_(Event,Day) :- payment_for_labor(Event,_,_,Day).
amount_(Event,span(550,732,734)) :- payment_for_labor(Event,_,_,_).
purpose_(Payment_event,Service_event) :-
    payment_for_labor(Payment_event,Service_event,_,_).
income_(span("income",23,28)).
start_(span("income",23,28),span(20160101,3,6)).
agent_(span("income",23,28),span("Alice",9,13)).
amount_(span("income",23,28),span(567192,35,40)).
2025-06-14 15:03:48,409 - INFO - Test query:
:- tax("Alice",2016,206073).
2025-06-14 15:03:48,409 - INFO - 
Generated Prolog code:
:- ['/Users/sophie/code/2025-mcm-llms-applied-in-law_context/data/sara_v3/statutes/prolog/utils.pl'].
:- ['/Users/sophie/code/2025-mcm-llms-applied-in-law_context/data/sara_v3/statutes/prolog/init.pl'].
:- [statutes/prolog/init].
agricultural_service(Event,Employee,Day) :-
member(Dayi, [20160123,20160204,20160303,20160319,20160402,20160509,20161015,20161025,20161108,20161122,20161201,20161203]),
(
(
double_equal(Dayi, 20160123),
Day = span(Dayi,172,177),
member(Employee, [span("Bob",180,182),span("Cameron",185,191),span("Dan",194,196),span("Emily",199,203),span("Fred",209,212)])
);
(
double_equal(Dayi, 20160204),
Day = span(Dayi,216,220),
member(Employee, [span("Bob",223,225),span("Cameron",228,234),span("Fred",240,243)])
);
(
double_equal(Dayi, 20160303),
Day = span(Dayi,247,251),
member(Employee, [span("Bob",254,256),span("Cameron",259,265),span("Dan",268,270),span("Emily",273,277),span("Fred",283,286)])
);
(
double_equal(Dayi, 20160319),
Day = span(Dayi,290,295),
member(Employee, [span("Cameron",298,304),span("Dan",307,309),span("Emily",312,316),span("Fred",319,322),span("George",328,333)])
);
(
double_equal(Dayi, 20160402),
Day = span(Dayi,337,341),
member(Employee, [span("Bob",344,346),span("Cameron",349,355),span("Dan",358,360),span("Fred",363,366),span("George",372,377)])
);
(
double_equal(Dayi, 20160509),
Day = span(Dayi,381,385),
member(Employee, [span("Cameron",388,394),span("Dan",397,399),span("Emily",402,406),span("Fred",409,412),span("George",418,423)])
);
(
double_equal(Dayi, 20161015),
Day = span(Dayi,427,432),
member(Employee, [span("Bob",435,437),span("Cameron",440,446),span("Dan",449,451),span("Emily",454,458),span("George",464,469)])
);
(
double_equal(Dayi, 20161025),
Day = span(Dayi,473,478),
member(Employee, [span("Bob",481,483),span("Emily",486,490),span("Fred",493,496),span("George",502,507)])
);
(
double_equal(Dayi, 20161108),
Day = span(Dayi,511,515),
member(Employee, [span("Bob",518,520),span("Cameron",523,529),span("Emily",532,536),span("Fred",539,542),span("George",548,553)])
);
(
double_equal(Dayi, 20161122),
Day = span(Dayi,557,562),
member(Employee, [span("Bob",565,567),span("Cameron",570,576),span("Dan",579,581),span("Emily",584,588),span("Fred",594,597)])
);
(
double_equal(Dayi, 20161201),
Day = span(Dayi,601,605),
member(Employee, [span("Bob",608,610),span("Cameron",613,619),span("Dan",622,624),span("Emily",627,631),span("George",637,642)])
);
(
double_equal(Dayi, 20161203),
Day = span(Dayi,646,650),
member(Employee, [span("Bob",653,655),span("Cameron",658,664),span("Dan",667,669),span("Emily",672,676),span("George",682,687)])
)
),
atom_concat("employed ",Dayi,Tmp),
atom_concat(Tmp,"_",Tmp2),
span(Employee_name,_,_) = Employee,
atom_concat(Tmp2,Employee_name,Event_name),
Event=span(Event_name,121,125).
purpose_(Event,span("agricultural labor",108,125)) :-
agricultural_service(Event,_,_).
service_(Event) :- agricultural_service(Event,_,_).
agent_(Event,Employee) :- agricultural_service(Event,Employee,_).
patient_(Event,span("Alice",43,47)) :- agricultural_service(Event,_,_).
start_(Event,Day) :- agricultural_service(Event,_,Day).
end_(Event,Day) :- agricultural_service(Event,_,Day).
payment_for_labor(Payment_event,Service_event,Employee,Day) :-
agricultural_service(Service_event,Employee,Day),
span(Service_event_name,_,_) = Service_event,
atom_concat(Service_event_name," paid ",Payment_event_name),
Payment_event = span(Payment_event_name,713,716).
payment_(Event) :- payment_for_labor(Event,_,_,_).
agent_(Event,span("Alice",707,711)) :- payment_for_labor(Event,_,_,_).
patient_(Event,Employee) :- payment_for_labor(Event,_,Employee,_).
start_(Event,Day) :- payment_for_labor(Event,_,_,Day).
amount_(Event,span(550,732,734)) :- payment_for_labor(Event,_,_,_).
purpose_(Payment_event,Service_event) :-
payment_for_labor(Payment_event,Service_event,_,_).
income_(span("income",23,28)).
start_(span("income",23,28),span(20160101,3,6)).
agent_(span("income",23,28),span("Alice",9,13)).
amount_(span("income",23,28),span(567192,35,40)).
2025-06-14 15:03:48,409 - INFO - 
Query:
tax("Alice",2016,206073).
2025-06-14 15:04:24,209 - INFO - 
Query result: {'truth': True}
2025-06-14 15:04:24,210 - INFO - Result: correct

2025-06-14 15:04:24,211 - INFO - 
==================================================
Processing case: tax_case_84
==================================================
2025-06-14 15:04:24,211 - INFO - Facts:
:- [statutes/prolog/init].
alice_household_maintenance(Year,Event,Start_day,End_day) :-
    between(2004,2019,Year),
    atom_concat("furnished the costs ",Year,Event),
    first_day_year(Year,Start_day),
    last_day_year(Year,End_day).
payment_(span(Event,158,166)) :- alice_household_maintenance(_,Event,_,_).
agent_(span(Event,158,166),span("Alice",152,156)) :- alice_household_maintenance(_,Event,_,_).
amount_(span(Event,158,166),span(1,168,170)) :- alice_household_maintenance(_,Event,_,_).
purpose_(span(Event,158,166),span("home",197,200)) :- alice_household_maintenance(_,Event,_,_).
start_(span(Event,158,166),span(Start_day,138,141)) :- alice_household_maintenance(_,Event,Start_day,_).
end_(span(Event,158,166),span(End_day,146,149)) :- alice_household_maintenance(_,Event,_,End_day).
marriage_(span("married",18,24)).
son_(span("child",65,69)).
death_(span("died",109,112)).
residence_(span("lived",224,228)).
income_(span("income",262,267)).
agent_(span("died",109,112),span("Bob",105,107)).
start_(span("died",109,112),span(20140709,117,130)).
agent_(span("income",262,267),span("Alice",248,252)).
start_(span("income",262,267),span(20170101,282,285)).
amount_(span("income",262,267),span(25561,291,295)).
agent_(span("married",18,24),span("Bob",0,2)).
agent_(span("married",18,24),span("Alice",8,12)).
start_(span("married",18,24),span(19920203,29,41)).
start_(span("lived",224,228),span(20040101,138,141)).
end_(span("lived",224,228),span(20191231,146,149)).
agent_(span("lived",224,228),span("Alice",152,156)).
patient_(span("lived",224,228),span("home",197,200)).
agent_(span("lived",224,228),span("Charlie",216,222)).
patient_(span("child",65,69),span("Bob",44,46)).
patient_(span("child",65,69),span("Alice",52,56)).
agent_(span("child",65,69),span("Charlie",72,78)).
start_(span("child",65,69),span(20001009,86,102)).
birth_(span("born",81,84)).
agent_(span("born",81,84),span("Charlie",72,78)).
start_(span("born",81,84),span(20001009,86,102)).
2025-06-14 15:04:24,211 - INFO - Test query:
:- tax("Alice",2017,2574).
2025-06-14 15:04:24,211 - INFO - 
Generated Prolog code:
:- ['/Users/sophie/code/2025-mcm-llms-applied-in-law_context/data/sara_v3/statutes/prolog/utils.pl'].
:- ['/Users/sophie/code/2025-mcm-llms-applied-in-law_context/data/sara_v3/statutes/prolog/init.pl'].
:- [statutes/prolog/init].
alice_household_maintenance(Year,Event,Start_day,End_day) :-
between(2004,2019,Year),
atom_concat("furnished the costs ",Year,Event),
first_day_year(Year,Start_day),
last_day_year(Year,End_day).
payment_(span(Event,158,166)) :- alice_household_maintenance(_,Event,_,_).
agent_(span(Event,158,166),span("Alice",152,156)) :- alice_household_maintenance(_,Event,_,_).
amount_(span(Event,158,166),span(1,168,170)) :- alice_household_maintenance(_,Event,_,_).
purpose_(span(Event,158,166),span("home",197,200)) :- alice_household_maintenance(_,Event,_,_).
start_(span(Event,158,166),span(Start_day,138,141)) :- alice_household_maintenance(_,Event,Start_day,_).
end_(span(Event,158,166),span(End_day,146,149)) :- alice_household_maintenance(_,Event,_,End_day).
marriage_(span("married",18,24)).
son_(span("child",65,69)).
death_(span("died",109,112)).
residence_(span("lived",224,228)).
income_(span("income",262,267)).
agent_(span("died",109,112),span("Bob",105,107)).
start_(span("died",109,112),span(20140709,117,130)).
agent_(span("income",262,267),span("Alice",248,252)).
start_(span("income",262,267),span(20170101,282,285)).
amount_(span("income",262,267),span(25561,291,295)).
agent_(span("married",18,24),span("Bob",0,2)).
agent_(span("married",18,24),span("Alice",8,12)).
start_(span("married",18,24),span(19920203,29,41)).
start_(span("lived",224,228),span(20040101,138,141)).
end_(span("lived",224,228),span(20191231,146,149)).
agent_(span("lived",224,228),span("Alice",152,156)).
patient_(span("lived",224,228),span("home",197,200)).
agent_(span("lived",224,228),span("Charlie",216,222)).
patient_(span("child",65,69),span("Bob",44,46)).
patient_(span("child",65,69),span("Alice",52,56)).
agent_(span("child",65,69),span("Charlie",72,78)).
start_(span("child",65,69),span(20001009,86,102)).
birth_(span("born",81,84)).
agent_(span("born",81,84),span("Charlie",72,78)).
start_(span("born",81,84),span(20001009,86,102)).
2025-06-14 15:04:24,211 - INFO - 
Query:
tax("Alice",2017,2574).
2025-06-14 15:04:24,351 - INFO - 
Query result: {'truth': True}
2025-06-14 15:04:24,351 - INFO - Result: correct

2025-06-14 15:04:24,351 - INFO - 
==================================================
Processing case: tax_case_86
==================================================
2025-06-14 15:04:24,351 - INFO - Facts:
:- [statutes/prolog/init].
father_(span("father",15,20)).
payment_(span("paid",33,36)).
service_(span("work",56,59)).
agent_(span("father",15,20),span("Bob",0,2)).
patient_(span("father",15,20),span("Alice",7,11)).
agent_(span("paid",33,36),span("Alice",23,27)).
amount_(span("paid",33,36),span(45252,39,43)).
patient_(span("paid",33,36),span("Bob",48,50)).
purpose_(span("paid",33,36),span("work",56,59)).
start_(span("paid",33,36),span(20170101,78,81)).
patient_(span("work",56,59),span("Alice",23,27)).
agent_(span("work",56,59),span("Bob",48,50)).
end_(span("work",56,59),span(20171231,78,81)).
start_(span("work",56,59),span(20170101,78,81)).
2025-06-14 15:04:24,351 - INFO - Test query:
:- tax("Alice",2017,0).
2025-06-14 15:04:24,351 - INFO - 
Generated Prolog code:
:- ['/Users/sophie/code/2025-mcm-llms-applied-in-law_context/data/sara_v3/statutes/prolog/utils.pl'].
:- ['/Users/sophie/code/2025-mcm-llms-applied-in-law_context/data/sara_v3/statutes/prolog/init.pl'].
:- [statutes/prolog/init].
father_(span("father",15,20)).
payment_(span("paid",33,36)).
service_(span("work",56,59)).
agent_(span("father",15,20),span("Bob",0,2)).
patient_(span("father",15,20),span("Alice",7,11)).
agent_(span("paid",33,36),span("Alice",23,27)).
amount_(span("paid",33,36),span(45252,39,43)).
patient_(span("paid",33,36),span("Bob",48,50)).
purpose_(span("paid",33,36),span("work",56,59)).
start_(span("paid",33,36),span(20170101,78,81)).
patient_(span("work",56,59),span("Alice",23,27)).
agent_(span("work",56,59),span("Bob",48,50)).
end_(span("work",56,59),span(20171231,78,81)).
start_(span("work",56,59),span(20170101,78,81)).
2025-06-14 15:04:24,351 - INFO - 
Query:
tax("Alice",2017,0).
2025-06-14 15:04:24,482 - INFO - 
Query result: {'truth': True}
2025-06-14 15:04:24,483 - INFO - Result: correct

2025-06-14 15:04:24,483 - INFO - 
==================================================
Processing case: tax_case_87
==================================================
2025-06-14 15:04:24,483 - INFO - Facts:
:- [statutes/prolog/init].
son_(span("son",25,27)).
residence_(span("lived",106,110)).
marriage_(span("married",152,158)).
nonresident_alien_(span("nonresident alien",189,205)).
income_(span("earned",223,228)).
agent_(span("earned",223,228),span("Alice",217,221)).
amount_(span("earned",223,228),span(643531,231,236)).
start_(span("earned",223,228),span(20180101,211,214)).
agent_(span("married",152,158),span("Alice",130,134)).
agent_(span("married",152,158),span("Charlie",140,146)).
start_(span("married",152,158),span(19920203,163,175)).
agent_(span("nonresident alien",189,205),span("Alice",178,182)).
start_(span("lived",106,110),span(20150901,40,58)).
end_(span("lived",106,110),span(20191103,63,80)).
agent_(span("lived",106,110),span("Bob",90,92)).
agent_(span("lived",106,110),span("Charlie",98,104)).
patient_(span("lived",106,110),span("home",124,127)).
agent_(span("lived",106,110),span("Alice",83,87)).
patient_(span("son",25,27),span("Alice",0,4)).
patient_(span("son",25,27),span("Charlie",10,16)).
agent_(span("son",25,27),span("Bob",30,32)).
2025-06-14 15:04:24,483 - INFO - Test query:
:- tax("Alice",2018,243103).
2025-06-14 15:04:24,483 - INFO - 
Generated Prolog code:
:- ['/Users/sophie/code/2025-mcm-llms-applied-in-law_context/data/sara_v3/statutes/prolog/utils.pl'].
:- ['/Users/sophie/code/2025-mcm-llms-applied-in-law_context/data/sara_v3/statutes/prolog/init.pl'].
:- [statutes/prolog/init].
son_(span("son",25,27)).
residence_(span("lived",106,110)).
marriage_(span("married",152,158)).
nonresident_alien_(span("nonresident alien",189,205)).
income_(span("earned",223,228)).
agent_(span("earned",223,228),span("Alice",217,221)).
amount_(span("earned",223,228),span(643531,231,236)).
start_(span("earned",223,228),span(20180101,211,214)).
agent_(span("married",152,158),span("Alice",130,134)).
agent_(span("married",152,158),span("Charlie",140,146)).
start_(span("married",152,158),span(19920203,163,175)).
agent_(span("nonresident alien",189,205),span("Alice",178,182)).
start_(span("lived",106,110),span(20150901,40,58)).
end_(span("lived",106,110),span(20191103,63,80)).
agent_(span("lived",106,110),span("Bob",90,92)).
agent_(span("lived",106,110),span("Charlie",98,104)).
patient_(span("lived",106,110),span("home",124,127)).
agent_(span("lived",106,110),span("Alice",83,87)).
patient_(span("son",25,27),span("Alice",0,4)).
patient_(span("son",25,27),span("Charlie",10,16)).
agent_(span("son",25,27),span("Bob",30,32)).
2025-06-14 15:04:24,483 - INFO - 
Query:
tax("Alice",2018,243103).
2025-06-14 15:04:24,632 - INFO - 
Query result: {'truth': True}
2025-06-14 15:04:24,632 - INFO - Result: correct

2025-06-14 15:04:24,632 - INFO - 
==================================================
Processing case: tax_case_88
==================================================
2025-06-14 15:04:24,632 - INFO - Facts:
:- [statutes/prolog/init].
marriage_(span("married",18,24)).
son_(span("son",51,53)).
death_(span("passed away",92,102)).
payment_(span("paid",139,142)).
residence_(span("housing",166,172)).
income_(span("income",224,229)).
agent_(span("passed away",92,102),span("Bob",88,90)).
start_(span("passed away",92,102),span(20101231,111,121)).
start_(span("income",224,229),span(20110101,204,207)).
agent_(span("income",224,229),span("Alice",210,214)).
amount_(span("income",224,229),span(25561,236,240)).
agent_(span("married",18,24),span("Alice",0,4)).
agent_(span("married",18,24),span("Bob",10,12)).
start_(span("married",18,24),span(20050922,29,42)).
start_(span("paid",139,142),span(20110101,127,130)).
amount_(span("paid",139,142),span(1,139,142)).
agent_(span("paid",139,142),span("Alice",133,137)).
purpose_(span("paid",139,142),span("house",177,181)).
start_(span("housing",166,172),span(20110101,127,130)).
agent_(span("housing",166,172),span("Alice",133,137)).
agent_(span("housing",166,172),span("Charlie",156,162)).
patient_(span("housing",166,172),span("house",177,181)).
end_(span("housing",166,172),span(20111231,127,130)).
patient_(span("son",51,53),span("Alice",0,4)).
agent_(span("son",51,53),span("Charlie",55,61)).
start_(span("son",51,53),span(20020110,72,85)).
patient_(span("son",51,53),span("Bob",10,12)).
birth_(span("born",67,70)).
agent_(span("born",67,70),span("Charlie",55,61)).
start_(span("born",67,70),span(20020110,72,85)).
2025-06-14 15:04:24,632 - INFO - Test query:
:- tax("Alice",2011,2334).
2025-06-14 15:04:24,633 - INFO - 
Generated Prolog code:
:- ['/Users/sophie/code/2025-mcm-llms-applied-in-law_context/data/sara_v3/statutes/prolog/utils.pl'].
:- ['/Users/sophie/code/2025-mcm-llms-applied-in-law_context/data/sara_v3/statutes/prolog/init.pl'].
:- [statutes/prolog/init].
marriage_(span("married",18,24)).
son_(span("son",51,53)).
death_(span("passed away",92,102)).
payment_(span("paid",139,142)).
residence_(span("housing",166,172)).
income_(span("income",224,229)).
agent_(span("passed away",92,102),span("Bob",88,90)).
start_(span("passed away",92,102),span(20101231,111,121)).
start_(span("income",224,229),span(20110101,204,207)).
agent_(span("income",224,229),span("Alice",210,214)).
amount_(span("income",224,229),span(25561,236,240)).
agent_(span("married",18,24),span("Alice",0,4)).
agent_(span("married",18,24),span("Bob",10,12)).
start_(span("married",18,24),span(20050922,29,42)).
start_(span("paid",139,142),span(20110101,127,130)).
amount_(span("paid",139,142),span(1,139,142)).
agent_(span("paid",139,142),span("Alice",133,137)).
purpose_(span("paid",139,142),span("house",177,181)).
start_(span("housing",166,172),span(20110101,127,130)).
agent_(span("housing",166,172),span("Alice",133,137)).
agent_(span("housing",166,172),span("Charlie",156,162)).
patient_(span("housing",166,172),span("house",177,181)).
end_(span("housing",166,172),span(20111231,127,130)).
patient_(span("son",51,53),span("Alice",0,4)).
agent_(span("son",51,53),span("Charlie",55,61)).
start_(span("son",51,53),span(20020110,72,85)).
patient_(span("son",51,53),span("Bob",10,12)).
birth_(span("born",67,70)).
agent_(span("born",67,70),span("Charlie",55,61)).
start_(span("born",67,70),span(20020110,72,85)).
2025-06-14 15:04:24,633 - INFO - 
Query:
tax("Alice",2011,2334).
2025-06-14 15:04:24,780 - INFO - 
Query result: {'truth': True}
2025-06-14 15:04:24,780 - INFO - Result: correct

2025-06-14 15:04:24,780 - INFO - 
==================================================
Processing case: tax_case_89
==================================================
2025-06-14 15:04:24,780 - INFO - Facts:
:- [statutes/prolog/init].
payment_(span("paid",19,22)).
marriage_(span("married",55,61)).
blindness_(span("blind",202,206)).
enrollment_(span("enrolled",240,247)).
educational_institution_(span("University",266,275)).
attending_classes_(span("attending classes",281,297)).
agent_(span("attending classes",281,297),span("Alice",230,234)).
location_(span("attending classes",281,297),span("Johns Hopkins University",252,275)).
start_(span("attending classes",281,297),span(20150829,304,318)).
end_(span("attending classes",281,297),span(20190530,323,336)).
agent_(span("blind",202,206),span("Alice",187,191)).
start_(span("blind",202,206),span(20160320,214,227)).
agent_(span("University",266,275),span("Johns Hopkins University",252,275)).
agent_(span("enrolled",240,247),span("Alice",230,234)).
patient_(span("enrolled",240,247),span("Johns Hopkins University",252,275)).
start_(span("enrolled",240,247),span(20150829,304,318)).
end_(span("enrolled",240,247),span(20190530,323,336)).
agent_(span("married",55,61),span("Alice",31,35)).
agent_(span("married",55,61),span("Bob",41,43)).
start_(span("married",55,61),span(20170203,69,81)).
start_(span("paid",19,22),span(20180101,3,6)).
patient_(span("paid",19,22),span("Alice",9,13)).
amount_(span("paid",19,22),span(3200,25,28)).
2025-06-14 15:04:24,781 - INFO - Test query:
:- tax("Alice",2018,0).
2025-06-14 15:04:24,781 - INFO - 
Generated Prolog code:
:- ['/Users/sophie/code/2025-mcm-llms-applied-in-law_context/data/sara_v3/statutes/prolog/utils.pl'].
:- ['/Users/sophie/code/2025-mcm-llms-applied-in-law_context/data/sara_v3/statutes/prolog/init.pl'].
:- [statutes/prolog/init].
payment_(span("paid",19,22)).
marriage_(span("married",55,61)).
blindness_(span("blind",202,206)).
enrollment_(span("enrolled",240,247)).
educational_institution_(span("University",266,275)).
attending_classes_(span("attending classes",281,297)).
agent_(span("attending classes",281,297),span("Alice",230,234)).
location_(span("attending classes",281,297),span("Johns Hopkins University",252,275)).
start_(span("attending classes",281,297),span(20150829,304,318)).
end_(span("attending classes",281,297),span(20190530,323,336)).
agent_(span("blind",202,206),span("Alice",187,191)).
start_(span("blind",202,206),span(20160320,214,227)).
agent_(span("University",266,275),span("Johns Hopkins University",252,275)).
agent_(span("enrolled",240,247),span("Alice",230,234)).
patient_(span("enrolled",240,247),span("Johns Hopkins University",252,275)).
start_(span("enrolled",240,247),span(20150829,304,318)).
end_(span("enrolled",240,247),span(20190530,323,336)).
agent_(span("married",55,61),span("Alice",31,35)).
agent_(span("married",55,61),span("Bob",41,43)).
start_(span("married",55,61),span(20170203,69,81)).
start_(span("paid",19,22),span(20180101,3,6)).
patient_(span("paid",19,22),span("Alice",9,13)).
amount_(span("paid",19,22),span(3200,25,28)).
2025-06-14 15:04:24,781 - INFO - 
Query:
tax("Alice",2018,0).
2025-06-14 15:04:24,917 - INFO - 
Query result: {'truth': True}
2025-06-14 15:04:24,918 - INFO - Result: correct

2025-06-14 15:04:24,918 - INFO - 
==================================================
Processing case: tax_case_91
==================================================
2025-06-14 15:04:24,918 - INFO - Facts:
:- [statutes/prolog/init].
agricultural_service(Event,Employee,Day) :-
    member(Dayi, [20170124,20170204,20170303,20170318,20170401,20170509,20171014,20171025,20171108,20171122,20171201,20171202]),
    (
        (
            double_equal(Dayi, 20170124),
            Day = span(Dayi,329,334),
            member(Employee, [span("Bob",337,339),span("Cameron",342,348),span("Dan",351,353),span("Emily",356,360),span("Fred",366,369)])
        );
        (
            double_equal(Dayi, 20170204),
            Day = span(Dayi,373,377),
            member(Employee, [span("Bob",380,382),span("Cameron",385,391),span("Fred",397,401)])
        );
        (
            double_equal(Dayi, 20170303),
            Day = span(Dayi,404,408),
            member(Employee, [span("Bob",411,413),span("Cameron",416,422),span("Dan",425,427),span("Emily",430,434),span("Fred",440,443)])
        );
        (
            double_equal(Dayi, 20170318),
            Day = span(Dayi,447,452),
            member(Employee, [span("Cameron",455,461),span("Dan",464,466),span("Emily",469,473),span("Fred",476,479),span("George",485,490)])
        );
        (
            double_equal(Dayi, 20170401),
            Day = span(Dayi,494,498),
            member(Employee, [span("Bob",501,503),span("Cameron",506,512),span("Dan",515,517),span("Fred",520,523),span("George",529,534)])
        );
        (
            double_equal(Dayi, 20170509),
            Day = span(Dayi,538,542),
            member(Employee, [span("Cameron",545,551),span("Dan",554,556),span("Emily",559,563),span("Fred",566,569),span("George",575,580)])
        );
        (
            double_equal(Dayi, 20171014),
            Day = span(Dayi,584,589),
            member(Employee, [span("Bob",592,594),span("Cameron",597,603),span("Dan",606,608),span("Emily",611,615),span("George",621,626)])
        );
        (
            double_equal(Dayi, 20171025),
            Day = span(Dayi,630,635),
            member(Employee, [span("Bob",638,640),span("Emily",643,647),span("Fred",650,653),span("George",659,664)])
        );
        (
            double_equal(Dayi, 20171108),
            Day = span(Dayi,668,672),
            member(Employee, [span("Bob",675,677),span("Cameron",680,686),span("Emily",689,693),span("Fred",696,699),span("George",705,710)])
        );
        (
            double_equal(Dayi, 20171122),
            Day = span(Dayi,714,719),
            member(Employee, [span("Bob",722,724),span("Cameron",727,733),span("Dan",736,738),span("Emily",741,745),span("Fred",751,754)])
        );
        (
            double_equal(Dayi, 20171201),
            Day = span(Dayi,758,762),
            member(Employee, [span("Bob",765,767),span("Cameron",770,776),span("Dan",779,781),span("Emily",784,788),span("George",794,799)])
        );
        (
            double_equal(Dayi, 20171202),
            Day = span(Dayi,803,807),
            member(Employee, [span("Bob",810,812),span("Cameron",815,821),span("Dan",824,826),span("Emily",829,833),span("George",839,844)])
        )
    ),
    atom_concat("employed ",Dayi,Tmp),
    atom_concat(Tmp,"_",Tmp2),
    span(Employee_name,_,_) = Employee,
    atom_concat(Tmp2,Employee_name,Event_name),
    Event = span(Event_name,210,217).
purpose_(Event,span("agricultural labor",265,282)) :-
    agricultural_service(Event,_,_).
service_(Event) :- agricultural_service(Event,_,_).
agent_(Event,Employee) :- agricultural_service(Event,Employee,_).
patient_(Event,span("Alice",200,204)) :- agricultural_service(Event,_,_).
start_(Event,Day) :- agricultural_service(Event,_,Day).
end_(Event,Day) :- agricultural_service(Event,_,Day).
payment_for_labor(Payment_event,Service_event,Employee,Day) :-
    agricultural_service(Service_event,Employee,Day),
    span(Service_name,_,_) = Service_event,
    atom_concat(Service_name," paid ",Payment_name),
    span(Payment_name,_,_) = Payment_event.
payment_(Event) :- payment_for_labor(Event,_,_,_).
agent_(Event,span("Alice",846,850)) :- payment_for_labor(Event,_,_,_).
patient_(Event,Employee) :- payment_for_labor(Event,_,Employee,_).
start_(Event,Day) :- payment_for_labor(Event,_,_,Day).
amount_(Event,span(632,867,869)) :- payment_for_labor(Event,_,_,_).
purpose_(Payment_event,Service_event) :-
    payment_for_labor(Payment_event,Service_event,_,_).
marriage_(span("married",10,16)).
joint_return_(span("joint return",51,62)).
income_(span("income",121,126)).
agent_(span("income",121,126),span("Alice",90,94)).
start_(span("income",121,126),span(20170101,141,144)).
amount_(span("income",121,126),span(684642,150,155)).
agent_(span("joint return",51,62),span("Alice",37,41)).
agent_(span("joint return",51,62),span("spouse",73,78)).
end_(span("joint return",51,62),span(20171231,84,87)).
start_(span("joint return",51,62),span(20170101,84,87)).
agent_(span("married",10,16),span("Alice",0,4)).
start_(span("married",10,16),span(20060602,21,34)).
agent_(span("married",10,16),span("spouse",73,78)).
2025-06-14 15:04:24,918 - INFO - Test query:
:- tax("Alice",2017,247432).
2025-06-14 15:04:24,919 - INFO - 
Generated Prolog code:
:- ['/Users/sophie/code/2025-mcm-llms-applied-in-law_context/data/sara_v3/statutes/prolog/utils.pl'].
:- ['/Users/sophie/code/2025-mcm-llms-applied-in-law_context/data/sara_v3/statutes/prolog/init.pl'].
:- [statutes/prolog/init].
agricultural_service(Event,Employee,Day) :-
member(Dayi, [20170124,20170204,20170303,20170318,20170401,20170509,20171014,20171025,20171108,20171122,20171201,20171202]),
(
(
double_equal(Dayi, 20170124),
Day = span(Dayi,329,334),
member(Employee, [span("Bob",337,339),span("Cameron",342,348),span("Dan",351,353),span("Emily",356,360),span("Fred",366,369)])
);
(
double_equal(Dayi, 20170204),
Day = span(Dayi,373,377),
member(Employee, [span("Bob",380,382),span("Cameron",385,391),span("Fred",397,401)])
);
(
double_equal(Dayi, 20170303),
Day = span(Dayi,404,408),
member(Employee, [span("Bob",411,413),span("Cameron",416,422),span("Dan",425,427),span("Emily",430,434),span("Fred",440,443)])
);
(
double_equal(Dayi, 20170318),
Day = span(Dayi,447,452),
member(Employee, [span("Cameron",455,461),span("Dan",464,466),span("Emily",469,473),span("Fred",476,479),span("George",485,490)])
);
(
double_equal(Dayi, 20170401),
Day = span(Dayi,494,498),
member(Employee, [span("Bob",501,503),span("Cameron",506,512),span("Dan",515,517),span("Fred",520,523),span("George",529,534)])
);
(
double_equal(Dayi, 20170509),
Day = span(Dayi,538,542),
member(Employee, [span("Cameron",545,551),span("Dan",554,556),span("Emily",559,563),span("Fred",566,569),span("George",575,580)])
);
(
double_equal(Dayi, 20171014),
Day = span(Dayi,584,589),
member(Employee, [span("Bob",592,594),span("Cameron",597,603),span("Dan",606,608),span("Emily",611,615),span("George",621,626)])
);
(
double_equal(Dayi, 20171025),
Day = span(Dayi,630,635),
member(Employee, [span("Bob",638,640),span("Emily",643,647),span("Fred",650,653),span("George",659,664)])
);
(
double_equal(Dayi, 20171108),
Day = span(Dayi,668,672),
member(Employee, [span("Bob",675,677),span("Cameron",680,686),span("Emily",689,693),span("Fred",696,699),span("George",705,710)])
);
(
double_equal(Dayi, 20171122),
Day = span(Dayi,714,719),
member(Employee, [span("Bob",722,724),span("Cameron",727,733),span("Dan",736,738),span("Emily",741,745),span("Fred",751,754)])
);
(
double_equal(Dayi, 20171201),
Day = span(Dayi,758,762),
member(Employee, [span("Bob",765,767),span("Cameron",770,776),span("Dan",779,781),span("Emily",784,788),span("George",794,799)])
);
(
double_equal(Dayi, 20171202),
Day = span(Dayi,803,807),
member(Employee, [span("Bob",810,812),span("Cameron",815,821),span("Dan",824,826),span("Emily",829,833),span("George",839,844)])
)
),
atom_concat("employed ",Dayi,Tmp),
atom_concat(Tmp,"_",Tmp2),
span(Employee_name,_,_) = Employee,
atom_concat(Tmp2,Employee_name,Event_name),
Event = span(Event_name,210,217).
purpose_(Event,span("agricultural labor",265,282)) :-
agricultural_service(Event,_,_).
service_(Event) :- agricultural_service(Event,_,_).
agent_(Event,Employee) :- agricultural_service(Event,Employee,_).
patient_(Event,span("Alice",200,204)) :- agricultural_service(Event,_,_).
start_(Event,Day) :- agricultural_service(Event,_,Day).
end_(Event,Day) :- agricultural_service(Event,_,Day).
payment_for_labor(Payment_event,Service_event,Employee,Day) :-
agricultural_service(Service_event,Employee,Day),
span(Service_name,_,_) = Service_event,
atom_concat(Service_name," paid ",Payment_name),
span(Payment_name,_,_) = Payment_event.
payment_(Event) :- payment_for_labor(Event,_,_,_).
agent_(Event,span("Alice",846,850)) :- payment_for_labor(Event,_,_,_).
patient_(Event,Employee) :- payment_for_labor(Event,_,Employee,_).
start_(Event,Day) :- payment_for_labor(Event,_,_,Day).
amount_(Event,span(632,867,869)) :- payment_for_labor(Event,_,_,_).
purpose_(Payment_event,Service_event) :-
payment_for_labor(Payment_event,Service_event,_,_).
marriage_(span("married",10,16)).
joint_return_(span("joint return",51,62)).
income_(span("income",121,126)).
agent_(span("income",121,126),span("Alice",90,94)).
start_(span("income",121,126),span(20170101,141,144)).
amount_(span("income",121,126),span(684642,150,155)).
agent_(span("joint return",51,62),span("Alice",37,41)).
agent_(span("joint return",51,62),span("spouse",73,78)).
end_(span("joint return",51,62),span(20171231,84,87)).
start_(span("joint return",51,62),span(20170101,84,87)).
agent_(span("married",10,16),span("Alice",0,4)).
start_(span("married",10,16),span(20060602,21,34)).
agent_(span("married",10,16),span("spouse",73,78)).
2025-06-14 15:04:24,919 - INFO - 
Query:
tax("Alice",2017,247432).
2025-06-14 15:05:01,521 - INFO - 
Query result: {'truth': True}
2025-06-14 15:05:01,521 - INFO - Result: correct

2025-06-14 15:05:01,522 - INFO - 
==================================================
Processing case: tax_case_92
==================================================
2025-06-14 15:05:01,522 - INFO - Facts:
:- [statutes/prolog/init].
payment_(span("paid",10,13)).
service_(span("service",40,46)).
payment_(span("paid",150,153)).
deduction_(span("$680",203,206)).
deduction_(span("$2102",209,213)).
deduction_(span("$1993",216,220)).
deduction_(span("$4807",226,230)).
start_(span("$1993",216,220),span(20100101,134,137)).
agent_(span("$1993",216,220),span("Alice",163,167)).
amount_(span("$1993",216,220),span(1993,217,220)).
start_(span("$2102",209,213),span(20100101,134,137)).
agent_(span("$2102",209,213),span("Alice",163,167)).
amount_(span("$2102",209,213),span(2102,210,213)).
start_(span("$4807",226,230),span(20100101,134,137)).
agent_(span("$4807",226,230),span("Alice",163,167)).
amount_(span("$4807",226,230),span(4807,227,230)).
start_(span("$680",203,206),span(20100101,134,137)).
agent_(span("$680",203,206),span("Alice",163,167)).
amount_(span("$680",203,206),span(680,204,206)).
agent_(span("paid",10,13),span("Alice",0,4)).
amount_(span("paid",10,13),span(300,16,18)).
patient_(span("paid",10,13),span("Bob",23,25)).
purpose_(span("paid",10,13),span("service",40,46)).
start_(span("paid",10,13),span(20100902,87,99)).
start_(span("paid",150,153),span(20100101,134,137)).
patient_(span("paid",150,153),span("Alice",140,144)).
amount_(span("paid",150,153),span(33408,156,160)).
patient_(span("service",40,46),span("Alice",0,4)).
agent_(span("service",40,46),span("Bob",23,25)).
purpose_(span("service",40,46),span("domestic service",31,46)).
location_(span("service",40,46),span("home",60,63)).
start_(span("service",40,46),span(20100201,70,82)).
end_(span("service",40,46),span(20100902,87,99)).
location_(span("service",40,46),span("Baltimore",105,113)).
location_(span("service",40,46),span("Maryland",116,123)).
location_(span("service",40,46),span("USA",126,128)).
2025-06-14 15:05:01,522 - INFO - Test query:
:- tax("Alice",2010,3274).
2025-06-14 15:05:01,523 - INFO - 
Generated Prolog code:
:- ['/Users/sophie/code/2025-mcm-llms-applied-in-law_context/data/sara_v3/statutes/prolog/utils.pl'].
:- ['/Users/sophie/code/2025-mcm-llms-applied-in-law_context/data/sara_v3/statutes/prolog/init.pl'].
:- [statutes/prolog/init].
payment_(span("paid",10,13)).
service_(span("service",40,46)).
payment_(span("paid",150,153)).
deduction_(span("$680",203,206)).
deduction_(span("$2102",209,213)).
deduction_(span("$1993",216,220)).
deduction_(span("$4807",226,230)).
start_(span("$1993",216,220),span(20100101,134,137)).
agent_(span("$1993",216,220),span("Alice",163,167)).
amount_(span("$1993",216,220),span(1993,217,220)).
start_(span("$2102",209,213),span(20100101,134,137)).
agent_(span("$2102",209,213),span("Alice",163,167)).
amount_(span("$2102",209,213),span(2102,210,213)).
start_(span("$4807",226,230),span(20100101,134,137)).
agent_(span("$4807",226,230),span("Alice",163,167)).
amount_(span("$4807",226,230),span(4807,227,230)).
start_(span("$680",203,206),span(20100101,134,137)).
agent_(span("$680",203,206),span("Alice",163,167)).
amount_(span("$680",203,206),span(680,204,206)).
agent_(span("paid",10,13),span("Alice",0,4)).
amount_(span("paid",10,13),span(300,16,18)).
patient_(span("paid",10,13),span("Bob",23,25)).
purpose_(span("paid",10,13),span("service",40,46)).
start_(span("paid",10,13),span(20100902,87,99)).
start_(span("paid",150,153),span(20100101,134,137)).
patient_(span("paid",150,153),span("Alice",140,144)).
amount_(span("paid",150,153),span(33408,156,160)).
patient_(span("service",40,46),span("Alice",0,4)).
agent_(span("service",40,46),span("Bob",23,25)).
purpose_(span("service",40,46),span("domestic service",31,46)).
location_(span("service",40,46),span("home",60,63)).
start_(span("service",40,46),span(20100201,70,82)).
end_(span("service",40,46),span(20100902,87,99)).
location_(span("service",40,46),span("Baltimore",105,113)).
location_(span("service",40,46),span("Maryland",116,123)).
location_(span("service",40,46),span("USA",126,128)).
2025-06-14 15:05:01,523 - INFO - 
Query:
tax("Alice",2010,3274).
2025-06-14 15:05:01,654 - INFO - 
Query result: {'truth': True}
2025-06-14 15:05:01,654 - INFO - Result: correct

2025-06-14 15:05:01,654 - INFO - 
==================================================
Processing case: tax_case_94
==================================================
2025-06-14 15:05:01,655 - INFO - Facts:
:- [statutes/prolog/init].
income_(span("income",14,19)).
payment_(span("paid",61,64)).
service_(span("work",84,87)).
payment_(span("paid",136,139)).
plan_(span("retirement fund",154,168)).
payment_(span("paid",183,186)).
plan_(span("health insurance",199,214)).
father_(span("father",244,249)).
retirement_(span("retired",259,265)).
agent_(span("father",244,249),span("Charlie",220,226)).
patient_(span("father",244,249),span("Alice",236,240)).
agent_(span("income",14,19),span("Alice",0,4)).
start_(span("income",14,19),span(20100101,34,37)).
amount_(span("income",14,19),span(210204,43,48)).
amount_(span("paid",183,186),span(5322,189,192)).
patient_(span("paid",183,186),span("health insurance",199,214)).
beneficiary_(span("paid",183,186),span("Charlie",220,226)).
agent_(span("paid",183,186),span("Alice",121,125)).
start_(span("paid",183,186),span(20100101,115,118)).
purpose_(span("paid",183,186),span("make provisions for employees in case of sickness",199,214)).
start_(span("paid",136,139),span(20100101,115,118)).
agent_(span("paid",136,139),span("Alice",121,125)).
amount_(span("paid",136,139),span(9832,142,145)).
patient_(span("paid",136,139),span("retirement fund",154,168)).
beneficiary_(span("paid",136,139),span("Bob",174,176)).
purpose_(span("paid",136,139),span("make provisions for employees in case of retirement",154,168)).
agent_(span("paid",61,64),span("Alice",51,55)).
amount_(span("paid",61,64),span(45252,67,71)).
patient_(span("paid",61,64),span("Bob",76,78)).
purpose_(span("paid",61,64),span("work",84,87)).
start_(span("paid",61,64),span(20100101,106,109)).
agent_(span("retired",259,265),span("Charlie",220,226)).
start_(span("retired",259,265),span(20090101,270,273)).
patient_(span("work",84,87),span("Alice",51,55)).
agent_(span("work",84,87),span("Bob",76,78)).
end_(span("work",84,87),span(20101231,106,109)).
start_(span("work",84,87),span(20100101,106,109)).
2025-06-14 15:05:01,655 - INFO - Test query:
:- tax("Alice",2010,63345).
2025-06-14 15:05:01,655 - INFO - 
Generated Prolog code:
:- ['/Users/sophie/code/2025-mcm-llms-applied-in-law_context/data/sara_v3/statutes/prolog/utils.pl'].
:- ['/Users/sophie/code/2025-mcm-llms-applied-in-law_context/data/sara_v3/statutes/prolog/init.pl'].
:- [statutes/prolog/init].
income_(span("income",14,19)).
payment_(span("paid",61,64)).
service_(span("work",84,87)).
payment_(span("paid",136,139)).
plan_(span("retirement fund",154,168)).
payment_(span("paid",183,186)).
plan_(span("health insurance",199,214)).
father_(span("father",244,249)).
retirement_(span("retired",259,265)).
agent_(span("father",244,249),span("Charlie",220,226)).
patient_(span("father",244,249),span("Alice",236,240)).
agent_(span("income",14,19),span("Alice",0,4)).
start_(span("income",14,19),span(20100101,34,37)).
amount_(span("income",14,19),span(210204,43,48)).
amount_(span("paid",183,186),span(5322,189,192)).
patient_(span("paid",183,186),span("health insurance",199,214)).
beneficiary_(span("paid",183,186),span("Charlie",220,226)).
agent_(span("paid",183,186),span("Alice",121,125)).
start_(span("paid",183,186),span(20100101,115,118)).
purpose_(span("paid",183,186),span("make provisions for employees in case of sickness",199,214)).
start_(span("paid",136,139),span(20100101,115,118)).
agent_(span("paid",136,139),span("Alice",121,125)).
amount_(span("paid",136,139),span(9832,142,145)).
patient_(span("paid",136,139),span("retirement fund",154,168)).
beneficiary_(span("paid",136,139),span("Bob",174,176)).
purpose_(span("paid",136,139),span("make provisions for employees in case of retirement",154,168)).
agent_(span("paid",61,64),span("Alice",51,55)).
amount_(span("paid",61,64),span(45252,67,71)).
patient_(span("paid",61,64),span("Bob",76,78)).
purpose_(span("paid",61,64),span("work",84,87)).
start_(span("paid",61,64),span(20100101,106,109)).
agent_(span("retired",259,265),span("Charlie",220,226)).
start_(span("retired",259,265),span(20090101,270,273)).
patient_(span("work",84,87),span("Alice",51,55)).
agent_(span("work",84,87),span("Bob",76,78)).
end_(span("work",84,87),span(20101231,106,109)).
start_(span("work",84,87),span(20100101,106,109)).
2025-06-14 15:05:01,655 - INFO - 
Query:
tax("Alice",2010,63345).
2025-06-14 15:05:01,785 - INFO - 
Query result: {'truth': True}
2025-06-14 15:05:01,786 - INFO - Result: correct

2025-06-14 15:05:01,786 - INFO - 
==================================================
Processing case: tax_case_95
==================================================
2025-06-14 15:05:01,786 - INFO - Facts:
:- [statutes/prolog/init].
marriage_(span("married",18,24)).
son_(span("son",50,52)).
legal_separation_(span("separated",118,126)).
residence_(span("live",201,204)).
payment_(span("maintained",217,226)).
income_(span("income",252,257)).
agent_(span("income",252,257),span("Alice",238,242)).
start_(span("income",252,257),span(20170101,272,275)).
amount_(span("income",252,257),span(9560,281,284)).
patient_(span("separated",118,126),span("married",18,24)).
agent_(span("separated",118,126),span("decree of divorce",136,152)).
start_(span("separated",118,126),span(20150302,157,171)).
agent_(span("married",18,24),span("Alice",0,4)).
agent_(span("married",18,24),span("Bob",10,12)).
start_(span("married",18,24),span(20100806,29,41)).
purpose_(span("maintained",217,226),span("house",211,215)).
agent_(span("maintained",217,226),span("Alice",231,235)).
amount_(span("maintained",217,226),span(1,217,226)).
start_(span("maintained",217,226),span(20170101,177,180)).
agent_(span("live",201,204),span("Alice",183,187)).
agent_(span("live",201,204),span("Charlie",193,199)).
patient_(span("live",201,204),span("house",211,215)).
end_(span("live",201,204),span(20171231,177,180)).
start_(span("live",201,204),span(20170101,177,180)).
agent_(span("son",50,52),span("Charlie",54,60)).
start_(span("son",50,52),span(20120202,71,88)).
patient_(span("son",50,52),span("Alice",0,4)).
patient_(span("son",50,52),span("Bob",10,12)).
birth_(span("born",66,69)).
agent_(span("born",66,69),span("Charlie",54,60)).
start_(span("born",66,69),span(20120202,71,88)).
2025-06-14 15:05:01,786 - INFO - Test query:
:- tax("Alice",2017,174).
2025-06-14 15:05:01,786 - INFO - 
Generated Prolog code:
:- ['/Users/sophie/code/2025-mcm-llms-applied-in-law_context/data/sara_v3/statutes/prolog/utils.pl'].
:- ['/Users/sophie/code/2025-mcm-llms-applied-in-law_context/data/sara_v3/statutes/prolog/init.pl'].
:- [statutes/prolog/init].
marriage_(span("married",18,24)).
son_(span("son",50,52)).
legal_separation_(span("separated",118,126)).
residence_(span("live",201,204)).
payment_(span("maintained",217,226)).
income_(span("income",252,257)).
agent_(span("income",252,257),span("Alice",238,242)).
start_(span("income",252,257),span(20170101,272,275)).
amount_(span("income",252,257),span(9560,281,284)).
patient_(span("separated",118,126),span("married",18,24)).
agent_(span("separated",118,126),span("decree of divorce",136,152)).
start_(span("separated",118,126),span(20150302,157,171)).
agent_(span("married",18,24),span("Alice",0,4)).
agent_(span("married",18,24),span("Bob",10,12)).
start_(span("married",18,24),span(20100806,29,41)).
purpose_(span("maintained",217,226),span("house",211,215)).
agent_(span("maintained",217,226),span("Alice",231,235)).
amount_(span("maintained",217,226),span(1,217,226)).
start_(span("maintained",217,226),span(20170101,177,180)).
agent_(span("live",201,204),span("Alice",183,187)).
agent_(span("live",201,204),span("Charlie",193,199)).
patient_(span("live",201,204),span("house",211,215)).
end_(span("live",201,204),span(20171231,177,180)).
start_(span("live",201,204),span(20170101,177,180)).
agent_(span("son",50,52),span("Charlie",54,60)).
start_(span("son",50,52),span(20120202,71,88)).
patient_(span("son",50,52),span("Alice",0,4)).
patient_(span("son",50,52),span("Bob",10,12)).
birth_(span("born",66,69)).
agent_(span("born",66,69),span("Charlie",54,60)).
start_(span("born",66,69),span(20120202,71,88)).
2025-06-14 15:05:01,787 - INFO - 
Query:
tax("Alice",2017,174).
2025-06-14 15:05:01,933 - INFO - 
Query result: {'truth': True}
2025-06-14 15:05:01,933 - INFO - Result: correct

2025-06-14 15:05:01,933 - INFO - 
==================================================
Processing case: tax_case_96
==================================================
2025-06-14 15:05:01,934 - INFO - Facts:
:- [statutes/prolog/init].
income_(span("income",8,13)).
marriage_(span("married",68,74)).
joint_return_(span("joint return",145,156)).
agent_(span("income",8,13),span("Alice",0,4)).
start_(span("income",8,13),span(20030101,28,31)).
amount_(span("income",8,13),span(54313,37,41)).
agent_(span("joint return",145,156),span("Bob",124,126)).
agent_(span("joint return",145,156),span("Alice",132,136)).
start_(span("joint return",145,156),span(20030101,162,165)).
agent_(span("married",68,74),span("Alice",44,48)).
agent_(span("married",68,74),span("Bob",54,56)).
start_(span("married",68,74),span(19850203,82,94)).
2025-06-14 15:05:01,934 - INFO - Test query:
:- tax("Alice",2003,7611).
2025-06-14 15:05:01,934 - INFO - 
Generated Prolog code:
:- ['/Users/sophie/code/2025-mcm-llms-applied-in-law_context/data/sara_v3/statutes/prolog/utils.pl'].
:- ['/Users/sophie/code/2025-mcm-llms-applied-in-law_context/data/sara_v3/statutes/prolog/init.pl'].
:- [statutes/prolog/init].
income_(span("income",8,13)).
marriage_(span("married",68,74)).
joint_return_(span("joint return",145,156)).
agent_(span("income",8,13),span("Alice",0,4)).
start_(span("income",8,13),span(20030101,28,31)).
amount_(span("income",8,13),span(54313,37,41)).
agent_(span("joint return",145,156),span("Bob",124,126)).
agent_(span("joint return",145,156),span("Alice",132,136)).
start_(span("joint return",145,156),span(20030101,162,165)).
agent_(span("married",68,74),span("Alice",44,48)).
agent_(span("married",68,74),span("Bob",54,56)).
start_(span("married",68,74),span(19850203,82,94)).
2025-06-14 15:05:01,934 - INFO - 
Query:
tax("Alice",2003,7611).
2025-06-14 15:05:02,074 - INFO - 
Query result: {'truth': True}
2025-06-14 15:05:02,074 - INFO - Result: correct

2025-06-14 15:05:02,075 - INFO - 
==================================================
Processing case: tax_case_97
==================================================
2025-06-14 15:05:02,075 - INFO - Facts:
:- [statutes/prolog/init].
payment_(span("paid",10,13)).
service_(span("work",32,35)).
payment_(span("paid",98,101)).
deduction_(span("$2939",152,156)).
deduction_(span("$8744",162,166)).
start_(span("$2939",152,156),span(20050101,82,85)).
agent_(span("$2939",152,156),span("Alice",112,116)).
amount_(span("$2939",152,156),span(2939,153,156)).
start_(span("$8744",162,166),span(20050101,82,85)).
agent_(span("$8744",162,166),span("Alice",112,116)).
amount_(span("$8744",162,166),span(8744,163,166)).
agent_(span("paid",10,13),span("Alice",0,4)).
amount_(span("paid",10,13),span(4512,16,19)).
patient_(span("paid",10,13),span("Bob",24,26)).
purpose_(span("paid",10,13),span("work",32,35)).
start_(span("paid",10,13),span(20050902,64,76)).
start_(span("paid",98,101),span(20050101,82,85)).
patient_(span("paid",98,101),span("Alice",88,92)).
amount_(span("paid",98,101),span(133200,104,109)).
patient_(span("work",32,35),span("Alice",0,4)).
agent_(span("work",32,35),span("Bob",24,26)).
start_(span("work",32,35),span(20050201,47,59)).
end_(span("work",32,35),span(20050902,64,76)).
2025-06-14 15:05:02,075 - INFO - Test query:
:- tax("Alice",2005,33069).
2025-06-14 15:05:02,075 - INFO - 
Generated Prolog code:
:- ['/Users/sophie/code/2025-mcm-llms-applied-in-law_context/data/sara_v3/statutes/prolog/utils.pl'].
:- ['/Users/sophie/code/2025-mcm-llms-applied-in-law_context/data/sara_v3/statutes/prolog/init.pl'].
:- [statutes/prolog/init].
payment_(span("paid",10,13)).
service_(span("work",32,35)).
payment_(span("paid",98,101)).
deduction_(span("$2939",152,156)).
deduction_(span("$8744",162,166)).
start_(span("$2939",152,156),span(20050101,82,85)).
agent_(span("$2939",152,156),span("Alice",112,116)).
amount_(span("$2939",152,156),span(2939,153,156)).
start_(span("$8744",162,166),span(20050101,82,85)).
agent_(span("$8744",162,166),span("Alice",112,116)).
amount_(span("$8744",162,166),span(8744,163,166)).
agent_(span("paid",10,13),span("Alice",0,4)).
amount_(span("paid",10,13),span(4512,16,19)).
patient_(span("paid",10,13),span("Bob",24,26)).
purpose_(span("paid",10,13),span("work",32,35)).
start_(span("paid",10,13),span(20050902,64,76)).
start_(span("paid",98,101),span(20050101,82,85)).
patient_(span("paid",98,101),span("Alice",88,92)).
amount_(span("paid",98,101),span(133200,104,109)).
patient_(span("work",32,35),span("Alice",0,4)).
agent_(span("work",32,35),span("Bob",24,26)).
start_(span("work",32,35),span(20050201,47,59)).
end_(span("work",32,35),span(20050902,64,76)).
2025-06-14 15:05:02,075 - INFO - 
Query:
tax("Alice",2005,33069).
2025-06-14 15:05:02,221 - INFO - 
Query result: {'truth': True}
2025-06-14 15:05:02,221 - INFO - Result: correct

2025-06-14 15:05:02,222 - INFO - 
==================================================
Processing case: tax_case_98
==================================================
2025-06-14 15:05:02,222 - INFO - Facts:
:- [statutes/prolog/init].
son_(span("son",12,14)).
residence_(span("lives",34,38)).
payment_(span("maintains",66,74)).
payment_(span("paid",99,102)).
service_(span("employee",125,132)).
amount_(span("maintains",66,74),span(1,66,74)).
start_(span("maintains",66,74),span(20150101,29,32)).
purpose_(span("maintains",66,74),span("house",56,60)).
agent_(span("maintains",66,74),span("Alice",0,4)).
patient_(span("paid",99,102),span("Alice",89,93)).
amount_(span("paid",99,102),span(73200,105,109)).
start_(span("paid",99,102),span(20151231,114,117)).
purpose_(span("paid",99,102),span("employee",125,132)).
agent_(span("paid",99,102),span("Bertha's Mussels",137,152)).
agent_(span("lives",34,38),span("Bob",17,19)).
end_(span("lives",34,38),span(20151231,29,32)).
start_(span("lives",34,38),span(20150101,29,32)).
patient_(span("lives",34,38),span("house",56,60)).
agent_(span("lives",34,38),span("Alice",0,4)).
agent_(span("employee",125,132),span("Alice",89,93)).
end_(span("employee",125,132),span(20151231,114,117)).
start_(span("employee",125,132),span(20150101,114,117)).
patient_(span("employee",125,132),span("Bertha's Mussels",137,152)).
location_(span("employee",125,132),span("Baltimore",157,165)).
location_(span("employee",125,132),span("Maryland",168,175)).
location_(span("employee",125,132),span("USA",178,180)).
patient_(span("son",12,14),span("Alice",0,4)).
agent_(span("son",12,14),span("Bob",17,19)).
2025-06-14 15:05:02,222 - INFO - Test query:
:- tax("Alice",2015,14296).
2025-06-14 15:05:02,222 - INFO - 
Generated Prolog code:
:- ['/Users/sophie/code/2025-mcm-llms-applied-in-law_context/data/sara_v3/statutes/prolog/utils.pl'].
:- ['/Users/sophie/code/2025-mcm-llms-applied-in-law_context/data/sara_v3/statutes/prolog/init.pl'].
:- [statutes/prolog/init].
son_(span("son",12,14)).
residence_(span("lives",34,38)).
payment_(span("maintains",66,74)).
payment_(span("paid",99,102)).
service_(span("employee",125,132)).
amount_(span("maintains",66,74),span(1,66,74)).
start_(span("maintains",66,74),span(20150101,29,32)).
purpose_(span("maintains",66,74),span("house",56,60)).
agent_(span("maintains",66,74),span("Alice",0,4)).
patient_(span("paid",99,102),span("Alice",89,93)).
amount_(span("paid",99,102),span(73200,105,109)).
start_(span("paid",99,102),span(20151231,114,117)).
purpose_(span("paid",99,102),span("employee",125,132)).
agent_(span("paid",99,102),span("Bertha's Mussels",137,152)).
agent_(span("lives",34,38),span("Bob",17,19)).
end_(span("lives",34,38),span(20151231,29,32)).
start_(span("lives",34,38),span(20150101,29,32)).
patient_(span("lives",34,38),span("house",56,60)).
agent_(span("lives",34,38),span("Alice",0,4)).
agent_(span("employee",125,132),span("Alice",89,93)).
end_(span("employee",125,132),span(20151231,114,117)).
start_(span("employee",125,132),span(20150101,114,117)).
patient_(span("employee",125,132),span("Bertha's Mussels",137,152)).
location_(span("employee",125,132),span("Baltimore",157,165)).
location_(span("employee",125,132),span("Maryland",168,175)).
location_(span("employee",125,132),span("USA",178,180)).
patient_(span("son",12,14),span("Alice",0,4)).
agent_(span("son",12,14),span("Bob",17,19)).
2025-06-14 15:05:02,222 - INFO - 
Query:
tax("Alice",2015,14296).
2025-06-14 15:05:02,374 - INFO - 
Query result: {'truth': True}
2025-06-14 15:05:02,375 - INFO - Result: correct

2025-06-14 15:05:02,375 - INFO - 
==================================================
Processing case: tax_case_99
==================================================
2025-06-14 15:05:02,375 - INFO - Facts:
:- [statutes/prolog/init].
payment_(span("paid",19,22)).
son_(span("son",44,46)).
residence_(span("lived",116,120)).
payment_(span("maintained",152,161)).
start_(span("maintained",152,161),span(20150901,59,77)).
start_(span("maintained",152,161),span(20160101,59,77)).
start_(span("maintained",152,161),span(20170101,59,77)).
start_(span("maintained",152,161),span(20180101,59,77)).
start_(span("maintained",152,161),span(20190101,96,99)).
purpose_(span("maintained",152,161),span("home",134,137)).
agent_(span("maintained",152,161),span("Alice",146,150)).
amount_(span("maintained",152,161),span(1,152,161)).
start_(span("paid",19,22),span(20170101,3,6)).
patient_(span("paid",19,22),span("Alice",9,13)).
amount_(span("paid",19,22),span(75845,25,29)).
start_(span("lived",116,120),span(20150901,59,77)).
end_(span("lived",116,120),span(20191103,82,99)).
agent_(span("lived",116,120),span("Alice",102,106)).
agent_(span("lived",116,120),span("Bob",112,114)).
patient_(span("lived",116,120),span("home",134,137)).
patient_(span("son",44,46),span("Alice",32,36)).
agent_(span("son",44,46),span("Bob",49,51)).
2025-06-14 15:05:02,375 - INFO - Test query:
:- tax("Alice",2017,15037).
2025-06-14 15:05:02,375 - INFO - 
Generated Prolog code:
:- ['/Users/sophie/code/2025-mcm-llms-applied-in-law_context/data/sara_v3/statutes/prolog/utils.pl'].
:- ['/Users/sophie/code/2025-mcm-llms-applied-in-law_context/data/sara_v3/statutes/prolog/init.pl'].
:- [statutes/prolog/init].
payment_(span("paid",19,22)).
son_(span("son",44,46)).
residence_(span("lived",116,120)).
payment_(span("maintained",152,161)).
start_(span("maintained",152,161),span(20150901,59,77)).
start_(span("maintained",152,161),span(20160101,59,77)).
start_(span("maintained",152,161),span(20170101,59,77)).
start_(span("maintained",152,161),span(20180101,59,77)).
start_(span("maintained",152,161),span(20190101,96,99)).
purpose_(span("maintained",152,161),span("home",134,137)).
agent_(span("maintained",152,161),span("Alice",146,150)).
amount_(span("maintained",152,161),span(1,152,161)).
start_(span("paid",19,22),span(20170101,3,6)).
patient_(span("paid",19,22),span("Alice",9,13)).
amount_(span("paid",19,22),span(75845,25,29)).
start_(span("lived",116,120),span(20150901,59,77)).
end_(span("lived",116,120),span(20191103,82,99)).
agent_(span("lived",116,120),span("Alice",102,106)).
agent_(span("lived",116,120),span("Bob",112,114)).
patient_(span("lived",116,120),span("home",134,137)).
patient_(span("son",44,46),span("Alice",32,36)).
agent_(span("son",44,46),span("Bob",49,51)).
2025-06-14 15:05:02,375 - INFO - 
Query:
tax("Alice",2017,15037).
2025-06-14 15:05:02,524 - INFO - 
Query result: {'truth': True}
2025-06-14 15:05:02,524 - INFO - Result: correct

2025-06-14 15:05:02,524 - INFO - 
Test Results:
2025-06-14 15:05:02,524 - INFO - True count: 251
2025-06-14 15:05:02,524 - INFO - Total cases: 256
2025-06-14 15:05:02,525 - INFO - Accuracy: 98.05%
2025-06-14 15:05:02,525 - ERROR - Test failed: accuracy < 100%
